path,sha256,phash
data/thermal-1-filtered/test/images/frame662_jpg.rf.f1b8a3ca906a9976c32dfce4ce7cb65b.jpg,fb7b99d96cec876522849331f6b6a2bfd45bf7ce3293cf28ef80eaf6b98c4c7e,eec6fe90b880ae86
data/thermal-1-filtered/test/images/frame644_jpg.rf.9f7c1c83e15476a90bf72d2130fec8d0.jpg,0eb1120987e2b14e777952938e66e193192c0bf7632cd7780b0cb050c8b8d9be,eec6f8b8bc848e06
data/thermal-1-filtered/test/images/IR_BIRD_012_frame167_jpg.rf.ef87fa0b6a904570213a31a91dd1254e.jpg,25152e14826090a8ca7a71c4b1b4a1783c49f74d13a9577d2791f4838d32cc72,d60df24d85720df2
data/thermal-1-filtered/test/images/frame356_jpg.rf.ffe395207396d2825f41e2c6fbd510c4.jpg,78f1e8cb9ed35a5799f9d27b8afe61f3196313bc876ae08d38dbd4ddb8b75cca,bde7a7b152105b42
data/thermal-1-filtered/test/images/frame4_jpg.rf.0c266d351f719f8bd8344e56ba59c080.jpg,0920ce527d709c19aa417e36108b39a6f4625ee5ffb452ec8e75fccebd6972f0,abf43613cff69800
data/thermal-1-filtered/test/images/img_0255_png.rf.94e778731497aa1d79ff27c429cbe96f.jpg,559b75dd4f441d80d2a628a7fa6495ba68ea6df66b9c5760521e62f0cea550d3,939d531dc2d56b41
data/thermal-1-filtered/test/images/frame591_jpg.rf.3ba26c507e26d54b092c6f10d9c628a2.jpg,99d1372b1e608f82de3be98cfbbabf3e14a2ffdbfec5b53eff7390628089d0aa,eee6e8b9b0868e06
data/thermal-1-filtered/test/images/frame460_jpg.rf.34906c96da94053cf08667930cd54a97.jpg,c422f6098ad4469d3528caaf0846bf4f164b6961bf1a7bbbb39e6e801871bbca,e3d30f6d9f20dc02
data/thermal-1-filtered/test/images/IR_BIRD_012_frame204_jpg.rf.539d319c952e5a3e86d29f14730ff963.jpg,1c8d19a09c6e95325baee6a79337a79b687fb7dd51eb19ae9b0439487475a76b,e017e01c9f609fea
data/thermal-1-filtered/test/images/IR_BIRD_012_frame212_jpg.rf.db3802ad2c25d646d29310c9c4372a60.jpg,3f1ddc07fccdf5ca6bf972c627e3fa8b8f1396766c139389de9475aa98839417,a22a4cd1b525edcb
data/thermal-1-filtered/test/images/frame479_jpg.rf.09a9641559b8225f564827b7e7bacde3.jpg,088da989450ebcf46e2ee6bcafb47916b05df69f5f05ab6fd92acc041ae55096,fec383cc90e9b603
data/thermal-1-filtered/test/images/frame571_jpg.rf.2c39b459a45279645885a8d53c56a75a.jpg,48daf024f513d47ccb507d9bd945df1fcd2e3c3974448eeacdaaee47e6dea178,eec6e8b9b0b48e06
data/thermal-1-filtered/test/images/frame206_jpg.rf.5c32040c4e1e3d06810ddb1d81fa5716.jpg,bfc1e1f7fb4edb6730bbb0c1f962b946b9023729b169606ffc84f61adf1d477f,cabd7eb2b43038a4
data/thermal-1-filtered/test/images/frame358_jpg.rf.cbcd324836916b7a698afcce92a534a9.jpg,1afa0a723e1fd2b4a807b3645f0d6481777a376d3c000e92cae8d0b61a8cc3fa,bce3a3b07a105b4b
data/thermal-1-filtered/test/images/frame389_jpg.rf.8cbeac4885eb1651180f0e17261d7738.jpg,cecb8d0198ca2af1b8d51e7157596ecc87b2836675cc72a7e9c0c6334b9e6c95,e08aa8a5355b4f67
data/thermal-1-filtered/test/images/IR_BIRD_012_frame163_jpg.rf.45510217bf3331773cd92bf1ddd535b0.jpg,0b0a8067c92909cae7e09c65707c979cad89e9e7118d01bde2219051ebaa7328,f609f648897609f6
data/thermal-1-filtered/test/images/frame108_jpg.rf.5604fd96bbf9226527d63a0cb2d817ff.jpg,ab9f52896b67ca033ab4b2250d4aa239f7cdecfe0b22fdad2255075c9a9deed7,eec6810787e3e30e
data/thermal-1-filtered/test/images/frame154_jpg.rf.6965998fdcc9afd9c02618de9645502b.jpg,c034b41a71bedb391a13db6a1a13d0ee8cdb24b521c83645dbf771fd8ea6b5bf,ea3984c69ebdc4d0
data/thermal-1-filtered/test/images/img_0024_png.rf.a3fb9fe399c1c64ccb661e3197103c29.jpg,55c02c6cb76d05bc28a3e5ad2d84f45023d28a55979c070c44ccc47a2e67c38f,cf88ee7cc06790a3
data/thermal-1-filtered/test/images/frame562_jpg.rf.f482ca68b66ea3d56cb693e2fbbb5d03.jpg,bd9c11ece9f6e2087898a8666e4706eb826a61bf53550dabc9dfd894267b4556,eec6eab9b8308e06
data/thermal-1-filtered/test/images/frame21_jpg.rf.6139218301bbc8f144d8286062e0e031.jpg,931513fec11a6f848ac5ebd4810cdac09894befb9504c8e75a691f2b5691abd8,accfb3559b161518
data/thermal-1-filtered/test/images/IR_BIRD_012_frame93_jpg.rf.30bfa3b341301078b4521e3982dfc8b9.jpg,5d0d17f4d395ca456e405af9cd074655f8ad7cda00e1eabfd57a63470f496232,eb14aa63946b14eb
data/thermal-1-filtered/test/images/frame684_jpg.rf.8ff7968540cc3e06fb0ab922fd9817fa.jpg,6a001fc20cc2c7830083a048e086c6300765b6cb1bb8ea0b0fe849f8ad6f18fe,eed0fa84f884fe10
data/thermal-1-filtered/test/images/frame231_jpg.rf.21ae22ab3c17a8fcc1cfebdc29667697.jpg,0bbc47f20d4b9943b8aa7c449acc62fd82a561b16fcadfc5db68be2070647281,e692291cb83b3c3e
data/thermal-1-filtered/test/images/IR_BIRD_012_frame233_jpg.rf.38d47b4e26d37a4621dbfab8152ad93c.jpg,ec2d2cc828e991dbd1c8fe54b187ade22ef1381dc06052d13a1c49d2daabea7a,a22a49d5b52cc9db
data/thermal-1-filtered/test/images/frame429_jpg.rf.4987fcba5123d3b43dc3e615e9f5205b.jpg,72709795f4387990b4e3b0b42d03e0da950695697a4041d23dc7c1b8170ebd4d,ffd3846263c3c262
data/thermal-1-filtered/test/images/IR_BIRD_012_frame238_jpg.rf.4c143902d7b072a4b8726b3a3ab0dc21.jpg,c0cd07fef7d96c6bedce913972b2ad1b489182d94984561551bbe1ac92f2bb07,a22a59d7352dcb92
data/thermal-1-filtered/test/images/frame173_jpg.rf.043ce07940b9e062368273a9f4872dcd.jpg,29952c8f1f97e9be8fd2d7e79ba552f5c2b645ee56dbf538724009e88b0d86c2,b74cccd7d1585a03
data/thermal-1-filtered/test/images/frame305_jpg.rf.ec4d2d1f58b5ad05c0b16c92d0d6f128.jpg,bf4dfca236a36c8977b0a70a7181c873d235e70d5dfb3732bcae0902f63abed8,b2e2eaca694a5a4b
data/thermal-1-filtered/test/images/IR_BIRD_012_frame274_jpg.rf.d8dc24947442735f4914131cf20ce720.jpg,669d76cb071bb6325a41b371718621e914486d9bbc83f6d0fc2c308afa52a06a,a24addb72ccb9234
data/thermal-1-filtered/test/images/frame241_jpg.rf.89f53fa8317af552b132dbc46330aad5.jpg,2a9c59469113ade5a7cef7cd24aa1c33f0e4af51b58f61bc61a1adcefb70e8db,e592a30f0d94b3d3
data/thermal-1-filtered/test/images/IR_BIRD_012_frame33_jpg.rf.5c7f85dd637fb778f790336f1be1829b.jpg,da8f3b35a60fed4742c3010198a88257781d3f7f9a84739ff1f1d07f30004f73,f7188c7708d47f18
data/thermal-1-filtered/test/images/IR_BIRD_012_frame128_jpg.rf.9d33fa1eccb27183ab7027b0f82613ed.jpg,7fc24e625dd0c802656eb83349c6599d25a42aae0cbe0897c733dde6c5fabde2,d50af45a8b740bf4
data/thermal-1-filtered/test/images/IR_BIRD_012_frame122_jpg.rf.68e95cb5901a413d786797aa62bbcaa0.jpg,6247e7db44e9d92b172e76e7d81a108a3a192edf9fddb8921b6f1ef48e33381c,d51ae5728a651ae5
data/thermal-1-filtered/test/images/frame584_jpg.rf.fc820b99df07d7543f0da70d718c3276.jpg,e349dc9ee47dfc9ae67740ccbf1ee1c6a5c54bd03968e1f5210d56f52ff8b45e,eee6e8b9b8848e06
data/thermal-1-filtered/test/images/frame257_jpg.rf.eb8b8b1497bcaf7036232bfd74d07657.jpg,a64063b1f8fc15010d190da67342e8615c4ef36aa3273a6c0470b3a06f5cd4e3,ed929293a3e10b6d
data/thermal-1-filtered/test/images/frame439_jpg.rf.f4984f6f4a49e936b93342b0a68d6b7a.jpg,9e164b2737f35c9621c35178186b91944779a54eece3eec2f6a0310451903f29,efc4883d3ec0b03d
data/thermal-1-filtered/test/images/IR_BIRD_012_frame144_jpg.rf.8cba9ade1349faebbde3f8ae534a6dc3.jpg,9ef357398a06168040ff62f12073219dd59d10fb01c93c5e62b2e8c012779efb,d40bf45a8b740bf4
data/thermal-1-filtered/test/images/frame33_jpg.rf.5ee3c3165d1937f58f4b63c0ccdf565e.jpg,cbfd8727edaeb1d5ffe3a7a4537bf5445e5400a2691114e89eed0268613f011e,a6cbab59512d1715
data/thermal-1-filtered/test/images/frame472_jpg.rf.47a3f227283933663d62637dbe3097d5.jpg,601af27c3da82e40ebefe59f54f435c32126e4767fe7f0bc2bf17bcefa39f2c8,feef83238430cdb0
data/thermal-1-filtered/test/images/img_0268_png.rf.b3c155d54fc0c988f41a387201f68b11.jpg,61f9367eb091ae767467565b6bb0d44574c1fa91d54daced16667543bff24c67,961e1e9c983237c7
data/thermal-1-filtered/test/images/IR_BIRD_012_frame264_jpg.rf.1c81e738c590255721cf2fc3d8e19636.jpg,0857f3a7c8012ca73ff21274b8fbd307ae9959b95de75d820c45962dcc358b7a,a24addb72ccb9234
data/thermal-1-filtered/test/images/frame437_jpg.rf.1b4e920032a60cae0daf6ca00daf6de4.jpg,24d49d9bc7389e2b6e2b8c3324ec909c56fc8a292ceff6deafbc9e7294400e68,efcc803d3cc2b03d
data/thermal-1-filtered/test/images/frame450_jpg.rf.df18c3f0968135af6473d59a480711c5.jpg,a30c10310d758b1f468e815f5542bab52ce5d5ad292e1615940800dd797aace4,efc43872803de2b5
data/thermal-1-filtered/test/images/frame287_jpg.rf.ab0ad0e63945b5381d5a52fa2e7ddf8a.jpg,f6eaed908dbfe7468cabeb1d9d49b0be2349694004ad1aa927f986fb70941d9d,becfc39755160416
data/thermal-1-filtered/test/images/IR_BIRD_012_frame282_jpg.rf.187864536277cb6078c329d1ba798bf5.jpg,cddae1b1f1a5cdc987aad328592865284bb58fc1a179cc5885b85632a3f2ff63,a24addb72ccb9234
data/thermal-1-filtered/test/images/frame403_jpg.rf.7cbdb968567accf4fc9a26be4a97c428.jpg,9cbdc71165f37b0ce5a8f46a1c60b651fbb328f50601774cd4e9331329f1bec6,e0aab75eda91905a
data/thermal-1-filtered/test/images/IR_BIRD_012_frame160_jpg.rf.48b5ebe87f737f62a15bbd3393ae4c52.jpg,258299ef33603b6003b59a8f60216400f3254993a9fdd13e0778532f3470b68e,f609f648897609f6
data/thermal-1-filtered/test/images/frame516_jpg.rf.b9d96b3d9a9481b8c5d01f22ff1ddac8.jpg,d83c47d41bd2269a24345b9b14057141a3ca441f1d32cd4027ea2147babeb4c3,eb5cc39eb330bc04
data/thermal-1-filtered/test/images/frame134_jpg.rf.25f2c5a7918c0992dd5656ed2de1ae4f.jpg,c9ef906779c92eef231de31767f51bc137603550697530724595983ed07368fb,eea1bc09bb3921c5
data/thermal-1-filtered/test/images/frame271_jpg.rf.dc0ec8105941c13e5f99dfeafd78051e.jpg,3f709c8bdb25dbb59a516d26b093d51db9fa8f68aeea98e83b41ee2ce6c892f7,fbcc8c0c8caecc66
data/thermal-1-filtered/test/images/frame555_jpg.rf.33369da5b23a1348255900d08dfcc66c.jpg,48844dc526f13b2a0a3d67fb0833b8d868376121712d5f22f9bda6cd4570be47,eee6ea98b838ac06
data/thermal-1-filtered/test/images/frame27_jpg.rf.764aa63887a455e1c7091c9a76866436.jpg,d9871ef1e2bcbe172d45c0c4cc886d499f205f5b7ecb1a16ad1e27915a5c7a88,a6cbdd5d95175022
data/thermal-1-filtered/test/images/IR_BIRD_012_frame5_jpg.rf.3cc82416f89cd9a9d8c736a6324ba3f2.jpg,ca277cdeb012b0aaca15cd765ce2381c0bbfcdc4afc89078613a0e76c771db95,f7188c7708c57f18
data/thermal-1-filtered/test/images/frame123_jpg.rf.c8da2a5a5d05c58264e7047f936b69d4.jpg,bdc2d40181786492549c4d5a6a8218ad04cacd56d04292e671cf81e775280faf,cec1a5fc0486e74e
data/thermal-1-filtered/test/images/frame346_jpg.rf.34efb60f64be58f27b7b0c6b047a87d6.jpg,00ef4652c4d0afc58ed95414b89b624f3be98370d158fabdc3cc4c89d3d733e0,cdcafae9783121b0
data/thermal-1-filtered/test/images/IR_BIRD_012_frame134_jpg.rf.c813b98dafcc9bed2dbd5ef35231a6b8.jpg,942fe36e2cb3adfaa0c1857c2f5fe1ab97fe8f8b5b98734983202509c0a3a8fa,d40af55a8b740bf4
data/thermal-1-filtered/test/images/frame332_jpg.rf.d508ba871c1ca4d6cacf844bf4b5eede.jpg,972926ac7d74eaab9bffd540740985e7e54f37025476f2f9e03e3f6bf8d156ad,b2e0eacb694a5a4b
data/thermal-1-filtered/test/images/frame222_jpg.rf.4b07bb6c109b3468b6da3ae75dc4085b.jpg,272a454b3a4cd742cc661878b7c8c34c665d5e01fb85fd6b17f2bad0afd30707,c8b73a33b43838b5
data/thermal-1-filtered/test/images/IR_BIRD_012_frame158_jpg.rf.78caf1ca5fa938c555b05f60b01ad242.jpg,1222a33f5d019db290d1e3becd8ce8a4c943d1c552ced028c62066e41348e05f,f609f649817609f6
data/thermal-1-filtered/test/images/frame298_jpg.rf.856556e275250c62696af76fa5fb441e.jpg,ea486099454cdd6c566d3b720d099ee62f0a83d1ea7cab264e4090c062452dfa,becfc39d41545514
data/thermal-1-filtered/test/images/IR_BIRD_012_frame113_jpg.rf.413fb4a6f6f9f9db6b025abe5f606de6.jpg,a69637d0415856541bd08321bb4c5c400d7efcfd3dddb137cf0dce4637f412e4,c516e95792611ee9
data/thermal-1-filtered/test/images/IR_BIRD_012_frame80_jpg.rf.4ad4c73051a5017f238ad354b891b6b3.jpg,71d66763baabd8aa9bc45007d2e176d00dba9467ffe23762ed8dd155d04cfc17,f7188c7708c57f18
data/thermal-1-filtered/test/images/frame247_jpg.rf.6a5ba814b4b1764dd78edacc62824436.jpg,d22469e3b6cce8d5f661738ee0fd3dbd61bab1a67d8661cc4a5817d4605b813d,ed92830f0d36b3d1
data/thermal-1-filtered/test/images/frame581_jpg.rf.316fdcbe306fe115e747feca518daea6.jpg,4bb834fbeb5a19a016b690ae246a1b12fbf41fa89c9bcf42de9e38f45ffca4ef,eee6e8b9b0a48e06
data/thermal-1-filtered/test/images/IR_BIRD_012_frame55_jpg.rf.7cebdc9345fc3eb2e6b5916fa7476138.jpg,4bf78b434bc475b575a1138d7a805ad6ae0a6cfff9ef2c4340313b5a9280fd8a,f7188c7708c57f18
data/thermal-1-filtered/test/images/frame531_jpg.rf.31992595bb9e700802c8006db0a33862.jpg,fc87e101bc926587bcc03eff1746162c20d85353a453aabfc61fff65c7ab58e1,efe1ca98b838bc06
data/thermal-1-filtered/test/images/frame267_jpg.rf.d25d084de4ed8a5adb9d19e68e0708b5.jpg,ab33bf804bfff521112aba4f6187e5eb13ac94bfa276b6a36e53508d0c9f7baa,e2d5999898f8ecc1
data/thermal-1-filtered/test/images/IR_BIRD_012_frame271_jpg.rf.ff3f62f31ef6b9b766c2b9fc11d57710.jpg,645e719f95ea1ae1f5dfa404456bd0888407530b7452a8394beb786dc0a4b870,a24addb72ccb9234
data/thermal-1-filtered/test/images/IR_BIRD_012_frame45_jpg.rf.19427bed8f6f127f82bf271a2acdb9ae.jpg,5fbc261cc2c38f42ea6dfbd41c70e05de04369a3baee44de36306a0ed6238d8a,f7188c7708d47f18
data/thermal-1-filtered/test/images/frame404_jpg.rf.ff1aa583c1d367f9a8bd19e56ba357fb.jpg,b7fa6e8cf3d88f83179f43dadb5b4246f3f64df768730e959524cfbc7fdb2686,e0aab65eda91905e
data/thermal-1-filtered/test/images/frame168_jpg.rf.41f6fdced654cfc91056598481f42d0b.jpg,f8b568df31b527a8796f413e85b81c59267802ca70867ebf0ef99ddce82f46c8,ec13dadc8413543f
data/thermal-1-filtered/test/images/frame364_jpg.rf.fde893e6c5e71490aea9bbce9a16bbd8.jpg,2c57941ff0278528034deeb2dabf927b0ccd2eedea96ce6de88fdbed700bef94,bef3e1b01a0c4b4b
data/thermal-1-filtered/test/images/frame645_jpg.rf.aa72e0073ac31b53c9b2aa0321738859.jpg,4086dc4e90ff9d36ee053bce2b9e1807c8d609f525ee047a370a9981b7e7a912,eee6f8b8b0868e06
data/thermal-1-filtered/test/images/frame528_jpg.rf.6965426d9704bcb8f0556bcd9be9141b.jpg,1c1c59c91daf2d40b12dcf21d6aebc56f71d53135ce8f7480d3ecf9120ad69b7,efc0de98b838bc06
data/thermal-1-filtered/test/images/IR_BIRD_012_frame182_jpg.rf.f9f4f68e75cc1bc4d8089b134d502a22.jpg,5e4f0416b8a7397e0400215b0018c25822cb135bfe8740a48bd32cbb4285c844,d926d956a25926d9
data/thermal-1-filtered/test/images/frame638_jpg.rf.09fae0304099cf13804f6d3fcf8b3db1.jpg,2fb7ae6015c7f0003cbd38654dc679c8bc2b4dbe0d8a9c438ef7631e06667180,eee6f8b8b4868614
data/thermal-1-filtered/test/images/frame116_jpg.rf.04e36b293f8146e089468c49ea0d7af9.jpg,cc676fd6fe7c993018bad6c7366ef5e327e2ade5bfe7df1a6948971667372546,cec1a1fc2c04e7c7
data/thermal-1-filtered/test/images/frame320_jpg.rf.c1f19d2031f1d7bb305dc718236a5e28.jpg,e9f524bbb02d527c0761266fba6f7a20fb4b362f8fc11bd1cf2bbda780f0b43c,b2e2ebca69485a4b
data/thermal-1-filtered/test/images/frame723_jpg.rf.ddecdafe1f31238bfc6d5563a6ed701e.jpg,077bb54caddff78cd4a5a589710342e8466ad33c01568b03eae21e897ad8f1c1,ffc2e916a856ac06
data/thermal-1-filtered/test/images/IR_BIRD_012_frame39_jpg.rf.62d436f6c40d13518848da1236cd669a.jpg,a83bf7de88c37feb19e65911a173072a1472bc3ae851fe0d85bb8b1a463ce19a,f7188c7708d47f18
data/thermal-1-filtered/test/images/frame715_jpg.rf.b5fd64518e05f961e69d6de74bbbb72e.jpg,4a53081f6c62046b1a5fa3455fec0e82c5d4fbb1196658bfbc587a2f3f2ace25,ff80ff34807d2815
data/thermal-1-filtered/test/images/frame424_jpg.rf.ca4c2777d821a9b46c086fb7140b046a.jpg,f5adbcf8091b130de5521dcbe8fc3b40335bd6419bd41af298fc3a112e0b5c77,fe94aa4d4c989d49
data/thermal-1-filtered/test/images/frame253_jpg.rf.a7aaad1b203c7e9202273ecd4257a011.jpg,d9950b9033710890b4d8f8c8238790580db9d5851aa6b63559c11806300ea8f4,e5929213ef0e0f27
data/thermal-1-filtered/test/images/IR_BIRD_012_frame220_jpg.rf.f37947e3d60b54592391587b216d18d1.jpg,703918f69a6c500acf38c1e6c0206ff0d4d370392f4f7b69bdebca7af9c5c2f4,a22a4cd1b525edcb
data/thermal-1-filtered/test/images/frame193_jpg.rf.17e669897b03b3b59e2383119a2f3688.jpg,deaf9e521ff86e93ceeec9d20f87c4d79488287a1685235005f0d9dd2416ff4e,9fe07125ad64660f
data/thermal-1-filtered/test/images/IR_BIRD_012_frame31_jpg.rf.78c8f3ab3b33b12a747bb8bfbd5ee71b.jpg,10893c525e88e6bac64b6a3d295c53d434cf3973167bc503a141196046c7002e,f7188c7708d47f18
data/thermal-1-filtered/test/images/frame29_jpg.rf.3c18be8bb2b239109723c691f1ebf634.jpg,3725ee89665de02ef5f3a262287a4d96a406502776df9e413554fb788464227c,a6cb9d5d95075522
data/thermal-1-filtered/test/images/frame480_jpg.rf.9942fbf752548d5c609e661dfd8e98bb.jpg,c225c4d798303650bbcde0ed2e25129fe714f4b45b223400a5fa6d2c08976e30,fe8383cc90edb603
data/thermal-1-filtered/test/images/frame38_jpg.rf.fe71beab65f865372d1ab70e7ff18ee5.jpg,a3d36742fd18b609d780f67192b07c9cbdd9acbf9e78952ff51c971a0f494f42,a6caaba95264399b
data/thermal-1-filtered/test/images/frame522_jpg.rf.ea1a955c5a06726cfc6eb5040a2892b5.jpg,35ecc09dc5f55193c077e1ffe31678c6b84cd460faeb5c6495cf58af9d2f2ecd,eec2fe90b838942e
data/thermal-1-filtered/test/images/frame335_jpg.rf.f958616796a8275890493bf1c378e5a3.jpg,d462be7659a4e33c0c922c543fafeaac1b46e900801643180bd4e28bcf7da0c2,b3a2ebc96d495868
data/thermal-1-filtered/test/images/IR_BIRD_012_frame266_jpg.rf.b55d3173acc60025f8e88bb73f0573fe.jpg,b8768df256e730545f5b02e7005e7bd22274475631b0d4fcb73d50df949efa42,a24addb72ccb9234
data/thermal-1-filtered/test/images/IR_BIRD_012_frame245_jpg.rf.23351bea6ea4bbfbbc1031f2218a6962.jpg,f4ebc38358e9863b3cb25ddfa2ca5ad3fc110e3f983aa2a8ca3a85fefd6ee0a2,a24ad9972569db16
data/thermal-1-filtered/test/images/IR_BIRD_012_frame185_jpg.rf.92eb773118a1e8d6124d7597bf8b30a5.jpg,0d3ec56e40099c53b417c24a6a44890be14b0788f490f90e79cd92b67710c5fc,dd22d946a25d22dd
data/thermal-1-filtered/valid/images/frame201_jpg.rf.88db97e8560315e9e4c421559367392a.jpg,cdac19affc98d6f7c8ea7bdb863b50b5f4ea14330e426bced096561392671320,cabd7eb2b43038a4
data/thermal-1-filtered/valid/images/frame217_jpg.rf.161ae00c4728201cbe4efc7bf6aa7894.jpg,40b4b893f8684465afd64634add24715ac3067e6feb26bcfc80f87cd5a4aee1f,cabd7e32b43039a4
data/thermal-1-filtered/valid/images/frame455_jpg.rf.010a3014bf6df158b1d9f959441d3d3f.jpg,4c70b7cdf1645a4443379df1f5720b88c1a4edf95fca7361fa1740b4360e6d11,efc43872b03cf03c
data/thermal-1-filtered/valid/images/IR_BIRD_012_frame132_jpg.rf.f2a2c7d7e6214bed24ec24347238b593.jpg,2eb2a36163a1254bdc99d6dff817ecee32a5c7f89328fcabff4a60e72adc165b,d40af55a8b740bf4
data/thermal-1-filtered/valid/images/IR_BIRD_012_frame24_jpg.rf.61125a361e83a37462397b6f7bb9ba2d.jpg,a26d989e6ddb01003864c43921cd6b2a5eab11ec8c011e7fa3024746aa1ea4ff,f7188c7708d47f18
data/thermal-1-filtered/valid/images/IR_BIRD_012_frame82_jpg.rf.3a4439f3740492af5a526b9ffd4b7661.jpg,e5e7cf0c27099ba4764d268c9210dd8a50921677836e315f6ede9c81ce88fbf1,f7188c7708c57f18
data/thermal-1-filtered/valid/images/frame218_jpg.rf.a3f51505017fdc816fc7d078d2cfdba5.jpg,6519336cc8a495621771df834c9878075c9798149a9b186afe0cacb946cd546e,cabd7e32b43039a4
data/thermal-1-filtered/valid/images/frame334_jpg.rf.99b036362a5f9835bc1aec941b310d8e.jpg,072fee47797aeccacc35a71c5bea80c8a325c050960a1cc79f9a0bdd0f4bc1ef,b2e2ebc969485a4b
data/thermal-1-filtered/valid/images/frame541_jpg.rf.ebe8e210798af8b712ec8ab24774e1e9.jpg,b257526e1bafbd0f315045d002dc4717deaee92600066b75c183f2048e116430,eec4ee91b131b40e
data/thermal-1-filtered/valid/images/IR_BIRD_012_frame155_jpg.rf.dc7a0cfbeee8ef45da11599ebf44d232.jpg,903db34727d7a1af2bcd699aea6f755d2764709c79f95e09ee4d831054419af8,d609f649897609f6
data/thermal-1-filtered/valid/images/frame304_jpg.rf.19ff8a12ee1a5267a5a45d91cb707be4.jpg,e5aecd60c72728cddb232a7900bd0151a485a88a41083a68ffc22c82133fe420,b7e0eada485a5a4a
data/thermal-1-filtered/valid/images/frame314_jpg.rf.bc6b8ed0ea1c8ff95cb4853ad38cb18f.jpg,3816e11cf4a2a0e1bc9365e3a78bbee266b9ae416309b910690249b892e5573e,b2e2ebcb69485a49
data/thermal-1-filtered/valid/images/frame194_jpg.rf.53f45ded299d287b48a6ffc18a6eff3f.jpg,efba33d91899190c02055f416bd7dcadef7374405612fde4465b22cc7d266b54,9fe87525a5673281
data/thermal-1-filtered/valid/images/frame444_jpg.rf.f4b366e1c2d74b02b8db66408a4f9d9e.jpg,289a365420f5c532f27b803ae2fa3ac1978686f5ba1d17105a0456ed6c7a08fd,efcc993ec2a01dc2
data/thermal-1-filtered/valid/images/IR_BIRD_012_frame226_jpg.rf.64d8433ba013526109f6861776e1f4e7.jpg,28edf9fb9e15d56370018c0bf61611cb53936c2b5beaac1ca2020bc65ece25f0,a22a4dd1b525e9cb
data/thermal-1-filtered/valid/images/frame497_jpg.rf.9532180eccc57eb1cd5a6d4b7efc9de0.jpg,4aa120197b39f7f4cca04f3e9824cb1fc642b75eda984d960165bd70298174ca,fe03dcb7a230bc0c
data/thermal-1-filtered/valid/images/frame726_jpg.rf.f7442c0d84ff5bc39de244cc99a15c79.jpg,231cff1bde8a69f63ef774fff9853208d681008c5e092ef22235423b11e180c1,ffc2e916a856ac06
data/thermal-1-filtered/valid/images/frame487_jpg.rf.65f6d10af6fa1b19e946b1a6abd63cce.jpg,73d6479bb57c4135881e76b351b616851167c8acf913a788cea7dfe6dd69b7a5,fe0386dcbb370838
data/thermal-1-filtered/valid/images/IR_BIRD_012_frame4_jpg.rf.fc8243cd2b310b9c488206496820d890.jpg,fd96104ac9a912a104645d24f9a1ab3ccf4393a3c6117aa1df9614f9b7fa254d,f7188c7708c57f18
data/thermal-1-filtered/valid/images/IR_BIRD_012_frame208_jpg.rf.36fa57ab1a5e089dd0a38cd5d2043af4.jpg,5c82ec467030f4370b26df8178146b8ba81eaf2d625274cdfc54e526411d4e86,a22a4cd1b525edcb
data/thermal-1-filtered/valid/images/frame361_jpg.rf.aa68183094ee2975d2e607651255db3d.jpg,cb73e2499032a498b17adedfef26ee2c7229c72b9fbefe83cd12741c79f4fc6c,bce3a3b05a185b4b
data/thermal-1-filtered/valid/images/frame281_jpg.rf.2fd7bb702c2912425e417a156e3e76c7.jpg,60b15e3373917a4b47b514464f1c30535e66f3455666f5fcc538c3bc2b587716,bec7c3c783a0a326
data/thermal-1-filtered/valid/images/frame592_jpg.rf.a85dcd52857f7bc54ee03c3e8a9fc750.jpg,2b3e98fe75e0d8251904bbb6c024d5d155e360ab5da071de000048ec9c7505a4,eee6e8b9b0868e06
data/thermal-1-filtered/valid/images/frame631_jpg.rf.32bf3510dcf719bb498902f609373d1e.jpg,bf00698fdcc28b2a54c09b17b22f1adb9e203653c48c85a5625038ed0785fe9e,eee6f8b8b4868614
data/thermal-1-filtered/valid/images/frame347_jpg.rf.a8e379e179fcd9deb5d13fa646aa03c6.jpg,f8df8bd958a1687c19b06ddc11285ebb03f9ed7d321cafce034a0945ded449db,c5cbf9e8683831b8
data/thermal-1-filtered/valid/images/frame548_jpg.rf.2e32130953c7d65d78628a870366c023.jpg,0242dc427d15a5a7f430e6d9e6c2ac2127881e666a3ad015cd5e86dd64baa417,efe7c898b8389c06
data/thermal-1-filtered/valid/images/frame428_jpg.rf.c39b66f1d489d027448ac54f9a734551.jpg,3c71ae2c9c6ad3068270c7f8f765a14b1f7d14130af16a6bfeb2c5fda38c720b,ffd3846266c2ca64
data/thermal-1-filtered/valid/images/IR_BIRD_012_frame51_jpg.rf.7b06d7cb3e1b0829e6eb8a78854619ba.jpg,1bfcb1c6ffba5c744b90e8e48ffd5fde366f2c0633efa0d5b2939e6001fa793e,f7188c7708c57f18
data/thermal-1-filtered/valid/images/IR_BIRD_012_frame64_jpg.rf.8f2bfde289e757453c03925e2511d86c.jpg,c7c524f5f05f3d92c33c09f97c609cd29a04e70ecdc58ca1eedcf8a66949d374,f7188c7708d47f18
data/thermal-1-filtered/valid/images/frame510_jpg.rf.6ae28773c9aa1841bfaac631b70917b8.jpg,d0fd239aa5016949d959f7a357da4ee64f4fc1831efaf1b6c2bde871622a3cb5,ff40dfb0a63e808c
data/thermal-1-filtered/valid/images/IR_BIRD_012_frame104_jpg.rf.ed44f06a847ed28038c0f3c10b63d478.jpg,f8a9561104461e5d356cff65c8f9034d542ce340faf8bde568879bf0f2908fd5,c114eb57906b16eb
data/thermal-1-filtered/valid/images/frame646_jpg.rf.f12e99092113e1fe068406a6a402d549.jpg,a7de6574f962349945c38e0344aa407edcd0198beb578b823774938f81c3653c,eec6f8b8b4868e06
data/thermal-1-filtered/valid/images/frame573_jpg.rf.aacd151f17e5120e9c6a11b2ed1eeff7.jpg,88fd67caafec001d1a1466cce14d93cedb33be6bf3951dc4db821dc112aaa9e4,eec6e8b9b0b48e06
data/thermal-1-filtered/valid/images/frame60_jpg.rf.d0a491719ca47b27791aaee0f04ee4ee.jpg,61a034e99e5a674f5e01e9c6d1d2c76290242ca189b1af6a55fd76860ab4a078,bf96d3996224912d
data/thermal-1-filtered/valid/images/img_0005_png.rf.4fd4a97554461cb1075ee93476dbff45.jpg,f64bd2871b3c9bf8ef6b65fb607414f077ee332d0e606ee3002646aab25f147b,d984bf146e7487a8
data/thermal-1-filtered/valid/images/IR_BIRD_012_frame0_jpg.rf.68fbb34fc382395ff9b639e380a21b99.jpg,0523457a2162b05bd79d1fb3bfdcdca843b57f2ce72958dc12ed1b58c13af94a,f7188c7708d47f18
data/thermal-1-filtered/valid/images/IR_BIRD_012_frame183_jpg.rf.ef320d22a707c40b7caded5e1da03f4d.jpg,94bafae35c33222397bd3d5a5084be65815d65631048ec8c03ad8e56d2c5e727,d926d956a25926d9
data/thermal-1-filtered/valid/images/frame536_jpg.rf.5e701512fb5dde635a88e81db2561aec.jpg,de168b50c942f58b247e413beea1c0392791d10525ee599641e7b7221608a5eb,eec4ee98b838bc06
data/thermal-1-filtered/valid/images/frame469_jpg.rf.a591eac57d2e04913930791496a41625.jpg,87b804b7413f2b3a71f23a2b416b864d48f76845afe8551760f177d8fe23ea98,feef8323c714c904
data/thermal-1-filtered/valid/images/frame142_jpg.rf.5ea352127a8143286800ca0e6ef60f8d.jpg,5bdb58d40ac4e84fb22a205ad78e93a182b96c3c5299b258993672d70d6cdaf1,eeb13d09f484e23a
data/thermal-1-filtered/valid/images/frame25_jpg.rf.a624e5b9d0012de43f8f33a2e5d697fe.jpg,9467ee528df649d5e141a203d3dbbfe9508ae8e150cbb700eec4a39c01666e3c,a6cbd55d95175828
data/thermal-1-filtered/valid/images/frame114_jpg.rf.0a402b463b6d9fbdaceb8421a8929f6b.jpg,3d2c38a93b3e510630de8bbc81c1c6fc4ba8a2fd20d3aeb06eb5a309e048c906,cec1a1fcb404e3c7
data/thermal-1-filtered/valid/images/frame682_jpg.rf.0a904013ef2ffc4494a1a4ae29c39a12.jpg,c6c63681dbd4e028eb77d43d5bac5943c165c913bedb2890a4ef7e294d765622,eec0fa86f890ee14
data/thermal-1-filtered/valid/images/IR_BIRD_012_frame267_jpg.rf.a061e51cd421e80b5a8114968655fb76.jpg,17336f3e807d32e1cf7731f24c3b8f6ed3891a83796a0d86d7a53cf0a9b3dca0,a24addb72ccb9234
data/thermal-1-filtered/valid/images/frame68_jpg.rf.4bb193e3bfbdde7eaac7b5bf8d6580e8.jpg,5d312c5857c32c23d44d79fee764edfa75e59c33a32ac52f892cf5afb3be2ab7,8f93da8cd8679116
data/thermal-1-filtered/valid/images/frame40_jpg.rf.c3056a6bf650f52743a604356c8a2146.jpg,739ac40539c6ca58733ecfc33377c24882625d980dd09a1167ff11098f28c128,a6ca8ba95a642b5b
data/thermal-1-filtered/valid/images/frame151_jpg.rf.1a44ee3ba5c0f1c5d31cdee5588bcaba.jpg,81c1101f71a6cf3a58f0b76b4a64a828cada09d456481e9151e7eab9d343578b,ea3909e6863f1dc8
data/thermal-1-filtered/valid/images/frame376_jpg.rf.1d6d0ef30a4ff0f109bfd952dd4243ea.jpg,4483da21ffbe734a1df2419fbcc62697b83c614c0ddb2d1d1967f570f49b3cbf,9ea5ab8a03557173
data/thermal-1-filtered/valid/images/IR_BIRD_012_frame213_jpg.rf.011b8ecb16b1ae781357cc910d2bf95d.jpg,0e8b544a4f5fa8cb672109db98c0f2d1f586407ca6ad3443900fb75b400665e1,a22a4cd1b525edcb
data/thermal-1-filtered/valid/images/frame614_jpg.rf.a463300b58581b9e9f1fba31fd6249f4.jpg,58a785a22f64e6a4e3855778a4f1f6d82573655a9264dc991f6e5160cc1405ad,eee6e8b8b8a48e06
data/thermal-1-filtered/valid/images/frame663_jpg.rf.a911fa5672a0d320a9bda73c58476a27.jpg,f737d98aae7de6259c8b3208dc5de8d89c5277d1d4f4ae32072360655e35d08d,eec6fa90b884ae86
data/thermal-1-filtered/valid/images/frame710_jpg.rf.f142fb339d9d97846674287fa72a8d5b.jpg,744d1124124d2fa229006400b3389373f94319a3e8b763b4a17644c6a8f91a6f,fe80fe3580ff2805
data/thermal-1-filtered/valid/images/IR_BIRD_012_frame91_jpg.rf.6a19d68fbbb02821d8f3cee8f160757e.jpg,9af588eb55fa54d24c66241fff9503682428660d065f58c3dff3fecae36c3065,f7188c7708c47f1a
data/thermal-1-filtered/valid/images/IR_BIRD_012_frame283_jpg.rf.d4565ff73e4de3882b862e2bc64cbce4.jpg,527d5ea080b8f659f27d50d8561b972506ba0db7e2da87da85883695295bb392,a24addb72ccb9234
data/thermal-1-filtered/valid/images/frame534_jpg.rf.cfef3566e1179a15260308f2f06ec54a.jpg,0c102920f7e8ddb0831d8d67a4a603a2195517fba94a363ccb658cad5d19cc14,efe4ce98b838b806
data/thermal-1-filtered/valid/images/frame381_jpg.rf.d6774b5b9a4f3e83fc0ec0d3ea8fe36c.jpg,ffff8ea77df5e99cc63e48b65889669447da93251ba7d409e89abf6ea8d147da,dea5a38a0b557172
data/thermal-1-filtered/valid/images/IR_BIRD_012_frame57_jpg.rf.e1aa71b9e02428144a56967b820593f5.jpg,9c4b8a44f248025379cb9f66315b5013b367bc0c79e39763462683aa8775300c,f7188c7708d47f18
data/thermal-1-filtered/valid/images/frame34_jpg.rf.f499eab60d07338d51b5b65079458e81.jpg,4f20caf64e17bd462ba36b7600e38d312f99344fd22ba6e04aa2b0c73ae4c2d4,a6cbe35952ad1b05
data/thermal-1-filtered/valid/images/frame6_jpg.rf.f6d681d29adc24bafc8da38ddc9e12c7.jpg,cc86ea0d523a2143b26cce36bea2568cbeb4c79cdb3eb043d3ad0871c6a67621,abf432118be7f818
data/thermal-1-filtered/valid/images/IR_BIRD_012_frame115_jpg.rf.998d41c0d1eb15fba0e5508833ba1d20.jpg,c55a1c04b7d5feca80c07018cd26a2c0f38586e503a839ec6090ccba924b7e3a,e512ed529a651ee1
data/thermal-1-filtered/valid/images/frame425_jpg.rf.8f63930658a3e3e20fbd41cfb6a54758.jpg,997b7ea368f94d84dccbc306d3d5eabae0fbd7114c2a1cdae57374dcd4751864,fe94ad4c4c9a8c4d
data/thermal-1-filtered/valid/images/frame255_jpg.rf.528c28b5162193b2265a383322e09ad7.jpg,6bacb41e0dfc42bab04eaca8cde4a4d2782c512cea02642357d195f07b3dd847,e5929293e36d0f2c
data/thermal-1-filtered/valid/images/frame457_jpg.rf.afbfc6974ef4581d3f15e1319f594851.jpg,5ae09dd4442f910c5af6c7032d9cae7f4953b29c2c280dfef030c72823a33bdc,e6c73e69902ef806
data/thermal-1-filtered/valid/images/IR_BIRD_012_frame116_jpg.rf.39fac80f93560ef07b9913a0055c0544.jpg,d83ec39e6b94f254e419b8f8c6893ae314d4986a832d4d5a18e9d3418feb794d,e512ed709a651ae5
data/thermal-1-filtered/valid/images/IR_BIRD_012_frame162_jpg.rf.7fa7f14c2c569a3f7b8e138bd39381f0.jpg,595eab53263e7508e9df692627a7e041c917ed9c260edfb563d97e113ec14ca0,f609f648897609f6
data/thermal-1-filtered/valid/images/frame399_jpg.rf.3c38d3e6b79f6394602fff881fccfecc.jpg,5b06df2a67e91086b54b8e2b26f9909c3a56a27fdc51e95676be3d0f3d4444df,e0aaa3175a5ab593
data/thermal-1-filtered/valid/images/frame163_jpg.rf.23a640f8b7fe3d01c918898de903ec78.jpg,2178ce31e123dfaececec18e07c00407d19d50a28205ce9fd080c76464de3f56,ea14c5f30a9ce4f8
data/thermal-1-filtered/valid/images/IR_BIRD_012_frame92_jpg.rf.18bb27d1cc5ec83c6ce72ce75b9b1294.jpg,301429065f859350246858e83416c59489c1ad3b09252399fae7d3920509570c,eb14aa67946b14ea
data/thermal-1-filtered/valid/images/frame42_jpg.rf.f9f14051c0f4098fbd817b3c55949690.jpg,af7f758a83ca0f9a178ca1ea137631f6c1bcc6b3978388c52f5e301062eeb71c,a6ca8ba95a6c195b
data/thermal-1-filtered/valid/images/frame178_jpg.rf.d429ee725d0f03863ddbc8591600af72.jpg,1cf27101f3c9173b3bbd01279ac8de16d239abca1c1fe9b14274331cc41a5faf,b147e6c8d84f6938
data/thermal-1-filtered/valid/images/frame456_jpg.rf.1001d7e0cea1ebed9f23044922a3218e.jpg,881afa65887bf68e850b5c6566107b477f14de9d835c427dfb076b119f797413,eec73863b02ef01c
data/thermal-1-filtered/valid/images/frame720_jpg.rf.0413c528e6fccd9778f4360bd77af8f3.jpg,bd14926c4eb8ab58d884b68a6975584a09ca9ad282926a450310ed6c169e5cc5,ffc2e916a876ac02
data/thermal-1-filtered/valid/images/frame56_jpg.rf.4135e30dac86f763ccd54bdb5ebc63b8.jpg,001f8efdb23b9a115763447afcd706f29db7b29777084d8cb33359d7e5c4c983,bab4d39b66ac114a
data/thermal-1-filtered/valid/images/frame182_jpg.rf.2b2cdae0e3f05fc8435ac2a2f1fd35fc.jpg,ff043602c0a7e8c8e9471c9264775b650161157aafa8a751297155faf37598c8,b147e648d84f6b38
data/thermal-1-filtered/valid/images/frame545_jpg.rf.38fbbd1a3cca7fd0b89c09112a0f627f.jpg,b0a5fa7ae0f259bf4cc244a094e9d4b74370e4eae58a4564336b15226a84d256,eee6cab9b030bc06
data/thermal-1-filtered/valid/images/frame159_jpg.rf.5c971b1c0c13a80e742b7d310ddbdd89.jpg,027a4e642a2cde2e6f8116d82eb950669938ec0ac4e87c7b7d4c1ef9e25484ee,ea3985c61fb9c0f0
data/thermal-1-filtered/valid/images/frame156_jpg.rf.0be8f6fd82cb251c95ed30b96255b206.jpg,2812bcb25f503a319ffbdfc6b022b49ded2fe3a82a2ed1c533967a0d76e981ae,ea3984c69fb9c0f0
data/thermal-1-filtered/valid/images/frame513_jpg.rf.1d80cfd5fcd76495906bd6e1a1a38901.jpg,24dbd8a287a9372c49f5e12f91df783c5418dc254b14147b84c3cdab6887d219,eb4cc39fb3319c04
data/thermal-1-filtered/valid/images/frame198_jpg.rf.dae53834c3e82e469e3022b3d2b56c35.jpg,eff4286f8b140dc44bd1dd172d692829e0cce3d5457c96905d370be45da3c33a,cabd7eb2b43038a4
data/thermal-1-filtered/valid/images/IR_BIRD_012_frame259_jpg.rf.ce8c25477c9fef6009f3f934a79602ab.jpg,dfd3e0ff165fb452c88fc30fd7a7f80b7ca9adc6727b23e26f5c46f777cec6c2,b248ddb72ccb9234
data/thermal-1-filtered/valid/images/IR_BIRD_012_frame200_jpg.rf.425678b13b3327b7b3fd164484b3e736.jpg,02363f3b83f9ceda04c8ce01a409948ab1e1dd19ee04a07cc494d53849b4c38e,c31cc32cbe43bcc3
data/thermal-1-filtered/valid/images/frame147_jpg.rf.a4fd1fbbf287b0f90034896b986364fa.jpg,a004a70e38b4dfe278b2921b9389bdfb1529740ec51c01453a6fc5913b52e801,eab909c1a4873f0f
data/thermal-1-filtered/valid/images/frame53_jpg.rf.e90558f07f2286a7e0bb1b6884b647d9.jpg,b2b012f9dad09460ed250d9789560167419c0742d90a4379c40dd4670e52b82f,b8a5d6926da9a652
data/thermal-1-filtered/valid/images/frame410_jpg.rf.adf9e61c03a88486a617d2caf50bbad9.jpg,30f6adc011945077dca84b293d4b099d33248e8f0694bdd4a3813956fa77e0b2,e0aab55eda91915a
data/thermal-1-filtered/valid/images/frame431_jpg.rf.f64b5183c5442479014dcdcf7c03cce5.jpg,3616a5a351c2299ea118835ca70922b29457b189e6393ad417ce56c581e3ea97,fad8962361c5e172
data/thermal-1-filtered/valid/images/frame261_jpg.rf.eb636c1fc96a5a9c2bf15d11f8dc1639.jpg,1bae2a11ae98d9269c8dd102e207779f92564cb1b4636e1a13a7065e67956960,edd49292b2f1d261
data/thermal-1-filtered/valid/images/frame107_jpg.rf.439b035c55996cbfe210fcd338fe5850.jpg,1edc3605eee404483d5c962d1a8dd432522dc2dfce8c01268c6506c50cb9542a,fec6830787e2a30e
data/thermal-1-filtered/valid/images/frame160_jpg.rf.6202ed7fc201e159eb9774f5e09eef99.jpg,ae324c8e5991bcd922897460f18eb0ec704e03559ca48594384a9f15fbd4e8d2,ea3984c61fbdc0f0
data/thermal-1-filtered/valid/images/frame544_jpg.rf.df4e40a8cfea5fbeb176200b18506ec1.jpg,50a1c2e1b45cea21adb43d888da8f51991b0fa865e27928544716b5399000ecd,eec4eab1b130bc0e
data/thermal-1-filtered/valid/images/IR_BIRD_012_frame43_jpg.rf.e5a7f9a45f1e9cce5b0a1ff0b7d6db49.jpg,786e2e2f493bff5d399e39c1f48830fe81ea2c9be890cdadc4078066edebf1c6,f7188c7708d47f18
data/thermal-1-filtered/valid/images/frame18_jpg.rf.a2f47e722b83a2768137b2ca2f59d11d.jpg,a5638d5759c1de20a4ab2e903db0d2e4b58e7aef4605220dbe1728fd1505c61b,a9def610b2341753
data/thermal-1-filtered/valid/images/IR_BIRD_012_frame248_jpg.rf.5d9f24459b424194832f0bf730b336cf.jpg,207f3c8a26f53749d4613c0f34a69263c4af00abac5763805bfefb0fd5844a7d,a248ddb72c4bd236
data/thermal-1-filtered/valid/images/frame48_jpg.rf.52a509c7b7f1db485e4f801c93d86485.jpg,15fe47410d8e71fd448d53cfb0305fbd0a9cbd188c0ae69ae6cc25973c024e40,b9a5c696492bae52
data/thermal-1-filtered/valid/images/frame302_jpg.rf.f0be185d0a40762adfacc0342907f95d.jpg,fd64f17b94c46c76d69c8bdcd9535069f61548bbc5443f776dd2519344061047,bfe5c09b4a5a514a
data/thermal-1-filtered/valid/images/IR_BIRD_012_frame214_jpg.rf.9239480babbfa136cba46a05bc678f04.jpg,5e5a1019da72e3f8b0dd66594eb0e1e5fdc222396fca0cddb7b276fef3a0a9e2,a22a4cd1b525edcb
data/thermal-1-filtered/valid/images/frame363_jpg.rf.c3e24489779e0c5f3a5100d749a0451d.jpg,c22fd7d720aeaa9e0ccc4a447f35603d2044ff796f7b30ece63abcf551b4476f,bce3e3b05a084b5b
data/thermal-1-filtered/valid/images/frame205_jpg.rf.ba0427029226a13f0dc9a51e2bb10e65.jpg,74fb56aa84cc302b922fe9d2cd7e0b8b2fcaea577d82379c195670443c7571b0,cabd7eb2b43038a4
data/thermal-1-filtered/valid/images/img_0361_png.rf.0c672bb38debe7b12b21418531794693.jpg,2f142c5976cc59aae05aa4bfb4b5391913f3aba3cd389c07baa78e7cebd6641a,942e2496943dff62
data/thermal-1-filtered/valid/images/frame51_jpg.rf.9ad8eeecc1a43fb36d66cb04c1b02ac4.jpg,786391ff22b5d65e5af3e2cf5d2a75e9e0417200f701e7e0edfc9caa0d393fad,b8a5d6926d29ae52
data/thermal-1-filtered/valid/images/frame382_jpg.rf.6d7688c5e607fd301de2ec32517aa68b.jpg,332003dd28a3b00c70af49c3789176dcca1a0817e54ee2ef3a79cb5b7a805633,cfa7a28a2a54517b
data/thermal-1-filtered/valid/images/frame385_jpg.rf.c1b22efae07936e063efa2bb42af9f4d.jpg,8fda2a5e78dae49a319a03c7fb17c8d8be8f9864ad31da470cb818ad09a20447,cbb2a2a92c545c7d
data/thermal-1-filtered/valid/images/IR_BIRD_012_frame16_jpg.rf.602c1b0af8c22c520a4ce785bf4d2af4.jpg,474a56b4e068f81de53e2573a0775c73e4bb7fe0f4834a8c65011e591a8e4668,f7188c7708c57f18
data/thermal-1-filtered/valid/images/frame128_jpg.rf.9b3ec152696a40fae906a7e44c1b7415.jpg,35cfd2ea92a4fc1e624b501359a7292a1efd74ff63d3b0b5c570ed860d01796c,cee1bd2c02f33931
data/thermal-1-filtered/valid/images/frame656_jpg.rf.e9a3e26b08ec53c52b2bd902abd67787.jpg,77c8b2d92ad389df142d32c088606fbfd87eb876cff313a3516bc34b97531c9b,eec6f8b8b0a48e86
data/thermal-1-filtered/valid/images/frame701_jpg.rf.aecbb593078b77630c8a50d74f906372.jpg,8c77745b35829aae85d622353a826b73b9b9927e797b7fd7a7efce8b0c21c26d,fe80fe809c3c80fe
data/thermal-1-filtered/valid/images/frame211_jpg.rf.23130949007b821061280da1447fa853.jpg,96c04605ca2756b70bbf37ca2cc2543b31b219e8c063bcdae8ef91779fb557d9,cabd7e32b43039a4
data/thermal-1-filtered/valid/images/IR_BIRD_012_frame292_jpg.rf.50bf3bd10afcda210e0a0fcce509d908.jpg,22023153df0af9a52506870bfa46135231eb7dfb7cede8b9ab8d798bce6948a5,a24addb72ccb9234
data/thermal-1-filtered/valid/images/IR_BIRD_012_frame32_jpg.rf.74d1619e23e46ec8f61c298afc039c4e.jpg,2c945eee1ebd0870b31a0b2a69102ad33a4aee7c44e2edf14cda8e5915906818,f7188c7708d47f18
data/thermal-1-filtered/valid/images/IR_BIRD_012_frame184_jpg.rf.f010eac4b992e84963083916e6eb29e9.jpg,71ac1d31295f955acda746e06f32bbcab2e3e8fa1fff4d77f7fbb523245642a1,dd26d946a25d22d9
data/thermal-1-filtered/valid/images/frame557_jpg.rf.f09a71868fa7823f642e1e8c714cedc5.jpg,d3f53013fd3590f93955879a2dda12d96e9d9394c8c3b10ac981bf8707832216,eee6ea98b838ac06
data/thermal-1-filtered/valid/images/frame569_jpg.rf.ae8a01089f1ac8280b4b6a982029721a.jpg,68409a621bd23db25bfdaeddf996af084de419d7ec635ff467041b6587703b5a,eec6e8b9b0b48e06
data/thermal-1-filtered/valid/images/frame195_jpg.rf.ad1da024cf0b74127fa355f610ef5b02.jpg,144dabe8a97180b7d82ae4d5cef9813cb28fcb2ab508f99ed4893386c1bb2e93,cbf87424a5773381
data/thermal-1-filtered/valid/images/IR_BIRD_012_frame34_jpg.rf.14e71c3efea6ca0eb678a1254a614acb.jpg,ffe86dfbfd553eca2764f3cc226af9ac659f94c24635050dc3f13f7a8059171f,f7188c7708d47f18
data/thermal-1-filtered/valid/images/IR_BIRD_012_frame222_jpg.rf.b17ff43cd68bb2eabebf8a75d30ad042.jpg,6f9a8485d48f825d87ba21439a23eb45507e64d362dd1482b12bd750a3690c4a,a22a4cd1b525edcb
data/thermal-1-filtered/valid/images/IR_BIRD_012_frame275_jpg.rf.123bb1dc560cc26473a42bcef101b46d.jpg,831ed71977173696e502ac0b517225fe7405d2623abb8c9347f9316f6f0e2cd5,a24addb72ccb9234
data/thermal-1-filtered/valid/images/frame441_jpg.rf.d06ab29894b0f5947ce8ecc356ba71bb.jpg,d5b67362811bf426d14f7664dcd7dee67ddf9f6cdf62d09cde5fee6924c72acc,efc4883cfac0bd09
data/thermal-1-filtered/valid/images/IR_BIRD_012_frame234_jpg.rf.1a94ed2241920d544cbdbc7bb2caf7e8.jpg,48fabb594144db829cdfc7eeddbe418b541c613cc86d800ec1d091324b44d42e,a22a49d5b52cc9db
data/thermal-1-filtered/valid/images/frame586_jpg.rf.8d9eb3e4a52797fc8cf709343bddf28e.jpg,734996910aa6b43e3d794781b1b2a8d543a5999874cf7b72c2afa99c9dfcf763,eee6e8b9b8848e06
data/thermal-1-filtered/valid/images/IR_BIRD_012_frame40_jpg.rf.4cb48e78a204ed2b0c4301fc9b114b22.jpg,191119e73acfd66288790e628fceb0faf522c031f9c9301cd2aa3eae4e088353,f7188c7708d47f18
data/thermal-1-filtered/valid/images/frame208_jpg.rf.05781236d27c7431754cab564cec3f1e.jpg,038476fdc945125859cfe6714dbbc50799b327207a544b7a5575410428688544,cabd7eb2b43038a4
data/thermal-1-filtered/valid/images/frame144_jpg.rf.433bdc9236d92a49d6d56cb08e1084cc.jpg,4fb21509a4f6b6d71e38b3e240bad557b787857dcacd93ea5e759744c7d39c86,eeb11d81e4c2f233
data/thermal-1-filtered/valid/images/frame23_jpg.rf.7ab1b003cebbe4e6849b98b3d3ec8166.jpg,63171185f6c173412c98df94bee594019a97c498669c133913a290c0dea41518,a6cbd55d95171838
data/thermal-1-filtered/valid/images/IR_BIRD_012_frame250_jpg.rf.5eb06fd4447e086e750f420367ee558c.jpg,c60436907d0a5feb323b8e9dfe8057d3ed546b0c02d105cd10e91c7479d2c009,b248ddb72ccb9234
data/thermal-1-filtered/valid/images/IR_BIRD_012_frame198_jpg.rf.02b7faee90eac45ef10346654ee338dd.jpg,6ddde5835195013a30bfd5a26f5b4564a4fc706c8169c51061c3dc6486b53ac2,c31cc339bc43bcc3
data/thermal-1-filtered/valid/images/frame171_jpg.rf.b35436fec4c7f6ae7756c917051c5be6.jpg,c039fb71a0d5dba3831c237208366f77e6abf55ea43b241754099b844ce097b1,a609cddfd2505e26
data/thermal-1-filtered/valid/images/IR_BIRD_012_frame258_jpg.rf.1c9feb694d4d527dc45cbcff367407e2.jpg,07e28dc4ac2eff9dbf6cea40e47b2cb44f7ee28ebaef9c1190f64df3086467ad,a24addb72ccb9234
data/thermal-1-filtered/valid/images/frame155_jpg.rf.e670b2e68d5252b8dbde9c02bb311388.jpg,83ae6a1fb74cb5bd6cf9422b6f40eac2b6724d346c729c4ad615846fea1dbaf1,ea3984c61fbdc0f0
data/thermal-1-filtered/valid/images/frame559_jpg.rf.6c52bee8f67ec786edd761fdcd9dd498.jpg,66ced1899058c4373469a17ad197a4903bcab81011906c37a8bcbd1a80e4743d,eee6eab8b830ac06
data/thermal-1-filtered/valid/images/frame119_jpg.rf.fc374e7606c34643c50d3ee50daa9584.jpg,a8ceaaa1028add296d6c1eee1e3aca74bd6440c43125262f131747848534e92c,cec1a1fc2c04e7c7
data/thermal-1-filtered/valid/images/IR_BIRD_012_frame48_jpg.rf.63ab6de7378e1a900fa886e9f00c2604.jpg,98ab09a02810f940b9ecb2a6d1e7bd1224aaa83b522dc48107c2eabc71f8b7e6,f7188c7708d47f18
data/thermal-1-filtered/valid/images/frame501_jpg.rf.4856956a77b2aee5c7d700d51e408655.jpg,ee0e99ed977300e1bed8d3d74f591f876e6d7f54c7406a8432fda4d718701f03,fe03dcb6a0b89d88
data/thermal-1-filtered/valid/images/IR_BIRD_012_frame62_jpg.rf.d3f12341d14baa2d61850c69668a791d.jpg,2715ad4650dd3039ac88ca536bf22ad98ceb0c9f4e995411cb31b7c9452c992d,f7188c7708d47f18
data/thermal-1-filtered/valid/images/frame652_jpg.rf.dbcb2e8173a370aaf8a9cfa0a31460f3.jpg,fe39cb7d35c6504b4560c4aac81488d6d192ff600a90e343623393da4e4f7772,eec6f8b8b8a48686
data/thermal-1-filtered/valid/images/frame508_jpg.rf.6b82cda33b3ce259ce346b489ffabd0d.jpg,c173f8613af5e99cfc36b6745307add5704dda871488ff6e460893acae75dedd,ff00deb6a43c819c
data/thermal-1-filtered/valid/images/frame186_jpg.rf.a354d21ab30a364f667d5793978201cd.jpg,a5a0a45e4483c1e7929d0b47a4c577c5f622daa9686663c409984b255de68c03,9ee363edca60640e
data/thermal-1-filtered/valid/images/frame576_jpg.rf.d799c28ea076c1f977e6832fde5a0644.jpg,af5206c4c3f93886b57f2a8476d5bc02b37189bd7ceae4e12d9eca9a2a7ceb7f,eec6e8b9b0b48e06
data/thermal-1-filtered/valid/images/frame22_jpg.rf.664e0201e4955bb6dc034f434b6066d0.jpg,4acdd26e8658630a0f1edd26bddf1521ae0d86c365b237262f214bb8347cfea9,a4cbdb559b171518
data/thermal-1-filtered/valid/images/frame537_jpg.rf.35cedec98a359ab2c3dc891dc1462383.jpg,58a21aa4a2b244597c9150952bf5e780ff5db3a01f0f4fcd0c9018df31b33caa,eec4ee98b838bc06
data/thermal-1-filtered/valid/images/frame288_jpg.rf.6a1a6572e77a78569aad17c3130a7800.jpg,0ad8c678c719499063dab2587f2953646a3215bad48ea4698cf1313e21911d98,becfc39755141514
data/thermal-1-filtered/valid/images/frame296_jpg.rf.e9868bf9d194692405638e434fbceab1.jpg,55311132b7e747b7d613032828d257e1ccbb9fb5fdbf68f3e75debc266fb7cad,beefc39d41545414
data/thermal-1-filtered/valid/images/frame344_jpg.rf.6c845e1de1633e2d9a831f366160a6ec.jpg,9b653b179929799d6b5e130216d6159699c33c6b695f68f9d494adb7dcf1dcb7,8fd2f2c979313231
data/thermal-1-filtered/valid/images/frame102_jpg.rf.d8cdfea6ab8002cf25f59ccd4a5cca2e.jpg,3d8291a12932eb0c61f187feb1e896e71cd5f9dcd3647e9d2ec14a05eeea7bb5,f9dd8e1c8cc0cc1d
data/thermal-1-filtered/valid/images/frame162_jpg.rf.7b15a474b734bf8e533f5a3489eb9269.jpg,38cb460e4a26e00f3ec4ad85b8a00dd8326834387f2937fc483e6ee5fc545e8a,ea3585f20a9ce4f8
data/thermal-1-filtered/valid/images/IR_BIRD_012_frame58_jpg.rf.3f6c3257e0105156b75b9e5adf2880fd.jpg,62cb9c85fc42d0b62a13e9d2d19223bd66bbdcbc604c918ee39cfef6739c95bd,f7188c7708d47f18
data/thermal-1-filtered/valid/images/frame135_jpg.rf.954fe16ef7420193dab42c246c5a61da.jpg,e70658b67c0351da428a99ce13d88b9c7fc85c534e6de8e66f3c90c2b158065c,eea1bd09b93c05c6
data/thermal-1-filtered/valid/images/frame639_jpg.rf.d06b9370a1ca5112b9579870eeb2435a.jpg,f808efe036e39275e335f6617c024520e1c9ff462a10048e9f595f84f1f5c2cb,eee6f8b8bc848614
data/thermal-1-filtered/valid/images/IR_BIRD_012_frame297_jpg.rf.39dca8e6e574b7081594a3ae45950101.jpg,54e3705a82eed80a20d440ed113e1eb022c5388aa8f985cb1511cb9c69b84a23,a24addb72ccb9234
data/thermal-1-filtered/valid/images/frame7_jpg.rf.ab4fb7e57e5cd2bea43a55b54edc4cb2.jpg,80778f0d77529b6f37a9bba8bf6ff483fcc1f0178fba5901b6644a7681187905,abf4b2118b47f898
data/thermal-1-filtered/valid/images/frame136_jpg.rf.a3089aeb39d32237f1ed4ed8c3cf2cbf.jpg,afd11e5a39a9b6e9758561d99c17ef5235bfce3827c99dd038615199f31b5bcc,eea1bd09b93c85c4
data/thermal-1-filtered/valid/images/img_0444_png.rf.308dce381ce6a7b8971efb42785e603d.jpg,0b60ffa6279a91b7076499ecfec59e3939ff297f09ca11535f00f188fae9acb0,ccdc4d6f2ea83071
data/thermal-1-filtered/valid/images/frame617_jpg.rf.7ee7978bf98fdb6c41fbd5bc926a227d.jpg,ebfe56e873a784abb4716eac1690cc5a3161f29d4b58a174ab91ccd2ceb554af,eee6f8b8b4868614
data/thermal-1-filtered/valid/images/frame609_jpg.rf.299674dac02bc03f924a16f7a767a852.jpg,0d6a2a87f43a0ce047cc5b702220597d5895eac609085ed5745aa5eebe43517d,eee6e8b8b8a48e06
data/thermal-1-filtered/valid/images/frame228_jpg.rf.cbff79af1d0ed18769916fd1f73734ee.jpg,ed384229413bd075f0732a7a4f61cd2473d2264cf0df9e09dda741f9cce60337,e692291cba3f1e94
data/thermal-1-filtered/valid/images/frame308_jpg.rf.111109dff9e9eb618220b552f42b9cba.jpg,5ebf413d8135dee673baca7f6d645a50377fbcfcb5899e8aa1ae56b9f64a9b9c,b2e2ebcb69485a49
data/thermal-1-filtered/valid/images/IR_BIRD_012_frame88_jpg.rf.0761ae81faf752ead3c84c0dde88f811.jpg,cdb5440951b8bd2628ccea674bbd7183bc045b405696f159f7d3627c0d2cb28f,f7188c7708c47f1a
data/thermal-1-filtered/valid/images/frame307_jpg.rf.e5011a6d4273c2b868db8790f4d84d0a.jpg,8c45acba290717d88021cc488c81ad71f5c242170440ab1b872d9275d5424ca0,b2e2ebcb69485a49
data/thermal-1-filtered/valid/images/frame176_jpg.rf.e8cd330fbe77ece9cdcd2468543a18cb.jpg,271a8e3058083905600cc2466915f9adf2d3f1d984c063867700f129513e4c6e,b1c6e648d84f6a39
data/thermal-1-filtered/valid/images/IR_BIRD_012_frame22_jpg.rf.c588eb82a8c1e64be7dac398d408a942.jpg,81ad6a66f5d53f5625bf5088327ca1c057d5e36429dc5dbf19a38f027b234742,f7188c7708d47f18
data/thermal-1-filtered/valid/images/frame10_jpg.rf.369a792014b96519543e0d8a446fa892.jpg,ec50682746d69490ec6cd31c64d5b08fd22ff8963af279be4558a05e966de9cb,abf4b6101207e7da
data/thermal-1-filtered/valid/images/frame16_jpg.rf.4e8bb236f317494d5437bb488620350f.jpg,d6dce020f4d75eea664417f85e9c511259ca848ff06600f4d3c27aee1ada0702,abdcf416b0343713
data/thermal-1-filtered/valid/images/frame12_jpg.rf.0dac5e3244e43dcfce58b0f8b69b1af1.jpg,dbadf5b1e94e929330cad191fa59276d33775474773f8c7b4240824f85d27b0e,abd4b414141767f3
data/thermal-1-filtered/valid/images/frame583_jpg.rf.b36c9d96713664eccc7a9ae592255147.jpg,0f2ffe65047be42217444a25f118b991ec20b6eebb3348e5cd87089d03a3e61f,eec6e8b9b8a48e06
data/thermal-1-filtered/valid/images/frame26_jpg.rf.f332cdc0d57a997cebed6d5cc36e4876.jpg,20ce85fd4461cc359a6960dcf0a93c8314c59a6957207f18fb64393e52fb3ee5,a6cbdd5d95175028
data/thermal-1-filtered/valid/images/frame165_jpg.rf.452201499949327cf4c8e23812c1e0f7.jpg,c68bda4fa26f89ced65979564c09e10f6a4c9b60422a3575afd32942d6961859,eb16d0f18486f1bc
data/thermal-1-filtered/valid/images/frame588_jpg.rf.57569f1d6515cb5ad1d742caf2aac770.jpg,da10fb71eee70bd6c693b61d9f7420c510c329d8f1ecfda5bd449fcc758845bd,eee6e8b9b8848e06
data/thermal-1-filtered/valid/images/frame466_jpg.rf.55b7c8d7b425ff871faedda8224a4600.jpg,b2cef25709acfa973518e7835a0cceb2dc8b7777f2fae0b82cccd9f23dac2f03,feed8123c714cb0c
data/thermal-1-filtered/valid/images/frame690_jpg.rf.40e74a1e94bc36eacc6621b1ff3a81f5.jpg,6382c4ea17d7bd6cfc0bee48d84ae8e75085804e4e53c5e0229efdce0a2b8714,eed0ee90fe84f804
data/thermal-1-filtered/valid/images/IR_BIRD_012_frame12_jpg.rf.2a4e79ab10731d3575a1bf26fcdc975d.jpg,0abe4ec9b35256fcef4b8e636ec6a67ea139f6ce47384545402abca08cd01fb1,f7188c7708c57f18
data/thermal-1-filtered/valid/images/frame279_jpg.rf.9c7d64d41abba3d9bdb3f0e2d04797ea.jpg,4a7922bde4c79f493ff84207f16271a614f9a8ec58a45efd57ce0c4c9c9dc717,bec7c3c783a0a334
data/thermal-1-filtered/valid/images/IR_BIRD_012_frame14_jpg.rf.2fa7f456d9ded07d176ab0675ea72e37.jpg,c43153caa7312a4401887b8b4c47c0fc31575ca963e8691fb603edfcb3c54fc2,f7188c7708c57f18
data/thermal-1-filtered/valid/images/frame626_jpg.rf.ed6d1456e10ea9dfcd847d2b53e9bda9.jpg,aea5b63433987b23ff720d0694b4dd2a334c5e07873c6d82824a7dd739966239,eee6f898a4869c38
data/thermal-1-filtered/valid/images/IR_BIRD_012_frame75_jpg.rf.aba9ee2cd4957901fc1bcc989c9f39cb.jpg,e9fbd773db7ff9926818a340ce1c3a63206d48cca323ca9104c84093543eadbd,f7188c7708c57f18
data/thermal-1-filtered/valid/images/IR_BIRD_012_frame17_jpg.rf.c5fa167f04577c1cc096e583ccab5738.jpg,618540233baae6e27bbb3b3f4f0142ebb489657e0581ebdd73d579c0dd1cf972,f7188c7708c57f18
data/thermal-1-filtered/valid/images/frame220_jpg.rf.81ff1fe6d35d7154893235d5e01194c5.jpg,843ed8579dcb9f98d54dc43bde7642675cccf942268ea71305ee4b7e08e40ab1,cabd7e32b43039a4
data/thermal-1-filtered/valid/images/frame373_jpg.rf.2e81f17bebad934137a4ece3fa7c2848.jpg,edff3a01356c70129927952a0a310b89b22aeca80da257237da08a9f078b5e83,9cafaf8a02557352
data/thermal-1-filtered/valid/images/IR_BIRD_012_frame232_jpg.rf.702cb6a726636a444b2d0b6fad40af5f.jpg,b35842c9a38faf2e65f378bb849fc50cfa3c1505a7c230cd208dd385e1ea8c6b,a22a49d5b52cc9db
data/thermal-1-filtered/valid/images/IR_BIRD_012_frame85_jpg.rf.fb930935ca9b2ae0040a56cc96820f1d.jpg,265d78ba85470e50dccb634b151229887536104efd40e1564d5306d839b38ee1,f7188c7708c57f18
data/thermal-1-filtered/valid/images/IR_BIRD_012_frame124_jpg.rf.c406c26589bc5791109b015ef28646a6.jpg,ed1d1cff3a800de012709c0e67a9d801d1c3e97e505d8e6d1fee89799fb9bcbe,d50af55a8a750ae5
data/thermal-1-filtered/valid/images/frame284_jpg.rf.d545d951ae1ed1a14440b12f6f187399.jpg,eaf8e950e980672f09abfff928fd29c69b00e9ddda6392552455be59d1f5f337,bec7c7c7c7828086
data/thermal-1-filtered/valid/images/frame657_jpg.rf.8bc1aed1f7e6236101fb4f6c9993e8aa.jpg,e927e33762ef0423076dfb118b78285739acd5b3d56e7eb72fc5e6e214eb675d,eec6f8b8b0a68686
data/thermal-1-filtered/valid/images/IR_BIRD_012_frame102_jpg.rf.7f595a1d4b4860fb7b67dc7e0e8e8fe8.jpg,8be8c50ba31bfe65012020ac6554ae699bcff185500cfec7fafef1e608c7a2f9,c314eb57906b14eb
data/thermal-1-filtered/valid/images/IR_BIRD_012_frame229_jpg.rf.25cfab7a619660ae68867614b6374bbf.jpg,2f95f4afa502c010cc6f27a40c8c90615252ad88278680e829b06cfcae2944e3,a22a4dd1b524e9db
data/thermal-1-filtered/valid/images/frame291_jpg.rf.89c8b2a52bc40ac1f862c03666142914.jpg,a648ddc5d800cdd0fb5d88d2cbbde9bafea52198c6d184421b3f117733cf72e0,beefc39d41545414
data/thermal-1-filtered/valid/images/IR_BIRD_012_frame168_jpg.rf.9111a5e29ea9469b095e368a16adeb03.jpg,9414f2b2bc7d0557d5ae77eed3bd3109d3cb9c47d3459f908e0ab1c331217100,d20df24d85730df2
data/thermal-1-filtered/valid/images/frame184_jpg.rf.9d6ea0c41e7daa1b8a2b95776ff99707.jpg,dbfee74bea7e95c04853ccd9914d0bd6238c9ebf4d8685f7be4f0f521be93c5d,bd47e2e8ca496d18
data/thermal-1-filtered/valid/images/frame488_jpg.rf.16bc21e25b7252f6ca9a604bb9a75c4c.jpg,6f6f886a3cdd9807240decd6787066e0c82d1d46d58132850361726168994877,fe0386fcb3331832
data/thermal-1-filtered/valid/images/IR_BIRD_012_frame161_jpg.rf.8c2a5e0663d1c143f7e954ae9539ec42.jpg,e49159a3c5b52923e1c58f0ae8f927ab2832352d6978095a3c5619ad343cf5c2,f609f648897609f6
data/thermal-1-filtered/valid/images/frame292_jpg.rf.e68219a0e75930e4bd8f5cf9cf6d2c25.jpg,deb7cc147377593470cc6d070d286dd587e59c701d1f6548ede4e0af20e0c159,becfc39d41545454
data/thermal-1-filtered/valid/images/frame558_jpg.rf.090c24a277dc6917bca026183901c71a.jpg,4a9f2c67e83c46b451499c11915fbea8f5f71f33981083207478712020be83b1,eee6ea98b838ac06
data/thermal-1-filtered/valid/images/frame371_jpg.rf.977b1a63f852347efe76812742ad52bc.jpg,a2e8fd4f6e048384ffe1bf25b9d60a62f66878f7c23b48bfd5f0c22b25a60bc5,98bfef9c06006657
data/thermal-1-filtered/valid/images/IR_BIRD_012_frame154_jpg.rf.bb26e8b318a81cb76c2c0c9c7036dd35.jpg,d5cfdfa597364705bcf1ed6bb7248ad9e31c43088d4f1915372bad3cdeea2102,d609f649897609f6
data/thermal-1-filtered/valid/images/frame5_jpg.rf.9dafca78715ac33ab201406949df3ba4.jpg,76e9107c9e5da67f66d626870506bdb6a30fe88c88a5bfc72e986ca647006cc4,abf43213cbe6d818
data/thermal-1-filtered/valid/images/frame481_jpg.rf.149b4f79bb09d481fadcf56c7ad3f41c.jpg,d2b26cefd7cf4a56e4b6bfc8067e12b69512a50bda5017ea3e02ee6a3b884ddd,fe8383ccb0ee3605
data/thermal-1-filtered/valid/images/IR_BIRD_012_frame142_jpg.rf.0e481669e87d4ea9d9dcb56557aa0839.jpg,28bf40a0d74028c579fce4e21c2132281da1b24c4e460b21d40c1931ed876cd7,d40bf45a8b740bf4
data/thermal-1-filtered/valid/images/frame330_jpg.rf.67380874c0082afc7a7c85829bc90d1f.jpg,60c67857bf2743fa4377623cfda5ea6c5773174a67f45d82e24af3b5e34a772c,b2e0eacb6a4a5a4b
data/thermal-1-filtered/valid/images/frame533_jpg.rf.f6636dbd5e23ed7fcb9de79841f37af2.jpg,cc160f04c67c872567aa406bed430fd8d4738513517cbc3df52a89e3159e13e1,efc4ce98b838bc06
data/thermal-1-filtered/valid/images/frame634_jpg.rf.cc10f519e7ae152e7b117ab0081a3eb4.jpg,c9ebfe8d34d85d9eeda45036677dc0ae5b60dec961f8e9c0df5ac9693811c992,eee6f8b8bc868604
data/thermal-1-filtered/valid/images/frame275_jpg.rf.d7bf7e57ad13c4b04b0ab0a373d73601.jpg,8038f0fc18b89cdff4626dbd1da2499e19d9cf47609bcae4391487f87856d0c1,facc860e8687c763
data/thermal-1-filtered/valid/images/IR_BIRD_012_frame206_jpg.rf.88834d7e57457eb12c3a053353fe179b.jpg,acfd21b5e88fa1c8185bc9cb83eb6e0e59d313e3a6a288d35cdfc9f0e4bbc151,a22a4cd1b525edcb
data/thermal-1-filtered/valid/images/IR_BIRD_012_frame215_jpg.rf.b99667e96832eda27548b72c196fea84.jpg,01cf039e26fc7e84c67dcd3c61b9b2db28108555affc31c792a374c5a945c836,a22a4cd1b525edcb
data/thermal-1-filtered/valid/images/frame240_jpg.rf.870c31a5601cf48e58f3d644774956e5.jpg,f3ffac7fb96e672446bae2db4536ca8a42241fc5245cc8f524d643ea79b6ea96,e592a3658c94b3e3
data/thermal-1-filtered/valid/images/IR_BIRD_012_frame218_jpg.rf.b176005bb194eca1d81cd41a2ec0ad88.jpg,0bdd123e092073e24836a0fd420aeb23481b72ab072eb584afe12831bf104206,a22a4cd1b525edcb
data/thermal-1-filtered/valid/images/frame215_jpg.rf.1933c01cab6f4d3340cfba6d5a620b54.jpg,83322f1a1beb189c3429bdeb2c059c6b98ca3a9c477c02ebaa6392d8de6f8e65,cabd7e32b43039a4
data/thermal-1-filtered/valid/images/frame316_jpg.rf.79ee93543b4a7b61ad331002a44f27b0.jpg,1540c6976cc83a3dd5353be7e686fb14c433798eb519f8b3f0de44f8a1befa30,b2e2ebca694a5a49
data/thermal-1-filtered/valid/images/frame423_jpg.rf.5fb2255bee5182505af4a26f35fc7bb0.jpg,54d23c4128416b0179dd208462e0c6aa71dacc907a590f476423b01fc59a10f7,fe95aa49489cd949
data/thermal-1-filtered/valid/images/frame585_jpg.rf.784a50ae4b8a5d0fa3aa00c999e1902b.jpg,213efbcc3bc537086a49255ae1a8c24a4f7f3b02d6ec6ab4bcdec00489264b52,eee6e8b9b8848e06
data/thermal-1-filtered/valid/images/frame477_jpg.rf.af85495489de5967538e731e04c516ae.jpg,7168e5bd423c3ee5e6c595beb4cacf022046cf5a9a6d02ca9b2a9a00ced56ca2,fec783c590e19463
data/thermal-1-filtered/valid/images/frame624_jpg.rf.aeb54597f3faef76a889999770cc5b4b.jpg,96d49d826e92f246d44f35c08279661bd2e697c1d38d1ab643f0b4776114914e,eee6f898b4868c38
data/thermal-1-filtered/valid/images/frame436_jpg.rf.bfd360bb4990d1db3e8c3da3dc7316be.jpg,5dc67fed6fec265091841718a519ffc6633fd5cec170e20b9e52040a96ac626b,efcc893838c2f439
data/thermal-1-filtered/valid/images/frame278_jpg.rf.f68172d14c865d1e4cc195b07649eb80.jpg,b5df61aac4d50aa1693deade2d457e1628aa8373072f05a92e3ca794817b2e12,bec7c78783a08333
data/thermal-1-filtered/train/images/frame229_jpg.rf.4b6452e335fbba48e75fb500e040ccac.jpg,5f1a29e311c68e349668ce86666b0fabc514385ad038f17269fc171272334651,e692291cba3f1e92
data/thermal-1-filtered/train/images/002706_png.rf.5259509a6890c7140d6b773a088fc67b.jpg,555d3ce37f847ac12bec0830560c1dd8978b81a1e443b90c1de3463d8eb18f62,803f402f4baf552f
data/thermal-1-filtered/train/images/ir_2_019000_jpg.rf.c08ed2f5037e72861da3b9e41573a7d3.jpg,b00b5b81925c8af4cf5148c70cbf8022238cf93f32fea312d2fa03b7b9c44d25,a163e1e2e0da7c1d
data/thermal-1-filtered/train/images/002253_png.rf.2f585264f721f2fac9c85b787099217c.jpg,15f009c211c2ef843d57a1e947d0c5604114450de65f0757d204ce5551f4a43b,be2ad56a91f41076
data/thermal-1-filtered/train/images/frame383_jpg.rf.9abe1235c94025f20855be92c8d85364.jpg,2d53552fda7cb6ce171f3473156b31632e85f9a0e3f22cbba4a4359aad480c29,f47f08bc1f28812f
data/thermal-1-filtered/train/images/002676_png.rf.59b8c9533b8013ecbe7acdcbcbbd7735.jpg,11ef8112056a242a9bf0cc4fbef709339d4ee559fb8678dccf6c4c40c62e2559,a6297618e79ce14e
data/thermal-1-filtered/train/images/002733_png.rf.3060a656a550411171205e45b7cf7481.jpg,ece3f48ff5025afbf52e6933c2bb6d00bf63339e00b43006e8c1653ea9f0359a,85d555bd41ae5ca2
data/thermal-1-filtered/train/images/002787_png.rf.a2c69a3e4897ca37147ae40396ca7475.jpg,c973b35bca1a351ad98a911d753d3352388fbd5bdbb3900e4a1efd32b71d706b,ff78275c2510cb34
data/thermal-1-filtered/train/images/002444_png.rf.b1dffc66e8fae6611812f5dc79af41f1.jpg,97f3a8ec9d6e64db5ad2e2d3c4ed82b049213990e0440db072bc8182eb8f4e48,aa79e0f8f0f8d0a8
data/thermal-1-filtered/train/images/ir_3_022220_jpg.rf.5cb95796fc0dd02cf1f14cb08b315386.jpg,fb407e7b99ee1835e992627f86ed9ee040ea06c0addb254b7080fbe2e8d6a649,a87bff68f0e80270
data/thermal-1-filtered/train/images/002960_png.rf.d3f01b0b743ce34fdafe895dabf03e4a.jpg,3b3c3c99eeb1d8676c673bac689a2f6709c2c98b8ed1c3da64b44730ddcad499,f56e314e210eb94e
data/thermal-1-filtered/train/images/IR_BIRD_012_frame72_jpg.rf.6349d3b92fc59429ba450efe89469e24.jpg,0ff7d305e47e8f8a977e17d9186fb68d15b23fe23e27470c2d23a430826596e8,f7188c7708c57f18
data/thermal-1-filtered/train/images/frame698_jpg.rf.b66d07b7fbc9d6ce581d133762323dbc.jpg,53449444fc3483e1ec08350600326dde48e4c29c58774895af3ac463f4b1939f,ff80fe80fe009c2e
data/thermal-1-filtered/train/images/0_0_000272_jpg.rf.7c6efb8b0f1a4abfee86b941b4ce6da9.jpg,e9ec3ec5fbaa836abb9072db4800f6006439068c205eed8b430b7c2cc3434111,ae46ff09c261b14e
data/thermal-1-filtered/train/images/frame521_jpg.rf.d08f4aa6ba6429308e8de285fdef5e11.jpg,0efdf714c6af118bbcca26b8ee6d5cd55f6579be84d0d19f0c5360db858a92a0,fb1f8c41940cd1af
data/thermal-1-filtered/train/images/ir_2_018310_jpg.rf.45312fcd74b80213a22267623caa39e7.jpg,9ae00ced534073d52bcd40ab2dc829452c26287ef2d28b08ff653e7e9f57a4b9,fd1f92969626a125
data/thermal-1-filtered/train/images/002406_png.rf.7654273df45491d225bfd5de81af28b8.jpg,0f9d24c562f3c729a2957288206e09049357ecee21417331b8ce97ed4abeb4d3,f56a157a1df00de0
data/thermal-1-filtered/train/images/003698_png.rf.d95d6475afd6fa99b5aa09e1180c6f8e.jpg,bf568fd092afdbbbfc45f931daa33082b29c7ab500f3f182e9d24feba1d733d9,b32e692c93965f21
data/thermal-1-filtered/train/images/003030_png.rf.fe5ce9d643df1f408327930a3efa7f9b.jpg,79b6939487e5d8b5632b9364eb65d4723ca21f6e0e8b14fb930ddad8b8e39392,852a55575b52556d
data/thermal-1-filtered/train/images/frame200_jpg.rf.0b329953cb8c3da57cdb86f2658a649b.jpg,a32eab417f44f5d512e66765c4c3586da488f541a747275032a857abca76a3ff,c8ad173237393b86
data/thermal-1-filtered/train/images/002237_png.rf.bed81754772ac1ae34cb2597f6595481.jpg,bfee056cba508272d8a595b7e814e2a3cfa314846c6fe977aa8b3f8f3e91c217,df14b4f7b0c2b130
data/thermal-1-filtered/train/images/002014_png.rf.12188b9e86f770352b1d8fd86e2bd1aa.jpg,305a405e80ebfec52b700716e77fa9856dbb7e5b8c70a19c2df247d9f967d30d,85a95555575a5a5a
data/thermal-1-filtered/train/images/003766_png.rf.a6685928a2ab404c5cf4db2f30fc2826.jpg,fab3129ebcc3a2a1637978efd37912cf2866cab242de8850f2f0b64c1bc28a55,952a556b56554ad9
data/thermal-1-filtered/train/images/002784_png.rf.57df67b77870b2f9c7c9eba4033f70b5.jpg,a005d8ac078cf5604e2d6e702d0fce21d43dd9160954d39b04d6e2cbd9104857,d67b9c0700a41f3f
data/thermal-1-filtered/train/images/frame11_jpg.rf.2d08c54e67ba6ac6a5dcc3fae7d25a5d.jpg,44abc1780483d0062c354d68e2263d3a551a9c9476341631b96098883b3b9997,fea0c147417702ef
data/thermal-1-filtered/train/images/frame465_jpg.rf.537bf1e9a001199d954088f40e786f01.jpg,2b5b6462778de491edc0ed0be5e4991fe206b0d1860f5a9cb673e6a260abee34,f8ea81278235cb9d
data/thermal-1-filtered/train/images/003430_png.rf.dee88b50417a81f5f50278b989dfa8d2.jpg,daddc91f1ef4beb6a355034fe0268f6660ac1ab78c86619d0febb74f18dede9f,d07f00060f0f1fbf
data/thermal-1-filtered/train/images/002734_png.rf.761e01126acb07af9de56723eafa23d0.jpg,77a77b4ed372cb8d3706ca1a400e5a2492f17c1e6d1af1edc477421280157f2b,fe699c639663b600
data/thermal-1-filtered/train/images/002363_png.rf.82203a4c878d43d4301ac4c6d463dad4.jpg,cc4c31310087072be3654324df498dc83a44e6c53b03d84c5e41e1a6a6d1e258,ff7bd816800f804f
data/thermal-1-filtered/train/images/002221_png.rf.cd99590116438394d05a6fd7ef2b0dc0.jpg,9b22a7c4f55789cf3ac8a2d15e238422a74b5b8190d6da08a0f3434c185bf047,af281e2dd3a55a25
data/thermal-1-filtered/train/images/002241_png.rf.48b8897b5c148b85736f1af67933795c.jpg,71bb7d3bd31aa05ac2d76609bddecb8c0e7c71a1d2770c47a242dfde7911ca54,f56a14f106fd05f0
data/thermal-1-filtered/train/images/002289_png.rf.6018f3b52f90c574e71f0e4c4f577520.jpg,f97bb72ca5b49c2ab0dfdef4fa2b0f49bcc9787082c4deea753e2ae42408284c,d07f803e1f21073f
data/thermal-1-filtered/train/images/001514_png.rf.69cd6116f22c8f094e83a0d8299c5831.jpg,5fd082b11eab15e3ae3ab5b54db50c8c3d9e626f7e9542b8ae0369d4ba91a24c,8ad5d5bd51aa55a0
data/thermal-1-filtered/train/images/frame256_jpg.rf.9662ab9a45d72dcd925c6769868be744.jpg,f472196bd154b532fda815288faabf7928337b185fe7ab87534982137f4e1dbb,ccb79592130b171f
data/thermal-1-filtered/train/images/002511_png.rf.9b49ece6248ff3f7febefe276ba89618.jpg,2fcdb72c02fdbb4d4396d24038055b4973a1566c92fc8ab37100562b9744b532,bf2afd25ca95ca00
data/thermal-1-filtered/train/images/0_0_000268_jpg.rf.6e93e479251d140f5eee127bac801ab6.jpg,af7d309e2909401936781523d61d7abe1d49c35d303cde7cdbb1cc861bd0d050,aa65a639d9ad14a9
data/thermal-1-filtered/train/images/002777_png.rf.5d135a0e6e71dc3336b4544d9749bf5a.jpg,36d93fb5d78066b73557dceab4d94830c683d01dbdb2bcfd7bc8bcf42d2b7c91,fd6d31c035ca8273
data/thermal-1-filtered/train/images/IR_BIRD_012_frame242_jpg.rf.436ed8837133b6706c4e95aa7ec98803.jpg,fe770cccc95c1a930a34e987b25a4db9af821fb102771a546aca749bcce85215,94664d59675c5966
data/thermal-1-filtered/train/images/frame492_jpg.rf.b7cc270f25efacba726247e24fdf5e87.jpg,deafe447ff3f886fa628fb8408f086599d959bea372edb15cde53e31fc709370,b56a9562916b1d72
data/thermal-1-filtered/train/images/frame625_jpg.rf.0db1256380267c1df49858a7a0ca9b70.jpg,b6112491a342523b0d2d6f6cf8e6a0282cd7477d63e9dac8d519d80775b9c318,eee6f898a4869c38
data/thermal-1-filtered/train/images/002205_png.rf.ead1f1e7cb465338873ab6a1f7cc18ac.jpg,04ab7dd3807f1d54e2da134bbcd34c1ff36c1c5810d3645ffaf60fc8f060dd50,aa35d514e22ae53e
data/thermal-1-filtered/train/images/IR_BIRD_012_frame255_jpg.rf.6695b540b6ded0ca2baed92565d50815.jpg,141c584914caccdb5220f41e22fcabb5178101463d8cce085b7af6d803f0aeb9,f31c80f37d8e4178
data/thermal-1-filtered/train/images/frame322_jpg.rf.6ed72d052efc1631de84e17027d54859.jpg,01be3ef1636d3fc484475e7667fd3169bd0c276f21b256be04c5e82674528207,a16a95da5136557c
data/thermal-1-filtered/train/images/002030_png.rf.a279584ff1034607f13e81e838547c7e.jpg,05264a010dde3f5ff7b8647cdd7f717bac5b775727352732be9e06be7414aa85,d07f003f1f8412bf
data/thermal-1-filtered/train/images/frame24_jpg.rf.ba4026d634988961935aee1de7c8bfec.jpg,281c9c2e38f217e7be9f9f88ac1b84d64b40f64b383e798367320aaea90b9c01,e8ada1e4396ded80
data/thermal-1-filtered/train/images/001670_png.rf.1861792dc97bd05fc83375cbf84f3441.jpg,58c9dfb7b5391df3d0dff0249615718cfb57db844c63d1c634ca05c721de25ff,d0bf800f1f041f9f
data/thermal-1-filtered/train/images/thermal_tzeelim_021740_jpg.rf.d719949595c5bcd98501fda97cca75f0.jpg,c2552150c9a6fc7a6d54929257074eec1ae94339f30537a49bc820405c549a3d,e46a15f30cf30ce3
data/thermal-1-filtered/train/images/002670_png.rf.8ca412273a71a84f2c7be18b54584d37.jpg,2b46d8be980646ac616e66be2e838c4e2c352c772bc66adcedb2056b8866cb1d,fe67b847910ca358
data/thermal-1-filtered/train/images/frame599_jpg.rf.62c6b8f8b8d1596e8da88257005e9fff.jpg,695057b2725054ba2f246354818c8efa1285f06457e53719126c389a19bab43a,e0e0d058d5d7477a
data/thermal-1-filtered/train/images/IR_BIRD_012_frame94_jpg.rf.87014f030e98511fad63087d9e71cba5.jpg,166cd1b80c46d7823149d35da5694dc0d9f2c3580e659952c74a713bbe9488fd,c215e87f946a15ea
data/thermal-1-filtered/train/images/003522_png.rf.f5b641872cd44ab8e3fe8f234afd8e1d.jpg,aca6750cb5761cea0d5c61610d4cfdb97fd98b7a87dd73ee057670fc14627ab9,ef7609708bfc8324
data/thermal-1-filtered/train/images/002459_png.rf.1ca4b09503a647aaf65010eeae5f3f7c.jpg,2266b29afa63cd44d96c69ca2d3748253a4401671806c04303092dda42728e91,bb7fd93fc102c003
data/thermal-1-filtered/train/images/002202_png.rf.ca2fed2ced42e6d2539a575d9d5226a7.jpg,cb6fb417d724dd537508c843d569e0de2ab2d9e1a250be393b244f84cd50a58b,ef6ade24c036c836
data/thermal-1-filtered/train/images/003037_png.rf.c5aad84f20f3fbadeaecb04a48da0772.jpg,53221b3a316b793fad92eafea21dfebf8794069cfcb99d612749ca4c8a93e27e,c46a15f10ef319e6
data/thermal-1-filtered/train/images/002770_png.rf.e852edb510e9ebe7ccbacd8f235eb071.jpg,ad042e5cf5fe5526a5420a13d3a6c26cc259c85bd9a5a0b1e4823a9de3e969fa,e8264c344ef49e6d
data/thermal-1-filtered/train/images/002529_png.rf.49b1e49a1dbb7ad49f7164227649c24c.jpg,9501a4fdbe6547d31c7e29be7d3fcd516a639885f3e63133bd0f90e505acb994,ff6e84f807f000f8
data/thermal-1-filtered/train/images/IR_BIRD_012_frame221_jpg.rf.77ae4c66c908833bbbe86c8820425705.jpg,5341d8c8d86961dd0b7d3c4ffbb4d38e7d05af2ae3b2c3f6d79b8042e42051a8,d52a1cc763f1186e
data/thermal-1-filtered/train/images/frame55_jpg.rf.9a9a85cc68c281e7625afcaaf22382a3.jpg,e1656614317bfb0041e4f48aaf76af85b5c117b3b637e92d644b80162c30ee3a,f03fc097952d172c
data/thermal-1-filtered/train/images/003971_png.rf.f7dd9597c8f21d32b8cb680012306b97.jpg,a0a919b96897c51ea71428c3e12382a69bc49ccf14a45978c89044067a84d80d,94285b565f551f52
data/thermal-1-filtered/train/images/002360_png.rf.bac9f3801cc563cc048aa40e285e125f.jpg,643a5e0919d2d1e7e1467697de5bcf78dff4e3ba69ae1fcdd85b1b98a782b368,856ad54b5a515d4b
data/thermal-1-filtered/train/images/002018_png.rf.97c71081176b34ae4348f04a47298cab.jpg,f05628ae49a0dd7da503b05480c058970bb74ce47043f8ec34f85cc376f00b9f,95d555955a0a4bad
data/thermal-1-filtered/train/images/002059_png.rf.c81b5dfa53c759d445ca8b19930e341f.jpg,bfc41caf224f70f3f5ee5ed674f9f42bf25e1fcaed0e09891e8a4f944f91bde2,af3ba049b24fb078
data/thermal-1-filtered/train/images/002292_png.rf.a382574181af7e6dcd8f3055bc214476.jpg,26ee86043d96023004c65abf19ffb4e5d5d206bdb2e4c6589dfe8883c9d8d658,fa7f845f8047b640
data/thermal-1-filtered/train/images/003964_png.rf.a136f4d9cb0739cf47eeb01197bba662.jpg,9a4279bbfd62deb6fc86b814ac6513acc014d40e4e2f2450e5c819a326a89908,c36000f71cff0be3
data/thermal-1-filtered/train/images/002366_png.rf.d92762096a32afe771bed9fd912e198c.jpg,363967aeb31b2a68c164b649fa6bd14dd6e021da40b33a13fe0dea8f68562edf,fd6ad57285e08469
data/thermal-1-filtered/train/images/003535_png.rf.861599b5f342fb15ccf92f8b4f74d46e.jpg,64f0fa591a98c0d63a2a4d697ec22fa54eea59809f9d3df42293f87dd75a1a4a,d07f003f0f070f1f
data/thermal-1-filtered/train/images/002336_png.rf.b8d5f3641c3f5eac561c9fe42b3abe5a.jpg,2969dc20e2c2a122e4f31bb51ba39422e5f91050e8d01e1cbf27858e6748845b,aa7fbc538897c032
data/thermal-1-filtered/train/images/IR_BIRD_012_frame170_jpg.rf.99594b4f55de976e4932b056b856fc05.jpg,d4c210de959cc1927de191c6921c86fb4e1b71acbe01653fe2dadf5babc1cdd9,d305f24d847b0df2
data/thermal-1-filtered/train/images/frame265_jpg.rf.4644a00538769351658d07682facf148.jpg,e0935de1b39bec3a5455d79c332a4b08dac4d64c9ed523bdc8a397d4257e3a8e,f5d5843d409e071f
data/thermal-1-filtered/train/images/ir_035420_jpg.rf.889f4ddb93d6dbec542e05185a86d5c9.jpg,c0624aa5cc5bccd9e3d49205019082b5a477cb1731992e41582e4e1d8f58167b,d88000ef47ff1ce3
data/thermal-1-filtered/train/images/frame486_jpg.rf.b843dcf1e6587e9f3c89d2bb5656ce28.jpg,a8de020be7ff9f727a741cc25b6e9e84307ab366d4cca99de718007ad6cbc1a3,e03fd03fc03e518d
data/thermal-1-filtered/train/images/0_0_000070_jpg.rf.9a79e1a0e7a67cc5da17a826000ab71a.jpg,aea0b24fe3b0d289e04c2aa1e94cba3b91d88615a9b8c9238f66842f1802b342,a07fd0ab4ab541ae
data/thermal-1-filtered/train/images/frame105_jpg.rf.7fb52297b3611817e33c3506eed0ab58.jpg,d189ebba574d41b10d13ab9cdb03cd418a3bba3a16e1cea77412aa5fbbeaa004,fccd870f86e0e60c
data/thermal-1-filtered/train/images/002697_png.rf.ec7d61ebe5ba4ebc1cfe18a4d0a1f7e0.jpg,ea9a070992b747f07712dafb7d37f708bba5f1a160246bd3256f5ca5dff3676f,952a55764b5459e5
data/thermal-1-filtered/train/images/frame546_jpg.rf.9955480a96d65efeb602d8817c5a60bb.jpg,9db8f6ffb0e6d29e7fdaf07ffa08f0c96bc2572046c16f87ec186bd622a00f39,eee6ca98b838bc06
data/thermal-1-filtered/train/images/002805_png.rf.f0818518bbf4a3609971d72a7e4aa0e6.jpg,bb8c31e935e89fa81d95da16465dec14c94890ba99f9f13c0d44409e14e9d1cc,bf6a9d600bd43847
data/thermal-1-filtered/train/images/002510_png.rf.a95348a5669d80dafb67d1338e36f175.jpg,0590b9a300a7f35096d83da85cc13b76bf15692bb1c6d6a3e4a96490aadbfe3c,d0bf001f0f061f3f
data/thermal-1-filtered/train/images/002158_png.rf.1e68296578e801b456abd4b258009468.jpg,b8c3f78ef230daedf0cf3718ea846f376bc879bc834c241afcf7127e8a94f854,a07f40274da35cb7
data/thermal-1-filtered/train/images/002162_png.rf.aebf6ad0f0acb2889c6b3453ea4c2969.jpg,8041dbf64568a305df0ca565968e0355a06e21df30717924e03efaef7bdf1784,d17f87bf1e001e22
data/thermal-1-filtered/train/images/003687_png.rf.600f10f549a36fabac0e03b54a94fc52.jpg,1d3b4aec159032183dbc774404dd35bf9a14850ac260a58a86a0485e0f72d078,c07f013e1f001fbf
data/thermal-1-filtered/train/images/frame242_jpg.rf.70ae09259e3f1bb050c1c36bc7ba861e.jpg,3db246767f78cdc24fcdf637462bb801a100f2f0b67ad4af07260e8ec589630a,95d59536489b16ad
data/thermal-1-filtered/train/images/002674_png.rf.5a6c508bd0d767c03e32f8ae75d2de8f.jpg,f47beb605adfb8f644157f06f2e26b2cba7838901b0b65cae612a3438756d629,f96ea144b3c8a659
data/thermal-1-filtered/train/images/frame448_jpg.rf.63c7e87d50dd0c74fb243d4185c3a116.jpg,1b228fb75eb83f5ee53ecffeb87dc1cbed8c06f96d9ce7ed94611df654322e51,cb2d35cad528837a
data/thermal-1-filtered/train/images/IR_BIRD_012_frame157_jpg.rf.52f38fe1a026f1621c5f602fcf8173dc.jpg,13905cdcb678e42d03cc00c754a666de60fd2b1de3ce5b0d44d102c91a122e23,f609f649817609f6
data/thermal-1-filtered/train/images/000006_png.rf.950380319758e24f7add6572be9abee9.jpg,8aadbb407b871e4356c765326aaae53778a93e5be9011f0bdf41c3323f11d66a,fc1fc5b1c4b140b5
data/thermal-1-filtered/train/images/0_0_001477_jpg.rf.178be6cdc2ea56b965dfedc35e7197f8.jpg,b53d12de79f3f972cf25620ffa82a0363df24371413a5013289bee3dd5541393,87c7e1702a774a69
data/thermal-1-filtered/train/images/002689_png.rf.5c571ffd6089f255a69f0967f0ada050.jpg,52228976e486016aa0e3cbc5376ec4e044a2f63740a15855fdf6221325a17afd,f67fb052b6d08314
data/thermal-1-filtered/train/images/frame295_jpg.rf.db39cb5dbb156d261d219fbfbcf33d11.jpg,f5c53490676c6ca4c4d90b717323bffeb399abce36be728dba0e2d95f8d5b9a2,beefc39d41545414
data/thermal-1-filtered/train/images/003423_png.rf.432604704cafb5df6a146b2e73e92234.jpg,2669bfd1b899e7b252f17dbaeecce1876dda5e86f3d1fcc7908e1201ffaba468,859555bc55ae54a5
data/thermal-1-filtered/train/images/001668_png.rf.42012e49fed967f56e1e2450a6956ea1.jpg,bdb6db51383c0effff048d4494b546937934f3d21fc128b38c46bdc8010b13ef,ff7e85168c87e804
data/thermal-1-filtered/train/images/frame339_jpg.rf.48794d6257c43d3ab5744c1df892608b.jpg,eb4eeefeaa4b3a254c9b17b99d7ba13daf9b6512f7242a6b264969e24ebe1bdd,cde514171c3d1c3b
data/thermal-1-filtered/train/images/003023_png.rf.b7b7773a4b6fb69b6c012369dca95a05.jpg,66a383f1ad55fad104a16754ab6b0d1c3f0cedfe0f43f64dc2a0fd898ab0dd30,807f502f5ba457a9
data/thermal-1-filtered/train/images/002015_png.rf.6e8a1e84d2b4eb0d006186c9ba7ed5af.jpg,fe8a2dc09d52b8c968a4425e1e841e9ec992a10871078fac13f328078ec55d8c,ff7805709e609c65
data/thermal-1-filtered/train/images/frame338_jpg.rf.219de80d47d6bdbde937ec5c53654b40.jpg,c6ed9528ad60b29d2166067702f7f9ad34bb12fbe654618047c9586de679a653,9b81edc5546c4d2e
data/thermal-1-filtered/train/images/002205_png.rf.b9ab55d03f6ad1150e60e91b6e9ae477.jpg,873a484386ec48622a2d7a8f43b7bc1a82eabad357cbb22c49910afb14979226,a03f402bd5abdf22
data/thermal-1-filtered/train/images/IR_BIRD_012_frame194_jpg.rf.3bbbd6eeff7d3f5dcb88223b502f2409.jpg,4604c9d696f9e5e46c1e2884a36b85b167cc3f4ebb64f92512660454549cf157,ea42555455ed5555
data/thermal-1-filtered/train/images/0_0_000282_jpg.rf.476714ae65106bf542e89f3a684e9d26.jpg,6183dc9a902facc28330088cac1a77dea464bc4b19e713cdec24b9a7da9db6b7,ae7ced11e4398362
data/thermal-1-filtered/train/images/frame309_jpg.rf.f5b4b42d8c03bb4332d5f0910a2c83b7.jpg,68f3e30ba5c8124ed9a9d68be913db03b9da934ec1768abeb12269c5e06e8024,b2e2ebcb69485a49
data/thermal-1-filtered/train/images/002042_png.rf.3b84c5591d52128e48d7ea59f982f6e3.jpg,6c842cf3adeb0a43c4f28ae9ffd09898b2795ddca3b5dd57d24107beeace8fde,952a55d54a735e45
data/thermal-1-filtered/train/images/003429_png.rf.5e067b387db1f874bf1da87d545fd91a.jpg,cbd4e3e17077fac4fb1a8c5030bd0ffa51a28e026612158eefbbdc2b6298f8d5,fa7fc8148bc4bb40
data/thermal-1-filtered/train/images/003760_png.rf.611a62219a94f3a5ffd3e27645cbe538.jpg,6d01f93fadefbb51b1e4bec0406aaba244bf8b31b6b01aec0eb120608f45a3b4,d0c000ef0fff09f9
data/thermal-1-filtered/train/images/frame594_jpg.rf.333b8d68df4e40b979e78035c7bb7975.jpg,434e6967bdbe3ca414c2b99af18272add3e09ea9fed9da833ef5c55ccf5e0aba,ecc0c1f111fd4c5e
data/thermal-1-filtered/train/images/003872_png.rf.e3b2669f62db820110aba7bd2e0b2ce0.jpg,67c4a7656e26ce458a176fea80a61f64c61cd3a7e444a4d427e42bea2beac640,e77c07711ec4b30c
data/thermal-1-filtered/train/images/002068_png.rf.e857e90b8a8cd1b715c2cff98728346b.jpg,2cd676ab9ae0a9236fdb92c1af945a6c34ec89de09f77482f4be95b3155f51db,ef38ea088ec1b44f
data/thermal-1-filtered/train/images/IR_BIRD_012_frame1_jpg.rf.048f2bc97819aa3e5f8f04f6b8b177a8.jpg,e09b36bfda92985c9bcac30442f55a0e066464d953549940c1c5a56e9a97cb00,f7188c7708c57f18
data/thermal-1-filtered/train/images/002463_png.rf.bac4e8524f7b3587308ecff2006cd97d.jpg,4fc19bf349c9f4f2d28bbab04d6a0a34163cd309ec21cf116127cc104e0cfd13,fa7efa54c5138043
data/thermal-1-filtered/train/images/IR_BIRD_012_frame7_jpg.rf.ed646c4050e0b1feda65982ac7aecbca.jpg,4e468698a59b18243c1c78026130c470239b8bd0c5b4994662cef5b1132f9896,f7188c7708c57f18
data/thermal-1-filtered/train/images/002052_png.rf.67210459017a033040d784da1da97283.jpg,d0fd311d80c239d89e1ef858c6e8b890ee7cc4da962c67cea3923cdeeb187942,ef7ba249824db268
data/thermal-1-filtered/train/images/frame359_jpg.rf.e036100ec54d7128f8eb848408784b85.jpg,0e3fe18b92012a5ee3ee6a385c314e038ee867f7c13116ddf65dc15e11e547ee,a5caaa31d25a355e
data/thermal-1-filtered/train/images/003844_png.rf.6ca25405aaf5178af540ee7c35154a7f.jpg,5e4668870ca5b0d9540edcdef4346a847d16017d05c9a26fd5e6e22da152150d,803f40bb4eb15fa5
data/thermal-1-filtered/train/images/frame43_jpg.rf.3e7925bbf1495a06321f2cb71bf503f0.jpg,c071c41d3d55866021743cd4d39f0a0a536ffae5d0bad8b6ddbc2216b6f7b4f6,a6eac1ad5a6e1945
data/thermal-1-filtered/train/images/0_0_000249_jpg.rf.ec66a8a118d458203f58b2b15bdb82c1.jpg,2bfa94c53bb81859e5748b4aafd7f5b5321c783550f0abf83a21906a88d5332b,fa516d021f3e4e0b
data/thermal-1-filtered/train/images/002418_png.rf.edcba72bd6fdbbcfd68d9bbdad7ee76f.jpg,1d0a0bbd1d30c5d11ecbd1945fc0a49b2f0a48d4e34b0a5a988237026be42e74,d98080e807ff03ff
data/thermal-1-filtered/train/images/frame503_jpg.rf.6bd37b8c5abe7184d4aaff85fea87c8b.jpg,9930701575de8b4e41d9964e4b81b7cace01101243f9e4f5818fd8b389d28017,fd8084ff00fb00fb
data/thermal-1-filtered/train/images/002436_png.rf.d1b786b35f4f189cd59efc0b46c6a885.jpg,8b19850c17cbee4964fd09d438eb143e2bc316070d3e93aecabbf993a05e8a48,d8a080ff80ff00ff
data/thermal-1-filtered/train/images/frame453_jpg.rf.ba849ae1c5d3375126fa8fdfc89e4e1e.jpg,07a71c689c38ca2a993ef76c2f0bf1a3a4082c6e94c5962bd2966ed6bb636cf3,9787f03ad09047dd
data/thermal-1-filtered/train/images/003772_png.rf.cf2d157981cf1227602e074e62f82cd8.jpg,0ba06f5b0eeeccbb724a58f45317208815c01eada97e32f89080ce4d16e70cb6,b07f402f42b3cb39
data/thermal-1-filtered/train/images/frame355_jpg.rf.3a361df7da90dfb751064958c04a5a34.jpg,563b069ea4e076f19a665a1669dac585d4343df57aa3dc7647445203059464d0,f07fd01f802d439e
data/thermal-1-filtered/train/images/003760_png.rf.9a508694efa29493672b2947dd284715.jpg,1e671b5fbdda9e321c039de9f6e41398abeebc61ee58a299018a944fc821f2a7,f36ea51d82338d70
data/thermal-1-filtered/train/images/frame180_jpg.rf.9b3aa21181bf5288a24101c435b3773d.jpg,07363fe53cfedb7940fb05cc215bc6b08c0e9ef4ad24438ee72f0417e8b3b331,b147e648d84f6b38
data/thermal-1-filtered/train/images/002461_png.rf.dba1562a8a04b10deefd4c7edf9b156b.jpg,5bb55dcef1b561bb098ca53b5a049c5b894fa7cfd23330339643a11c3832df1f,e56a157a17f114e1
data/thermal-1-filtered/train/images/frame179_jpg.rf.aa86303f5c8c1abdc3ec5b0cebfbc6f3.jpg,f291b1c0a55103eb0463a368884355401084664547acac0809ccbf0fa944cb6b,9462455d5a4b4b9f
data/thermal-1-filtered/train/images/002394_png.rf.04a0fb3b77ffd4338800cf5d9c75c308.jpg,4cc07a2e3c4fa70709ab827497e6bdcf729e36629bf9844513cf67d20df033a7,c08080ff0fff1ee1
data/thermal-1-filtered/train/images/IR_BIRD_012_frame111_jpg.rf.f7a47c4cd2839595aece57eb3b0d44f8.jpg,11833f36fe96f9124dc38548fe2d5c03c5ac67ba13f39fedea318e79bbb35e3d,fff840077047505f
data/thermal-1-filtered/train/images/002669_png.rf.6e7deaab9ad423c40aee1306e0e4729f.jpg,c4194a88b80202a8888514b009ab4c3c958b685af42276dd121a58b87bf52147,952a557209f30cfb
data/thermal-1-filtered/train/images/002053_png.rf.def97062b3ddda34d4226956b2806da6.jpg,cd39051693707cffa08b6f9f8afa9390f2904308cc86d38d1515dacc8eccd857,847f003f47aa51be
data/thermal-1-filtered/train/images/002414_png.rf.831863951fbce69ffde84e95c29db66b.jpg,ba61808f56b1483847cbcfa092c54f7871629d5a57c07c8781a5a3a7282864e1,85d5d5bd54aa522c
data/thermal-1-filtered/train/images/IR_BIRD_012_frame268_jpg.rf.e1a504567e6a04a45c4b0b69ee8a7b55.jpg,4a75af6a38667e099760cf47c70e4493ba09fa2b92d073e3ad34c6de6bd94d5a,94644d7b46595376
data/thermal-1-filtered/train/images/001676_png.rf.aec678157233a391c9b5b42f53778cec.jpg,5dcedab8a0e1f670abe0b086e8188d2bf0d26bf01e1d50dbf2420c7d1133077b,d0bf801f1d1f190f
data/thermal-1-filtered/train/images/002252_png.rf.3b61a9835fe88af7c6b9b5d6f9045b45.jpg,ab2692231620fe7a6bd13c96f1b7f6ed2668aa80b4f729035db5af06dca40134,ff7e98578049a11a
data/thermal-1-filtered/train/images/IR_BIRD_012_frame294_jpg.rf.57526e00e8d2227cc39d0ddcddab3380.jpg,c06c7482f7e98b2aeb6fbd2703ec0f9c4bbf547d3786211582325e4d2f9de754,e3cecc99393343c2
data/thermal-1-filtered/train/images/frame324_jpg.rf.688ecb375ff77589c3c0c505172a4f6b.jpg,080a7d7fbba8c2340c8be9f6b01e5b22f0b13e64fb39f04011ea1d7043f3c100,b2e2ebca694a4a4b
data/thermal-1-filtered/train/images/ir_3_031670_jpg.rf.4fca93503aacbe3126362182b9e20e83.jpg,0da52a9603076dd4fdade1792c6edb785dd5d2a011e2558eaed6bd15a6dc0497,a123417a5a5e5ed9
data/thermal-1-filtered/train/images/IR_BIRD_012_frame145_jpg.rf.7bff3ec8ccffcec0637ec5c0b847a40a.jpg,ccebcabf365ab5c61cb8a09c98816358a6f039751485ceacd982e6e7e035717d,fee00078075f03fe
data/thermal-1-filtered/train/images/003827_png.rf.a4c8d0555214d1dbbea035e96d8dbcb6.jpg,cc733aaff1ee706a0aec44dda9717f5a2be5243acd724e4b7ca81a6e31f31d4b,842ad5695bd54d5a
data/thermal-1-filtered/train/images/IR_BIRD_012_frame36_jpg.rf.54ef2029dfc64588016052add4c89e3c.jpg,9853caecd9355866982258bc5061f9d998018b5b276bddb8de0025b8d092d756,f03c073c0f874f0f
data/thermal-1-filtered/train/images/003851_png.rf.fe680c57357fce6dbe086fcde9b21b67.jpg,d1e4a1229804f0bde972623208de56ef2c570afbb5497dd471a0af5e9e6f5b0b,f37c27700e43bc07
data/thermal-1-filtered/train/images/frame409_jpg.rf.b6b04582b33b8b236e3cde23480713f1.jpg,8487db4cbb1425b6e58e0fa077db9de71fbf1276227f9c75662c21038d9501c8,e08ad4565bf55159
data/thermal-1-filtered/train/images/IR_BIRD_012_frame296_jpg.rf.54591b5d3e0fd77540256ee08ef4fd82.jpg,e7a1eea47bfda2e1f4ff37e21b18b8269651d82236bccc9f4e56ceb6cbeb6f5b,959b49a446a753b9
data/thermal-1-filtered/train/images/0_0_001478_jpg.rf.f3d2b6323c8f0c68974be0fb7cf535fa.jpg,9f3bb9dbc4ef47e669ee81ceb9eea2045e29b58662e2a66ecbdbcb90f06fe38a,e062353e0dce87e6
data/thermal-1-filtered/train/images/0_0_000085_jpg.rf.6a04260e242f960d32eeff79940d8a8b.jpg,1d29da4660cd20e54d345f2c3241aae99c23432d206de4dfe9efdb82014b6556,c0c800e71ffd0ff1
data/thermal-1-filtered/train/images/002428_png.rf.f4501e0b2f2c607e5156a59906622704.jpg,0f118423ce212c0661d25dabe9eff2716e2c9f0eddc49fe06a7b93eded3aa846,aa7ffa4cd104d065
data/thermal-1-filtered/train/images/frame46_jpg.rf.85a4fb87931c960cef26b66843481a6d.jpg,3e786c6199f25e6e082a507e3464ec72a5d9049e9dcdac24fc790bce089bb948,b3abcc954b2a8c56
data/thermal-1-filtered/train/images/002339_png.rf.8b1293bcbb4922382bb59cdf1e448739.jpg,706051dd8fdd1f60aaae2e091ce2745ddbec4dd13e55f0df1f5be3d3bb34fb23,ae6bfe09cc10ce31
data/thermal-1-filtered/train/images/IR_BIRD_012_frame127_jpg.rf.4c781e15ff5c21570f8798dbdb04f70a.jpg,c6b478972687afcd390f0d2767e6cbacd578028ae9fcf9f776d41d6ed0e2df23,857d852cd33e4897
data/thermal-1-filtered/train/images/frame524_jpg.rf.61a0a13d747f45cb8bb1ea80996fca63.jpg,f4f92c9c9ecb2c2916740cc53289c0e16991a3e81f5ecbb2cf038d5da0edd93a,f4f5951715a0153e
data/thermal-1-filtered/train/images/0_0_000276_jpg.rf.217ee1685ababa2bc4a86d79e1435c90.jpg,3787b2074cd1cbc29bb625a003c8f0f5ffb31d65dfd0d5dcfffb487675daeac1,ab63fe04c97a9c41
data/thermal-1-filtered/train/images/002412_png.rf.5db050227d41a60724f61413486670ad.jpg,86c8ba14b4dd3f0ceb992c41f154b047befeeb754a330777841cba47b941d519,8d2ad54a5557545b
data/thermal-1-filtered/train/images/frame243_jpg.rf.c83d812e1ba97b310395e9f2501a88df.jpg,c688a14ea85fe059219f57235b7b43004552ed8e2f1b517ef0ae50d869ad429f,e592930f0d14b3f3
data/thermal-1-filtered/train/images/002022_png.rf.45f39b3c47da1134b44f0c20d1999caf.jpg,12f34e4ebea7d9c6f3c8355491cb3cd07c837c72d2056ef02229a2fdc2863c45,c07f00394fa956af
data/thermal-1-filtered/train/images/003686_png.rf.952fdb0ae22fb197083120b677ecaec1.jpg,be9442f9f04ad4ab1e534f02dd481738027ef79a6b111341679df158978e91f7,f36e6d0817d26d21
data/thermal-1-filtered/train/images/003056_png.rf.3c8238b5fd2de53cbae82c7285ac76b8.jpg,b4896e80a77cd283a43bd5bb6887fe862c45cb07ce45640959e11262e9d29210,bb6e1b6c538c6312
data/thermal-1-filtered/train/images/003790_png.rf.9b7f467225813414c40835a37d67160b.jpg,49c2d865ba2eeda32a2c3af21d6d1cae623c0b181bec3d212d3fcf162217de28,f36eb90d921b8174
data/thermal-1-filtered/train/images/003020_png.rf.4983780bac4990e016c27a68518450a6.jpg,39a35d882b88bfbfb21885478a578f2cb6f0520ba16c4a6ef03d212b4093ebdb,c08000fb0fff1f79
data/thermal-1-filtered/train/images/frame221_jpg.rf.b4b41398b41ba8c29072261d9c9f2390.jpg,bc1eda7a9164be68afea73ba8ef99e4d0a2ff4c4f9543fe2bba67f669034a3bc,c8b53eb2b47039b4
data/thermal-1-filtered/train/images/frame417_jpg.rf.e98c225cc8c80872370bef154817f75d.jpg,61928dff927f6f1e4d20d38b67004dbd4a6ddf15feb0d1d0c4a690e04de3ce08,e9b9ba5ed890905a
data/thermal-1-filtered/train/images/ir_3_019790_jpg.rf.b541d53e71b24f4aec536e1191ad1fcd.jpg,0b42ffdb1a03e6dc730d728cff79f217d57ee13e28ba207c15ca60c7ace49979,d92a195985f94ce9
data/thermal-1-filtered/train/images/003048_png.rf.8af9119538ae93cb99e4197b54dacd92.jpg,4e6e858e5ec5fb67f0787b2fe7b52331b7cc5215908efd5114592ceb5306e608,856ad54a52d9574d
data/thermal-1-filtered/train/images/002271_png.rf.c85583978151267a93bc6f4246438154.jpg,59e79c0099cc412c9103eb174ccbd56d30e272d1d665297d8d060d3d09853ec4,aa2ac14fc55bc4d3
data/thermal-1-filtered/train/images/0_0_000271_jpg.rf.eb99b33e6cff1a048b4dd138f102809e.jpg,bf19b576b93c246e649f642c3e1f69a0cc9d66fce16936386e4889437aea157d,ae44f50bc761b21e
data/thermal-1-filtered/train/images/002338_png.rf.78f8819fb1f3aa081b8b64aab152b47f.jpg,54bfc1c422089789fb73a886b79309d1c60daddb890b055e3492a474bea9e3b4,be7bfe018c11c433
data/thermal-1-filtered/train/images/ir_048760_jpg.rf.93f2d5d009d6d408e5628846345fd3e2.jpg,7524f8ed99ebaf11fbed43fee5b186574cfd0cf9d49209f6a1a0efc23d040542,ad779a6a42d49529
data/thermal-1-filtered/train/images/frame329_jpg.rf.d74cba1ca056b889a73db28a70370a51.jpg,1ec4018d413a81bfa46e89f51c7ea5a55b0bc3bf7f1960a1f272d308d21074de,e7a0bace3c1c0b1e
data/thermal-1-filtered/train/images/0_0_000079_jpg.rf.6937c7ecfdd1552d5ec9388f2b56e760.jpg,9c660585d49f543c2a1ec376353de335595029e43038d5c4180dc45903bbb392,fc5b8a3c43aa3543
data/thermal-1-filtered/train/images/002690_png.rf.7ec10e485bda95649c5fa6b3657c9b87.jpg,ed05008b02f9717d1792f6a71ce525ef131cc58aef772cacc59bdf8f5ff361e1,f67fb056b680a314
data/thermal-1-filtered/train/images/frame392_jpg.rf.9c638d40df34e1700ae4767f6ecbc565.jpg,fbe59733808bc56dcd92603fe240e5869963dba3b6bb0e3c8f0cd7f1d733f392,f080017f43ff03ee
data/thermal-1-filtered/train/images/003782_png.rf.21dfc32d30bcb3fd1aa6b8aeabb03837.jpg,ea0f02945cf93925d0e85eb83ae8f36c170da7ab3aa884876f540c2f500ab5d0,f26fb90d921a8978
data/thermal-1-filtered/train/images/002429_png.rf.1b00de56915c43eb5a2222242ea858fb.jpg,55de28c47f3f1c0d079881510a160e539e3da0f944e39883e55dfbbaa4c00857,aa7ffa48d20dd064
data/thermal-1-filtered/train/images/002245_png.rf.bdeab41d029106e8757a3048bd0eb215.jpg,c9699a821e95d40a506aa7581ce70da6a795d478a0b831bdd580ebd7c24732a7,8e2ad54a555555d3
data/thermal-1-filtered/train/images/frame529_jpg.rf.1dafebece922f6b1b0858f66a9dbbdb0.jpg,a2c0761d7e0e5bb8a4d2d96be5ec8d2f7dcf6ad219a9de63d77b367e7ff2d21e,efe0ce98b838bc06
data/thermal-1-filtered/train/images/ir_050260_jpg.rf.13cd36c69cf473cda772793d82e9d471.jpg,6c1c3da27d4aa18b3572a76ba9b4004a06346895f18680acaee0722e8c7c509a,e52a144b17f59ce8
data/thermal-1-filtered/train/images/0_0_000732_jpg.rf.2c4542e111a0b024f67c4c583e62af0b.jpg,470226b251ce0312f82108139585a2c0fc424fc842c62ebf8ce8eb80ab3724a5,d10a2f78c4d31c6f
data/thermal-1-filtered/train/images/000002_png.rf.48575a0942828dfa32a684abb898f567.jpg,07cbc6fa0f70ecf8ce285796ace247bae59cb998a477a28ede8e0fa703bf9d0d,eb7fc080802f9c7e
data/thermal-1-filtered/train/images/ir_3_030980_jpg.rf.41dc0c63edde4ba97d0460ec3299633a.jpg,8bc60e8043c7296220db3bf11988afdded41f584fdebdebf60bfd25494b7d2a2,903f51ae49a649b7
data/thermal-1-filtered/train/images/003067_png.rf.43d90bf7f9bc7f04396a5449257dafaf.jpg,60995eaabf85d115eff2017c5df694ff2c91e5fef036ef40c96d9d56d3cddee6,bb6e1d2651827d19
data/thermal-1-filtered/train/images/003733_png.rf.f8ce0ac53d6150d733acc1c12e62c182.jpg,bff57c405bb8d4717c9f4b6f427a3ebd0dd8462b30fd370e0a513eea44455d8f,8e9bd531739c4c8c
data/thermal-1-filtered/train/images/0_0_000065_jpg.rf.555e2e319ef23a117941b63e576aac4e.jpg,677464b8632a65f7ee1800621081ca84aacbaaf1917cc2a1d8ca40c3c6abd72b,f1c6c33d033c87f0
data/thermal-1-filtered/train/images/frame283_jpg.rf.6b452e63fd855d95ad9b0087d0867d7f.jpg,d0e8e3aad4373c4a7645a357d50015c8ecab894708ee2d2ac38b1aca02c74e01,e99294d214d754f3
data/thermal-1-filtered/train/images/003086_png.rf.a591e2165b2cc09ee74128c1d4845db4.jpg,b7d7dbd72602b1f0fabd7f3c4d4fcde84fa137587519ecd2335fa00f4ed9cde5,ff7e9b44914ab005
data/thermal-1-filtered/train/images/frame650_jpg.rf.c6282487dc09317c6eb6c8d8dcf6f3f0.jpg,8d6daeae85aef55a4cae12913830f6a4f7c1b734605ca896e91cf9af82753802,bab281e8e1f2d2d2
data/thermal-1-filtered/train/images/002338_png.rf.0f84c9c5ac5bd83aae1ab6a0ffd0a86e.jpg,a6610f97c98ae10691410e50fec3794fe9b8afca3fd50bc5aca207a899cf8ef7,8c95d5b9d8a155a9
data/thermal-1-filtered/train/images/0_0_001186_jpg.rf.2d777f1890b080e941678a810521e02e.jpg,f916e24c5bf4d6092208f6efd6600469b78298a6d84857fc8851f2fa4db302a1,94d820817f7b4b6d
data/thermal-1-filtered/train/images/002397_png.rf.ee13b2f78c3d03aa65d70d0dfd5136f6.jpg,742c139c9357504232bbbc9f2ee6bca89d830fba27e105ce742d9cc5bd6d518b,8dd5d5ad50ac54aa
data/thermal-1-filtered/train/images/IR_BIRD_012_frame157_jpg.rf.ceb9cb0371e9d004943c2c5709412bac.jpg,470a236421f395a65124d522403a7e7637cdb74b2ac83de8f1c287f0b573053f,d428d52ad57a857a
data/thermal-1-filtered/train/images/frame246_jpg.rf.e7ca8c93cb39362bf1ae86eacf750382.jpg,d1706c25a803b07e61dc9c3aafc9315b6bd4d54300967df1e4290bc259363e98,ed92830f0d36b3d1
data/thermal-1-filtered/train/images/002540_png.rf.3e9e3670132c401a9750fa1aee39c242.jpg,8e848abbc587763e5a4a7010270165c377cfc69f56ad55b0d31bd5e769dcb8f4,d42a556b16f704f2
data/thermal-1-filtered/train/images/003039_png.rf.686b515ed1408c1304c8038fd842c61e.jpg,0ba41bb803edf75c10e9bdfc28ff0439d2e4f4575c190b161a2173853f277278,eb3ec93441b4cd13
data/thermal-1-filtered/train/images/001499_png.rf.361c027f9b14075f4f97de017f8f4785.jpg,5d56fd2f65ff971069fef598b74932bc5d2bed8e27412d7f25db07378f2523c2,d07f803e0f240f3f
data/thermal-1-filtered/train/images/frame556_jpg.rf.d748570344005e9d3bd4d9cd1b0174cd.jpg,6333a63af2f720e766e40a94ed398e0fb24e6fcb518cc7c8fef8d3c83b53cb41,edc2c5d891f111f1
data/thermal-1-filtered/train/images/0_0_000082_jpg.rf.5405f14033322079b30050d42f3f858f.jpg,81fa86bf22e31abd5c75f4ea9e46db6b14926409a84c9e8f1186e7012a6d1567,ca3f2d1037af9095
data/thermal-1-filtered/train/images/002201_png.rf.dae1a9e0f46af52260a17c473b3f2a18.jpg,92929836393d8e20508472ed73193fcbfa3ebb4233f4904a8a51046b7213c567,85d5d59652aa56aa
data/thermal-1-filtered/train/images/003051_png.rf.cab271fadc1d62da6f8dced8e7062308.jpg,d426edbe745bc0bbdf0e085698213a6562c32d4ac4d2ac205a9c3c63ee12aae5,b27f002d56b94937
data/thermal-1-filtered/train/images/0_0_000091_jpg.rf.d3d3f38f4fd2bbdeb1034e98c788b579.jpg,5888064623643e5833c9402634851f493bd4114e49c1b6eb6fbd9bd2c2b0af25,c4000cf11ff71fe6
data/thermal-1-filtered/train/images/IR_BIRD_012_frame13_jpg.rf.435c2b466e7b60b312e6bd809f7b7b0a.jpg,5ffb832fe1001bdc665f2dfc70acc8f77378235bdf0cf26d3fc793b96c6092e0,d52a947b1cc07b9c
data/thermal-1-filtered/train/images/frame489_jpg.rf.bd1c8962d05ac67057a4b6ac5944bb64.jpg,98930f9ca41769383f8406793b7ff52747eca5cf8c7ec444be96eaf35f9ed045,f06a9562946b1df2
data/thermal-1-filtered/train/images/003750_png.rf.453b07e29e356ed6de37ac9932e8df0b.jpg,796a9111bc8c3b05986df18a9b2e25eb567113ea7e9010412092468b2fe37971,f76a2d7c82728d60
data/thermal-1-filtered/train/images/IR_BIRD_012_frame230_jpg.rf.1d1fb2ca70b4132bcbaace003458824f.jpg,35c7bcf89f428f10de53de24092d8c44714599f9e639639695e10a8563242a9d,93770c99662c5b3a
data/thermal-1-filtered/train/images/frame705_jpg.rf.e29ac0fc88b63087e39c58a2b40ca6bb.jpg,cdc9356741c61ff521876ff1a3b11717b8c4a6939a3b8bd78dbbf212242fbacb,fe80fe1580ff2886
data/thermal-1-filtered/train/images/frame1_jpg.rf.77aaebde993e68e511b78e4e1b06800d.jpg,80887ac3f000de2d1d57ce3aca9eaea7f5db6c55ea96c4db2f3c42d9eab9e277,abf5109bdf0a1c23
data/thermal-1-filtered/train/images/002248_png.rf.f305168a03adc3f29f012cee547259df.jpg,dab09d72ffa609de01374df95013d098e70a7e4a9cf7a68c8cf2bcc7a7149245,f46a157a85ff0470
data/thermal-1-filtered/train/images/002422_png.rf.4da9d1771eec891e2dc7ac615aeb8941.jpg,5fa4dd7100acb856c2d2156dea8f96630110772d0fbc26fc53ab68c7bdd7a02d,803f412e5bae5bb4
data/thermal-1-filtered/train/images/frame713_jpg.rf.6ee7832cf195832bcff505aa2e2f9c9d.jpg,a6583c74c811d3565d680807c3ae12be0ea14b23a519edd520efecf9b0580dac,fe80fe35807f2815
data/thermal-1-filtered/train/images/002044_png.rf.53b8938db3b33db37b16b6d3ee4e5017.jpg,94be9054b31b9c4d02871146580ad0f2395c535d70361ddf9f711956c2c3a6b7,d18000ff09fb1ff2
data/thermal-1-filtered/train/images/002079_png.rf.e1213f857def0e6ae37e832c084cfde9.jpg,cadf1d6ec4d70f7f8f7c9f89c24b85cd220312e80273f73d780c761a424e6849,c07f00bc1f271f27
data/thermal-1-filtered/train/images/frame104_jpg.rf.90f884b949125c27d5b762640a92c342.jpg,8b7acbd4d65d774fd40484e1f5945815176f5f3c64c0a30b3df9e7ce775d021b,9962557b16c96b2a
data/thermal-1-filtered/train/images/0_0_000070_jpg.rf.a06de6c78c16f0ba4ce71ae0cc1c80de.jpg,451a138d0de94a28b87e790044d27546fc372f3ce7cdea5a96b584b898171d22,af2785adc068ed38
data/thermal-1-filtered/train/images/frame322_jpg.rf.05716aea47972ca49504adbff6970f57.jpg,115c3f3dfe0e18a5d62a11da995f63ae2328de4fbf66b5c8284be7f9b31f1070,e1c080da1c5f5f5b
data/thermal-1-filtered/train/images/frame252_jpg.rf.79aee644423bb7a2677d8c38e6455049.jpg,48788d989ded29cd5a57f7752534f84bfc449bf9fb985e5bb9535541c7880fbd,952a94db4ae50df2
data/thermal-1-filtered/train/images/thermal_tzeelim_021740_jpg.rf.9c1f4aebed8a243634042702d3d7a938.jpg,e461092c7edc9841b81f053f5a585d3fb8a718421978ae17978e769887b2f6ba,8df5d58551aa5ca4
data/thermal-1-filtered/train/images/IR_BIRD_012_frame247_jpg.rf.8484c0716639e674810aaa65c21c2dec.jpg,84cb7ac30f658ef90fc9612cd9cec27ccc1d9b874684973067f0449758f44e0d,c7f54c38198f0f1c
data/thermal-1-filtered/train/images/002029_png.rf.34388901c29825fcb3c1cd2bb054829b.jpg,e042075a754c29cf9ec680e7016f8063b17df828ad6aa5389ce59637c14fe407,c07f00bc1f8d50bf
data/thermal-1-filtered/train/images/003854_png.rf.51e763a353e9d81e09665a5cc0fbe499.jpg,456f311c646f4141035e94422c84cd24deaafa1edf28003f1deb1f66f7675bee,d38083cf0e3f18f9
data/thermal-1-filtered/train/images/001504_png.rf.4488450b0a56885165dd1a5f4a229e94.jpg,f306b23418b627a426657ce2f96393d4a73ad25d4c541244ff2194f8c16f0e55,f87f801f07050f1f
data/thermal-1-filtered/train/images/thermal_tzeelim_021410_jpg.rf.023455a49b13dcdaed3dcb1aaa95a0a1.jpg,78df4ac308b3849c80980eed00806a87d306cb7a89dfb1bdaf744012f678f5c8,aa3dc12bca2a5f2a
data/thermal-1-filtered/train/images/frame149_jpg.rf.33eb7d8b2829ee001625e3e9eca2746d.jpg,614f5eba552a12c2b0d3c5057386db3d90aa9f30a15b9e55d5fcafba576c30a9,9462c4f843e59bd9
data/thermal-1-filtered/train/images/frame570_jpg.rf.fbeb6733dfcf0885ac334eea1739980a.jpg,5a4f5b3ffa4339d19af27982ed347cb982ac8313e5e1fb01e06ab62314214977,eec6e8b9b0b48e06
data/thermal-1-filtered/train/images/002730_png.rf.64e211dccad3ad2933928820fed634b3.jpg,0f958d442b16d69aee10b863968d6570b2434fd20f0d47497e1d3c99d51f32ca,fb799666a6498149
data/thermal-1-filtered/train/images/002066_png.rf.fc8c9cf8a143d677a47650b1190ff880.jpg,1651de164603ed6265afc84744890272e7699148ec3f1e6aefbf3255337c5be8,95d555b94aa455ac
data/thermal-1-filtered/train/images/frame401_jpg.rf.210f4298f64390e0f2532645e2767d03.jpg,307a12b1efcff87461413d9fb3c447e521662a939f96b9cbdb17c259bb6637d7,c1bd85255e1c0d9f
data/thermal-1-filtered/train/images/frame708_jpg.rf.1c36d98fbea1501531a9fbeccc4d457d.jpg,efc2a0d1da55ef919a2cd2c145939a8191eda172915bd3bdddfacc79f294b88d,b80ae11fd057c0fe
data/thermal-1-filtered/train/images/IR_BIRD_012_frame178_jpg.rf.b217c813f64e78fc932c0afc793c31ae.jpg,b74740675fd08b6f58038305d0301eaf6a036419e463956c101a8d341b854095,86718479d12ff18e
data/thermal-1-filtered/train/images/frame672_jpg.rf.f1c448a1800334089c014185ec27fe2d.jpg,278eaa226af88a79696e571461267e521e9a12af302811db4f338e64e28522d0,aabadd48c55292d6
data/thermal-1-filtered/train/images/003535_png.rf.53f3b59f7d906a5968da4baf191b96cf.jpg,c74f3d8312708fe433b9b502258b34d42258fa1d7851b7c71cb22e557a8196b7,ff3af14acc11845c
data/thermal-1-filtered/train/images/IR_BIRD_012_frame123_jpg.rf.c4a0b967809b299fc5d857d3364c77f1.jpg,3bc8cb22c8dab28eee21443d3dba38c4cbfba1d2eba8d4fac7f8d475a279de51,fc1f409e41a05fb5
data/thermal-1-filtered/train/images/frame321_jpg.rf.20201afe596b32ffd81698d1ea9691e6.jpg,b72ad809d33d5defd34fe6d2186447a596a1721c89cc1e39aa1989f081b57705,e0b7000f1f0f1f3e
data/thermal-1-filtered/train/images/002839_png.rf.660a2a31b63177172433cce797357334.jpg,366042d57b3455e7d5065587200f76402004ab5b4797f12a6d7d9510eb3b81cc,a575d5b450ac59a5
data/thermal-1-filtered/train/images/003779_png.rf.75a7c04f6244e9e0978cd25612c768df.jpg,2eeffd7b794cc71e72037176853406a52e7e49253e2b823df856188c71f7ae84,f26fbc0d821b8978
data/thermal-1-filtered/train/images/002731_png.rf.9dc1a469a6b454463d4ecb271d57b1ae.jpg,5c843d06e55617df71b0a46dbd02748e1042d11b9fc14d8be92243b796f02ee2,a83fc033d0ae4cb7
data/thermal-1-filtered/train/images/002960_png.rf.0ea6dd771026d588c733c323ce2968ec.jpg,4e0e82cb513c6d77fc0d06945537bb34b72abb13023f08e9800393334c56fcf3,d0803fff07c400ff
data/thermal-1-filtered/train/images/0_0_000103_jpg.rf.9689501ac82a7fd61fd26b2bb111d1d8.jpg,79ad4c19a0b71afa82655a897154a5cfb51e3275501860812bd0cfb094cae483,806255d25f565fc3
data/thermal-1-filtered/train/images/IR_BIRD_012_frame49_jpg.rf.92521c0198b03771b77d55bf006b426c.jpg,9c9105820722df3761a9b1e697e307e1c9d6368d998b1591eca08344d4dff5bc,807f803f48976adb
data/thermal-1-filtered/train/images/frame400_jpg.rf.5a806fc8efa94d0da1d372ce0bb8d580.jpg,f8cc0c05a8bdebd45d767a2245ac2c70683f134d7ee1933860b3a069996f5007,b117d1951d9c14b7
data/thermal-1-filtered/train/images/003698_png.rf.41dcf9df7b72ccd9e33720cbad288c99.jpg,2d510351d50543c7f43b560b43f7c8a1abbff51bcb0f6129b5b8769c4630950f,d07f001e0f071f3f
data/thermal-1-filtered/train/images/003034_png.rf.b195294e9be9dd073011bc8df9d54c9b.jpg,513c1e3eec569fd46a6db61303045c166baa4ea073f6c74b3885b769c95a5488,852ad54ada55555d
data/thermal-1-filtered/train/images/frame214_jpg.rf.a1ecd99a8c0f65a3cd918068f1d87866.jpg,62854c25b52edd963f5a174818de27e0ad7dcca4ccdbb99c3000b1c7edbdc56b,d0951f77e0286da6
data/thermal-1-filtered/train/images/0_0_000034_jpg.rf.33afad476b57e34053d429b9de5d381d.jpg,f153fad466ab1bc3dd65c22f154dcb9142a3c6f38be88966e53e5d2d4bb9af1b,95dd553153a859b1
data/thermal-1-filtered/train/images/IR_BIRD_012_frame172_jpg.rf.527b210af31295fb96121b29c0d7213d.jpg,2486b8108fa9f91cf6e2e57372c59facffd6afdcc538077358536099ba8b1a58,a95545b5145ab5d6
data/thermal-1-filtered/train/images/frame530_jpg.rf.d4495c9b960eb5368bca713e23126717.jpg,9189f69d00dfbfea4f0ae33220fe4e5fd934b377de6b1f5f7237b27fa1489c8b,efe1ca98b83c9c06
data/thermal-1-filtered/train/images/002273_png.rf.6cf51ab6a247fd13127cb697f67f90c7.jpg,16924c4fca761783ca439cceb7bf67885d594542362fb9cdf86e80a82ed4274c,d87f801f0d1f070f
data/thermal-1-filtered/train/images/frame685_jpg.rf.de5596b9280a854442c3c79404143814.jpg,a876d55d878d1610d349ff4be6f3dff18eaf1e0e1f6b74aa7c459c89b94f0fad,f4ff890d898710b6
data/thermal-1-filtered/train/images/002463_png.rf.c77c56f166a6a739c08c3df403ac576b.jpg,a2ba381443413afbf5418d33029613fa9129a94f3a3f257667bc52b67e0a9d9a,ef2a857895551555
data/thermal-1-filtered/train/images/frame115_jpg.rf.91ea6377dfe4180036e79aead31ed38e.jpg,f12fefb9372852f68139450473f3d24f25983e39a4767a00eb55726d42aec639,d16000f31f7e359d
data/thermal-1-filtered/train/images/frame409_jpg.rf.38f79983c8f12131c77147810cc4212c.jpg,7a33ce500fba2ca5e5aea3ecf728fb6ebdd4923f2d585d367af38123418f5350,c54a84cb0bcb1fea
data/thermal-1-filtered/train/images/0_0_000187_jpg.rf.011b386dbdbdc6a97a9d56d4c4f8ae93.jpg,088969593bd3724ee655dc488e39715cbf42bb1c3082af613a8793969ed10cc2,ab05e632f969945a
data/thermal-1-filtered/train/images/0_0_000057_jpg.rf.d7f227f1ada2e566d5e3dea8b298df12.jpg,33563db86f88b6053e05537c59ab48eaa90fa7db5a2c530ef4b661aa34b01ffc,ee31bc4619ea453a
data/thermal-1-filtered/train/images/002419_png.rf.2c06236b8665dd9e81b142e0700d5cf8.jpg,955cb0a3e336e00e558b027b7cd29c7eec341ce71a2840e49764ced6cc912d7b,813f412e5ba65bb4
data/thermal-1-filtered/train/images/frame100_jpg.rf.f0801085fa5954a14af175067dd446f2.jpg,7d565c7b4bf3dcf2e81f991db8575bbf143c72b806ce46dcf2d082346d4cb4db,f9dd8e1c86c0cc39
data/thermal-1-filtered/train/images/002541_png.rf.5355772bcc6402017e1267e163c56a55.jpg,63792623efecfd44017dabbe31b429e216bb2dedf66b43b8bff5adaee829f14d,ac35d5ad50aa552e
data/thermal-1-filtered/train/images/0_0_000025_jpg.rf.6a7d026c2179240d6eb28253de13b615.jpg,d8998e0eda395a996cf32195e072b6e5b5335e8ce41329936a08f689fed5372a,eb781c95e2221f1d
data/thermal-1-filtered/train/images/frame452_jpg.rf.b10ae7b7033deef02fa426f54d8c9f8f.jpg,53c8b8dd340674d1d292fd8fbd672e5deea44c51f6dc26f61ecc407ab047c684,efc43072a03cf23d
data/thermal-1-filtered/train/images/0_0_000111_jpg.rf.f76bf41a5a0984354b4f692453b6914c.jpg,fc3484b43e268925991f69d3bbf5085baa62e470575dc5c2d79755a77edd9388,918a577744654d6b
data/thermal-1-filtered/train/images/frame512_jpg.rf.eb20d8935baa9bc5a3f5ffaf4110b3bc.jpg,6a34677f951cd214cefaaa1a45d4a06fd446283102c78d1aca1179dab9a2cebe,ef7cc3b8b3309c04
data/thermal-1-filtered/train/images/ir_2_018280_jpg.rf.4801eca706692bc9fc5eac73c4f8592e.jpg,6f708eba6072cf3b3186fa89c3f57ee1fd71cd34c9aaf272fc93e4c300f07144,e13f915b5b10582f
data/thermal-1-filtered/train/images/002688_png.rf.ec59874c87ba10c883907b910754d67e.jpg,25d7c54560e54f30e9a66fd41d5569d7cfa6def9b482e69295ee6f93e9bb7106,d0bf041f0f1c0f1f
data/thermal-1-filtered/train/images/IR_BIRD_012_frame9_jpg.rf.18c0f05b5c144c3dbbba91e3241a3965.jpg,7c55e32a680451255c75fa75f1b9bbe6a7ae957bc6c356e2eafdb31d98932eb9,f7188c7708c57f18
data/thermal-1-filtered/train/images/frame675_jpg.rf.3db52c334e3f5a591453be787b6c855f.jpg,71e86ccb2364db97c68d441e37ebd5215fe1fd0cd97663810285b6d9b7ba1dbf,eec4f890fe84fc10
data/thermal-1-filtered/train/images/003067_png.rf.6ea9fc048fb729df388de27d521c0f12.jpg,ca1c797e2cc960072484439cbaf5053771bc291326ca651dc4c4af7db214955d,d07f00131f0f0f3f
data/thermal-1-filtered/train/images/frame698_jpg.rf.291b8568ae1e53cad5962ecfdbfa6711.jpg,fef878ad82b50917ed2c4978bb917e1c68ca26a36696c3aca6dfc62ad83ac1ca,a5a8d052d5f554f8
data/thermal-1-filtered/train/images/frame595_jpg.rf.6e274ea7ffaf1bb05803c6b018003981.jpg,af36950a1b9f75895de7a13e21c7aaa2af98dd0993785145357a563904e558c3,a07dc1b7d52d1496
data/thermal-1-filtered/train/images/003774_png.rf.0f1df02f271976db6d4c8b4cc84569be.jpg,12fce054b842356db9be9fe23bde690a7d66276df20b506d09fe4fad3815eb2d,8e3ee15255cc4d59
data/thermal-1-filtered/train/images/002386_png.rf.69ed25ddb45f4c925741ab6bfd66fd41.jpg,9296c3b1f05f4c9beec198438f1bb9456511acc685383e1e2e24771c7f9bf3ae,f93f8480850f87be
data/thermal-1-filtered/train/images/frame345_jpg.rf.b5d7cb9973252f6f93deda9c1ee64404.jpg,3f82b2b8f3078a4971ca4b09c9633a04ebf4110b8e22031ff30e4b332ec34d40,9880057d4d7f496f
data/thermal-1-filtered/train/images/003850_png.rf.3967f22f38d66bbbfa37674f23379d50.jpg,938bc33fc4fc51eba6f576f7311876d36135f410cf5321368d9ee61223dbdaae,c08000e30fff0fff
data/thermal-1-filtered/train/images/0_0_000340_jpg.rf.e383c536d0ba401105eff2ff90269c86.jpg,ccd05ff680739750f0f3590e913eb5bec7d9859e378060d0aaa670cd731418be,a65da0d72853ad1e
data/thermal-1-filtered/train/images/frame465_jpg.rf.da05ef55ed147901d983c21b343cfef6.jpg,f4c74615c8089b16e0c158e5d1022f7dbc87eedad9fb1c1f3f994ed96c3c17ac,c920d07a4af21ff5
data/thermal-1-filtered/train/images/frame504_jpg.rf.04f99dd737bcbe96b1dbf18dbe99c2ce.jpg,116dd2bf05a49c099ad0fa52c8408cc377f6eb0708d7c6b357f8a745be9e9b92,fe03dcb6a4b09b18
data/thermal-1-filtered/train/images/frame484_jpg.rf.a6a8a342a416accbdae0d7cd0b747378.jpg,f047c9d01c1b90775d9b7a40bf9c59d977da5749f6aaa720ce3773a459a8d559,f56a8478956a84dd
data/thermal-1-filtered/train/images/002372_png.rf.bb6610c2a99db98b15efa52af56b0731.jpg,f94cfca540fd7477ac19d4542b48bd25b1057f00d2aaf082ff74aff86266b777,ff6ad05d805a807e
data/thermal-1-filtered/train/images/frame446_jpg.rf.e5dc7b8306d66d6b2cd8019b2640ebb0.jpg,3a8494d961166790f1d0bb4412282e7898b66c810c1735d99deb2c29b70ecff6,9562459f435d5c69
data/thermal-1-filtered/train/images/002031_png.rf.63c33e49dd89d6f91161222fe53d261f.jpg,65379a80bf11e505b2b200afd1a0729ccf2ddce9fce7e72b6624f33cdfb59ab9,842a556b4e5547f5
data/thermal-1-filtered/train/images/frame212_jpg.rf.9e19eee9da0cdf39e5610f39193965e3.jpg,b590bbffddfb4e35673093325381af4af767cc55f02a8f40e20b88adc5d93537,cabd7e32b43039a4
data/thermal-1-filtered/train/images/002239_png.rf.e42ee4514680fb8b05f65f4ec6b4ddba.jpg,fe6f3375393581d2ed1eb3e1c0ad61bc0e051ae5ad323104cb5bc1450b78e420,a03f402f52af58b7
data/thermal-1-filtered/train/images/frame47_jpg.rf.f563313d6d394f980099c2dc0bd695c9.jpg,a07f6650a5cfc5ddf2b2d01063c7b708c5ff1fd8c5147f0a6fe23bcb990291b9,b1bdd4944f0d0d27
data/thermal-1-filtered/train/images/IR_BIRD_012_frame109_jpg.rf.196a2a0c070b6a87a781ef65e2d701a5.jpg,1950ca4381a0a2aba5d45cdd59477ff7e2d548da949ef7e63be6f097ec825cd0,c114eb57906b16eb
data/thermal-1-filtered/train/images/ir_2_022150_jpg.rf.45ca102f5694337b5c9815e985cd5a42.jpg,4a411ef73620c9ac267f0aa19238dfaeb593e54e669d58a2eca3cc27e0088704,f5359452db21a9a5
data/thermal-1-filtered/train/images/002669_png.rf.10ef5211404cb425c6dabffde52d0f83.jpg,68dfa7259de264199be520dd3156e35ab119a684ce7636acc6e57bdca26484a4,954a554a5b555e4b
data/thermal-1-filtered/train/images/002230_png.rf.580b63de21955100c33939a6277cccf3.jpg,b411726b3c04300a77fbf162ac5e5ee3ba23ef81ebf262995d07b130f2d395bb,ef7a3e48816e906c
data/thermal-1-filtered/train/images/ir_2_030920_jpg.rf.8b45074aa777e183639d584b79127789.jpg,d0dc2115bed98abc1cee7c226cce36cb236de490798f5d8f2dc2fe3dfeb6dc86,d06001f217f30dff
data/thermal-1-filtered/train/images/IR_BIRD_012_frame237_jpg.rf.19cbfb3c0cbab638b5ca0237e58846af.jpg,30d3750d251c29d35b5ee4d8cd0711bf50b4f23bf8f25c25132e3e2bb47323d6,914a55d3276ccbd2
data/thermal-1-filtered/train/images/001985_png.rf.574bf51ce4af09baf8415eda09b3831c.jpg,9ab152cb5369f127ddc7bd2f3e4d639abebf78e56ed43584c092f4faabdb7be5,d46a14e11ee1dcc7
data/thermal-1-filtered/train/images/frame149_jpg.rf.a8c9302901056a205e47c19df51980e0.jpg,968fe84aaff370504ca999b9a581e7677fb38ed348785d8b33d2806b499b54c7,ea3909c2863f3d8e
data/thermal-1-filtered/train/images/IR_BIRD_012_frame176_jpg.rf.965467ab0561b59c21a7a1b398863ef7.jpg,73c69470e5a77b1b7a31b6cbefba9ca775ec42a6d4e4c3cc61c04c334d3aef20,a9b5551a55ad152b
data/thermal-1-filtered/train/images/frame464_jpg.rf.bb7e1f90ae7103f41797802276dfb0b9.jpg,eaee78a0c44b29579471bc2ba2fa8a8024839594b383648161e2d8552d49c961,f0e88066cf344f9d
data/thermal-1-filtered/train/images/IR_BIRD_012_frame108_jpg.rf.0b61e596815267fad85b25d17d0d78c6.jpg,d2a50016f70d71b422db8c4bf1ab7eacaeadc5fef13f1776d3c1caa28d960d3c,c114eb57906b16eb
data/thermal-1-filtered/train/images/002728_png.rf.ea879bcca1366468f12e99b6f312968c.jpg,19d80283714459f15c007f658f12ef200a38525b2802b1251e79db58873f59cb,aac4ccc5c13ebcc3
data/thermal-1-filtered/train/images/frame122_jpg.rf.f933e3b83adf87de7bfb7171010aee9a.jpg,1fab22c5315b562176746b44ebccee4c07b8ec7b45e42a599c57fe730aea0add,cec1a5fc0486e7c6
data/thermal-1-filtered/train/images/frame395_jpg.rf.bf818a06adafad8e758c7bbd7d963a70.jpg,1cfcfb689bc60ef751dd59e879bb338eca4dcff59050da232360d24a96c02cb4,f171b3b34ee006c6
data/thermal-1-filtered/train/images/002462_png.rf.586fe10f7f1946e8c2442a12e0f7ccee.jpg,8c36fbe689086f3d6e358512ea7926ff7bcb0eed366c5924c31b6abcfa20ec59,f56a557898f400fa
data/thermal-1-filtered/train/images/frame679_jpg.rf.335a0a1dcf70c14bb2f108edd2f84759.jpg,82b2c0ab50acf92d78e7b6f583d6a9f00e7060cdb73766697fa76fe3443ba196,fd0082d987768977
data/thermal-1-filtered/train/images/ir_3_015040_jpg.rf.f7ccacda86943beb6908eeac700831c0.jpg,0d3bb144ba2db24f992938963c4730ab4022c6fb0752bb5922aa2ce015e70899,a46fc53e58b95123
data/thermal-1-filtered/train/images/002681_png.rf.a225fc4b9d2c4898ad973c41aff22edd.jpg,2e9f23e3d4cd10e439c2adaa6b853bd9ac862df56b56dd65cc05f379047c8a5c,85ca55ca4b555d4d
data/thermal-1-filtered/train/images/ir_3_031530_jpg.rf.063ab6c3c0b06ce90adc5e42ac1043f6.jpg,2577a98c3ec0c045cfb334f1bd5fa262e28570ce26aa9b959179ab015d42cdbd,9919dc6ce6266653
data/thermal-1-filtered/train/images/002748_png.rf.ed69c26075a281ed6b2f3077d5f7b7ed.jpg,3ce8ebff382846a2e00f6a177a69a56a4d0e547c2a569fbab0eedbdf6ad8213e,d0fc00e33fc300ff
data/thermal-1-filtered/train/images/002227_png.rf.e756cf011e9aa5a1d443079044c97494.jpg,091e21aa215ecf3b927b4f4eb1b5f2c3f89c2462ed0bf79fc77b74334a990842,a72a7e28d1a5522f
data/thermal-1-filtered/train/images/003813_png.rf.34b9a7c9f09470abce5b90e7db33bb17.jpg,2bebecc6110f6bc93022a1b868895217801573f730681c1dbb200c8830310dce,c08000d90fff1f7f
data/thermal-1-filtered/train/images/IR_BIRD_012_frame146_jpg.rf.4348c61aec9a7a9ff2a5d6c41bd9d6da.jpg,30903be323bbad2271f35aec530444fa9269c839ddf6b4752f44ad92b4253f9d,fc1f013c43b85abc
data/thermal-1-filtered/train/images/frame273_jpg.rf.924f88424ad481d6c0bb364384d44b00.jpg,61a0f85d4adebf71162387bd9b7f80a2a8d6a61d86fd4f2ad837f821124293bd,fbcc8c8c8caec466
data/thermal-1-filtered/train/images/002336_png.rf.c83f716a177f5ec81ca3544c8153a670.jpg,174ba95f87a9cd33aba08a06413636386b2d3b5fac2bf4f94e12c8359673afc3,d56a157b14f10ce3
data/thermal-1-filtered/train/images/frame627_jpg.rf.6fea49fdba65ca18cbc70dd29611eeaf.jpg,f8b135defb88e8cc8cefbfe075f8a027233779b1f7beacca25ebc365990ff335,e94295dac4f59174
data/thermal-1-filtered/train/images/002831_png.rf.5bc71774960a90623e655cb7f5980d05.jpg,baea1562d94043fd696a5ef9b9d7c536d0ac4052a6c9f8103cdb73339696d372,d56a057a05f30de3
data/thermal-1-filtered/train/images/002331_png.rf.74119dae6f84fc859361850ad8ed9d5c.jpg,d27c6c73b88bff3769bcaa5856727acc5b642c7a788b83a4cc6d70ab329ced07,d08080e90fff09ff
data/thermal-1-filtered/train/images/frame546_jpg.rf.58c40d632fb117c4706381b218871b13.jpg,6e0e146727b9e32ac09a50d96f5e01dbd2d7b9f5b5b7778b3ccd2e188e468713,f1e0c05894ff43d3
data/thermal-1-filtered/train/images/003018_png.rf.1ac28597b18af1e7e56c32fe4b8b103c.jpg,0a324081f9cc1782a3fff54a573f20919004c2ff60846df3791e240d5046715b,d08080e98fff09ef
data/thermal-1-filtered/train/images/002733_png.rf.2ae1083b848eaf2ab3d39ba500c94974.jpg,24b307d6cabb441949bf1714e513d5c0af480073ee7a0db449ffe85718978f72,fa2c9e6397639c40
data/thermal-1-filtered/train/images/0_0_000065_jpg.rf.240c2587139bede0e26b42dfcf05310c.jpg,dba82061a61c19d672131aa06566ba79d9dab492c1086e39154926ecf169d06a,eb1c95621cb56a4d
data/thermal-1-filtered/train/images/frame432_jpg.rf.588744d23fad7e9099450918ce81b96d.jpg,f4f8ffae1306a9aacb4eb784af72987f20778adb78ed9a493357c3161b863359,fac8962371c5e172
data/thermal-1-filtered/train/images/frame0_jpg.rf.7ef2c3878a0e23ba0ff91226cc897d19.jpg,68b21c3e3065a754deb222afa524a8a0b16488652fa093a3c31ce5e2836d01cc,9d2295dbcac0cc73
data/thermal-1-filtered/train/images/002048_png.rf.125d951c50d9c6b69da31b192902f260.jpg,52bd2180986687809e2af8a123e444e643644cf2829fa149d1ae2d6f4bc4b1bf,959555ac5a365ab4
data/thermal-1-filtered/train/images/frame336_jpg.rf.b731b71303659bc10eccf5150deb1f13.jpg,48149efb21dc7c85ac160fbc233d01f87be6d7dbcab96d3d69220080df79b563,f03f41970f154795
data/thermal-1-filtered/train/images/0_0_000404_jpg.rf.29828da526ace47075924787d632d1c4.jpg,7db5d693dd48f9c889c442468a035301d5f50a70f86e6e6d75b3b54154862e1a,907f409ff0a71c1b
data/thermal-1-filtered/train/images/002820_png.rf.2f059722247cf5e8f94e160c2bb005a5.jpg,436867accfdf09d5427e4bd673fdd11ae24a4832c5c09a0a8d895d2123fe3788,c07f001f1f301f3f
data/thermal-1-filtered/train/images/frame630_jpg.rf.9e8ae6ebe7793c23aee242a3dd68673a.jpg,f81f1a1fa1722e241d4d2671c5950bfc70991293129771efccb9153d408e8183,fce0c17b91dec450
data/thermal-1-filtered/train/images/003808_png.rf.3becbeda1a31a001f17cadb843c1763d.jpg,306de1b9f00a5f0088cd38d9195673744de3f4017b8ee176ecd230e692a70727,c07f001f0f3d0fb3
data/thermal-1-filtered/train/images/003836_png.rf.131c32b2c6327bd6968665510fc736b8.jpg,e40c3464123959835482a01b789966985b9a64bfa2eb72b78843d5143f5d20b4,f37c07700e63bc43
data/thermal-1-filtered/train/images/0_0_000081_jpg.rf.623f690f642690c275154825c05280e3.jpg,f02585d96d58ab39bb7b98da5127550d58adb263ee0a517ff193f475c62b1c54,a81fc42817f3703f
data/thermal-1-filtered/train/images/001991_png.rf.b7b92e3540b7f8d0a504e0251a567805.jpg,b9171e78c7dff013fc07608979ad2ba4b94bed5a2eb33872a174ae45ebdf8916,d04000fa0dff0fef
data/thermal-1-filtered/train/images/IR_BIRD_012_frame210_jpg.rf.6db1ad32a38140351b76172b33fe63b3.jpg,14f671e28b3d0035992c68cca89adc0e045464d7f2c3ed41aeeb8351cd5458d4,99f74c9946245d93
data/thermal-1-filtered/train/images/frame127_jpg.rf.67ae10a57eb20163f6b7860e6de13260.jpg,a53b757110c2212cab017a561433790efc762b95c1950aef738ad70ec331bf04,cee1bd2c02e33939
data/thermal-1-filtered/train/images/003688_png.rf.3b392172407f58d5bca8b932f29d5d70.jpg,f7a607d46fa79b066a6fd815615d01485d2633e1bebd19a89e3e1ee1d3a20d3e,85d555b951ae5c94
data/thermal-1-filtered/train/images/002039_png.rf.da97be79dde9d0a4a90f72ebc23343eb.jpg,19ec66a9d0babcc7588a853e274ed9531831b5694882faf666dfc4d4bb4442a6,853555b454aa59af
data/thermal-1-filtered/train/images/frame225_jpg.rf.ace6290831198666373acd01dda9e849.jpg,fa113373e550bb868af2e9cffdf521688770c56d9b9f3316c6c0cf88a2ae9b19,b1e35c68e44b4bca
data/thermal-1-filtered/train/images/0_0_000055_jpg.rf.12ac8f2de27c9f76996616f162d9cfb9.jpg,73ce5220ac32d7a60994d418d5d41cc11fb30fedf546b07fc94c5abddd71bfd0,e0c001791bf741ff
data/thermal-1-filtered/train/images/frame306_jpg.rf.d6d974534c914571dda57b67d9ebe2a2.jpg,4e9db66c29cdd41cb49a0bfc16c5b83940a5828dd8365b1721841bd887a04379,b2e2ebcb69485a49
data/thermal-1-filtered/train/images/001669_png.rf.ed4d8a497f50eb8a57bf8657dc10cbdd.jpg,3a4a19bc532157718d876930577c133fe43939154c8f91650d9e2ba1a71a0967,d0c000f90ffb0feb
data/thermal-1-filtered/train/images/frame299_jpg.rf.fa652b102970318573674e258cbbb573.jpg,075dc6d481be51655bad65d56e86571713513493fe4bc53217672785d9cf8681,f080c06bc77b1dcb
data/thermal-1-filtered/train/images/ir_049620_jpg.rf.f9d81e29de1b60ecf503249f1d0abc43.jpg,b735df7ea225047372a5533152fa06dbc3a553a3a4d0700e2921802f29b1ea96,a17f583e85e0583e
data/thermal-1-filtered/train/images/frame674_jpg.rf.aa7014364bda46bf8d01d684a85f6b9b.jpg,6cd72c19ab1ca66f163635e6c8cd053a3dd71121197b426adb64ff0138a0500e,eec4f890fe84fc10
data/thermal-1-filtered/train/images/IR_BIRD_012_frame137_jpg.rf.7f262b1459f4829520958cbcd793ab5f.jpg,543f2bc5d2895a48080b4885d91e29643961b3ff310a320ed36b73c4cdc4beb3,f40af45a8b740bf4
data/thermal-1-filtered/train/images/frame449_jpg.rf.1d605322391b8908ec50342e35b06390.jpg,b1aa55830ec8ddd1fbf6d18b594a8145c0f4cd84fe6281ac2d16e4e9f074a90f,efcc383a803d42b7
data/thermal-1-filtered/train/images/002352_png.rf.61ef2e9e71b53b6e97f96e08cbbe1b7c.jpg,c118a3953085ff18c80e6657e63cbf5c71fb660649d917abd4c775a46117e959,852ad54b5d55555a
data/thermal-1-filtered/train/images/002355_png.rf.2946410543478f71107363f0bdf5c668.jpg,76bb3248387788f0eb93d75be5ac5de23a2c1986d14e1b6ff806895864aa43a5,be2acd42d149f615
data/thermal-1-filtered/train/images/002721_png.rf.f987363e96c0bf239963f0bec12adb72.jpg,5438372a52bbca09e248fe22fd9d7c1a94eb7c4d5e769502d20ddaa2c3a425dc,f08080e087ff1efe
data/thermal-1-filtered/train/images/frame471_jpg.rf.456676e4104548071055263f8f54c90e.jpg,8bf06ef1976af18ebbd32983102b8b1dac0a2f636defc5e34f2da0d6998392bf,feef83238710c994
data/thermal-1-filtered/train/images/IR_BIRD_012_frame15_jpg.rf.e52985bf6b1eeb862331a7e2d4d88a88.jpg,099d06d7da0ad2cca04764f0dbcb9a5d49c05e6819b5f6d0a6f4cf58917108ab,857fc02f5a823fd0
data/thermal-1-filtered/train/images/002450_png.rf.d79ba6269eeec6349c8e3a17f25f9aba.jpg,dd120747d2fe054f466cb9be308ba5feb7e5e21cb588259e5434efdcbbd04db8,bf7ffd5fd4008000
data/thermal-1-filtered/train/images/003794_png.rf.9230ff21a95efc1df06a20f09962f7cb.jpg,65d39e57017e8a80fdbe36f5542b41bd763eb0b88bf80106d5f7635be395733f,c52a557b07f61ce0
data/thermal-1-filtered/train/images/frame340_jpg.rf.e6ec327fd7b306ade9c93d086bd0c9bd.jpg,3e7ec6a008f63019f40b5bf1bf2dcbbcb79465f10bedba3123d5181afa4c0c12,cde49585160d1f8f
data/thermal-1-filtered/train/images/002005_png.rf.e465e28c7745e78085cc906f6db06d78.jpg,9775cc76a20a5784301ad1c7abb35290178a75f4530c35adfa3f5784f1c2437c,841fd52f5aa5528e
data/thermal-1-filtered/train/images/002028_png.rf.faaeb194c877a631b1ac4f56a0adcb96.jpg,a956f38dd097868ab71937d08343d827b8fdc35b21ccc86f17869a6bb067922c,ff7b8c708ed08740
data/thermal-1-filtered/train/images/002734_png.rf.4247cbded75a5a6c2cd3a912adc9aa63.jpg,cbfcf684a8e86a3c344bd9dab8d85d811f39c260e05b38c33b71621a2a77c647,ac2ad555e0a51e3e
data/thermal-1-filtered/train/images/0_0_000129_jpg.rf.94673375ab2926f6339c8c7b8ad44cfc.jpg,835685d93c2cfe5ffd40b09f8d950aba621bc943966d3e959859bb251b320782,a821fbc87916ac5b
data/thermal-1-filtered/train/images/002443_png.rf.dbaf9de75cc55a467b46738ec3b5724a.jpg,aff2249e032b7154aef4e914171d5d73a74636bf075cfe136cc6da2c4580c5bc,af7fff5bd400a000
data/thermal-1-filtered/train/images/002410_png.rf.b7dd0b26f1cbe3aedc44115f9dcc0226.jpg,289574b76840389e8201ee085b63a07af34299dbfe181cfd7a43f956b3e71f04,f56a157a94eb00f8
data/thermal-1-filtered/train/images/ir_2_028720_jpg.rf.913ae49ee57f22902a9cb44c92934e4e.jpg,57d7c852c67abc6d3af28d2d3d1c15dd48c72d5507227949c8c536bd7c563f69,866a557951764b47
data/thermal-1-filtered/train/images/1199_png.rf.b6692b6569ba05fa5fe0fc3ee2506e94.jpg,686187fa935af6387ffd07e36e0618c8793386a3dd18cdf71497b062c43a11eb,d5d515141e2a5737
data/thermal-1-filtered/train/images/IR_BIRD_012_frame300_jpg.rf.77ebc85f8e4ebf752bf51baf67c5056a.jpg,ac3ed500adfe63c1d7ca9b5a89d89a471f158ce575965e37a0c7ede823565b22,d52a05c3719c4fe3
data/thermal-1-filtered/train/images/ir_3_031750_jpg.rf.aea7ce1d223ccd84f38526c7ba2b7937.jpg,027b614fc384b867b9a4a7a99d86517840c40364c0a91827599f8f1f937cfdb3,c56a07733371b4d8
data/thermal-1-filtered/train/images/frame117_jpg.rf.a667bcd665d59f507617a40125835b58.jpg,aa25574e7488377c62b20b0c829ffaf5ecec213edf7f0ea7d494429540ba05fa,84ca555b5ad56574
data/thermal-1-filtered/train/images/002434_png.rf.c31db5f3ded5b026ea57998196e612cd.jpg,6ac8f8a27bf97104421288be072545b5de60bdaf13b7ae13ffccbe8ab53e88a9,f56a556a94ed10e8
data/thermal-1-filtered/train/images/IR_BIRD_012_frame152_jpg.rf.4e9e60f33077c12e70743d8e8b25a0d1.jpg,2edf5644f110da65d411c097f47087fbc1c7d10ef1efff9ee6fb215556cf92c8,a94a545954f515ed
data/thermal-1-filtered/train/images/IR_BIRD_012_frame103_jpg.rf.37e05916cf04055ccbf4820f911533b7.jpg,836a306ce9ceae85531c5a62735bb7c27816e18d6c466d301f50259e4d2574b5,c055813fd42bd5ab
data/thermal-1-filtered/train/images/002006_png.rf.ac14097a93289a0104bff1eb0aa0a94c.jpg,2b34b1cda26a163365e1a6ddb92be16132cfbb32dc21bd6304a1db2b49339a84,d06a80e00ff30ffb
data/thermal-1-filtered/train/images/003040_png.rf.7870627f5db7ac7cdf48209e6f982e19.jpg,5d761d9169544ac17b5e95f42754b6a51e74c1e09cf623a0b53d8f88224bea03,ef28587506f90a67
data/thermal-1-filtered/train/images/ir_3_018290_jpg.rf.3a505232dab701524884ef7a294fe65e.jpg,d4f8e21b751c9d73aa9637fd2f4a6c3fc024b8daf2156f424673176e4fc30fbf,fb802cd992f6445d
data/thermal-1-filtered/train/images/002805_png.rf.d7528c9aadecfdf2041961d0466ca612.jpg,9d555681e4d24204d189b8ea7406f17cbcfecefcbcf44a90416b78e9840bc647,d08080e707fb1ffc
data/thermal-1-filtered/train/images/IR_BIRD_012_frame140_jpg.rf.e506d69b74578f5ccaa97c9ca1762829.jpg,d559a0d104a534a3ec16f84b4f11c4e3dd9add27284cde7505ace4afce3fb9fe,fce001f7435f5843
data/thermal-1-filtered/train/images/frame567_jpg.rf.365d570bf7155d04dcb3a6342f92387c.jpg,1b14a1a6266acdabb15d9aac1ccc9fe1ab39deed9aaa7ba1e9982217d33cf186,fd0a95e2817e14e3
data/thermal-1-filtered/train/images/003056_png.rf.deb8b08e17825835ce5596c43471b18e.jpg,2e83da03619211156128e3405b368346b5996acca404ed7413a500a179567111,803f40af52bc4fb6
data/thermal-1-filtered/train/images/frame520_jpg.rf.761c831ce4cfede84032d1e25b9ce15f.jpg,1a4ac0b3fccc5699dc77b67c6b184a7111cd7cf81430da7383fcd908e1e8d1c1,eec7f893b030bd04
data/thermal-1-filtered/train/images/IR_BIRD_012_frame11_jpg.rf.a314f39973428ebe2d66a382104f4f6a.jpg,3fa5dd953c2c2938d041c5486c36316ae3429417d5411d0d5a3468a43076120e,f7188c7708c57f18
data/thermal-1-filtered/train/images/002234_png.rf.ee63c9f0ac4c12097d3d9738724bcd96.jpg,774794b91f119b4ef2be4ce8ca6309657922f00abfd00b39da1dba27c4cfe865,8a1de19be135db24
data/thermal-1-filtered/train/images/IR_BIRD_012_frame95_jpg.rf.ee676e0f5ac0bec17597f9ac8b4f09ff.jpg,b345b67571341dc2eb450840bf81316f7aa5ae0c875215c84e8dcd7e5356de15,9477903fc03f409f
data/thermal-1-filtered/train/images/ir_038830_jpg.rf.c678ec273c060e66c3a3bfbde2b198e4.jpg,0a5f4a3664ff42eb17414471386b37f630c0e973c48b05a4e142f5d0b10f21d2,8587573f1ba474a8
data/thermal-1-filtered/train/images/002323_png.rf.835774ec575730f41d0c00ebd4479f91.jpg,e1747951a59b6ea03b21776ad610ec5190809b4a56495209099289c026dc092d,bf6a9d624ba41364
data/thermal-1-filtered/train/images/img_0111_png.rf.e46703f0b2e02f4a97e235cccb1648a9.jpg,aa7916bc3adddd81af13cb60ef8ecbd8f9f2fde8e6960aede8b7487ad4de391c,90be77c05fab0a54
data/thermal-1-filtered/train/images/IR_BIRD_012_frame120_jpg.rf.c825571483678ad0e7263f8c6feee7c4.jpg,2434b96b552e94170fb618a83de8ad7e311761ff7cf3666804d7f807f0a3d245,c51ae55a9a651ae5
data/thermal-1-filtered/train/images/002415_png.rf.68dd0cc636a0401ec846a3e7c416e13c.jpg,6cb6859cbcdd41378a835820ea25c04081f37cd5a6eca361b647c23268572cf3,fe7abc588e21ce20
data/thermal-1-filtered/train/images/frame383_jpg.rf.b8ddba9e176f91f1b5e3a3fc76b6bd4d.jpg,5de2a5ced7379828db8316f228c66c4983576f3fcf5e71c346a1df66d0cd0058,f487294799c4f591
data/thermal-1-filtered/train/images/003094_png.rf.b13cb8fb5a9b69fa5b1b4f2fb60e8b99.jpg,1a0fba5edef3c01c1307eed91107b2b54687463a07711a86649631090e4dda03,ff7f944a9c40a41a
data/thermal-1-filtered/train/images/frame443_jpg.rf.cc4335b1731feefd4db1873cf9d1eff9.jpg,f9558f029e02ae99f3b170e89ccebdf5efedfed40c6bbd7ca13efc9c0c5366a9,edcd943afad21182
data/thermal-1-filtered/train/images/002229_png.rf.d38d98507a09f9ff84b88855d3783878.jpg,4e4a6d06975e5e18531c4c2862b2cb7f33945e13298ad9bcb769ee1a632aecdf,fe2b7817d00f2037
data/thermal-1-filtered/train/images/002429_png.rf.8d148d20a6aa04fe31c50df2d8221749.jpg,dbb287b6c1c7aa7a58911a185bb60712ad723bc8d875bfe5024759b71f82a05b,d07f80171f0f0f0f
data/thermal-1-filtered/train/images/IR_BIRD_012_frame23_jpg.rf.26cb51f6ba3b74071ca180d6789edc94.jpg,56254ccd4b6949fd742d21f222bc4149ace1f7cf79f07c3b192450558bebb8f9,807fc0bf689335e8
data/thermal-1-filtered/train/images/0_0_000346_jpg.rf.981b02afe6421511c94f1ed4fb7e64fb.jpg,ee66a798cf79b14f330c402a7f27a468b578fe39e5116d4cad9aa94c19c3984b,b62ad96b5944594d
data/thermal-1-filtered/train/images/003772_png.rf.4c6cb19a095a62d2c4d13f2cd3446b12.jpg,555ac193b69299aa35235a4584459d82c14b174b1094b97011b49c25b25f84d0,c52a157a15e71cf8
data/thermal-1-filtered/train/images/frame651_jpg.rf.30728f7fd146bb0cd9e738e9703b4cb9.jpg,3d43bdfa4d39820469a3caf226000acdbe0cca917c1f5393f1df0c5cccf1e3bf,ff1fbcc3b010c303
data/thermal-1-filtered/train/images/frame478_jpg.rf.1891650c659d45cf6ad84333e83dc47f.jpg,d303ae60452474f417a2a93753eb10435b7e6efaa702ac2c588871657bb5b076,c1d5d5df819d1416
data/thermal-1-filtered/train/images/0_0_000123_jpg.rf.4958f6163dbfb270c27b6c7886cf770c.jpg,706c1806fea671ccb71338dd8d7a340b6122c178526ff29cb933216d1d834c91,8d327d429b6c7139
data/thermal-1-filtered/train/images/thermal_tzeelim_021740_jpg.rf.3db3cb9a44f981a412d215586582fd35.jpg,6776686b2e7fa3223444877463fb88c464059f5215bc2912603cdc2c24429d3b,ab6bc54bc513d30a
data/thermal-1-filtered/train/images/002364_png.rf.7c1d5f85a0556d552fb086af13fe9c89.jpg,2e4756ee35d4e9793853abe9a961122794891d54a3c5e1ebd53ad0bee6345b3c,ff7bd8168007805f
data/thermal-1-filtered/train/images/002391_png.rf.858f172fa8c943e532b58d45f3f140c3.jpg,47420d0caaeb7ebc61cf5c2924abec022208f6bf8b312ff77ed7db73c076f999,ff7ab35c8114c138
data/thermal-1-filtered/train/images/003830_png.rf.944d6789fe6bbed33feee3ad28dae10b.jpg,ea22e0e242e560fdc0c2bc82e9b8dfaaa91d5ca53bb0804f83be780603f9bb6f,f37c07710e639c07
data/thermal-1-filtered/train/images/002438_png.rf.8e70ded376a7a9e552eb45721cddd8c5.jpg,f69b133c1c97b8120c73d8a16b893f9c7aa9db95dd899121cc47c7c938895621,a03f412e55aa55af
data/thermal-1-filtered/train/images/IR_BIRD_012_frame61_jpg.rf.a9d30297eb1b9d7812bdba0fd7b1e418.jpg,528a19627be29b31c682d931aa26afcc82c38c701e8792db5f78eeb8cc85d683,f7188c7708d47f18
data/thermal-1-filtered/train/images/frame641_jpg.rf.55aa26ff5bd654866da81bf1b7535799.jpg,20e6ba7a28d47ce25e5ce0ac5eb8d90b298e67de30247288e439af3c016c1b81,f03fc0a7912047bf
data/thermal-1-filtered/train/images/0_0_000053_jpg.rf.b9b43d899a5b9ab5bc14047fd1dc35ba.jpg,df1f327b80d3c1484b1dd78f83a77c786572dbb1ec136bff060b37e962c639f2,a497e5696db4a548
data/thermal-1-filtered/train/images/0_0_000045_jpg.rf.c01e1023521e6f79a3419696c73b534b.jpg,3bdff85529c84b589c9f76cc17a64973effb0d766f2f181aa36ed1114e83e6a0,b592756c51d75252
data/thermal-1-filtered/train/images/002294_png.rf.813ee0752e5d67c60110eced7f1a40c9.jpg,7335d07762171054ae7a4d43bf52e3fe6db1a1a472911ab3eed0090ea348ee46,8a2bf22cf689d455
data/thermal-1-filtered/train/images/002717_png.rf.30cde14eebf85d06233486b2089708fa.jpg,c625cf17c1d63b829818a4f02154faebd628a7f42e8550b6cf0d2e008e6afb5f,d0bf801f0f170d1f
data/thermal-1-filtered/train/images/frame189_jpg.rf.9d227eeb540c4f733ca3c788a6636d01.jpg,569fe4320ca3e555e4edfa544147af5eed23c78e979a46eafef9784cf7aabcee,cbad2470bc3232fa
data/thermal-1-filtered/train/images/0_0_000029_jpg.rf.c35ad89422473a83e3d64e595e08f6c9.jpg,c7f21a03e134b41dbabd7b4909ada7e7b2d31098c65013282f019bf449a551f2,809a376e17fc4b61
data/thermal-1-filtered/train/images/003429_png.rf.5ebf27320a6e50dbd6e56d0ce477d3e1.jpg,d17a145cfd0b62058db896765223a36d3375bbe310259ff3ee71180aa937ada2,85b555b45aae558a
data/thermal-1-filtered/train/images/frame509_jpg.rf.51fe21e211b98e4699f0f69beb060d74.jpg,465a23ec898b623b66ed19887c98898b24c2289ed9447e60ea87963f927af67d,a1e084fb01f75e56
data/thermal-1-filtered/train/images/002381_png.rf.b485314a06ac2f03a35af22b4fc215b5.jpg,f3fe26cf9ba5daeaa7cd152407a20cf4a40d8de06f659462502b285b17e1d4f9,aeb5d18ad1a3d416
data/thermal-1-filtered/train/images/IR_BIRD_012_frame257_jpg.rf.2700446acbef7d1049955d873914ecf8.jpg,21e8655949dcbe77cc6ebc2b7bf725536577c3eff751d1aa7dd4656f9d4bef7e,a24addb72ccb9234
data/thermal-1-filtered/train/images/003799_png.rf.4e543128d311d87fe42a0dc56d0ddd90.jpg,9526f0c91a23fa60feabcc63efdfa77cefc2b88a2cf9ff2ea1573c0d34a4999b,f76eb90d847b0134
data/thermal-1-filtered/train/images/frame276_jpg.rf.43ac805e81ff8c2b7660baf6df45103a.jpg,957f717e1df49b1668a3e95f77fd8bf148e21f2a698ef79917cb6c6cbd379e7c,952ad46916d9595b
data/thermal-1-filtered/train/images/002772_png.rf.f56ab48f04bcdfcebc4e2d222219bda7.jpg,bcde87bfe830e9d70d11c21238a84bef0193e8cc7fc351f0bdf7661b607ecd8f,ff721f621a628c38
data/thermal-1-filtered/train/images/003690_png.rf.0d7829371721c0ec96f445ee33390f4c.jpg,2088cddfbbc5e8560b61cd91d21fa601ca2098295e570a624febda9fe08f30cc,b36e6d2a17d27d00
data/thermal-1-filtered/train/images/IR_BIRD_012_frame149_jpg.rf.cb72f16c84176ccb7a47b73731d4c68d.jpg,9c55a488f5e8a9f987d5731371c296a65a4337917f57f051d1aeb0737d830cfd,9557153ec22f403f
data/thermal-1-filtered/train/images/frame579_jpg.rf.1960865f28cadc5a4c42a1de7ce9a248.jpg,194ef25b79acf73ca28ae40042d385df68dfd1fe02c9e93d1faacd1cc6c7adf5,bbb280e8e1e1d2d3
data/thermal-1-filtered/train/images/002562_png.rf.fcb1651844fdd1933b0ca849d3e84edb.jpg,8ab1b4edc1d84c383f651d53a3dc96f842451cf06b32c5db61240811cc2ff59f,aa5ad2a9d2add229
data/thermal-1-filtered/train/images/0_0_000672_jpg.rf.facac5f675f62b72caf6e2a028609281.jpg,8f375ec2bc6108446dee03d29def271844a92b4a3b90347f70f5181a2a4ef6e2,846a55cb5c5b2dd1
data/thermal-1-filtered/train/images/003791_png.rf.76466e834638deb322a50fc0edb1d090.jpg,96bafdab08f1ea7cf890bd8c58c8edb14a735dc6619d0bd10ae88be166363ca5,d97bbc072133911b
data/thermal-1-filtered/train/images/0_0_000362_jpg.rf.a540813cc8045d68ff42622fd4bc844a.jpg,74ae05cdaf675a39779ac6d02d9ca55a5e200b2b1ad9f4cde623aa4b08f8cebe,fe03fc847a01f52a
data/thermal-1-filtered/train/images/003687_png.rf.adccccb8220f435a46fbbbac39fe6e0e.jpg,7771a1a60525e44ac194ec22b0eea03e5ecbd0245f9b677143fbe4dc24c547db,952a554f5a554e4b
data/thermal-1-filtered/train/images/002434_png.rf.0131a118180070a4f8353325b9acdb9e.jpg,b6ec4cfc8d5ac8bf0fca7b70dafa28baec79a330aefdb9681b2f5a49448aa521,a03f003f43ba46bf
data/thermal-1-filtered/train/images/002236_png.rf.4cd30dcf67cd767a8f036e3184134ba1.jpg,858ee3b424dd126a6f92eaf472a7545e42cd168f660f0901d4c7a443e2224101,852ad54a554957db
data/thermal-1-filtered/train/images/IR_BIRD_012_frame69_jpg.rf.b11d07ad78857d2518f6b9938e160d01.jpg,e5f491240c62e72bcefffc5a12abfcec2bd04c23a2b2762828ef9e35dc584071,d52a95721cc47b1d
data/thermal-1-filtered/train/images/frame445_jpg.rf.900ebbb4fc5f4a52c4a995bae010f135.jpg,26f98dee4b1ea673dc80f0378cd1b1d13fe360502aa7f6103b25146dd59339ee,b89cc165a787c4d5
data/thermal-1-filtered/train/images/ir_3_018960_jpg.rf.47d2c28e2b8e1eef608a2ff94465daae.jpg,526672e35556e82bce682de3d87dfdc3a43c2e4e4d24f5a017df845028393613,acc4cd078184f6fd
data/thermal-1-filtered/train/images/frame540_jpg.rf.996d83a045e1df0a655ba3ef0eee7c60.jpg,c3c76865ed5d30bb957d0d3733dfff02befc8c3140ca5c63c70a7dd1d2b12eb0,eec4ee91b130bc0e
data/thermal-1-filtered/train/images/002609_png.rf.78a5a758c83589f080b121deebbb4eaf.jpg,608778cf7a9ef87e3ca35e7dbe785d0252235a66364380fce211b71f5c2481cb,ba6ed026c956aa55
data/thermal-1-filtered/train/images/002051_png.rf.87b965cec5b98f3f56462d682edb0e09.jpg,eff45b52eeda05e0bc39fd7ae581cb19390620f176c1f30da6d85a5deec75474,86b555bc543758a9
data/thermal-1-filtered/train/images/002778_png.rf.96ba5e4dbf1f4ff5438d7a5c5b5e7a5d.jpg,8a1762f30f750aaf848656a754e2c3dcf70dfa14707882d501fa04482a1211b8,853f45bf628b50a5
data/thermal-1-filtered/train/images/003777_png.rf.a9cdf7725f607e5ea09d51fa90075efe.jpg,c0cac58c76537bc90fa25e375bab75f6237a316503b7bdde96589135b2082e8a,907f402f52b64bad
data/thermal-1-filtered/train/images/000001_png.rf.bc015dfadb96a4a77bb2c02edf8b5514.jpg,b31e4ebd41802c59997ef62d0cc304c431014e90ba4534e310b5cce80b8396dc,bf2895d5c05ec16a
data/thermal-1-filtered/train/images/003096_png.rf.6d22c48f2dd6c827b89144fe3532bbef.jpg,9d3bd39545d909a193307a9c2c1ceb50f3c0c5db268351f525d005d54d4780a0,ff7e95429d82a812
data/thermal-1-filtered/train/images/002023_png.rf.e594c4a85260865da485570e58ba940c.jpg,724af7283f28cab17b53efc43092721bc187e0de66344a88b82c59be10c6466b,d07f047e0f0e5b07
data/thermal-1-filtered/train/images/003091_png.rf.9618b756166d8e1095d132cb92b0ba4a.jpg,8fa9ed9a970f2da146e86d8e6104838ccf8ce95ef78c4d5a19f80e3a1ce01954,fe7f92499e41a308
data/thermal-1-filtered/train/images/002007_png.rf.4e576e468daf029ae0faab3298c26a60.jpg,0463bc963e823cbe9d9d81dc135dc781fa3f72b90103aafb82f836c6e3bbae5a,851f55a55aa551b5
data/thermal-1-filtered/train/images/frame551_jpg.rf.1adaea30b93f59b87462eba622bfce82.jpg,f95f0e43ea92cd4a9d1402be5557801a08426e97433d333db4d54c7517fb03a7,efe7c898b838ac06
data/thermal-1-filtered/train/images/frame262_jpg.rf.6f7bf7ec996b7b3148b15201fb4465e4.jpg,c83b14ff1b1ad3c429f5e93b2412057feaea6dccbc72626cd69518641c85f987,817fc1941fa152b7
data/thermal-1-filtered/train/images/frame612_jpg.rf.3344e136ddf4fb7da8d7f9e4ea6d408a.jpg,eb41b5b8d588b4dee93e2973b9f34bce783de44ece11709193a24777fad76741,eee6e8b8b8a48e06
data/thermal-1-filtered/train/images/002024_png.rf.4a17a2592cdfb84b941d26b8f423d7d1.jpg,d9be0f6f5203254ab58d6ffa2dd405924035fc8f1f5530290a0f149062dd18d2,d080848109fb7fff
data/thermal-1-filtered/train/images/002408_png.rf.417de85c935504e1e0920f2f6b237cc6.jpg,42a0f99ed0df75832d93737ef5f07c6a10709d8db1f42b195b2d2a05be0fd1b6,aa7bf708ca15c730
data/thermal-1-filtered/train/images/002211_png.rf.b75937edb5cdb2ebe51356befb1cbd0e.jpg,80b1d80489cfec6bb6d4bc5e898a65282c210ab9380b039d6272ba5bfae4ce5b,ff6abe40d60ad221
data/thermal-1-filtered/train/images/frame498_jpg.rf.6d4da2a2e6ef5b727304e44571e488b1.jpg,d6b2e0c533ab6b589310069fd9b507074007ae70eee1265b17f9828463c2d5b9,a055d5aa57ae0c9e
data/thermal-1-filtered/train/images/IR_BIRD_012_frame262_jpg.rf.3f69fd0d3991b706ad339478e770ed92.jpg,f44dd66455ef602768bcd0f595a1a22e4564e10f1104c2981b3248598e531843,959b498d46a653b9
data/thermal-1-filtered/train/images/002390_png.rf.d9103767bf71ddf47bb4c418f46d79b0.jpg,16fa5fd26f6466d6001a0c9dd6e37c48c1f6de755cd20f460da52be272c32404,fd2a157a94e110ed
data/thermal-1-filtered/train/images/frame454_jpg.rf.91277b8c4378d595d16209e27e3840cf.jpg,ead011b191acb775c87ec923e2b39106a45945ad2b2181e10b5884ef73b05e5f,9595153f599f488c
data/thermal-1-filtered/train/images/IR_BIRD_012_frame287_jpg.rf.c9b895599a76989ac5eed186e61965f1.jpg,4e4f13626133fc59dd9226f65055de3f522a7ed0de990ee4c4fbb3f7896dd633,a24addb72ccb9234
data/thermal-1-filtered/train/images/frame552_jpg.rf.f7f0a89ae7138661e3a36feeaeceaaf2.jpg,1af37fb26cbdb9a46821f55e0bda92a4878d690df261aa4c4e220b850110f2ee,f11fc0a71c83573c
data/thermal-1-filtered/train/images/002071_png.rf.00c53e2ef0aed2cfb2babae85c7e2925.jpg,b1043659d96e91f315655c885e33de472426f055f0a565262d795d73b2aee043,85d551ad55a55b2a
data/thermal-1-filtered/train/images/002069_png.rf.4f8968fe3c7787799c03368a4af80b6a.jpg,88083003a9526104522838cb0e88ba964bfc6c0e79dcaae7c3ee35beacca3643,85d555bd58a459aa
data/thermal-1-filtered/train/images/002074_png.rf.24daf8b4c8e59b339d00eb11a2324675.jpg,5aea4610b331676eea758fa92de92b3ae65db96d0ece63f329b8561dfe5e46f7,85d551ad55b5592a
data/thermal-1-filtered/train/images/002362_png.rf.389a7ea18df2fda70b18ac6ce6b0e214.jpg,719254b7e46e37e99175ae0faa6e8cd1a54a550fbf61d5594cec23932c1641a8,d46a14fb0df708e1
data/thermal-1-filtered/train/images/IR_BIRD_012_frame133_jpg.rf.3166307ae137114adb34b37413a9caca.jpg,6fcc6d6184b2e416db8bc88047aba1c378b9b1bee2d1204d15069d78d1f41b59,d00ad56a957a87f8
data/thermal-1-filtered/train/images/frame568_jpg.rf.7ade058b244eaa0213d83e115f49a3ac.jpg,75a71c6ecaee74116379d2252116be649053051b2afe2b5e81e9598ca86d142d,ecffc11d110e070f
data/thermal-1-filtered/train/images/frame433_jpg.rf.ff84fbd220eedf8a34bca24450e45f00.jpg,76d0777d78fdd8674d01ba3f820c3f381df57d045a8615d4213646d7e9c0155e,fac8932370c5e572
data/thermal-1-filtered/train/images/003716_png.rf.5372d69141c1139fe44f07ff8a1eb577.jpg,f905cb425590211cc4728f3ca2c66f1423a6ff91821148663676dfef5efcc972,d08000ed1fff1be3
data/thermal-1-filtered/train/images/frame150_jpg.rf.d007732a220488338d26282040e33d71.jpg,828f8db5835343d5456066d2923963445b94a817cca216d4b60eea0896525433,956244f843e78bd9
data/thermal-1-filtered/train/images/002061_png.rf.c55a9cf872829827e6ab9e7dd2ecfdbf.jpg,1eb85dd1a7f2a74983f7fa5c3cd0d944f44452b74769edb8e3b2c72a062d4549,af78a249b24fb138
data/thermal-1-filtered/train/images/frame550_jpg.rf.70aa0b18fd80e6fcfe4e0c0e7562b605.jpg,ee41e2d2c4d5a1c8112465dd03db58b70f41a026bf5a8636162521a423f598d1,ebe3c898bc3c9c06
data/thermal-1-filtered/train/images/003064_png.rf.ebc67f69537fc21f6c0c7e55df187955.jpg,3721035077ba1dc461d2b6be9e961591e9f0b99646e44e7cb744063f0f35e8ba,d07f059c07171e1f
data/thermal-1-filtered/train/images/002333_png.rf.8981605e665a53378129c52214842f90.jpg,c8125c37f2e4309ac491db84338b7d87bfa1dd795c14800a3b03b2f9c7f379bf,aa7f9c52c896453a
data/thermal-1-filtered/train/images/002332_png.rf.327323799d0648aca69f131d5a40e237.jpg,c3edc8d095a05ef568ad87a1992d88b142943ddedf4a6b4f973e0905674bd7d8,85d5559c5aaa5c9c
data/thermal-1-filtered/train/images/IR_BIRD_012_frame78_jpg.rf.cdca7dec851f8667edf2b284f9186250.jpg,50f5a1f08c4794406b0c15a6adf6ce8b7c37bc84caa9d9466e106fcac8d7298c,f7188c7708c57f18
data/thermal-1-filtered/train/images/frame106_jpg.rf.5a1b8b2a0a2b3d15438fff9e08917ed9.jpg,7f8fdd31d001ee671e7638e9c685416ac3a2c00d6b1981b7cdc4c7bb4ff31162,bb6d532ac4736a90
data/thermal-1-filtered/train/images/003805_png.rf.26b2c05063e2eb1cbda5a7ff923888b3.jpg,055d09d3c5017c00001ad586392e057b1ce3f60429fa09ea47af1fa4467b5a03,ff6ab05fa5108f20
data/thermal-1-filtered/train/images/frame70_jpg.rf.ead1717612782c33f3fc855d4fdbd3c0.jpg,170bd9ab938e92734084a18869d84eb38a354ee5e2a35ff710efe03b6de8b655,8489dbce4c715b72
data/thermal-1-filtered/train/images/frame192_jpg.rf.bbfe240c029fdcac5108f8d5de1ee4f2.jpg,b1b4104f6e9adbd58bc552bb61f8e492fd0ed41654fb66dc6263ec49b809caa9,c097175fd06c46a7
data/thermal-1-filtered/train/images/003910_png.rf.3d153c3243987e55fb809851e814f6a3.jpg,8acc2a263ba4464ebb5c42f2ffafd33f11170b4e7967d1acfc00ebda4d9ca0f7,954a59d65a4d5a55
data/thermal-1-filtered/train/images/frame131_jpg.rf.857a34938f1104038390c598ae11e955.jpg,4f3fc4cfa3fed91fd8f3976a10591dc4549ac60e1c41d1dd2be9bba008014804,c1c040fe1f55497f
data/thermal-1-filtered/train/images/IR_BIRD_012_frame280_jpg.rf.0cb04d2537dcb02522bf66f754ecf466.jpg,0c5e5a2149a9e09d08d89cf91a00b9c0e97eb423fb882b147325905eda3d0a0b,a24addb72ccb9234
data/thermal-1-filtered/train/images/frame579_jpg.rf.03cf97eea70126ea035b3618d574aeaf.jpg,74bab8d6b0ce700cf18aa336f66854f4643d0423fec779e67b02d5f7cf49f5dc,e4c880f353f34dcc
data/thermal-1-filtered/train/images/003095_png.rf.1e6e61660fa4a3d54b763eda4be7b9ab.jpg,4b3ee2b03cbb92a55a30babd9b13700ea12a3068a6e46ed8fa66dd12805cf014,c07f002e5ba659b7
data/thermal-1-filtered/train/images/frame265_jpg.rf.691507056452d6580aed5e05b164e501.jpg,ad75dd8229c1e12e82d9f86a9a190fbb2cfa6765e9c6e6d32d2172414e1b5d0c,b182c5c7cce5ccd4
data/thermal-1-filtered/train/images/IR_BIRD_012_frame159_jpg.rf.b6cff1c5e5e4a51e300dbb6ccd1f17e2.jpg,6e817b3038843bcac284b5f7cef85290cf31f531e0de03753131d0d45a549899,a9b555be161a0f16
data/thermal-1-filtered/train/images/0_0_000237_jpg.rf.39aedc33fe5383a37d8019d6ab7c818f.jpg,17d912ae9264d4e61ea0145363d59489facb5d758b22cd6a058a1019a6dead0c,aabbaaab88565456
data/thermal-1-filtered/train/images/1179_png.rf.6783db6c325285947f78ae37211b98a1.jpg,309946acaf4c27b4a1f6036bf4755fdb17137a448221df23e0eaa1fe5ec9cf9a,f42000ef0ffb1fe0
data/thermal-1-filtered/train/images/ir_3_031800_jpg.rf.43f8a7c8507391992f120c75e2e2772a.jpg,88ba102549cbfa63c7d32c6eb1f24496a6205e85bd0f348e805a18bf711604d8,d0c008f917fe1b5b
data/thermal-1-filtered/train/images/0_0_000249_jpg.rf.2ee1a5e721860cb5e775e59d3531690f.jpg,7cc64193e1147469fa883897ef49824bcc3efaa6abdc7430d7798749ad38dc59,d4a900f34efb0ef0
data/thermal-1-filtered/train/images/IR_BIRD_012_frame50_jpg.rf.882fe1c4deb6a458c76c00d189360137.jpg,3fd6bbcf2e1f8e0ce0312d092abbbe0d3da8af858adaa8c976b0111b4082e71d,f7188c7708c57f18
data/thermal-1-filtered/train/images/002439_png.rf.5ab08084070d08b9e44e8d2e425f841e.jpg,16336d2d1452ee5918c59a27f632f494e3809dc4c98387d3131b8d9c3cdba7c4,8c2ad54a555a555f
data/thermal-1-filtered/train/images/frame14_jpg.rf.4df2097dc2b20da9ca116019193ab221.jpg,395523a6641681af93e206c016478173c5d8663bff617e15dd46870c342d264e,abdcf414b0343753
data/thermal-1-filtered/train/images/0_0_000243_jpg.rf.439755ca79a4462bbfd6d4a810bca9db.jpg,4e0b58b478f6dee1d79e401eed1ac70ce08e7dcbe2fe4d5173d2c152db8b412b,ff00f403dcf803f8
data/thermal-1-filtered/train/images/002372_png.rf.da4c8db4083dc3b98e9ca1aa9f6b6369.jpg,7b7eae1bb74c5a119e3149cff813d3126ac594c61404a5220860098147777e74,ff7ad05d805a803d
data/thermal-1-filtered/train/images/002399_png.rf.bb8ecc43627a94282fb304248768ec7e.jpg,a8a7c0ee1de5532dc4510411847d4641560cfaaeb6d69c05f03e2e9613a47463,aa7ffa1cca14c330
data/thermal-1-filtered/train/images/frame321_jpg.rf.bf380a00fbba69b330d6d8843b45f7eb.jpg,84ddd6053855efc036b89523f18a7328423b4df117d0128b890b21c36f750910,d0df800e1f0e1f4f
data/thermal-1-filtered/train/images/002421_png.rf.ec7ff1d79656dc86a59aa1975148577b.jpg,134b91cf75122505f31900bb8c05fc921baa69b687d537d1a15261f08e3ffa53,8d2ad54b5e555552
data/thermal-1-filtered/train/images/002784_png.rf.34748326e7acf391d803da8c84f30692.jpg,bee6fc844697dd34237439b59ee88c47bafd5e10d930ed8623316fa32a572ac0,d3869efc00db18f8
data/thermal-1-filtered/train/images/ir_3_034990_jpg.rf.52b5c439dc5de70f9e34032d2e25e976.jpg,ee4dccf593f90d9519d7aa320d21f2fc8b2bd985ac9da850e5e90756ea6a9be9,87d8c7a979cea114
data/thermal-1-filtered/train/images/frame561_jpg.rf.086056ea6c05a04d87a0161ef4cc4719.jpg,8b96b6e1a46a1e9115acfbe9299527cda5327a288016c45b862ee858486e88d9,eee6eab9b8308c06
data/thermal-1-filtered/train/images/002211_png.rf.c9c05e5a78bd627052d7ff3ba927ab2b.jpg,8cc567e3cf5ad7b159e5c85e4f45dc6650605716b0068ddf367a57e9fb4f2944,d08080eb07ff0bfb
data/thermal-1-filtered/train/images/003838_png.rf.4a9216e01775afe2a70bbbf93d1e3340.jpg,fa79873d68e3d03f27c67dbab31f4d0c8ec8487b8fc791c80493b4f85f70cbaf,f37c07700e639c0f
data/thermal-1-filtered/train/images/002411_png.rf.f545f63e13b0f6143e85ac0b85ff631f.jpg,a16a6fc0d764c735e953fa6440bfb332e8478fa26b4115a1aff83ec96590a9b9,85d5d5b554aa589c
data/thermal-1-filtered/train/images/002776_png.rf.478385622165a39d1613e371f5cba348.jpg,39f87965e7c00067a8ebc8d959a967256af2efe894689c306339efbb5ce09bd9,d06a00e73ddf21f8
data/thermal-1-filtered/train/images/frame698_jpg.rf.67a9091286ee03bd5ac48467271d8d1d.jpg,16f8e01f8c54ac5b889797e4cf106c2333a083685eff552cda66587e368b6bef,f40285fa15ff055a
data/thermal-1-filtered/train/images/frame312_jpg.rf.a66d978f6df7750cb1e99de11a84f8ad.jpg,d2a0833aecc9d8cc9a731091863476b6dbdbbb40709845be6627424c71101408,858a555b5b575658
data/thermal-1-filtered/train/images/1179_png.rf.d5df1757fae7c5974f6c4f00a727a8b2.jpg,a544d8aa01a2e7e73318917aa8502859352d5e64d82353f2163c156044030d1a,a17555ba50ac5ba5
data/thermal-1-filtered/train/images/frame339_jpg.rf.7b41616f3b34229777fe785baf00800f.jpg,c338314e6d955a59efa21a11c52376f8cdba7cb71d40bb620359cbfebc40bc6c,9db1c0d1545d4adb
data/thermal-1-filtered/train/images/frame1_jpg.rf.b3b6a1596feaa3f87a81fbbea1f18dad.jpg,6726719beebe943068ce99472acd8952e0c9c2a72c4192fdb0c3a9686d08d6c9,897698f4cbc3cc13
data/thermal-1-filtered/train/images/002045_png.rf.e0573ac9649925f9850636e56ad8b963.jpg,87c38e536f1f2375d1a4aca7af1a7aed0182f07850ea1921232617e7237697e4,ee69b649b648b522
data/thermal-1-filtered/train/images/thermal_tzeelim_014500_jpg.rf.27aeda68793de867a6f4964dfebb3f26.jpg,e151d3cb3883b1681abcf2ea9ca038be29bcb7b493a902bf9c0c1bf4cf2d2003,aa6ae071d271f079
data/thermal-1-filtered/train/images/IR_BIRD_012_frame36_jpg.rf.24c343c5a07e34cc2bde3cd12570ac3d.jpg,484bd65944f1a7e5448004b10cf94dcdc0008b98ca62f651e9bbe921a2fc750a,d55dd07718857718
data/thermal-1-filtered/train/images/002435_png.rf.2a9308dea981575be6501773efee76d9.jpg,3ba4fda6fc3b97fd1fd39c53a41d3bb12e521bc1ae0c4266d3445b75f9b170e1,ae7bfd4ad508f100
data/thermal-1-filtered/train/images/ir_3_018290_jpg.rf.9c98972dc91d958073caeeddbcb26e63.jpg,24982f9e20cab5a846fc5bb9b9e1f72644432cf39a6c33e84e8942230bf386ed,a72a5573c75c11c3
data/thermal-1-filtered/train/images/002441_png.rf.d4c89b50bd3f1314acd4c553af8945c3.jpg,770d8404119287503599952b445e050f3b3975f54fa1466f52427866933a5651,ae7ffd4bd408e008
data/thermal-1-filtered/train/images/003726_png.rf.6043dd37e4ab28052ff51575ffc9ebe0.jpg,9bf2df2b49c4d3c344f3a789975d43a58d430b132c6652bb924674db900ff56d,803f402f43a75cbf
data/thermal-1-filtered/train/images/0_0_000107_jpg.rf.b6ce4d015cd9f25b2e2f9de3e61a2a26.jpg,2b7c0ab1113615a89d5705e8a961d2118db013d971c5d92edacca48e198fdf31,c42a15634ff7087b
data/thermal-1-filtered/train/images/003843_png.rf.3d64567dd9f4a4e4a1fa49b34202ee14.jpg,6eef9518c2012cd3d67b03bc3d26803758dbf621da1ec71f36bb06bb8881c1b4,e37c07780e43bc0f
data/thermal-1-filtered/train/images/IR_BIRD_012_frame73_jpg.rf.59ff122a8548469dcc674164826ce71e.jpg,5e964d6f1ea46ccda15606ce3f540251c6a7a3cd0b37dfd66c92d808a81501b0,f0c307e20ef807f6
data/thermal-1-filtered/train/images/002272_png.rf.0b821aa3fd9a8273bb392dd61c3c1457.jpg,d378dbc892903b3cfed9ddd71c1243a9c89b07687a740559c6917bb36e38e74b,c07f801f1f061f1f
data/thermal-1-filtered/train/images/002289_png.rf.a872b6664e9bef6017e626fa6510d325.jpg,2aa7b0ee13c9200ba62e42cc66f0326f883224dfbcbecc9043ca4dca09f932fa,ff7e815c89618866
data/thermal-1-filtered/train/images/003758_png.rf.b74ade2eb4335d2ddb5c00c637d90d58.jpg,41964ca1b2c453d3fac2ebf02798663009625846e64fc13cdc1a7d8bcddeb09a,a43f3078c7ee9c28
data/thermal-1-filtered/train/images/002356_png.rf.4273b3bb3a7d761b45c297b3475fbe99.jpg,7aec8caa0de69cc7159647c793649a0e13f0bb239ee113a1aef179b8ac00219a,852ad54b5957565a
data/thermal-1-filtered/train/images/IR_BIRD_012_frame79_jpg.rf.b023a44c7a0e0b6fa6f93430d93c9516.jpg,a858ea94e22760fffe5283d9e58ba094000fc72115b39b61f16097ad5a54ae26,f7188c7708c57f18
data/thermal-1-filtered/train/images/IR_BIRD_012_frame101_jpg.rf.8dff0887111e066c4085909c3e19000c.jpg,61d3ff3effcb87f321e3a588aaeadbb69e64d1418052a6018f7e630698c2224f,ff17008e50bc58be
data/thermal-1-filtered/train/images/IR_BIRD_012_frame83_jpg.rf.e60a0ec43613d892eae34952bbc41aa4.jpg,3055b076573dde3b137e24cb5fb4ea8b88a567843c36ea222e559e469d42e14f,f7188c7708c57f18
data/thermal-1-filtered/train/images/002243_png.rf.a9da55bde5ffed795dd494bb18127c04.jpg,2e24718a1b7d0169bfae2c87deff1390145b630e76ba6b7664c6ae4272b814f4,eb7eb855807a8165
data/thermal-1-filtered/train/images/002402_png.rf.9e6e32e82cf989b728d3d06bec44bca7.jpg,8b987b840ba7114a9baef6e1071c2135304f9bafeef6e9c10429771b833eafe5,d17f803f0f070f07
data/thermal-1-filtered/train/images/IR_BIRD_012_frame180_jpg.rf.4ec3213c016c83d34a9f2316a25849a8.jpg,9c0696b3064e7d28f388d3151b7cbc741a3d7f144472a1655806f285ae470394,d926d954a65926d9
data/thermal-1-filtered/train/images/IR_BIRD_012_frame148_jpg.rf.016940c14aecedaea32f41f648ae7cb4.jpg,eca3d9d0bb2f0a075800731adaaab67e82722cc187fb3c1af97d0f002740eecf,817f813fd4235ca3
data/thermal-1-filtered/train/images/IR_BIRD_012_frame129_jpg.rf.321875abcd597613d8d5a5c8984002e7.jpg,9ba18ecaa2bd8b497014e4047cdc9bc95ed0a4976739be61880ed9789ffbee60,ab4a355a5a5a5a55
data/thermal-1-filtered/train/images/003061_png.rf.c02e1feb897294368fb996dbefc90c92.jpg,a39419d462a1de017eb238b1cc8bf2a13a292d2fe105909fcfb992d1569a8c02,d07f079c07071f1e
data/thermal-1-filtered/train/images/frame141_jpg.rf.25f93cb8700f5e3dd4facee489bae0c8.jpg,cf79b55c762982fbe71d73ef5fb133dc0ad7b63d1ed73ea95d29713b43e40edb,eeb13d09f584c23a
data/thermal-1-filtered/train/images/frame58_jpg.rf.d445130b3a0423080893e79c2066787f.jpg,e5eb58eb43df07fa9445f9a9a117c3835d8aba68f55c07fec8df6e8a18f12a81,f4c04899d37b4d6c
data/thermal-1-filtered/train/images/001513_png.rf.34356de166bd9740287cc9188b3bde77.jpg,232eb7b0cb06cb3ae695cc16b3aa8026fb6ece73aab6e8302057a25c29ee4d8b,aa35d501d5a8d5ab
data/thermal-1-filtered/train/images/frame370_jpg.rf.c4e4a05d6c676be311542d0624796ffb.jpg,84b4165fd956693915e6410dc3afcc027017761c161e5a99ee2819423373736f,c03f40bc1f2f622f
data/thermal-1-filtered/train/images/002034_png.rf.25562769689e79cbb7537d8575a2f690.jpg,f714b26d3e9c34c341be858272332dbd3238fe8e125d5883e45d104861410049,8c3ec116ea2ad56d
data/thermal-1-filtered/train/images/002370_png.rf.26d3fd35a9c7063c76419942e40e1c6e.jpg,8dbec18420e819fb9c4a474ba82d1f978577461b1e626b337485bf87a0aac7ac,ff7bd8158207801f
data/thermal-1-filtered/train/images/003726_png.rf.c65e16c82b4f69978675d188efd5a46b.jpg,f92776282f81582cf9baa7c48d7f2cbfcbe52379741c6fbbd6fa0fa7da484288,b66b6d409e52bd48
data/thermal-1-filtered/train/images/frame30_jpg.rf.dcc6295c770a4317d58bdcca9f1e8c00.jpg,ba3b5d90ffa43ef6ba43bedc797f41523662488217d6440e5454bbacfcc471c6,a6cbed5d95071514
data/thermal-1-filtered/train/images/ir_035420_jpg.rf.c50203918dc5f488788469663eba8d48.jpg,fbb664bf9ab010c8ee20f14d817af3a8d020ccac5274874594c13707d854cc3c,ee286b2ed12ec453
data/thermal-1-filtered/train/images/002328_png.rf.d189986bda338fd4044ee2fda352c8d0.jpg,bacc7425f5efca2dbdf233ad909fbb25f206a70d26abca75e2bb1ab9eb719b75,852a554b5e555d4b
data/thermal-1-filtered/train/images/frame476_jpg.rf.30ac1fceed26124c8fc7afa6f9b325a6.jpg,44d47698eb21ec8011821895cc5e2a65a70c7b23e6026e26be6277d9827f0394,d43f8075d43045bf
data/thermal-1-filtered/train/images/002405_png.rf.b4983e5e6573725106aa83b3172bcb3f.jpg,eeeedd300e7ee7e1e76130a24a65ae141fa160b58cc96f98e18e133b2bd33bf9,a07f002fd2af522f
data/thermal-1-filtered/train/images/frame207_jpg.rf.7e041affd772a01696f5b6531ebcfd7a.jpg,780147b3112f8b0d703796e23b8ef681c46ca14b1dec56c8f78ae88fdbac51c6,cabd7eb2b43038a4
data/thermal-1-filtered/train/images/ir_3_031670_jpg.rf.83b8b0fe41593e6636e2fb54cdb006da.jpg,0fc89ea8000d0e4a922857f2c96a75d9fc26b368594e58493adb424975f7ae4a,a035c03f1f3f4a5a
data/thermal-1-filtered/train/images/002773_png.rf.b8abe3844ea30a4089959671a5a905d2.jpg,d5ab525eb519d7152170041b331716d6bf56f4a82bbe22acaefe3e4c73b216de,ff761ee01d428970
data/thermal-1-filtered/train/images/IR_BIRD_012_frame209_jpg.rf.cd2968387126dc3fc9d937cd8e8f4ee2.jpg,a761ce37477457ebbf069523048462b48aff4b341387eecb1072f64c2438000d,c53f1086e73b1e86
data/thermal-1-filtered/train/images/003815_png.rf.fec6eb7fa7fbebb4b57cee326e533525.jpg,2b953aa2ab3a423c7b94e37ef8ec7ff78d11fae0d4d17174bcaa5ff396287e8c,86d5d594535a4ba9
data/thermal-1-filtered/train/images/003056_png.rf.d39ffc7fd37623f103f2d5c38cae32af.jpg,7b4624d7a54138d7d69842a26f9dc3ddc504c8647e869196a78494c1c5754d5d,d080876301fe1fef
data/thermal-1-filtered/train/images/002078_png.rf.c34cd4493a398bc7d6f04c4708ba3cfc.jpg,bde80a34d471ffa1935f514f69b4d2f80a5020e83edcd0d499489f43c8618e20,eb3e43384e89b64a
data/thermal-1-filtered/train/images/ir_3_030880_jpg.rf.93551b6dd9a79962e5059dcc5d469783.jpg,7af36266f1c7c03f3fe7d891302db4850ea91a13f93513360d60c8fd6f4b42a2,f36eb015955aa472
data/thermal-1-filtered/train/images/002529_png.rf.e1f7ca0a504efb9e310618c8490f31a0.jpg,fa3bc519365894b1fadf9e478a47f959c51b55bc452180f10f538ba3c1acb150,bf2ad528cb14ea54
data/thermal-1-filtered/train/images/IR_BIRD_012_frame202_jpg.rf.63d8bec31faddabd4f4459e98467cbcc.jpg,9c0b61530533813191fd14e412049ec21523130d729d355d1759a54efb967001,aaad555652525a73
data/thermal-1-filtered/train/images/002266_png.rf.3746b4312afb157a2517cd359c17bafd.jpg,01cf46544b445ad81c6f83351f199f2ffa5b9ff48fa048a7601d112d84f10fd4,ae2ad558c555515d
data/thermal-1-filtered/train/images/002432_png.rf.2ab602370e98f09eda045873395156a4.jpg,2b07fde6e295d6cb7d3de2a363a43534049c033bd11d11602269ac1b8ae7b3c4,a03f402f4ba25db7
data/thermal-1-filtered/train/images/0_0_000707_jpg.rf.0377c98aa534e429e49242fd465e5f95.jpg,bd99d095756b910cc75c90a56dfdd43bb8deff90cbc6818764342b1557a21470,e428157c6ff5007b
data/thermal-1-filtered/train/images/002419_png.rf.8f606fe3b98b32e4e51743675dcd48f7.jpg,67fc9880802f43dc7bb1037902d94a9cf181acb8966e0dc5020f15c717b0ffd9,ff7abc529c22cc20
data/thermal-1-filtered/train/images/0_0_000104_jpg.rf.24534569a7289b166cbb393c34c57a93.jpg,001da3bfeab8144b7307749191bea17cf1790d29e683dcb39cd529c2a9ba95ab,b46b4c1f2a554a2f
data/thermal-1-filtered/train/images/0_0_000064_jpg.rf.fe501dd663cb0141dc7c3aae805df77c.jpg,5c13c2c76e5b26356ec309678e9f1cf4a162d7186ca11a15cff2064e28c7ba52,b5aa55495b4f524a
data/thermal-1-filtered/train/images/003536_png.rf.c5f33b73c0e78b9e44babc434a190214.jpg,f56cfd813684a5f8001e9e50b50ef86efcd87eb4c43b335433cf55bfbf6a9cfd,85d555bc58ae54ac
data/thermal-1-filtered/train/images/frame697_jpg.rf.bbeeeac693bea5d07f411b4ba534d48f.jpg,72f7ff07657f088d7c383110feac0b85f6b0bf3d0c059e6aa5cd93338f202460,ff80ff80fe00be20
data/thermal-1-filtered/train/images/0_0_000029_jpg.rf.45030ff63a83e3c82a04e110525b0012.jpg,c966004481b13592644cbe7e17f666802646f43f6b25e71f1891d4aed002474f,c46008d933fd1bfc
data/thermal-1-filtered/train/images/000005_png.rf.81b3929181efd4e49664da252580ca6b.jpg,e117fa11244f12ac2bdb19319603ea145a80cca77d45211aa4dc2c37e9d890ed,eb7fc080802f987f
data/thermal-1-filtered/train/images/002374_png.rf.c1a043a28cb6e57646945a94bcd0fea8.jpg,0c73ca062eb8acb1cd645263b139811bc0734ff238dabd20e04f0f1c607cdc13,ff7ab25885508731
data/thermal-1-filtered/train/images/0_0_000404_jpg.rf.33174f6ba692293f01acf008e519005f.jpg,2485d4eb86ecda2975e9e91fac02f95c0fbc43631ec9cba3e96c5857b9c95f0b,f476088ab0e4ed7c
data/thermal-1-filtered/train/images/IR_BIRD_012_frame95_jpg.rf.ff6caa8e498e86e84a40e486497ef5b6.jpg,bf918af22e4958b5bf0c09c6e19258a58d509763c186237c65404b5303d88a2a,ea15aa63946b14eb
data/thermal-1-filtered/train/images/IR_BIRD_012_frame254_jpg.rf.5c44dd64caa840d3c72065583b6f8fce.jpg,6347dcc08bd7db18df529400d5c6f6b9e60bdddd05fe8193f76658e92fbc875c,a24addb72ccb9234
data/thermal-1-filtered/train/images/003046_png.rf.c62e171af0238092cdb65dc260736110.jpg,268a1cc7242699385421897d759acde1485aac140d673b695fe2966db62ed06a,8595d5bb56245636
data/thermal-1-filtered/train/images/002768_png.rf.08151e5cfce0f17f61190e3ec4b715fd.jpg,2608a6f858af00136b553b5263580f502ded0323f510ccf07f3a8bd63135691a,9b28554548555f7b
data/thermal-1-filtered/train/images/003844_png.rf.bf3579bee93d85b1ab93ce7ae143b305.jpg,2545bb46df3b53539224e5ffbb22a4e4ed86c77c36e6732babaf022656a0a5c7,e37c07780e43bc0f
data/thermal-1-filtered/train/images/IR_BIRD_012_frame109_jpg.rf.d7476457ff39ec22f1f1481ad8ef9443.jpg,ea442b45e46efb829a09ce7800fb61fa373d39c9fcf28a7c833c67602eda2e58,a9b515a515ad15ab
data/thermal-1-filtered/train/images/IR_BIRD_012_frame246_jpg.rf.37f788e7774e05d068eee07e22d9b058.jpg,6a47b95082d153622adef6da739d280fd016cfccc62410f4c3dea7d254bd23f7,c51d04e77f1c8671
data/thermal-1-filtered/train/images/frame616_jpg.rf.779ca0fd9085552a2977da48ffa8c12a.jpg,41f73a560b1c781e86be7e75b9e7744590ca20bc0d549347ff67430ce70ec5b3,fe10dcc29170c27f
data/thermal-1-filtered/train/images/frame686_jpg.rf.510ece61d3e0b92e5756c2ee75a9932a.jpg,a419cfa32f1af6623381dd73b21ce69c9d3de30262f5ed71df41859a7fddb964,eed0fe84f884fc04
data/thermal-1-filtered/train/images/002341_png.rf.326180cedd95991431bee97042ad1b13.jpg,3d35376a76f35de65e274f18219c26f5dffdd30ec96b9b433fcfa2de3803c385,bf6ab249c710e235
data/thermal-1-filtered/train/images/frame601_jpg.rf.ae889e4b96d9574c1e558b9130be7e3d.jpg,4dd5cfb8a2104bff32799b997b25b264b1ecc1037209504b8eaa194c414f8105,bab2a8ece0e0d2d3
data/thermal-1-filtered/train/images/002262_png.rf.1c0673a2bd6356aef2a1bd5030518a7a.jpg,dad669054c9188600c1fcd99a35590845e08d32cde6566f32087c15033c65357,aaf5d566d120d195
data/thermal-1-filtered/train/images/IR_BIRD_012_frame87_jpg.rf.728fcd2249103583451b03cf2cbbaa39.jpg,b1e7cfd0ad9c79e41507bde3ae2e3b9f59e6cfe2cb6b1bc25e76921bca0c63d6,f7188c7708c47f1a
data/thermal-1-filtered/train/images/002834_png.rf.8d5210a34d97134862429c546af2d0a2.jpg,23a6c751f2fb40b13a10c6b8ecb5ab43fb15119489ec5e8e6b1090c255cd812a,af2dcd21c9aa526a
data/thermal-1-filtered/train/images/IR_BIRD_012_frame211_jpg.rf.e026d5c9d4435f20b91f0b4d9aac597a.jpg,8e8038280fc8133ae33ea6e621e03eeb1b5cd12f58705dd9ab2f26d933d95959,cca259cc13f51ce6
data/thermal-1-filtered/train/images/003027_png.rf.f6a6939bb58649a7b0b83b05f013b0be.jpg,777833c2f06d8256b940fe35a3cb5f90d8af1ba89d1d6663680dd8ec7c60c117,f96a157a19e61985
data/thermal-1-filtered/train/images/001504_png.rf.51e5224cd0ed11eb7e5304232e8060ea.jpg,5a1a742d11ba47ed7298a8b62a14340be66c76663814c532d587977b3b02d00c,bf3ac14e90309f74
data/thermal-1-filtered/train/images/002436_png.rf.e53135da8105f136d854f51178ed6031.jpg,52fc1e69583e9bf5e495a17cff3a06e185dfdcc1c2aa39baa3fe1c49ab8a4ae2,ae7bfd4ad50af000
data/thermal-1-filtered/train/images/001982_png.rf.a056b89b2645ef3491ac38915fefe9bb.jpg,3996543fd5a39e509e16f52360c4a2bd3ca5c2a83b542ad653123c0415ea38b9,f96e116e310ef10e
data/thermal-1-filtered/train/images/003047_png.rf.dc4cf793c53f1567e467337c46c26359.jpg,ce3dfebb6ac252578daf1899a3e4c4c3a5e64c748eb7bb6cc745bf20b9f4179d,813f40af4abc47b5
data/thermal-1-filtered/train/images/0_0_001186_jpg.rf.e64755a155cfb849cbb6c6743f75a4e5.jpg,858c59865815eaf4e102d7d3f2e36708655a074f00deeb2ad2fd8fc1b982d134,87187cdf86c191e3
data/thermal-1-filtered/train/images/002512_png.rf.123851369c50466f7d8939ce32da663e.jpg,19759ef2bf5d90c6cc5ea7d417cf784967739596cb1ef00081bede667dcaae66,d56a547b06f10cf2
data/thermal-1-filtered/train/images/0_0_000049_jpg.rf.70bd3a967c20455e9c3674e91fbd69e6.jpg,aff8c65c2b640e90e0558acba5a13c6956845edeb3bffc6b8c1c645e27a5fb81,ee31bc4619fe4518
data/thermal-1-filtered/train/images/002693_png.rf.0a448d007debbab34c0012dc945cacc1.jpg,b82c095e3a7b360389e1a5777f4d47aec34b7f3ccbcd9a5d2377c752511e22ea,8629eb7649255a6e
data/thermal-1-filtered/train/images/frame234_jpg.rf.5cbfa08e6396e1cbaeb8ed06e5a420e0.jpg,68a30968b1872f4180c12a3c039cc32052df6168d9856d158ff39329eb01421b,95d5151b461b163f
data/thermal-1-filtered/train/images/003766_png.rf.6a55aa7308091125e18cae67d7909275.jpg,5077e01801e945797605a0ab8863d1198286e3c7bbace6ebe6bb32b2dc153000,f26f683f84728d60
data/thermal-1-filtered/train/images/002265_png.rf.dc1c67f4c0cc5d4a852ccbeb85e69e7b.jpg,d1d88d8eff92785593ec13be8fc94ffbd64f7cf790fdd1cc961cf59fce2441b8,ef7eb817801a813b
data/thermal-1-filtered/train/images/002446_png.rf.f8c3ec55f5cd20b73062481fccde198c.jpg,061093808f9ee04550853e0c41097031d850ecdd73079eff5bd6509d1631f350,a03fc13fc0ab50af
data/thermal-1-filtered/train/images/frame507_jpg.rf.4f030dc23210743f3a5eb6df565659ca.jpg,7037492478eda942cb5440ae64946e110f04723e829c8048bffabb16651cfab3,f40ad15b14fc03f9
data/thermal-1-filtered/train/images/0_0_000046_jpg.rf.a371bc536adcbfade69d5779a93fb9ae.jpg,7e0be49e7f53d347d6918158b07bf4d322e380e818931da3df2eb0fa5a6f7420,ee31b94619bec708
data/thermal-1-filtered/train/images/003789_png.rf.c6e8e062152135cc7bea419ba95aad72.jpg,e9592cac85310f3bfac33b3bff9e6387ef9c886cf9d9113ed58ba541aadc7cf7,952a555256595cdb
data/thermal-1-filtered/train/images/002332_png.rf.5fd80a38bbaeb385cf90b884210d7af7.jpg,8a973412a34fdf9ea5c53c1fd4e0351a81d4ae5985cf7155f1442206537f3083,aa7f8c73c8964538
data/thermal-1-filtered/train/images/frame578_jpg.rf.da56deff061fdc3981fc639896bbfe2d.jpg,a33452efc081d7c27310f7b20904e120bc3534b9c4cc23cbb1299520a6580ad2,e57fc19c110e078f
data/thermal-1-filtered/train/images/IR_BIRD_012_frame210_jpg.rf.12ef991a536415a22e9cfbf183483954.jpg,d47e163f67df287ce7b02e398cd646f133576333237ef99690decc8ce7ff464b,9b33ce18632ec11f
data/thermal-1-filtered/train/images/0_0_000037_jpg.rf.40a4a426eb63711c0230e3e73e6a591c.jpg,73c588682e78c5216d2db2b81a14d1b3d8315014923ca5806d951c8e3bd09f9f,ce6339b8e64518ba
data/thermal-1-filtered/train/images/002817_png.rf.a15d64d9a110ff4e8c4d1eddee315f9b.jpg,5236bf3f00c46fb01c19d9680d66c901c8894e77daca13eedb23a7d2e9b008eb,fa2af3280ecaaf50
data/thermal-1-filtered/train/images/003019_png.rf.d36da76a723d87a007a06061c83ab7fe.jpg,20b4427bf46dfe6ba78e0628a7f427e592c3081938ddf02bb5bec5303ef169dc,852ad54a5b555a5b
data/thermal-1-filtered/train/images/frame416_jpg.rf.c744e0f74a9abb2bf80dc019e5a95cff.jpg,2d2bb988a111ffa98804f74d931b69ddc09267b9b78c73355c5d98d80e4195de,bb3195959d8a0f2a
data/thermal-1-filtered/train/images/001502_png.rf.a53f4224a701cf5b4e7f159a4985f164.jpg,94a483b21a11ea817909098c8d9849dea87c4c9fadad4c7a238d10297bf235f5,d08080ef07ff0fe9
data/thermal-1-filtered/train/images/frame233_jpg.rf.3449effaced9769f31a6fe86497d1b01.jpg,38b90ff786efb98bc5cc076955f0d8c9b12ece55154dd3c28de13d3750cf4fc6,b4e2547849c75b5a
data/thermal-1-filtered/train/images/001505_png.rf.0e441e38aa1893ae6b1c52eecf5831c0.jpg,00396b564c9c6ddaf49e951ccc68b9cf5ab074760fa285a0b00b941691093500,f56a157b04f304f1
data/thermal-1-filtered/train/images/frame125_jpg.rf.9da81bf837460990b7e0f6b206afa8f2.jpg,8c37c0a835173e4556bcd0e95e84da836edf125995b52cb6b1b26618656a163d,cec1a5bc04c3e73c
data/thermal-1-filtered/train/images/frame380_jpg.rf.51099e40249dc9c0f8ee2922e26cc88c.jpg,4f060f8a63bee210bc24c2f41e17e23f16bf7bc600058a4651622ac387477f42,f48003879cf3587f
data/thermal-1-filtered/train/images/002204_png.rf.c7a2f63d0124c89db16300fbaf793500.jpg,c05fd2bbd7967e4b2566d62803de68429ef4bd72a133c1cbbd5257acd4e97dd9,f52a557e00fb0572
data/thermal-1-filtered/train/images/001992_png.rf.72c2ba6edef6ef47da938a6825271556.jpg,065d3aeee0279a8306d07186174c209ca59379db3bc7215ad46d9592a224ea8e,95d5559452a35aad
data/thermal-1-filtered/train/images/003750_png.rf.254037f4ed27d5c215b715134166d26c.jpg,790978d6e9004aea0d36b2478da7c981adcd88342cbdcf4e453bf8dc8f569896,907f402f52b64b2f
data/thermal-1-filtered/train/images/frame70_jpg.rf.40ea85b85c89677cd50233661fb1267c.jpg,00fe4098e24179ece604658e2b60dc0c1d3cf8e91bb805740c3ef6baa23ba887,84dadd870f250d3d
data/thermal-1-filtered/train/images/ir_2_022720_jpg.rf.a43fc47d98b165fd0b1b84bb957d1ccf.jpg,8db03360a706732949d2b2db9856b322fb44831ba4104dd8b3b7f8ca4963865c,a53705ba4b8b5a0f
data/thermal-1-filtered/train/images/frame187_jpg.rf.8c8181b7093c84476db818a6255fd7b8.jpg,fab57436940aaae2f925e7c4e13169cf64154436d3f38700139abf6f53df34e4,d8807f7f99609985
data/thermal-1-filtered/train/images/003779_png.rf.a9b417fec9c5df4ad11952551006032f.jpg,c7758523745c2d3c7bd05f812d54c31019b9f0a826622d548352e326bd59b84e,9595553352aa5cbc
data/thermal-1-filtered/train/images/frame610_jpg.rf.0905610b1b6182abe5680929f31462b5.jpg,2bac75103f52880638d004b3637ad6ddccd6c39edee7becdab0115cacb715b81,eee6e8b8b8a48e06
data/thermal-1-filtered/train/images/frame274_jpg.rf.e326624200ac38ee5674103c847bee9d.jpg,0c6020202551c7f285560d16df6da0a7514a85276288f0113826cf974e0b1a43,f1c280d919dd0ddd
data/thermal-1-filtered/train/images/frame341_jpg.rf.1d6ff05cc1a3571035d634b39372c536.jpg,9df0460e16f0583685b6d046844c426ed8d1a312bcf35e8a94c8887a9c35db46,956a5095ca7d4df0
data/thermal-1-filtered/train/images/frame582_jpg.rf.f81500161c90cbb37b3a0cdb7148b6a4.jpg,69c1c20d9186c94058c73fda2ac2d005278a18673619f4cdbd8e264c5dba3a5e,eee6e8b9b0a48e06
data/thermal-1-filtered/train/images/frame629_jpg.rf.c7eeb97474a586737d7ebe636dea2c24.jpg,5b8fcae8c818512c5c13917e482a83c07840595dfbaf59fcbf8cfb68f31f1bbc,eee6f8b8a4868c38
data/thermal-1-filtered/train/images/002025_png.rf.4f3c01fdc53783f6b8fc13579d53596f.jpg,5dbe405ae9dd517aa3caacd5bde4693c9eaf23476ba5144c3db1b17fb6c0eb4d,d07f847eb800bdcc
data/thermal-1-filtered/train/images/0_0_000209_jpg.rf.07fd4b6c79896974998fb91646e6da3a.jpg,55ecd14c759958f4e63e2b5b789bd23ce48e6065c0c9439c3bbabb534ac35241,a53595a555aa56aa
data/thermal-1-filtered/train/images/frame632_jpg.rf.6e6ad4420d09ea71c15af73374acc46a.jpg,514ac6611f1745e6a5c4ca9888087f1fffca4559bdd4f5bb78b94a13a2b010d7,eee6f8b8b4868614
data/thermal-1-filtered/train/images/0_0_000005_jpg.rf.e8413c043ea78683fb33b98bbf28e464.jpg,b0815bb729c8dedfe7750b918072af59534a5751ecb6de2269e3503350b4a24f,b90bfce4ac646519
data/thermal-1-filtered/train/images/ir_2_023190_jpg.rf.5adfc2529b78ff2c75c688f48f1e2dbc.jpg,06c04efc72064ca1085854204c5ee7cd0d83b0ea255e58e79d7aa1b4913c9f42,952a55f81af50ef0
data/thermal-1-filtered/train/images/IR_BIRD_012_frame86_jpg.rf.0cae9ef2e81047e261ead03810098a08.jpg,c4b7877868386a868448fe3e6937d5f75a5802f99196f99662d59d7bb3e4197b,a59652ab5ba952aa
data/thermal-1-filtered/train/images/002431_png.rf.ed290acde098c2cbf02027849e52779d.jpg,c964e288f8cbcec88f321340f4e82f5d2bd37377c9005964a55cb65963edf93c,aa7ffe49d608d048
data/thermal-1-filtered/train/images/frame393_jpg.rf.b4417ed4620c0909bdb0332dd9280b5f.jpg,c7fc96af6e0de5a6b1494afa0f5cdfc776132cffb9129515f7f0977b84c71015,a52a55d217f65256
data/thermal-1-filtered/train/images/0_0_000236_jpg.rf.6d2a5e2ae1cb0aa663d0a15a5525be93.jpg,1faaf3548522274d61c0ede94bacf623ed1d103ac0611e53149104f13546523e,f90fe10ff00fe019
data/thermal-1-filtered/train/images/ir_2_031910_jpg.rf.a1395f309e1f8a6df07e22e86036498c.jpg,e169586c955bdbbd026a7c830a482f88998db3fae5c8ef8a0f56703105a34c72,85f5d5b040bb5b86
data/thermal-1-filtered/train/images/003784_png.rf.46fef84c574cf5cd5a7b0e2bb188d4bd.jpg,92573101eaf9d7e3ce3ebd9345cf2869be1ca453a7f16869c0080941b3642d9a,c08000f943ff1ffb
data/thermal-1-filtered/train/images/0_0_000111_jpg.rf.0b251043f87d2b29bcd53e5c618e347b.jpg,c92383e60fc6e26b2ed33d4a29dc71fbf2fcf5edaad66a9abfa6bab1b218fd92,9769470ba5526d2d
data/thermal-1-filtered/train/images/IR_BIRD_012_frame139_jpg.rf.00504a296a829e25efe2a528e40c79bf.jpg,e1adb0a7516ca78f3b7b0312572ddec70ebecd340e78f6518aaeda3cbb31e9ac,fce0007a0f5f07f8
data/thermal-1-filtered/train/images/002246_png.rf.b99b7fec330c83d799fcac50e9d2bfb6.jpg,0867bca10a2121db0c2166e4edb6cd6b743593d210223b4bdcc05d79c8ff5e9a,ff5fb0c4b1158131
data/thermal-1-filtered/train/images/002096_png.rf.b9f5a8f6d54632046da77d6a2b84cc56.jpg,aa6480baf428327e2b63a606f2f05fece8aeb5e33483fb74c24dffc30fa78b31,ef3ee81e8110ed15
data/thermal-1-filtered/train/images/frame589_jpg.rf.a980befd8ce35b0ff593a42c55b0ff33.jpg,0c20d6c72aba83edcb1af83e49f277c1faea5fe46f5d0e1bc6c217b7f93406d7,eee6e8b9b0868e06
data/thermal-1-filtered/train/images/002438_png.rf.fa512ceba042d69fb2db7abdcc649287.jpg,328396ba951e8f80729528105151ab30da16c71245ddd780594682364514a23b,813f412f42aa57bd
data/thermal-1-filtered/train/images/frame212_jpg.rf.ae9e3d3be088ce3586ef408c999a6298.jpg,6cb085ec41d8f63f53b711a7e6d1d3733da62390533dc934c9ac45309fd519d0,d4d5196b193c4eb2
data/thermal-1-filtered/train/images/002722_png.rf.ec259b66b5391c2a32885e458786996d.jpg,c65b008b7ef1643b754a564e5b5ca25a48a25da3f07947d17451597c3aacb71b,aa29d906d3a65b36
data/thermal-1-filtered/train/images/000008_png.rf.4504027c91d52f1c3b273195b79d529d.jpg,2fb50d69758627e3c7b0269a6fcea020502559b5548ccb0be087d15e4a889ec9,eba5943e973ad011
data/thermal-1-filtered/train/images/002440_png.rf.684b49c436a197b3d0d60b25c8db3a6f.jpg,73448c6f4ac67e691ea11cdb1269e2cd3b8cbe9f60c506e3c2eccc98b1c2a012,fa2a980f815fa31d
data/thermal-1-filtered/train/images/ir_050540_jpg.rf.15108969de71461fc13da1ae8e39dd79.jpg,8c6ff4445ff5ec1f8c8a78343e43837d13f7266cb9b72abf5545b1b119d28675,f43794850d2d4d3e
data/thermal-1-filtered/train/images/002718_png.rf.47e15d2a3803ee64351ac97e9bc1fe8c.jpg,49c4b8358241b630726f1a1eaf50b91850b2a9243537b8fbcd45929fdda3a9df,852a556a54555ff4
data/thermal-1-filtered/train/images/frame483_jpg.rf.55df24eaa267dec92fbdc2d35b5d7530.jpg,1cbe4fb510e3878f4aadba2e1f333e3422784206fa79b421e20cff8e0454b855,fe0383ccb0fe138c
data/thermal-1-filtered/train/images/003828_png.rf.6a52d579bc42c0401e7834aad4841671.jpg,168ee88b5b91405436edec49059f4afbc7159839e54e4c02ae51123b0ccdcd09,c07f003e0f350fb7
data/thermal-1-filtered/train/images/001511_png.rf.9fb5f42b3722093a19e065c945f34e06.jpg,af48d59bd0d8ae7b9f5825c20e75c461c11db694c6a7ecef60135c7fb2f84e6b,eb3ee10fc110ea17
data/thermal-1-filtered/train/images/002717_png.rf.bf5e87c9217bad2f0404f653034d1347.jpg,ed384fade36b71292954718f1cec6bb85b1956cecb2382bd9c1329aaefaf393a,a535d5a154af50ab
data/thermal-1-filtered/train/images/003107_png.rf.080968c354cb7eaea8b72cc4d41c805c.jpg,c28edcfc0d69f732fb24b43fc9a1013e213bb21cced7113bae14b5d9fe7c5770,85cad5d25559565a
data/thermal-1-filtered/train/images/frame100_jpg.rf.a189d29b742eb48cd06c88dce30e0eef.jpg,49e76ec07020cb70dfa3a916d0787565dae7c6dfeca00684138e70056efc216f,bb6d55338890356b
data/thermal-1-filtered/train/images/0_0_000240_jpg.rf.69833159a81677a4b04254c83b602e66.jpg,2c368928867a6c3ec8776f26449286c021865d97f277997826cc6f25545176cb,f80ff007f806cf70
data/thermal-1-filtered/train/images/002438_png.rf.bd533168fe86eac117411423af60a453.jpg,e130cbf43ae03c54b563853a3fa0c79fc2e671b73f6c9920c00a2fe06f69e543,ae7bfd4ad508f100
data/thermal-1-filtered/train/images/003023_png.rf.81bc62c805fabcab20228a719ecef922.jpg,7f4abcfe8e50f67de150e764815c1da5ef605f147907446e7dac91476595f785,ae3bc7384eb8a30c
data/thermal-1-filtered/train/images/frame675_jpg.rf.4b46ec54cddafafc0c7a6f566f02079c.jpg,0b14ef0ee12c5af42c6786a0f8b095ef5d683431667e136a4f845aa47c9e2e0f,ecc0c1d147c6c6f3
data/thermal-1-filtered/train/images/003087_png.rf.db4ac4e4d054475f08a4f470153a9838.jpg,23bd3901de61017b764c028bd43a18f843ad130ba0bda4312caf582e47f1a808,fd7f1265158a310d
data/thermal-1-filtered/train/images/002003_png.rf.b73c67d682b96d703be8abe2066c09c9.jpg,5e08cfe35d081ba52ac7a9ab3b2ac7b38dce06b8f6540476e5299959f7c5fe1d,95d555965aaa5915
data/thermal-1-filtered/train/images/frame44_jpg.rf.0b962ba88992eb38c517c4a3833eaedf.jpg,4f6d5a2d0b962b7d36562fc67032e4dab8c9bac6463d99feef7c456f5ee65219,b6d3c1ad57061b0b
data/thermal-1-filtered/train/images/002379_png.rf.49469489c2740e5af4255de16e4b52f7.jpg,51fff87b8fe8e306f49c82d7a2eabdfbe784548d1ca2df6b3b65e56713cb0551,d07f80150f0f0f9f
data/thermal-1-filtered/train/images/frame181_jpg.rf.a84d316cbd6e8627ea1f5d00a3edc99a.jpg,bd4244987747bed70ad519e19c16063048175828ea260118a0b6d786c1275a0d,d4d494334b0b37ad
data/thermal-1-filtered/train/images/frame192_jpg.rf.a1e0f5df1e25f19d879375692c74a9ef.jpg,18855426e4f5253d23ba6e45cfc28d04fb7d98f6e2d2d2c647e8be52d4aa82c3,9ee06125ef64660f
data/thermal-1-filtered/train/images/IR_BIRD_012_frame178_jpg.rf.0618d0e2dab56ff7ade30ab78a25865b.jpg,2c56bbc217ec95c415d732a7c8f196a81ac6cc45fc0d90fad3b15b0f00675732,bff8004f40fc407f
data/thermal-1-filtered/train/images/003745_png.rf.72ba475852cda5caea066224b1bb98b7.jpg,0e48e0e2ccecd289f4995b5943f63d5453e51d4ec8822745e627521db5ce355d,f7682d7886728d62
data/thermal-1-filtered/train/images/frame113_jpg.rf.9ce99f21c23bea7773521cb674f9f1fa.jpg,0cf73c172b8f95daabe18998dbcf53bb94b31996d2eed6cfb1dd26eee4076fdc,856a55bb40f31ec9
data/thermal-1-filtered/train/images/002806_png.rf.e997dee4910b0ee7d984835a16b10357.jpg,c60eee6722a7679aa4ff84bc0cabcd5d2b86d5f8933f3fae449ac51052de4c5c,f56a157a03fc00f5
data/thermal-1-filtered/train/images/frame462_jpg.rf.745da923d4cd0b7c0f9d3f613be6c08f.jpg,62bcf8a838fb9fd0a1373e91952563fdf989582f9c0f8090fbf3da927406f91d,c8dfd48f1a2a528d
data/thermal-1-filtered/train/images/003907_png.rf.a6e88459af06efd42886a35a99aaada1.jpg,ce4ec200a2264f057cd204c9e9b07c36239b79201f2ed46f031848d391df6567,dc62166d32c29d76
data/thermal-1-filtered/train/images/002396_png.rf.ce744582152c8d4a3b1676bd5c818214.jpg,9ff2531851a2ac732b2bbec982ce04f54c1e1c2fdbbaa0002fe7d02487541717,ba7eba5cc314c330
data/thermal-1-filtered/train/images/frame578_jpg.rf.1ad9076aef5ed209958a68b70bf32b45.jpg,925c344640c0be6cbc6b7ff3c6d0ce0c0fccc09b2822a6049b6db2b0b4976b82,eec6e8b9b0b48e06
data/thermal-1-filtered/train/images/002028_png.rf.c7d255808ebe8d3a010b980ce00a49cb.jpg,13c878c7dd044264d2e19b47c46147497f3949d0237fa289cf58af97c45f83b2,853f553768b552a8
data/thermal-1-filtered/train/images/IR_BIRD_012_frame209_jpg.rf.02b2f1df67e92a06091101b7c146095c.jpg,722dc97edffac143508e0f50482be7f62c35571cafe47822d40e3485b6f03883,92661db366291f36
data/thermal-1-filtered/train/images/frame50_jpg.rf.0e3a79d223c8b20d2e9752cf28c2c351.jpg,0132bcf9de3848faa1793f0c614872b28f6948b9e27e42beef4f91311f8199e8,b8a5d6926d29ae52
data/thermal-1-filtered/train/images/002709_png.rf.c3805aa713c0358184904f3b652a0e3b.jpg,9726c601205981cc242f4b3f56d62542163985bdfe5705eb42b592ad721a2e5f,d56a05fb05fb04f0
data/thermal-1-filtered/train/images/002000_png.rf.bdcd8571edf5b917c7ccf5a12db328ea.jpg,c62358bf52ecf2340c0981f624a8f80e23545e224e1e5c55715de041fbff6b06,c08204ff0fff0be1
data/thermal-1-filtered/train/images/003828_png.rf.4fa4eba12c6f665a1f9a8f62c875393f.jpg,121f43fbb2660288655de9f055ae183f228596634c7cf19da4e8da0a3d38ce5d,d0bf801f1f3c181f
data/thermal-1-filtered/train/images/IR_BIRD_012_frame276_jpg.rf.a20ca63a5ce4f7dfcb279c977e3e820e.jpg,5ba909fba4fb121007c87da9c1cc17650ab6e0fe36a3d764811ff4cc4e1181c1,d52a05c371bc4e67
data/thermal-1-filtered/train/images/003091_png.rf.f21d86a1630876ff9c1ca3f61d476d1b.jpg,78e0dd0452d3fd536c6dd16c41e0c7c11aecc051ceef1020dd8bf7f5396cd378,d56a15681fcc01ef
data/thermal-1-filtered/train/images/002269_png.rf.a9edfbea16447d3de4f6387db1e220bb.jpg,9bd14de02f34f19e47801b712daf83bf03ec26ced17fe76ee387207774fbdb1d,aa7faf10d22dca30
data/thermal-1-filtered/train/images/001496_png.rf.a51d978accc785d408f4fe2435a4152e.jpg,817179694b67dfac11ba5a6522a0f8dc01baec75d8003ccb37d1cb3565aa01f5,bf3ac14e91308f74
data/thermal-1-filtered/train/images/frame350_jpg.rf.81920cb6c1fb15575ef50388231a584c.jpg,6b89b348698cc82201f10f1864032aa9f9a6ea78c22ff9dfeee0036898d8e20f,c03fc4bc4b0c4b9f
data/thermal-1-filtered/train/images/002288_png.rf.f8038cd0e28e8f544552ef84bbfd99e8.jpg,2ef495c7be803d8bbf8c13a054cb84d5c98eabedd290bd2f7b74a95a88fb284c,952a556b54751ae3
data/thermal-1-filtered/train/images/002383_png.rf.36f87482ae6f36f284b5e0f1dfde1d0f.jpg,18ea7854a83de70f6d870463813464a672b89fe2a5d28e98003b34975702ad40,8595d5bc58ad58a5
data/thermal-1-filtered/train/images/003848_png.rf.fa5bcf05aec4b8e9262f72d57d29b06d.jpg,8a5db642fc0805cd04514a5c47c915662cf03661de5e34f6e7466bba8ff1f609,86d5d6925a4a4dad
data/thermal-1-filtered/train/images/frame377_jpg.rf.659a055792202ae6666b189c9e8df6ca.jpg,7673f877e132282a977409ed217a0cbfb3ea197bd3e8aa87999390a600ded3ea,a5a5342dc56e6cac
data/thermal-1-filtered/train/images/003096_png.rf.00b82c9b8413bfdf983d32ed7c395305.jpg,be24aa259657b8e623c9cb5a0f0b6941c1006e0bdb6cd6eb05ce68e8dec75dcc,d06000f90fff0deb
data/thermal-1-filtered/train/images/003801_png.rf.76ee7c119d6ce1d32e99db7c61110d7c.jpg,50de0eec9c22658957f5220910122d043d076d6a48075be8625e9ff29a765a4b,f76eb80f847a0f20
data/thermal-1-filtered/train/images/002768_png.rf.e7c0c18554b4bb54635ca354e0731f51.jpg,4f3ab0e8105dc50eece824d4d494163ca7e12fdedda1e7d32792c8d68e8d4e93,bc731d721992619e
data/thermal-1-filtered/train/images/frame463_jpg.rf.82196fde8ac6226e01df3844575bd75e.jpg,17e078a1cb46f6a19105dcfbe9b9e0aceb7780fd3aaa87b93d27ef05fdd3ddbb,f9e886268e25de19
data/thermal-1-filtered/train/images/frame351_jpg.rf.3f1b0dc161fdf4c2929bff6334b973d6.jpg,e2caa9389c2ec9e79e326715060a23b11a771ac9a3bae437ea3165aa42ae8cbf,b59550be1b22533d
data/thermal-1-filtered/train/images/IR_BIRD_012_frame38_jpg.rf.42174dd5b5b082b0ba8d26a46844a8ec.jpg,3b966dcb75b538d190f647f326bd086fb8a05e1946b5e84ba8e5d48064a1e91b,a5e9162d4b6b1669
data/thermal-1-filtered/train/images/0_0_000025_jpg.rf.3b9500772b6c72c1c3bab014a66b1fad.jpg,c35ac22070d6b3b657d5260214bafdb555798ad67252f5e002fbcec6b842cba5,95225d535bd94959
data/thermal-1-filtered/train/images/frame366_jpg.rf.e7a784a8591a1c6d45f6c60da53a48d6.jpg,5551b4394114319aa42280fc2edb691e98e173a940dede77695bd50fa56f45fc,f061e0fc1f86949b
data/thermal-1-filtered/train/images/002458_png.rf.56e1404f3074d27ed3b5e3f238106a1e.jpg,8083732440a73e48e6316b7b2f0f4f284e64ee7e9fd0c6de9bd39ac84fcb1991,d52a547b0ef50ae1
data/thermal-1-filtered/train/images/003906_png.rf.ab8a9b04ce8073e3e930ce6f083e24ec.jpg,dd04f8abc28a271fb9f835757b4159164b03f3e653b21a6a6f194f7ef6f8d85a,dc671a4d32cea836
data/thermal-1-filtered/train/images/ir_2_022720_jpg.rf.ab37202cc344c5397e87be159e467ea6.jpg,da4e874d1fd2d89cf44e29a8245670941db73ccaece485392058dfce51777264,a42b344b7a4b7a47
data/thermal-1-filtered/train/images/002343_png.rf.631556f8b34f8235b9d847b133bf375e.jpg,07b9d33e8544936a3a9a476e54d89cb5fd93c492606e5c9d1e00c0410883f209,bf6ad34cc358e214
data/thermal-1-filtered/train/images/002343_png.rf.6b0416de76fddb72cb3db377a717549d.jpg,2e019a4137b1eca95a3efc321148b225b75dd9b09ccc75a9f4e7df4d19d13b91,85d555bc54ae5ca4
data/thermal-1-filtered/train/images/ir_3_028720_jpg.rf.445f22dfdded304d9de7e0883e844135.jpg,e6cb3f3a9c7586755468d6c0403f3b588b036fb559c276d4e8ef9a052c605d7e,d87f80170f1c1b1f
data/thermal-1-filtered/train/images/frame290_jpg.rf.8de2006bcc1cfc0840f541b09769d076.jpg,2fca442220830204094870338ac0ef664239cf12c5bb8381df8eb74dfb7b1640,f06fc095d395c07c
data/thermal-1-filtered/train/images/IR_BIRD_012_frame107_jpg.rf.a1c3243567df5c1fdd123b496c9d2026.jpg,8a937850946b464a427202dc4d2a53583c629bdac75008260fb5b5d937b94569,d520d46a957b857a
data/thermal-1-filtered/train/images/IR_BIRD_012_frame147_jpg.rf.ec75eff433e4fade27ff85384d20e40a.jpg,4fac321fce59acbae74f6d4bcf5ff594ea569acd2d069dc268ac31c074359168,c12ad56a957a15ea
data/thermal-1-filtered/train/images/003964_png.rf.0480be6c70eb2cc0c400f7d908a4f55b.jpg,2e80943ccb0f2b81b3b54805f8306b6c13f553dd747691d82a9200c2152b302b,963555a2492a5eb7
data/thermal-1-filtered/train/images/002380_png.rf.68a4db9249985b3b526ea15dc059fec2.jpg,91437270ae5aab385165cffdf6684827de5cb7c1f577621deaf61297a9281dbc,ff7aaf508d908c11
data/thermal-1-filtered/train/images/003027_png.rf.26ac0cb6ca99287c44cfa4174aff3a67.jpg,6aa5dfd0ae2d6b9d9e863ed9c82b3c7276342081dd42180aad2a390d86ae0bd1,ae3bc43b4cf18658
data/thermal-1-filtered/train/images/frame414_jpg.rf.72377b3a0f505676b568c855d19a26b7.jpg,73666baad0844687daafd4083659bf23a9a84e762a3d8ffe083b6fd656453dda,e0aab55eda92925a
data/thermal-1-filtered/train/images/frame602_jpg.rf.3e1bf5e9061e4b2215567c3e6720834c.jpg,0a9dcd3a38fd14f9811df3062d42f0d3c7bc68963715aaabddbfd124a1781074,e0e0c058ddd747d3
data/thermal-1-filtered/train/images/ir_049620_jpg.rf.d0c0382aa8f384d8fb45eb8112fe4388.jpg,abc1b4bc10305e6432ae77cf3e1e790ec45b8065391acb866b4983d721003342,aee6d1337119b0c9
data/thermal-1-filtered/train/images/0_0_000035_jpg.rf.33ac356da6e7d7e3b7b31ebced6ba163.jpg,c62cd24c75c360f3f4208766345afeeb148776e29af579cf56ea24d00cfe26dc,9362557a5d51515b
data/thermal-1-filtered/train/images/002296_png.rf.92ef3973abea81c53c79b46c47ac85eb.jpg,de83f76889772072f23554bc8b4226d053fc2ef1414a923874672bc9de771cf9,8535d5be42a55aaa
data/thermal-1-filtered/train/images/002228_png.rf.ea2af0dabafecef40206de70ea9b2f61.jpg,b84302dbdef104a3a24b2f360db5705f49fc29de7c0c85a2430b9db19e4a423e,a72a3e28d5add02b
data/thermal-1-filtered/train/images/frame368_jpg.rf.c77ef136eaf7d81bf618035a38c3d645.jpg,51fb3be945b6810be7fe7b1bc061ea4318f23f66a17779118aa7ae1b8569cdf9,bff8a89f0d0e4c44
data/thermal-1-filtered/train/images/002369_png.rf.46d3d020c7bf4651e4e98600d2538205.jpg,8b01743bed3f5925c6c9d7e5fdbbc483f40d54d199aa8210a6a52e57f1477ec0,ff7bd8158007a01f
data/thermal-1-filtered/train/images/003796_png.rf.ef941a8e86798a8e785822a40b86b0ff.jpg,db2ad3b7417c51c22f8ac50e483aebbc8e50702f924f72ac78867141f2ebfaf6,d46a156e12ff04e3
data/thermal-1-filtered/train/images/frame565_jpg.rf.a5f2a856f7cba421821304dfb3a91c37.jpg,bff59c89a155140a94fbf52a199b3df4d91ce365cd7e17dbfffa39b4d068c75f,f4b5950d4d0e16b6
data/thermal-1-filtered/train/images/frame137_jpg.rf.73fd908e28d207c9d6d7924e25736f37.jpg,673b6a9fbd83f8666ec9ce2e8949144e55775a7bbefb6881c445ee70373add60,eeb13d19b91cc5c0
data/thermal-1-filtered/train/images/IR_BIRD_012_frame13_jpg.rf.a15a3780b9615c5f9ab43320e08a416f.jpg,b0ff1a6418d8e37118c94ede4ddc39f4b24213384ae11e5f9059d434a9b29cfb,c24ddd225dd5224f
data/thermal-1-filtered/train/images/frame681_jpg.rf.da5461eb924cfe30ab8f8cd823567c46.jpg,3aa3a7a3d0602d758a889080093875df16de17d7930249f779892dcd20b9435c,a182d55851d747cf
data/thermal-1-filtered/train/images/003723_png.rf.14d7fce828cb511d2529227a35181952.jpg,8a0cdd264f5bcd5191d47b6fb64192c4245f92102fa74f83a79f3e73b1bd93eb,b66b6d429c52bd48
data/thermal-1-filtered/train/images/frame345_jpg.rf.353c7fb485f8c0b2d95dc45cb1d89bce.jpg,422de314d2bf060649a814ae1fce0d5b3fdc51fe64079c85297fe48964a98306,a5d26ac5cd28b535
data/thermal-1-filtered/train/images/002720_png.rf.2b0c3b9f60a0cd34f54ccce2bf8911df.jpg,9ffa22a2d20782f248cf48f1c2ed2dd6fa207d07413f3263af2d5462bc95c0d8,a5aac55f55505857
data/thermal-1-filtered/train/images/frame667_jpg.rf.75372df80a9aeb5568eeb291a677b4de.jpg,162f6d8cb194050566ff6d85b8b28eac1e671e254b3c1df6cdeb192caa787180,eec6fa90bc84ae84
data/thermal-1-filtered/train/images/002265_png.rf.0880f8916f0d7f4fd55977a423e06aa8.jpg,56bbd8688650ebad0fea3b468f1ee4df0ebf110fcfc6135c61e3170151f85c39,8d2ad54a45555d6d
data/thermal-1-filtered/train/images/frame197_jpg.rf.8e2ba0898a12f102d453522ca8f12ef5.jpg,0de21649abfcaeb2736981292bf0b6a2c6f6417e587a7cb9142fc55dacf781ab,cbad1532363d138e
data/thermal-1-filtered/train/images/IR_BIRD_012_frame74_jpg.rf.8b498924f8adb74bd0537d938d2d9b9e.jpg,de17d2ff64db85785e9f1b066494e30f33401ea37f814345287a0a90599f313e,d12a957a0fd56a15
data/thermal-1-filtered/train/images/ir_3_015160_jpg.rf.ea7274955ae8d5f5340456d41467eb16.jpg,70c13c232cfebeeb6eb63e6906483feade696daeecf71b77a93ed7c094603758,a22a9f0ef4e0c74e
data/thermal-1-filtered/train/images/002286_png.rf.ae2fd9c926f5b2284361296057e7d36e.jpg,78d940eb153a991654b94c8d404fd63f10d8e675cfdeb994402d7963a6fd2de9,fd6a955880ff0178
data/thermal-1-filtered/train/images/frame214_jpg.rf.258e28c4cd609a9f8c52d5694543dd9e.jpg,16bf8b2433d19f1554eefe547fd192c22bce888288b198877ff0f3d753b7fdb1,cabd7e32b43039a4
data/thermal-1-filtered/train/images/001793_png.rf.b98496a117d69a1398f1e227a265e538.jpg,05b435e3d72b2ed24fe62319c271c12481037c4b2f64dc8b1d75c4881c5a567b,842ad54b555a5bd5
data/thermal-1-filtered/train/images/002039_png.rf.222aabdda02992ac3ef9ead3d00a97a1.jpg,16a9c1391a2a56519dd88dfa12d4aa51ff0ae4a2d619845d96586cebaf789460,ff7e910c914e9069
data/thermal-1-filtered/train/images/IR_BIRD_012_frame299_jpg.rf.ecfbeb93b8fb8e67c28864f737cc7ff1.jpg,e99fe39cdea04d4eb92c2ccd4049aa1828073439fa292d01cf3daeb7b0ff5344,a24addb72ccb9234
data/thermal-1-filtered/train/images/frame427_jpg.rf.233bcce3e4e8fc79d90fabe0124434d4.jpg,68708d809c8ce596ad3dacc02935d2de99c0ff2b9d123f9f6b6ee95844f5ed82,b135d52e430559af
data/thermal-1-filtered/train/images/003060_png.rf.e2b1836f3553e503c6d23e7b563234de.jpg,3a5a80f74ff5ad23a44e9f5f29a43f2087111f0148dece682932dd1d380920d3,bb6e1966538c7119
data/thermal-1-filtered/train/images/1189_png.rf.30d2dab0433ca8f567406b1176a029e7.jpg,5c90b1112b55512f9e203f7b13b54cb8a0a55c6bbef014d305665fd6b1fab656,c080047e1e7f1efb
data/thermal-1-filtered/train/images/002291_png.rf.e55b4b091cb2e7f902dbef57443f6d36.jpg,240db3a56260dc26722b30e7dc0d11fe4c85e669fca40fb84f1c077abd4e2317,807f403e4ba659b7
data/thermal-1-filtered/train/images/frame390_jpg.rf.adfc7a9a38a2760b866d71e87b178ddb.jpg,8f9a03a21baaad70a7c52cc34149398b4dfa9a6def7b3da7f8a64cf52992e412,b5dffcf0600a1a32
data/thermal-1-filtered/train/images/0_0_000038_jpg.rf.91b9959a5acc1602b8c776e80c52b350.jpg,4fb160e756700018e2f3b0e151bbbe43a304d91567d275d83637ad8ced209887,ce6339b8e64518ba
data/thermal-1-filtered/train/images/frame250_jpg.rf.857281f611500ea51c8d53a594ebdf35.jpg,c3ea9e3915f86a39470b94108b780aa64e775f8a2e64366bda569c1e0635c158,e792920b0f0e97b3
data/thermal-1-filtered/train/images/frame138_jpg.rf.76b5c2d49f2712f78a8ea652d36997f8.jpg,64abbf2584bda58e68c563bd54da0483409dc2412c1357c56cad1711963e91b4,cac2417939f74279
data/thermal-1-filtered/train/images/002686_png.rf.5a3277fd299fba2b22293c6a182f40ef.jpg,da9d5a013398c3bd3689393f349371f65cb26d50c45e8215f2601417c0138bc4,952a555047525d7f
data/thermal-1-filtered/train/images/frame713_jpg.rf.c3ec30d58825d44be2bca45dba82b4e7.jpg,3fcad3ccc1599d24952b64771b82dfd033b46648fd43339537293e8e29030c8c,f9f79013129213b7
data/thermal-1-filtered/train/images/IR_BIRD_012_frame219_jpg.rf.d93ef2e9ee6cb57ed6d659e12962e3e5.jpg,cfed8ac2e0da6bc93645ee5f20737c457dec671a02ce4f632c39155bbfb38b9a,92724459636e597b
data/thermal-1-filtered/train/images/IR_BIRD_012_frame118_jpg.rf.eb56349f5395fe2e154f77aa69ba9cae.jpg,afeb5d84960b09f0e600d9f7ae201bdb153dc150fe69750acd5f2a7550f464b5,d528d56a857f05d2
data/thermal-1-filtered/train/images/003105_png.rf.aa6564c848abb0a0703d8422c5f18653.jpg,07465b010f62a31a16acec636361ca97f8fb1a39ae61cdfd6a4927710fa45886,807f40ae57aa53bc
data/thermal-1-filtered/train/images/IR_BIRD_012_frame284_jpg.rf.88609475a4e652a355182e03e2eb93b4.jpg,46d60977fb33be5368aa63d773ad0c3646924ba7180e73ebf7d775c763273f15,807f519725c91bb6
data/thermal-1-filtered/train/images/frame129_jpg.rf.9dd1adb306e7d0e5b2202f6a2d03dc84.jpg,3ece850e1af96047daf416be92fd090bf80f325a1605ce7113604ce162aa3a54,a17d44ab4e3ac38d
data/thermal-1-filtered/train/images/IR_BIRD_012_frame54_jpg.rf.f0de16403f99a34e654936174235a130.jpg,98b2dffed1579c6b77c8df0c3a85d73012bc53e519e94fdc526e4d85ac320bbf,f7188c7708c57f18
data/thermal-1-filtered/train/images/frame348_jpg.rf.ab402231e7c1cd5c7e6e6318f2b363e0.jpg,b09f5124ecd74325b06669993be4874a6e645ea41b4749a031afc173a543f975,e4c999ec6c3c31b1
data/thermal-1-filtered/train/images/ir_048760_jpg.rf.35fe22844ddab7604324ecfb68276058.jpg,a174ff9689a3a43972a7529eb1541e9493e41ef1bb571f4b8841ae276931f1b4,a55cd16671c65c63
data/thermal-1-filtered/train/images/002072_png.rf.bc646c1ec67a51199de304c2ec5d4ecc.jpg,c9ae85380c2ef74f1219531b329aae7a2e150f3d90eafb50038648bb8be2d3ec,d18205fe0fe00cff
data/thermal-1-filtered/train/images/IR_BIRD_012_frame37_jpg.rf.7b949ef8f8e3e61aaa047c40b885f84c.jpg,d4bd4ddc6a510bb871f6649a4ba7a1ba20c471eb015dadef4e59e6a61655610c,f7188c7708d47f18
data/thermal-1-filtered/train/images/ir_3_019790_jpg.rf.bdd53ee19ef5b4204e45acf596fb859c.jpg,a37725633fd4a1695ba14810eb78d92d1addb61fd7ad194d64d64b5506705fef,982b8919cd995d5d
data/thermal-1-filtered/train/images/frame607_jpg.rf.0223855635f8762c11dc5eadce545779.jpg,1a4dfb1e1a4dd0169206e63ef0a5c8618cb3556277922dd1a0ddde8725b68204,e05fd1b6552b1496
data/thermal-1-filtered/train/images/frame285_jpg.rf.1c0ff0048a416f69e1cb5a6c024427bf.jpg,bf75f5e2908644ce2140bed1b5e69ec1a04bbb957c6f2b720d3d387df6eefb56,b5d5953790375486
data/thermal-1-filtered/train/images/IR_BIRD_012_frame73_jpg.rf.56542cde6f6b7ef53c4a715679c6eb41.jpg,b75c9c1b5ecd6413c020b1ce57bed1040c01aa65f1664c434c910d73f2117eea,f0c306fc0cf807de
data/thermal-1-filtered/train/images/0_0_000252_jpg.rf.9c368bf969e5e8135fdb96b00e1f3f62.jpg,9cc3d22d3cc262fc042165d5d4bdadca16ced78a5e653baab4dddcb10e5b704e,803f103f5b2a5aeb
data/thermal-1-filtered/train/images/IR_BIRD_012_frame288_jpg.rf.c310cb28a9dd4a3aa5ca9a6ed5049596.jpg,7b54d1b0969c56685badb8e630c73f9bc3c3e45d7eb5ac59f74ea3d4e8b632d4,e1ce0cd919f303d6
data/thermal-1-filtered/train/images/003487_png.rf.8a3dd42a5923b7347c4267949738aa8b.jpg,1daea04f287c8158219ecdcda5b8e38e2b5edbbfe2786d3be1296de2ba5ab32d,d8e0807322fe18ff
data/thermal-1-filtered/train/images/002952_png.rf.48a1d921e673d982c89fa3d2dea479d9.jpg,b20d6e5ff07ca0c583ef84b85cb512640758ea4ee0d780b8988f28cf0dbebd90,d37e8603bc47984b
data/thermal-1-filtered/train/images/frame671_jpg.rf.3332a317c0753b9fcfb748cf6f95d1ed.jpg,f7bd84e6811d5e92869c8930e0f48600a8b9146b1a2aa0d1a6f6c7e8623bfb96,eec4fa90fc84ee04
data/thermal-1-filtered/train/images/002685_png.rf.0e3869abf3867c458252d52a9c33fb11.jpg,96186ddbb0c16ef5c3b05711582a78307fd17fa5399c1a515b779b875276e464,d19f059f1d1d0c0f
data/thermal-1-filtered/train/images/003810_png.rf.82a7c97cdb49c3fb18a6e5230b7ea84e.jpg,99b92594763fc9ed6c944c3d183de0e6972fb0043456699470a02211d102b69f,ff6f805c8b109663
data/thermal-1-filtered/train/images/0_0_000054_jpg.rf.2ca4e12b1ba9070bb3e747dee12f2b8b.jpg,fd4951ef6a0a8286c6df918c6ffe7f157866d6d1f342c0dfd7aaf89673a7048b,ee31bc4619ea453a
data/thermal-1-filtered/train/images/003800_png.rf.993eac6b69833210ee8a1c43559b723d.jpg,c7fb26b04924a88d79dd54fc74bf7a2d53921101854dc13283eab9c0c2ee71e8,f76eb80d847a0f24
data/thermal-1-filtered/train/images/IR_BIRD_012_frame181_jpg.rf.380c2020dddfefbd9c3beeea58c49f86.jpg,6fa5d57ce73c4927662705a4743a6200311427e773b88368b426baeea3a02630,d926d954a65926d9
data/thermal-1-filtered/train/images/IR_BIRD_012_frame149_jpg.rf.f64a7f73383b40e32d31a186fbf15ce3.jpg,702f6c680589f60022a3e5e3e4b0a7094289bbf71a704404d3f6dc7ab444bc74,ff1f000e41bc58be
data/thermal-1-filtered/train/images/frame607_jpg.rf.5e4014773453cb3a577821733a9bae07.jpg,9b4a7e710c807e2589e79ca6a3213d57e201b44c9f9d572252e2dd50f0db3338,eec6e8b8b8b48e06
data/thermal-1-filtered/train/images/003806_png.rf.d6f7d149feeeb21a4c1f6f299bb5fccd.jpg,06a50692d8d1671f38fe9663441004155e113b41a7cf1cbda1cec226ce190651,ff6fb05ea1108f20
data/thermal-1-filtered/train/images/IR_BIRD_012_frame199_jpg.rf.2c831741d0a4d846c4fa298e693b10b6.jpg,d25207f85964a8bc70869cdbf1bd7abc73cb22a69f6019f2352de5043bd69284,817d813fd027dc87
data/thermal-1-filtered/train/images/002459_png.rf.1ebab7dec4101c5d83aa280d9630d657.jpg,82c24883b9ffc9eb2302ad1021ece4390f05e3f8d3184fde5227d6a9a7ee5845,fb7efb5ac502a001
data/thermal-1-filtered/train/images/002246_png.rf.8f70b4b5df30a2d6754ed5604f1810db.jpg,a12f7958693432630ef20ce86266ff493d15fb75bc8f8552a90684d9dfc673a8,eb7efa5580568065
data/thermal-1-filtered/train/images/003487_png.rf.9721fbdbc9085a2bdbe3309183ca72b2.jpg,7dd68ae156d50942ff1c678fd586a08ea0b1dd39eb9fb7ffc345336ffc4c6bd6,803f403f5aba45be
data/thermal-1-filtered/train/images/ir_3_021970_jpg.rf.563412abb4146b6d47eab949cf70cba1.jpg,a94f2bc9defa9aca04347126ce7f310bf531bfd518e6dc6673f0ef4e0293cbde,f08080dfd85f135f
data/thermal-1-filtered/train/images/0_0_000050_jpg.rf.c1f407c9adc8d3492d5fbb19c58b309a.jpg,b521dabed39411ef01a6f0d59892a652c5eacea404317b0e7171823063b35083,e0c001791bf741ff
data/thermal-1-filtered/train/images/003765_png.rf.5c423d6a5c3743ef3403203ebad10a68.jpg,c1b1bbe7dd262c5cd35250bada4573f9c941d63019d0cc4bc9b0b663b0c293f9,f36f683d84728d60
data/thermal-1-filtered/train/images/002348_png.rf.5a25b4ca127ab16682d9a1cb28486341.jpg,0d7d17c041e474932edcb4d11020d576281e87b7da07430b78450b1cf8a5a685,be2add42d049f21d
data/thermal-1-filtered/train/images/frame535_jpg.rf.b290280c5de6ae23f9988d4242f656fc.jpg,a9bef1c7aec4ae74e64f81797256e93268a72e2164dc3166d190d34a72682492,f40a85e0957f41f3
data/thermal-1-filtered/train/images/frame64_jpg.rf.26dcb13825a0ef14a2163adfbf24ca2e.jpg,d63a619df7b5f33c023812435a50c30dfaa1669f8de173630c3f1e7fe2b6a7a2,a56a142fcfd14966
data/thermal-1-filtered/train/images/frame621_jpg.rf.535ce4d9f9f4f0707f83d32578f9c3f8.jpg,2c9a4399e5ccef176ef87159301e05714ea6df2af7eb5a24dc29d1a2a23e862d,a9b5952dc58b9385
data/thermal-1-filtered/train/images/IR_BIRD_012_frame188_jpg.rf.4fed0ae6b9a2fc2dd64e38249f1f544e.jpg,e69e83338ef34f2222eb648cd40eafb5bcf49f577bb63e10f4fe6dc47018c9e8,a9b554af152a56aa
data/thermal-1-filtered/train/images/002394_png.rf.99cb2ddc06c034f7eef74dc0f326d0d7.jpg,4d0bd83965fec61cb37137d757725d33d7ee56b54c476626a6bbd719d76f7aa2,fb7ed24c8154833c
data/thermal-1-filtered/train/images/003704_png.rf.8676d127a21b826cd8e7c5aa0b014841.jpg,613e9c58fe1fac39114150b0d3ad18dbc49dd7ea87b0175f0bf33f0814161344,b26e693f80964f29
data/thermal-1-filtered/train/images/IR_BIRD_012_frame224_jpg.rf.81b07ecaf71f617d087e9a8a5a1904a3.jpg,28dee9b5a2d22e048c0bb3244c34a90ae53c6395e8f4440797e8d4509181b124,e73f1884e0799c8e
data/thermal-1-filtered/train/images/frame538_jpg.rf.8acbe968d9dc4691cbd19b8e35f5d708.jpg,18ba4f75b3d0f6ae30e1271e434007da9b4beab1fde652fc27dacc158c2ae1e0,eec4ee99b030bc0e
data/thermal-1-filtered/train/images/002838_png.rf.d538758861a36987bba447fb89bb2b60.jpg,d5083d963f0dd1bc402ba14f8912887c6a200b27fbd17daaefaec33ec9fc466a,ff2a995495559807
data/thermal-1-filtered/train/images/frame619_jpg.rf.7603ddfda75562af7b7fec9d6108557c.jpg,91bdaf915a0c88e80f83aaa53e3833b4d83d2175f76673bbfeeb132be2e5b7f5,aa4aa893ce65937a
data/thermal-1-filtered/train/images/frame268_jpg.rf.600540b876978943ea4f1916dfd0d4f6.jpg,438fb684428d2e16a6f0d3381a7dc339656712c05792076361ae115531b72b7e,f02884e31fff1cd0
data/thermal-1-filtered/train/images/002203_png.rf.e59d4e999fa9812cdeb6994809aa235e.jpg,667778bc28095634815f971ac33051b387ee9f06130466a6d6e44a81f990e7e0,ff6a9e24c036c836
data/thermal-1-filtered/train/images/003969_png.rf.3f22a7c3a09becb898315cdf899e8719.jpg,3e7b703eb3c8f42678d4735f2cf8f8cef1422ba40366514671acc2726fc38343,d0d7162f071f0d1e
data/thermal-1-filtered/train/images/003691_png.rf.684755911d3a86a7a380710b431ade09.jpg,9911afe9bba337d5ed2d51588499b5f5a9af51460bd916acefa0adef7adabd80,d08000ef07ff1bf9
data/thermal-1-filtered/train/images/frame447_jpg.rf.97004fe2c62fa02257f130b5ed5d447e.jpg,154616cae0ead3ef2f40efcaf1015416f15ea8bf4e1f73365148a5b3f8508d9c,efccb83ec0250ee2
data/thermal-1-filtered/train/images/001985_png.rf.5f31214236a3c6269c92873cd85a3f79.jpg,26dd7f9d4a83b3b61496b8b0a2323bf55e8cd7cce09c972b7b66c6e0d6300f09,c07e05401fff1f61
data/thermal-1-filtered/train/images/frame352_jpg.rf.1bb65aa474725522e2f6cb4f15e61b5d.jpg,3197e9202a69e9c705fe15e654427030587d5076bcab1024a10eb643de110539,a46ac9a835d5c9c7
data/thermal-1-filtered/train/images/frame349_jpg.rf.41516e3f18da5a54c2a12f38e31914ed.jpg,a1aebdd858f90c0e079793ba71ee16aff5ec3d9f691a7847282a88d20fd553f5,b08a51722dd9763b
data/thermal-1-filtered/train/images/IR_BIRD_012_frame254_jpg.rf.7b6fafe4c39732b91aa4e863116d0b5a.jpg,6ef07f864882fc1c7840857cabb91e08d93dd274e92bbf7419d0e401d35bd26f,c51f80a71f8c837d
data/thermal-1-filtered/train/images/frame661_jpg.rf.9c7b971ece514da32cd69dd35daa7710.jpg,bed37acda24288585d4d307405569e12c9f3b8f3d823946d625a1c7a0c89fe10,e5f7c09c1c07071f
data/thermal-1-filtered/train/images/002261_png.rf.208f9969d33816a0daceead9957d596b.jpg,57223423e7aaac5afb309a4dd297df1596d9a8fc6aca41e0dcda231d10051570,ef7ef00f8421942b
data/thermal-1-filtered/train/images/frame556_jpg.rf.da6bb66c92eec914de85e88f46154b63.jpg,6bfd7a979a987917118e7da2a2df5ebf526b55d7d7a74f5f02d5171463db5691,eee6ea98b838ac06
data/thermal-1-filtered/train/images/frame14_jpg.rf.d62ba5c8696d0c80222f722d34f18777.jpg,6ee0a2099d35a562d848a76af4248874d531d5f88faf2b1f58f6a1d1448df259,c19fc1948d951c3f
data/thermal-1-filtered/train/images/IR_BIRD_012_frame244_jpg.rf.ce59c4b9c8e4cc54e9248139799e6451.jpg,be4cdeb972889ed87c5ef5ece87c90ea424569f584292989efdc34f250433022,c6224ce6137c5e67
data/thermal-1-filtered/train/images/003715_png.rf.ec807e4f95633501e7a0a7c1b73c46f8.jpg,f6b479e7716eb10b810b8d424fc91dc5296ffe8483c884d63d9c5b3354fa94c8,fa6b7c0398c23d0d
data/thermal-1-filtered/train/images/frame518_jpg.rf.c806a1579c4b6c2b5909de107bad95dc.jpg,563c9ce3480cc1250c5e2eaa30caca82e61c13e1f88816e72cb5ae368137e637,a0a0d15a54d74f5f
data/thermal-1-filtered/train/images/0_0_000056_jpg.rf.4103ed1e03b122cb49911a0d0108b8f8.jpg,f8589655c39ce1cc0fd191e94ad3d701396178e53b5ed6d738f109b82032b50d,e03f00e71f8e438f
data/thermal-1-filtered/train/images/IR_BIRD_012_frame268_jpg.rf.5b544d236bac30074488518558301229.jpg,11b5ef1fa43af24c555c75580de5f04846ad499c0760f421a739afee568c299b,96a153694dda5a4b
data/thermal-1-filtered/train/images/003784_png.rf.9826ed0398e85a92d9f435e986d61290.jpg,4b188128001f96107f1d6f5b8f5121f286ce5e651869e593e02ada512f4b67f3,f36eb90c921a897c
data/thermal-1-filtered/train/images/frame354_jpg.rf.d09284c8be5b042f1cc3de8f45980482.jpg,f0377b51d8a4de07ae9e8140fad03d8e539067e6dca13d6182483fb7a090d2a4,beb090f674746474
data/thermal-1-filtered/train/images/000008_png.rf.c1e927f96a1aa226cbd17332743e3098.jpg,ee5e34d84d9debe56323a15ceff82b9c8d0cdea270febb3b2d2a7195cfaafae6,eba5943e97381538
data/thermal-1-filtered/train/images/frame175_jpg.rf.e640e92577d6a41f524752d178b65173.jpg,37c1837e55b7b38a65352f24c54e49cfb1b22308bdd6394eeae60eb491dcbb68,917cc5b907224eb7
data/thermal-1-filtered/train/images/frame377_jpg.rf.49a48a61d117b2fb5290825016e12839.jpg,ae676fd0d57a8d2752f4b9a93019bdf7be96b4611453e708e221f126e81e6e95,f41f409fdc87032e
data/thermal-1-filtered/train/images/IR_BIRD_012_frame125_jpg.rf.655aab6bccb9030f7e7720d412d0d38b.jpg,e416e2e7595e670293c15cf2f372d2d01f2330cbc2e604b8e0326bbd7f4bbd98,817f813fd02f40b7
data/thermal-1-filtered/train/images/003794_png.rf.df4df2cb0931b49dd16a7ad17c7b108c.jpg,3a9ec76165a8523517ab11c18b8dfb20fa7ad4ec3369115e2c1ac40dda766767,d56a156412ff04f3
data/thermal-1-filtered/train/images/frame448_jpg.rf.ba22fc87c5a1e1a7a3b48d9933449df0.jpg,c34c8319daf2c169c0e31f84d06eda9a4542c91a34e34debadda0c284814150b,9090417f177b5f4a
data/thermal-1-filtered/train/images/002711_png.rf.1628f8e691c8015b4f4b03d2e059fe98.jpg,78cef81aaa3904e1cac113b22b544e32dfb7efbc21a5fe4081a463a9161a6407,d18200f90ffd0afd
data/thermal-1-filtered/train/images/ir_2_017540_jpg.rf.3b3d6ca6a131050e2a35506cc535dc77.jpg,0d6d4ce5d850e6fecf8c7e6b6ace5828011cf158e3cb4bf8c7453e49a6db3e8f,d8ff801717060f1f
data/thermal-1-filtered/train/images/frame183_jpg.rf.5c0f7dd546ac8032991d08455ce52bf2.jpg,086c3b3d3cee4bee3c078024ed6f7c36674b8c7cf2581a0fdc87dcee0c7a8ecf,b147e668da4f6918
data/thermal-1-filtered/train/images/IR_BIRD_012_frame119_jpg.rf.e019fc632bb9e6a82ebf2dfb61119b7f.jpg,faef084e7835a65313be7209c624de3dad1283ba87b33ddb0c971b0e21077c6d,fc1f411f438747a1
data/thermal-1-filtered/train/images/frame492_jpg.rf.2cc699c98a7bda203097881fd6906ad6.jpg,8ec0f113149d4b378eaf626422092cd846723f3be24709e1a2a3f4cc8a2bb568,b4a091d75759594b
data/thermal-1-filtered/train/images/002559_png.rf.5187e1611d2089ac504177c9413c384e.jpg,8b596d9f6a1c4f1f28ead0024d8185d93dd64f4cb575ea950fc7fd255a990aea,be2ad56ac912e954
data/thermal-1-filtered/train/images/0_0_000202_jpg.rf.23046eb5175ca9402d894ec6b76ad9bc.jpg,9e026fa90319e7873021b3ea57b3af2f8dacfa00b1ca2fab0b6f20d531a3e856,ab00e231f96cd66d
data/thermal-1-filtered/train/images/frame511_jpg.rf.2d13617b842c3e70efe36cdbfa15b9ce.jpg,87a41de677e47eec9e7b6bce6dcb1b37ca9428e0a11c5b8f564159da1f3d9783,f0e0dc58c1eb8cf8
data/thermal-1-filtered/train/images/frame473_jpg.rf.9e5c729c7e093fb9ebcd02d7f2e3de61.jpg,461b4cf3a2828ab06f4b2761e6f4884eb292a1513d1562e5d6a01d7767b195fa,953d9534ca3a4b95
data/thermal-1-filtered/train/images/frame387_jpg.rf.ddb84d826d4591b9a36f44c8c733f5c1.jpg,1505387ced24f19a8a204b46f38f4392dc153e061c227bcb6f7c01401f925b91,c0fd95950d850f1f
data/thermal-1-filtered/train/images/0_0_000282_jpg.rf.a6e766cd646a03c37a5eaba91f787d95.jpg,158a9ba49c3ffb48a5b0777d02d2e4119734e2d0be14a5000139b6372b305535,fc1f801f130e0f1f
data/thermal-1-filtered/train/images/0_0_000061_jpg.rf.dfa7a194b0470228551b677a28c791d2.jpg,6b9d255abbb91c0c92a616985eba251e836f3b0becb517f90cb8246f999ae33b,e03f01c73f0f430f
data/thermal-1-filtered/train/images/003020_png.rf.1ae5f74011a44c3a696a163439716be5.jpg,2aa1c88d8d89a0b1695f4d7632f40c7ea098cde06df21fcc3049953849003901,f99190ff873081e6
data/thermal-1-filtered/train/images/frame642_jpg.rf.2bc8b6d68c8dde6dd71ef8c8f1306d13.jpg,5f031786ae17687b167eb8aae34d117d22e13e222ebf15ceb514e4d99dab9753,ffe59c1c90878338
data/thermal-1-filtered/train/images/002043_png.rf.378fd91f5abec668afde915dbf7a08d8.jpg,0b65feb15dd453312124908f12dbbadc7a5f6c7d885d1fd2a0fdefada7aac745,aa2bebd5d451a921
data/thermal-1-filtered/train/images/0_0_000045_jpg.rf.de9c755f03d3c857e4d4d2980e916aab.jpg,c3d8231727119d9074d13719bff0cd6adc20aff9179ae5a352449a6c7a14199d,ee31b9e611b8e50c
data/thermal-1-filtered/train/images/002764_png.rf.e55056b60451f0e91cd5c4d945267fbc.jpg,a626222ea79373219310270d442152c378f7d629866e9fc40727c68df42c9bec,d03f003c3fbf0517
data/thermal-1-filtered/train/images/003703_png.rf.40599b451257427c2f6d9b7ae0fd328e.jpg,e45357bda222485cc1031402f18a299597dc771ef5f0794ec6730330ec18744c,b36e693e81964f09
data/thermal-1-filtered/train/images/0_0_000056_jpg.rf.03f8e278c8ec86e4ed7491b67592fe51.jpg,315dfc4258655f9ffeafd5b8930e40b763c77faaa1ac4ae23f10cedfcc98515d,ee31bc4619ea453a
data/thermal-1-filtered/train/images/003863_png.rf.55e0e281f4b6617c9684c4ba140cfc73.jpg,87d2d3f41dcfc658728fd061e1f48e0f5d5a72c8ca5b9ebedadeb47ce9dcbb80,f17e03781fc2b846
data/thermal-1-filtered/train/images/002266_png.rf.758108f8dded382cf1c4c309efa6bf02.jpg,bab5fbac2c79d9a053fa4546edad1c7b9af8876d5a8e3bd3f5c77884c303df3b,ff7e90459861970a
data/thermal-1-filtered/train/images/IR_BIRD_012_frame192_jpg.rf.7aa56608c097c160ed40a610dcb1dc73.jpg,35d15a069aa716eec4220ac18fac8d290fe47e64012f0e530c5de11db3dc04a0,ce31cc33b14eb1cc
data/thermal-1-filtered/train/images/IR_BIRD_012_frame11_jpg.rf.7df9ebf6ce13cca91d82bf486fb53971.jpg,f2cb5eb07c2356788efbcbbbdbab65d9de974fac07c80a01f84899fded160428,807fd12e4f953e48
data/thermal-1-filtered/train/images/002068_png.rf.d8f0bd4c3d1b0d350f34a19fb7005f2b.jpg,3d0cae721fc9efb24e50911fb6eac5eaaed3a4b0dc3f0d18982311c9d4057508,85d555bd59a451aa
data/thermal-1-filtered/train/images/IR_BIRD_012_frame49_jpg.rf.fac87cd97c8ef0a3bc9cfee18b3b50f2.jpg,6ba117a9a9454409f14693273af59c29904cb6ea2854f032702bafb3c2a81664,f7188c7708c57f18
data/thermal-1-filtered/train/images/003805_png.rf.2f2a619a4ac0d3f53c33e18f90c41d55.jpg,ce62a729d7513ad4c5ca6a82574df85fcc59bf41f8145c2f185ca304931918c7,85ea555754575a4a
data/thermal-1-filtered/train/images/0_0_000100_jpg.rf.41f397090e0678deb5287798e9235368.jpg,72ace5f4284daad4f7e25b99db6f360fc9a3c5976ac74b31608a21d63367b8ff,d52205fb0ff70ce0
data/thermal-1-filtered/train/images/003787_png.rf.395100454dac57961d1901bfa7eea296.jpg,2680c57601d9026c6a1f36a6021baf801428ea514ed4100f07b30024435a7261,8595553353ae5cac
data/thermal-1-filtered/train/images/002047_png.rf.edf21cee5730631351a54ef1226c42fc.jpg,40d87142b16c68265df7a899e0ab2a716bb75b73b18256b0fde74f7407f39c69,d28000ff0bc30fff
data/thermal-1-filtered/train/images/002003_png.rf.54ebc10811dbc9b8e818b7e0e111e822.jpg,2b48777dcba255af8431117ec54eae6e8a68e11028ac9b1ed2095229fbdd0dcf,ff6d53651bc41b00
data/thermal-1-filtered/train/images/ir_2_021930_jpg.rf.94cafc3ed6346b5f525a81028f303487.jpg,2a95340bb4045a433515faf0b93d4dfa86d148676a23b559a32ce51c692af507,918a515a5fd14de3
data/thermal-1-filtered/train/images/002682_png.rf.01814d8e51c7db1c3f4f5100b354afb2.jpg,5ea0cbd60defb12b35494698a31c23d57dacc8197a223ca136a147d0530e22fb,fd621d43b991a958
data/thermal-1-filtered/train/images/002396_png.rf.c46462c896758bb10c61dfd01c3c5c84.jpg,613c142813c65a39331a4f8466da87fc35c19cc8a740abbcbf7a4187f75a62e6,fb8094e084e895ff
data/thermal-1-filtered/train/images/frame635_jpg.rf.6b7061697b26c9de2d46d554af75b558.jpg,6115ddf68704949948724c677bf7179ab946b5c771a49008a2e5d58b176df265,e57fc01c0707073f
data/thermal-1-filtered/train/images/002013_png.rf.a9a34e6aacc2f3bb818b9d77463aea2c.jpg,4a5b4d7bba5f4c429615ca5e0044479a84023e43da65c32bd60d30ea4365d5d1,ff7c04701f609867
data/thermal-1-filtered/train/images/frame352_jpg.rf.70b81352ba4cefb702a4a6b4eaceefa2.jpg,15e93f76f3170a822ff568a9886bcfb35808337c350b8939696ae4e512b2ed38,eacc8ca747375415
data/thermal-1-filtered/train/images/0_0_000280_jpg.rf.4915754002c01098856d74f799524699.jpg,dce76cded80820545386c313c8ebf4646a34c9c411a2138ef32dd6c9a183a2ef,ff3898f010fd02e3
data/thermal-1-filtered/train/images/002261_png.rf.f2c520b4da40c3274ed74161b11c39d7.jpg,aec679fb55f241f324912416948feac33028caa456fa7d67cc831e7b50edc402,b03f402ed1ae58b7
data/thermal-1-filtered/train/images/002346_png.rf.46ee4a2587e766cc47032690afbb6bcf.jpg,a3bc265992b2a5dfd95045e2255bc79ddf678beb7afa61ffcefdcef8be238c36,d07f801f1f0f091f
data/thermal-1-filtered/train/images/0_0_000056_jpg.rf.dcf273e56dc848b7f795bef320dd0303.jpg,024178cb4e781a79609dcf0986b5cc70fe7087e2012bbf1de77c5cd77f983f16,c03f802759a45fbb
data/thermal-1-filtered/train/images/002282_png.rf.bbbfbad112a262b2aa26675a89d96350.jpg,4173dab0c2e44a77bff6e95e61aebfc40d8c7fd1b6c72fbdf2905e89d64046b0,fe6fb654805c8760
data/thermal-1-filtered/train/images/002468_png.rf.a40f046a71f15617cc12c3dbf57d47d6.jpg,208b9cd25b41329929bb4d63ed1a9522f997302b3ecc5021f6c5380f5e4b0bf1,ba7efa54cd12a502
data/thermal-1-filtered/train/images/frame434_jpg.rf.3540d907a81b33fdd975c1a7831f038a.jpg,fe4f03cc9f6a5c7c1afbd5280fe42bc857b4c5bdc460bbf95609cc6588e80041,8d9dd5774801d52d
data/thermal-1-filtered/train/images/003735_png.rf.7248e1bcee3c0f173fc56926ac3f1882.jpg,c2d247dbee8f85fedd5f68dd506e321de3c84bbbe571b87aab42de6d28e20ecf,d08000ee1fff09fb
data/thermal-1-filtered/train/images/001985_png.rf.cc63e6fe40774b72bd8c6c93deb09c85.jpg,698c71cfc78818a905977e3527a4e116061f4314b51a15c92c115b595a7b6ff7,fd6e186219c6f906
data/thermal-1-filtered/train/images/IR_BIRD_012_frame230_jpg.rf.396e2f603876e4279b49f8d73a04a81e.jpg,5ffd9c24488f323098393305d6a48df989acbcd772ae698b6bb26eb62b8b1476,a22a4dd1b524e9db
data/thermal-1-filtered/train/images/IR_BIRD_012_frame21_jpg.rf.e6df3c192cf2c055bcda2cd00aa1cf4b.jpg,1eb1cf80b642af8da9d77790ccdbe39801b03f535a7eea3ea1f37137976eefcb,c04ddd225fd1225f
data/thermal-1-filtered/train/images/frame340_jpg.rf.5656ff1ad83f2299275c975c5882b761.jpg,a9504de8f3143fdf0a0faec8d0d00b47997c930c2756872ee8c16fe47a436d70,a56a508dd678cc37
data/thermal-1-filtered/train/images/002414_png.rf.ead324229f6b29352169f4d019904330.jpg,614b58c8410941f9cb725dfc7843e539b44bb4874e22f832661d4bf7549a04b2,fb8080e880ff03ff
data/thermal-1-filtered/train/images/ir_3_030830_jpg.rf.a3a1b1780e68c3197537eb422c26e334.jpg,723b8e9e98304a246c61cb2ae52e69af9c3a2aecf8601da783946d07cb1e1b6a,857551aa52ae5e3c
data/thermal-1-filtered/train/images/003030_png.rf.be82ad65b7226a3a75dd80f8973dc1a0.jpg,e693803bdc4f65d9d434c8f9094fe50d78ed8756b878158be2ac46180de1da7d,ac3f402f58b35d8a
data/thermal-1-filtered/train/images/002298_png.rf.c4ed5cc93dc077ac958707271ebdd3a4.jpg,b2c7993f1dabac90c21e2e77a5833c274f348f4d23c9b6967f6afba06b33a03f,851555b44aa655bf
data/thermal-1-filtered/train/images/frame14_jpg.rf.79639d03ce37c4d1fb128b23952d88d0.jpg,3c5c5393de7c1ce19a35632bf3bb43f677318a284e21d59298c798702fe61fc5,e0e0417dc77b9163
data/thermal-1-filtered/train/images/frame338_jpg.rf.64736711f7ceaf1f30eadc83586bfc1f.jpg,99ec641b5b672f6c207ac492a5530c8ae3b7fdabc9b865ebe93376d839655a96,f0df002f460f0f2f
data/thermal-1-filtered/train/images/002710_png.rf.123bd24f94f034292d1380c995851345.jpg,4bdc7cbbe9786fbacf2e47c91617aa63e73ad652327a4a9bf5f3b5d6f412cb73,f56a057305f708f2
data/thermal-1-filtered/train/images/002012_png.rf.933813ed3792658cc538b7f57bbe4ebf.jpg,b624683cd1cd42615b33306a6dc262d85bd57a1a2888aa14e965363d255af28c,f97e84748bf08d60
data/thermal-1-filtered/train/images/002415_png.rf.0d5d9fc717600e8dbec9b9611abbb75c.jpg,41a7823a156a670f2be014d4a39f83a8dc1743190b4ca986168a3611ce20d6fa,852a554b5e555ada
data/thermal-1-filtered/train/images/IR_BIRD_012_frame177_jpg.rf.9b6e8af5cf10c2d60e97175f664b7ded.jpg,eb7179a3b1ce04b22d5fa850ccb0ac952f64af69731e99b694f3931e29361901,fc1f010c40b85fbf
data/thermal-1-filtered/train/images/IR_BIRD_012_frame203_jpg.rf.338054cb9dc547638f2b4da2e006529e.jpg,ba1fc19488cfaac5146687d5d9295469bc62433e22df913864a7d7c1b9ced39a,c11fe10c9e609fe3
data/thermal-1-filtered/train/images/frame127_jpg.rf.ea1410d774f0643a2b3ed691a61de457.jpg,c3f06693c4fdea7f8b35f77a79077430cf4b288e3cb0e422cea665bee0b4e8bf,c6e0a5ec00e30ffd
data/thermal-1-filtered/train/images/003490_png.rf.36d56d40e989a7a2b9b9d0c13a115382.jpg,ead256862b466bf33ce7d5d2c03cb810b81d0b6a4711a4ae856e5908132fc3cb,d52a455c33dc136d
data/thermal-1-filtered/train/images/002263_png.rf.b602fe574408e090040d5297e1d859d6.jpg,d0f4205c376ff0616e8b4bb3cd210b2cf279bb9ac15b3fa715f5f6d3676d6c7b,eb7eb803942ed027
data/thermal-1-filtered/train/images/ir_046750_jpg.rf.ecaa0f02abb006129ddc40f86cfe3f5c.jpg,5d24ea83a416bb4cac49f50da55a81880cad35c19cb37444a0c39611caeb432f,951a966e4c6d25e6
data/thermal-1-filtered/train/images/IR_BIRD_012_frame279_jpg.rf.887d0f1ad92238c03cb492b699d578b2.jpg,5e546dd084de1afd7dae6e2ca9860c9cefe7c32ef77e1bf6b45618c6c04ead29,a24addb72ccb9234
data/thermal-1-filtered/train/images/frame342_jpg.rf.241c4d86f0b42d7fd1675da5854ae811.jpg,7a73e5cadb3914340ff715ca6280abacbb06b089c3895f288a3800b9c9eb593f,8ad4f6d272226e27
data/thermal-1-filtered/train/images/frame264_jpg.rf.2cadab66bfbcc125fde33fa91c7f2e18.jpg,9a4d7ef483474c02e64dc9121d90da581dd7a06405276a810da615ddcd2ca411,f4c0c07e0bc2575f
data/thermal-1-filtered/train/images/003041_png.rf.fab7f4f146ef256de4cac4bc6d7de095.jpg,3ddad726715ea24fd7779c59c1297f66b3c115801e2db3867c5d3a0110060107,85d555ba52a453ae
data/thermal-1-filtered/train/images/002357_png.rf.8013513c2cdbdd0859dad895b028495f.jpg,8e6285311f03593429274d57a9310ebcb5b713913b89acf1a0fca3ffe951c897,ff2a9d568142b44e
data/thermal-1-filtered/train/images/IR_BIRD_012_frame237_jpg.rf.8ed3e3bd6c3ae0d1d5a99001e27d6b8d.jpg,8542fd7c2b50eb681ae1c8efbf939cdc849d3f06a320d4482ee48dcf6b38eae5,a26a59d7352dc992
data/thermal-1-filtered/train/images/frame191_jpg.rf.a02e53a8579e0c28f54b73c07d0e13a1.jpg,f2875d334dc363d93375b8d0f18c095b85475661f4dd919f310303853ee72715,9ee06125ef64660f
data/thermal-1-filtered/train/images/frame620_jpg.rf.5ad7f0b3fed9c8bb259963264e22eeb5.jpg,b9c355701ce51cfbd1059ad46b05c5517cf17e266ff03bf8606e0a66ada0664e,f03fc08e91215e3f
data/thermal-1-filtered/train/images/002728_png.rf.8fdb0a258f9466a77a5ddaca3e73363f.jpg,41ebbb48c1decdca45622f25f4d09006f76a01374b2d2539d514c3e77f2b2a86,aa2cf343d32bcc4c
data/thermal-1-filtered/train/images/frame129_jpg.rf.4fe3acb2f29afba3d038abf27e3eeaae.jpg,f19db3bc8313ee86bdfe69f06a28efed6d46334000352a69af7012665c7da86d,b16e32ad4619c5ad
data/thermal-1-filtered/train/images/003761_png.rf.aa5161eee8e345b53be611613e8dd989.jpg,bad7c13f22e04b46a4302f035e8d501424c73ee859c82417d42767332b6183cf,952a5552544b5edb
data/thermal-1-filtered/train/images/frame61_jpg.rf.70a933e628bec249ab2b1e55294aa0b1.jpg,7c4200574572fb78f149b614bc7f9692737f0a04d2a858199eb6c1ddfba91949,cac085cd1b7f40f9
data/thermal-1-filtered/train/images/002398_png.rf.9fc7397ab21f596fbf6bc26e9c979ab5.jpg,d34792aad46d39492aef21d1e75fbf6d4f1467d93af889b5d69c4e4a575c63dd,db7f8017840f0f0f
data/thermal-1-filtered/train/images/frame297_jpg.rf.8ead593597c8e9a98dad708330029578.jpg,5799386dff6326b94b7abd9822249dbf8d89ebf78133b59356972a7d450070ae,beefc39d41545414
data/thermal-1-filtered/train/images/frame199_jpg.rf.1e7663fc77ae1093ba407bee14563160.jpg,39dfc84b38cf68897ca45b8bb66d8370be47ca73abd4938e3dc19a8855adc292,c8bd7eb2b47038a4
data/thermal-1-filtered/train/images/IR_BIRD_012_frame152_jpg.rf.f9f62f582cfeccaf61395959f655f560.jpg,d30486695dca5befd3f5a93d31509283487161d77dd636d1d51c7cd03bb0318f,946d943f893649b6
data/thermal-1-filtered/train/images/003704_png.rf.65ef761b72e9b486b19e6ab5f27b8e01.jpg,181dd5cef09d5b35d71f28095dc4d8c0bb459d3489c35283c10653c1154040e5,f56a417f00f40be9
data/thermal-1-filtered/train/images/frame406_jpg.rf.9ba15f79929f0981ff13a2b8e5681329.jpg,28965102d061873f71c2be3e649c7e7c172b2223e5dcfde402b25730f3ea0954,e0aab65eda91905e
data/thermal-1-filtered/train/images/003022_png.rf.9f4166f3c397622ed9f2ac2aaec35dbe.jpg,cc398f66c43fdf9d75ec340a55d1396acac490332705cee92f3c12f8a28594d2,854a54ea59545afb
data/thermal-1-filtered/train/images/003748_png.rf.91f083a625038a58a6a7ad0ef380c11d.jpg,ba30737c1d849e7637f3a32c029b418471f119d4dd0199ff190457cb28f1cd0c,852a556a56555ee9
data/thermal-1-filtered/train/images/0_0_000101_jpg.rf.76268b5fff7556d80ed7345f979eb738.jpg,7c974e6a34144034a1abd6ec657d1b513bd7c9ef9373c7611056429796d28d1d,d5c8cc296e7f120b
data/thermal-1-filtered/train/images/002325_png.rf.0a62f38d105ededc840bdecdd7f21169.jpg,5852d02912ae2f124c279c3049160f47edf47258bf58e8f1f3545a7ecca4b1f6,f902b420bcff8137
data/thermal-1-filtered/train/images/ir_3_031230_jpg.rf.c3e77094628329b09f4f50d76aa894f0.jpg,af20c55905f2385e3aded1b3a611a4a2612d776b4a563de0b161c39902b61c2f,952a555f00ff407d
data/thermal-1-filtered/train/images/003025_png.rf.a591b54821612c0b1c461813f906e2ec.jpg,359fd3e3ec49b6ea967004307c5caa68d18cbfc682f8b65e6ee7dc6109400737,d1e881018cfe1ff3
data/thermal-1-filtered/train/images/002412_png.rf.d90e88eeabccfcdfbe4df2c0f1366788.jpg,dd956d17110034bf00f118a828c205048a567007c5594d53d597793881cb8354,f52a157b06fd04f0
data/thermal-1-filtered/train/images/frame167_jpg.rf.a06e9e36c5f73a1c47218f20a5d4421b.jpg,20ecc0ea77b6582cfc83c17c4145b5a79e5665022f08e390b022754a7831b36e,ed13d2d88407d4bd
data/thermal-1-filtered/train/images/002510_png.rf.f472a7529f450b57214b7fede1988d29.jpg,fa5da878b69c856df93514680e4d5455dc0b6d3713f1ae4712c270d02b4b24e7,bf2aff25ca15ca00
data/thermal-1-filtered/train/images/003105_png.rf.044a9f3d6abcde00b7b2629af1f42629.jpg,745fc56a54896607f79c8f7fca6bc7c9dbe182909c7f9c7984332835c29269df,ff6b885d908de224
data/thermal-1-filtered/train/images/frame597_jpg.rf.9e881112563d3c0190b06ab7c4432e0f.jpg,b1389494f54eba25e5bee830abdb40fd731041ef634f0d9eeedc04873127ee94,eee6e8b9b8868e04
data/thermal-1-filtered/train/images/frame336_jpg.rf.d5868f2f1d7fa8c9a63af68d3695e528.jpg,8cf95a6e198e8b9590787605f3564613194b7a205ae81c2311f4dfa455721054,c4ec9cd0185c1e7f
data/thermal-1-filtered/train/images/IR_BIRD_012_frame19_jpg.rf.708ad557869279895390bac2bd6d5898.jpg,64cace41dca21ac5b7e099c25ab5d01d3f832b5dbcb9bcb2fddca65253dd090e,f7188c7708d47f18
data/thermal-1-filtered/train/images/frame499_jpg.rf.e829acd8bf5539a57b3b5ddccd2c44ba.jpg,5accc2ca95ad91f2e1b6e83131a00c5cd5df739ec76545952ab141ec2e746486,b5c285424d5b59db
data/thermal-1-filtered/train/images/IR_BIRD_012_frame84_jpg.rf.dde30788ff6778acfaf894c357040a8f.jpg,dee593420d2d9b810906f789156e2805d443893e6eed8374281b9e9a95c4e678,f0c307f10ff8037c
data/thermal-1-filtered/train/images/IR_BIRD_012_frame23_jpg.rf.38d716353dd512818ca2c235efc3098c.jpg,f7b1a1542510c5991f3f8ba433d06f070788cad880bfd0b06ae33b383b39c1df,f03c07231ea34fb3
data/thermal-1-filtered/train/images/IR_BIRD_012_frame262_jpg.rf.6dbbb418c67a6c4d368c72af21af8010.jpg,f236776fdb09dc774f4f63ad829deefc65b75c499fc7155a77628a1a6b13276e,a24addb72ccb9234
data/thermal-1-filtered/train/images/002295_png.rf.a46f3d8d1167269cbd744dbfc47acafe.jpg,1ec250f11c0f3014b7795f388fceaab3d6ef4c22ae9e8f41eb306d42a17d3d4e,852a554d5d735d52
data/thermal-1-filtered/train/images/ir_2_021310_jpg.rf.2a328d2d2f71a5c5175d6507d7f6521f.jpg,0173e9687ce9ff7b0a8a79ad307760027d394cd98ce930cb5d7b5e82856d4cc0,e82115fd8a5a5af2
data/thermal-1-filtered/train/images/0_0_000053_jpg.rf.6559197d76ee65e5ce0b2962b98cc4b9.jpg,26e799bb5e82235cf50f54b2adb330713177fac42f12bf86274ae540138f9a15,ee31bc4619ee4538
data/thermal-1-filtered/train/images/ir_035420_jpg.rf.e59010e2dd3a28918543151b17d60b65.jpg,45255b942d23acadaf37770970a9ea7810c418e02f96ebe4438f81b4525ccc1c,ee2a612a917e8c57
data/thermal-1-filtered/train/images/frame523_jpg.rf.62c0ebfa93313bbdd6a6b57835204374.jpg,d1a95566666872348bb71720bd7efcfc17940479118261b62918f38d30e08dfb,b57fc51f07a050ac
data/thermal-1-filtered/train/images/frame322_jpg.rf.7ace581f0a422898a520a3ffb7ddfdd1.jpg,1f8563558fc2174d2c7ed4af88d367bb81ab94c8309653468a860a0213bf23af,b2e2ebca69485a4b
data/thermal-1-filtered/train/images/003099_png.rf.b8079c1b691c0d8f574e39e80dbd9b8b.jpg,650479765e542c553953b050c0ff2bd7ddbe03fb7545dab67d987218cde6fb7d,d56a156a1dee04f2
data/thermal-1-filtered/train/images/IR_BIRD_012_frame98_jpg.rf.6893b345c5c405d410771df689732139.jpg,18e38ccfd5475dc4406f79a4d5242ac5acb941bf285f1be73f9e199e87ca8fa1,fce001fb007f00ff
data/thermal-1-filtered/train/images/ir_3_032220_jpg.rf.236439807e19cb7e800ee02ffb88295e.jpg,021bfd686df019d0e3440430e8cac5271001dc9ba37b2d5b053b2c7f43246587,a62bf242e952ed54
data/thermal-1-filtered/train/images/frame590_jpg.rf.ab4f3da43db3a9750a7303ab76b2fc7f.jpg,1242d089a3969b95e929674638cf486b182ff98ad125c472563e2ef792d95d3c,ecc081f191fd44de
data/thermal-1-filtered/train/images/0_0_000672_jpg.rf.61423aff5d6c915b6a82d7db019cd62e.jpg,9f2751ad708ab81725d41c6bb6732fe26997ace48363ef3a90fec024e86d1e93,b9644b552bae5545
data/thermal-1-filtered/train/images/003850_png.rf.62f5640460da80deeb8ed71c2368ff4a.jpg,e975bff92fd5a3b9eb714c65f6b0a4b778d1a5cb3055b93b8ecc38dfb5454d86,c17f801e0ff81f07
data/thermal-1-filtered/train/images/002832_png.rf.2d0b20b679c57eba009d99a08a12fba7.jpg,334c31b9dcea9208623b2fc6887b6531cc8333c159cd530f3a5e9d39a27dac48,803f502f59a659b7
data/thermal-1-filtered/train/images/002680_png.rf.d1d26b9d1ecc33c7e00795b443333e93.jpg,43a31f0c0bfb4e1d2569ab4c0a5b0c905cb1bc73bee233e9a39cd94773a8075b,862f5a2aea5555b4
data/thermal-1-filtered/train/images/IR_BIRD_012_frame227_jpg.rf.7ea49d6f46ffd19fec5f19b84792e772.jpg,cfc5869d8c7923504687fa7b438715cc9d0c30d66b1e94c7b3580a3aa1af4799,d56a1d874361b8dc
data/thermal-1-filtered/train/images/002506_png.rf.f5eca5e3cb0b9db4a9fa20b54e37b4ef.jpg,c5cc4b7fb77f47d2e4bc790e1369762be4bf61547016a8764d9b64b1be9cb871,d08000ef0fff1cfa
data/thermal-1-filtered/train/images/frame408_jpg.rf.607d225d09f7bee87a39a38aa68a5c5c.jpg,341eb8b007b1c12ce3a39f6d4c04e40acb74545049918cf9c2ae481a399483a0,b52215eb16db5649
data/thermal-1-filtered/train/images/002495_png.rf.76d72db66a6ed297097c177becc380f9.jpg,e0f32011b013f25e9254b695039091c2bcada04defa7e7dd3fece96034155627,ac95d03bd92b492b
data/thermal-1-filtered/train/images/003028_png.rf.75c483a6121f4e6fd58c47ee85f00bd1.jpg,426ef33639cb890dcde27c363c71a253308442ad14c735f3e840a09bc62382ed,ae3bc43b4cf18658
data/thermal-1-filtered/train/images/0_0_000129_jpg.rf.2e59d3ed0955b1b4e421e6bb4bf85b66.jpg,33a4f1ee729f2749eddb638bad1a389974a5d93d8c5577b8f678916f7a015a4d,b87fc2b90c52dd22
data/thermal-1-filtered/train/images/frame535_jpg.rf.b509b88f7f288a5479cb5346a3683468.jpg,f19293adbd6653ebe6c15214ca6ba2e346b5ec16e6f65be52258acd8567476f7,eee4ee98b838b806
data/thermal-1-filtered/train/images/003021_png.rf.2758289392bc5ee4cf5d1536a22f9fdb.jpg,880bb4053d3d2caf6c0c4da6ece27dd899d053b13b249e9c9ac5cdcc6f5dbcb8,ee7bc458ccb30c58
data/thermal-1-filtered/train/images/003805_png.rf.7e2973d5ba79e5847b3b565399c4c51e.jpg,7ae888db9f9c65e8361319be7f4ec86d508ff38e3c8150b917370f4c5b32d3a0,807f403e4bbc53bc
data/thermal-1-filtered/train/images/002208_png.rf.407f512c7d92b5d29ffa68685ffb7e8e.jpg,3837730d66bda45aa7403667ee41f03861279ba1f94417aa758ba2745f81cd97,d56a157916f30ce1
data/thermal-1-filtered/train/images/0_0_000732_jpg.rf.6ef8edcf4d4b7f1b222bf3a43de35151.jpg,42ab66688207247ff62831f3907c7dda134157e40e8e6bba00a5e69ccb8ab982,c11f2d72cd92396c
data/thermal-1-filtered/train/images/frame506_jpg.rf.53af9e52c960afdbc164f6f2bb50e20a.jpg,3a5792289accd151ec83860a14f7183df5154bc0fccd73efa9ec7cd89ada0be4,fe03dcb6a4b49318
data/thermal-1-filtered/train/images/002262_png.rf.18946757d42e0643a58806d46d8986fe.jpg,24931486c14c10852e0072ea10090ed6ffc96572140225c91dae4b87c54b0d79,eb7ee803943ad027
data/thermal-1-filtered/train/images/002058_png.rf.b9478f13fa228bb2d478a57637884dcc.jpg,8ed63a5c2be38715a2385e49837e225ee3377be6bcfa5dece057400f262081c5,8a95eb4ad581dd94
data/thermal-1-filtered/train/images/IR_BIRD_012_frame240_jpg.rf.ea41860a07c7f0f859a85a16a3c424bd.jpg,421ed03e264b52deaabaff4db91ac8301d43af8d6146df06956729c1dcc1fee6,a26859d7352dcb92
data/thermal-1-filtered/train/images/frame695_jpg.rf.41d38ad47527129b0b5d46a1e3c2a929.jpg,c20a7a161518c198b48d026753acbfc63e1ce82804ff5338908053a14ce98dbf,a1aad550555155fb
data/thermal-1-filtered/train/images/003763_png.rf.ec35afd5e9f5c7a176207b2552847d5e.jpg,9bc43b90702815c628d61d4ad7fbcf68169ea384fc6fb1da4180bf9158aa6925,f36f293f80728d60
data/thermal-1-filtered/train/images/IR_BIRD_012_frame278_jpg.rf.49da220cb2924a0db0e8072727d01cf8.jpg,43598427da1fd779b42f439fded2a588fa68332e81f34d9700a0eff3a1ed2110,e31d80e2799ec761
data/thermal-1-filtered/train/images/003063_png.rf.a86e85b88700d7232240cf75093b0d43.jpg,f4c0642f538c6f2ca746f026cad3b3c1e1d06b5d8bce6ff0afca675db49cd31e,bb6e196e518e601d
data/thermal-1-filtered/train/images/frame596_jpg.rf.f9226f7b2f1cd2d0f673119bb1e1f933.jpg,2c4077ca5823c44354fb494eb24b9a1108d7e883a208c41bf0e5b92d347d26b9,fdd7951d8587003c
data/thermal-1-filtered/train/images/003100_png.rf.50c26f31d0d89d37394a703e048089b1.jpg,48d031b2c73859fb0ab492cdb94ac2ffe7edbaab72a25c57c5d8cb06c558adb1,a52a557a07da05f3
data/thermal-1-filtered/train/images/frame354_jpg.rf.1cd4b2b0348389affe8cdd7aa19bc85d.jpg,f4d2b5678813531872e77cea8648a5fdc8106b6c61f5d95284b92a5175cb786c,942ad55657c5466b
data/thermal-1-filtered/train/images/003069_png.rf.a583fd56b61281322da342205e9d3f9b.jpg,e0ee919da40f9fd2286e9caa13b76f2fd249e8a63294e781179002f0bd09164c,d56a14fb06f11ce2
data/thermal-1-filtered/train/images/ir_3_031530_jpg.rf.d3980e57b9868e37e7e70a934501318a.jpg,da64f42b9587daed6cff43b8b313353c82cf4e10039447800fe92e6b32db7f69,80c11d5efce3c31e
data/thermal-1-filtered/train/images/img_0384_png.rf.1e1b25ec94b3c8e72a444f2f5e7e839c.jpg,a52e2c2e74416c45bb2b115a46a04ac615d6d5dc19a98c5eba3f930bbd35c79f,91a8514b3c774fd8
data/thermal-1-filtered/train/images/003749_png.rf.f559b9be0befec90c860da9b03c2046b.jpg,88924031b3aee78220be6934a88f24a99bdf6cf72a084f029c9c904659f12b9c,f76a2d7c82728d60
data/thermal-1-filtered/train/images/002273_png.rf.075f96b5dd5521252fec00704d7b0423.jpg,2d908b53a25771aa7c473c3b366ab6a0444b6f67a188c75eb48dfcdb847524e1,fe6bbf50810fd028
data/thermal-1-filtered/train/images/003065_png.rf.d6b67dd96fcd997fb1f6c5b829fbebf1.jpg,d28967dd04cfaf2363486031a2c2141ef6b8ed6fdceb33fc6b1b28f795c3dee9,bb2e592651867d19
data/thermal-1-filtered/train/images/003709_png.rf.ade280de710bf6fd0d87d7f0c3ba7671.jpg,3232540285baccaec926f9de945fcaa32e7c58d4ecafb5231f4c2d8a96b3667d,b22f7c0f9096790d
data/thermal-1-filtered/train/images/frame132_jpg.rf.4ee4de76a820f0acb9f227d0443d13da.jpg,15bf4cdf05b1d6c5d9e39957f8d4fa4049d156fa6659ef640c0c71284d326d01,cee1bc0c9b393925
data/thermal-1-filtered/train/images/frame31_jpg.rf.f4e94cf02c45fcc13925fe0d3f73454d.jpg,4dae31283b2155513662cf050ed0330ef661e3cf1f3bb467fe5de5bf77a13ca1,a6cbad59d5071516
data/thermal-1-filtered/train/images/003802_png.rf.b1b907a448dd0e602edf349a85603390.jpg,40b3bc91055a4a4a5797c0a27459ef0e8b63ddf41c9e30794fe86291f44c478b,a8c5f9a5d494b694
data/thermal-1-filtered/train/images/frame24_jpg.rf.5ae42cbcf67488a49145abff558bd961.jpg,b9a8fbff144bad07ebedfa6954b041e1748741e06e43dbf2d8859fe0a2e15c03,a6cbd55d95175828
data/thermal-1-filtered/train/images/IR_BIRD_012_frame28_jpg.rf.b1cefa31fa9b3b45a544fb4caf917024.jpg,dd44a1036f10a31da2145a270359a420dbc374253dd56e97e5c935fb16b941e6,f7188c7708d47f18
data/thermal-1-filtered/train/images/frame465_jpg.rf.2603375c3796dd21def27cdc070e8af9.jpg,493dd6d8037fa59e9813b9ca96254652c892682d6571b448ba66ffcbb880df63,9c75812f5ba44ab5
data/thermal-1-filtered/train/images/001504_png.rf.87ed38e93935bbd769bfbdc60a3043c5.jpg,2c1828219ab61cc3fa81c3962a5906ab9efa340efed9509166cf2d209a6f4688,f56a157b07f504e0
data/thermal-1-filtered/train/images/0_0_000184_jpg.rf.aa6ba421a145b77147dd53b862fb6511.jpg,cff3042b249f9e515e565a93de5cbbec1dfd4cb32e24d512ca79e7314c18b203,a92a154f07735c76
data/thermal-1-filtered/train/images/003697_png.rf.d6a942ced993bcca75145a35c5c1de1c.jpg,c31db8694e5ce79a1bc06711465a02d4f4c4a8414c6a5c6ea3a2f2c809eb9d36,85f555ac53aa55a2
data/thermal-1-filtered/train/images/002454_png.rf.8d3cf9b47c5ec878c63bc33a7af9257f.jpg,6c7eb98c89a32dcf57dc9243bfdaceb7bdfc57856aedb582cc9636fb265882da,bf7eff5ed4008001
data/thermal-1-filtered/train/images/002672_png.rf.859df6b714bd88a33c76a456bc53cca4.jpg,00ca9806fd2fdbe6564fc2030396a2e0cfd44ce0957c966dee5d6b3da5eb6e4d,fc6fb846930ca358
data/thermal-1-filtered/train/images/0_0_000030_jpg.rf.e720476645c44cf603e0fc84fbdde80c.jpg,d672048115a82f10cc5276bc72a93710c312932a9a381d0e3f52190136d5f7b6,c4628cc932dd8bfc
data/thermal-1-filtered/train/images/frame72_jpg.rf.cbf4f7b613ef0ed92ddc13ddf927970a.jpg,55afb0b8c666ec2ce02bb4de299cb4893833ff9f9807aa1e96cc465a9f7189ad,869bfb8ecc619912
data/thermal-1-filtered/train/images/002289_png.rf.32e3c01d11fcbf21853df19e660f661d.jpg,97b835c7a376afa2813ae9c39fd9af50338cb0178b5b97fb86702a66d27f6408,d00000fb0fff0feb
data/thermal-1-filtered/train/images/002679_png.rf.f7ea362a709c5adf455c30a36c1d4e25.jpg,aa91d5920476b7075472203b74ca1bb185e956a96a62c3ca80b98c243afa9c55,d09f04871f9f0f1c
data/thermal-1-filtered/train/images/001656_png.rf.345b73bd6e855541ffd4cec25f2e883b.jpg,01733e39d56e11b3b3184347c0ec6e2f8f83b57b96aa6e43cc677dc75ab253ab,d08000ff48ff0ddf
data/thermal-1-filtered/train/images/003736_png.rf.8674a17f39c221214f0d780630f95fe0.jpg,9187f676fdcc7e2b450dd51b474455616639981a838c3e7fa4b15d17120b7161,d17f803f07181f1d
data/thermal-1-filtered/train/images/frame648_jpg.rf.cbe02a48135d7a4c5dfc78abe2865fb8.jpg,a1a817a0e58c1e72aa25fd04aea6551d8ff84a70e5cdba817258938778cf145c,fcff951d958e0021
data/thermal-1-filtered/train/images/002292_png.rf.d5190301af65174080a47fde7044e85e.jpg,5c6ef38efaf0c7e7b9f57a68a37fb0228c058069c350ad2216cbe6f413fddcc1,85cad5d255555553
data/thermal-1-filtered/train/images/IR_BIRD_012_frame26_jpg.rf.8865e755f6a7ae87443bf0fba489bc26.jpg,5a1fb36f6e7babcf5f8993ef339239f7594a873033d3c28e04c70defbfc435a8,f7188c7708d47f18
data/thermal-1-filtered/train/images/002409_png.rf.cdac0ca2e66fd1d990328fd517a74ff2.jpg,b524528203bce9c9cc8da72bc813aa4aadc42a1fa12253a6add745288348834f,aa7bf708ca15c730
data/thermal-1-filtered/train/images/frame702_jpg.rf.4578a50d13fb78235d75b794c44b5f70.jpg,e58c9e0f7ee5411dc96ba99d8e067953befd5128049ccb3fafb9e07f904e010c,fe80fe80947e80be
data/thermal-1-filtered/train/images/002054_png.rf.6d3a9c8dbae2e376fcb31eb6fbfd815e.jpg,a83f5935b926f7cecc183c90a78ee1a8ed3bb7598362ce323dca92b021fbd035,ef7ba04d824db268
data/thermal-1-filtered/train/images/frame183_jpg.rf.4111314135db4caef1aaa2cb7a0c9844.jpg,dfe629b8e0a282383236f0eb42b4dd5ec1aff0c3555cfc6a0b3c9ae4fe8d2191,d42994cc42771b7b
data/thermal-1-filtered/train/images/002796_png.rf.3bac8de90dc0826bb8cf23539cfa2675.jpg,bc2b9459b136f2a9a98dcfb20082479984a6a2bd7f8d581a83621466cc904fb2,803f50af7ae35a25
data/thermal-1-filtered/train/images/003798_png.rf.728018f7f9076c57fa922267cf75a47f.jpg,fd5dca34b2733f5211c351d5041b9efc1d6609b124a5f85aa7b7138389326b9a,f76fb905923b0134
data/thermal-1-filtered/train/images/ir_3_031800_jpg.rf.b574b6e63b900ae369ec672703304e7b.jpg,4bee1393ba87972dc046eaf1354136839f6c93806baab61c5d2ae6aa999af986,9c0b792373279e4c
data/thermal-1-filtered/train/images/frame396_jpg.rf.3a9d1614c0ae84e90254eaba0eee591a.jpg,e2196aa073cc23d397091f54cd1bca5839f894828e2f2fa3271004aebd315e86,a4d9a6591b4a1b6e
data/thermal-1-filtered/train/images/0_0_000360_jpg.rf.2a7704959e69b87aead9577b27c1efc8.jpg,e043ef73f065d33e7df9e4a5e75eecd5c7ec788642574f8d78f8f4d06a39fb62,e7dc38f868ec18c2
data/thermal-1-filtered/train/images/frame672_jpg.rf.9417a8ec1302661c724ce284b2ff4b08.jpg,2feb74e8aa0bfb1e2e3aceb6f937a0cbdcc0418a3591f364efefb442ab06cb8e,eec4fa90fc84ee04
data/thermal-1-filtered/train/images/002368_png.rf.c710f7704be9102cf21cefb122c6ca9e.jpg,07ad173d4bfaa4ff929165132a25b4e5bb4217a35566cc530a1b53c4aeb3179b,ff7bd8158007a01f
data/thermal-1-filtered/train/images/002703_png.rf.e59dcdeb773e6741065801603b50aefe.jpg,9dcaae046d727d98ae55bf0ed94069c8273c5d4ae1e6c7426bf8264bd971cb05,ac95d5b455b40bac
data/thermal-1-filtered/train/images/0_0_000509_jpg.rf.5710067ec3f889b88f3c4257b811289d.jpg,257331908c200ea3a5727bfe51bb4cce32a7ac3e211da41eae45781f0c53b647,d5023e7cb0a397ca
data/thermal-1-filtered/train/images/001793_png.rf.33eddfd1fa2d8750bd987e1e09e0c3b8.jpg,fb912fc37496e62b41b812875a01aff2190516c98ea4bde0330176d53355b443,f56a157803fc037c
data/thermal-1-filtered/train/images/frame386_jpg.rf.1904db608ee68f68ed50ba0cba229d3f.jpg,3144540a037c2deaa157e5fb05f27c88f7f85145ba636c3563ca419827a0d3ce,f078b9900be0e7ce
data/thermal-1-filtered/train/images/frame110_jpg.rf.1e056d3b15686c7fb4e90061f72ebd31.jpg,d0a43854221680f59c1abd64e959c5ac697661bef5be9d263385b32a012aaf00,bb6c532ac471ea94
data/thermal-1-filtered/train/images/002283_png.rf.29a9820fa624860ad6472e7d706e3db6.jpg,eaadd7a6d9b26e931defa197f331095d8b4488954383a4d681a78eb3b2d83f4a,fe6fbe5480748660
data/thermal-1-filtered/train/images/002297_png.rf.4be52c7aba05d51430d22721a2662390.jpg,924c14c62fc8b74fe63516e6d23b5e0de11fede116047af697691877b7463b48,f46a11780fc8a75e
data/thermal-1-filtered/train/images/ir_047270_jpg.rf.37071f3cfdbf23ee894ace8a43cf4481.jpg,4b33e213de88321aa6b7cb3144b78b98c51ff52ad1dc7a4341e566482115332f,cd4a85eb05fc1e61
data/thermal-1-filtered/train/images/frame132_jpg.rf.8e046f6bd360b3ec8a1dca5a2ae8a1c5.jpg,ecfbe19ebe7d9f4eba60920809f32cf01af114aa780b63f6678236b656dd71f2,9395d40f54ae4c2f
data/thermal-1-filtered/train/images/002682_png.rf.302dbe0c0492b631d5c1ae51accfcebd.jpg,2427814caa0e7032e979039b35f5eaf03987a1544c632c4409e1b6eecd13a453,86d042adaad556f6
data/thermal-1-filtered/train/images/003716_png.rf.45e3cd5ed386145ad30328cf3772c6ad.jpg,6243dd8a052f6d681d042b1c66f2d06f058a1faabea07a0d1c60416205da015c,8c95d53153ab55ac
data/thermal-1-filtered/train/images/frame239_jpg.rf.56d4f995f64467d30ffc2bbd280bb569.jpg,7c6aa1564f59674604b907175676c4c4e1435a172a2b2b623c7bd37d7cb950eb,ef91b347189c61b1
data/thermal-1-filtered/train/images/IR_BIRD_012_frame227_jpg.rf.1b057ecc0688c9eb2f089c6f87751174.jpg,4aeb0c72e27f9799110940aeae5e2c270e34dec17b2dc472b13ed49eb9105264,99770c99462c59bb
data/thermal-1-filtered/train/images/003853_png.rf.e55edd44227c02ceca832406ea9d2682.jpg,a723a7d5e81821208255a5b4c918a2f9fd56a1dccadd993fd4afe7e0ee4713aa,d19181070f1ffcbc
data/thermal-1-filtered/train/images/frame521_jpg.rf.d2c3e96ce2b5cda4ee5aed4eee5a9b07.jpg,f3624577f26c17f329352f17b587ef9557580e56b7bde723492ac640b835783e,a8b0d8e8d4f4d54b
data/thermal-1-filtered/train/images/002691_png.rf.71324221ba391437c47d32dfd630336b.jpg,8a745a0f1157ad8da11ae11bc9daf8fc1f59437769a2ae921ea8c598604ac79a,f47fa056b780a714
data/thermal-1-filtered/train/images/0_0_000243_jpg.rf.0feb21e880397ff0b68065d3db59100e.jpg,7ea8fde3c0e3c7bf42dd7d1b3e627ab31cb05c3f95c568881cae4cbf7f5a1254,f807f807f8348f70
data/thermal-1-filtered/train/images/002733_png.rf.9019df0af8d067fd59ef16bebef1bffc.jpg,6de294048cb9ffe863d4dee59219db5ab789349c5589c61641d2ead190c7f9ec,a56ad555c1555e43
data/thermal-1-filtered/train/images/frame463_jpg.rf.c90ccd73910d921bcfd2bd5ae4217943.jpg,ca3cd01d90685d3c1e7748787b0902b4c57d0ba7649d8428d0b4abadfb9f2bfd,bc78812f9e95072b
data/thermal-1-filtered/train/images/002400_png.rf.8e098fba591dbd1ec4922ac5a933a1e2.jpg,be194f8f8a687dc9c260067fbdbd1cb1801bd7abbfcfa4508b67468bf6171dae,d9a080e087ff0cfe
data/thermal-1-filtered/train/images/0_0_000035_jpg.rf.20c286ee5bc67b515569ee39440e946f.jpg,2319567ecae19644cb401f4f8c2fdaff1ed3bf60514be3153cb079437471c31e,c0980c6466df0f7f
data/thermal-1-filtered/train/images/003798_png.rf.30fe604578257c2ffc7475e07c4f10ba.jpg,ee30286ba51997e75c5d4eb4bd1ba57b433e27b471b6fa1b469df3ca8a6346d8,a23fcc38e72e5521
data/thermal-1-filtered/train/images/IR_BIRD_012_frame123_jpg.rf.6abcbe13fff0232f854518c3ee33c449.jpg,ed9547b7e8647b3ee12e9433ab69e75fd51c7a735ca18b3b7bb86fe87259d41d,d50ae55a8a751ae5
data/thermal-1-filtered/train/images/frame303_jpg.rf.6109980ee12d63bc8e8e196a610d6a4c.jpg,87eaf8475f48e81027fb33c7d284cb4956b0ec8c44003108dc35d3622d8cd081,b7e5c8db4a5a504a
data/thermal-1-filtered/train/images/IR_BIRD_012_frame165_jpg.rf.fa4631eb53d3063329ec9bdbe3d22f85.jpg,a7a87c2ce19e13881ffd480aa554261969662fdf1dd11f6528df8865a66eb916,fce0017f027f007f
data/thermal-1-filtered/train/images/003697_png.rf.a780838591a00b69941fa94b137ec91b.jpg,e32269a555dbcaf3b61dba6f22f09cee7c2ba091c36a7d3efc7352de4628a367,d07f003f0f340f1f
data/thermal-1-filtered/train/images/frame59_jpg.rf.43f53aff2008b3eb2af4d9cace44eb2d.jpg,4792791ffd2b56304362339897f495126e852930c753c723adccf2a88f1e3571,bf96d39966a49109
data/thermal-1-filtered/train/images/002058_png.rf.61684450aae155c650a71a515ba606b3.jpg,6043618002e653a9b685970d200a947002bd602b7e003366713861201b5ba1a8,af7ba049b24db078
data/thermal-1-filtered/train/images/002198_png.rf.469713bf8c31cd98127e6308341649d1.jpg,bc14dd181f3ed160e45bb7da9d7401a1eaccca6416a383f2b0ff771f51840703,85d555b45aaa55a5
data/thermal-1-filtered/train/images/frame445_jpg.rf.7a55e89f5e6f362cf92e39792f88810e.jpg,7f89dbbf30e2c4eac2f4bbfa39a5b68f0c44c0a0e56398a9bce662f548ccb4ad,efccb93ec0a01dc2
data/thermal-1-filtered/train/images/0_0_000004_jpg.rf.27a9d87e959ea161b078c9e0626f8453.jpg,7ecc9ac0156d9f584942da06188e5aa7d4f8f2895e6881ef27c38c7da646fcf8,952a44fb13690df6
data/thermal-1-filtered/train/images/frame357_jpg.rf.cd7c18091e93da6070a5a7ae109e71f0.jpg,f36c0b27afbbfaab2f769e0d9ec3ec05224d2f80a96725545387c19bde1908d1,85d59535552e5e8a
data/thermal-1-filtered/train/images/frame227_jpg.rf.2da68c8811138afc1fa31711fe536490.jpg,5ac3dd7d7690a0413a948baac6ea2e54da9a1cc0270844aebc43b9c97449376b,d0d5941f4fa21a3d
data/thermal-1-filtered/train/images/003856_png.rf.6493f4ad708c2a359c33f02c16f08a42.jpg,4cd0babf11afbed92e0703960b8991ffbbded6df7b2aa81e9644d94cb3735551,f37c27701f41bc03
data/thermal-1-filtered/train/images/002032_png.rf.9aeadbbbde65c49b962dd9da651c742a.jpg,0c739c84aeac7a48d0442a1ce817952f743a89a4ff1a712376fcbc264bae57e4,95d555944eab551a
data/thermal-1-filtered/train/images/002075_png.rf.e08b23ac523522a49cc6d50cef1ed551.jpg,6cf4273431b7738e7959d7dcc374c55835b997a544dbad56932d250b321de62e,d07f00b41f271f0f
data/thermal-1-filtered/train/images/002220_png.rf.09914c731fcd26fa4989954a5ef17113.jpg,2a4b81c2ae192c4cb85b8f7c53d07821cb80ad3bfec94a70dd47f605ee48279a,8d55d5aa51a543ad
data/thermal-1-filtered/train/images/ir_3_037420_jpg.rf.1d1bf14308a0fd6c3d18cac0133c38f7.jpg,705e4d4c77e72c7210d4c6178b26284d4e89396e81fde60c686deec5d0b5c302,b1075ca343fd1fa0
data/thermal-1-filtered/train/images/002234_png.rf.c41c3a41f64081f0d8f78d0db9faa3bf.jpg,5010fe6282b57521681291bbb14478ba83b0ffed9b70ac44b0a507d4dc9289bd,8ed5d574c0acd299
data/thermal-1-filtered/train/images/ir_3_016510_jpg.rf.84591d32c9d58e353858ab2d0dbebac9.jpg,756c67c204e57dfb53774a12fa06a204df45ca1edad5812051d6a7cbe76058f1,95d7553f4a0958b4
data/thermal-1-filtered/train/images/frame655_jpg.rf.6d6cc111eda38bda3036c2e9ae7adcaf.jpg,99c592ca9a304dad69c2de55144347d9e517c167d00006848fab0fb5f771ec2f,eec6fab8b0a48686
data/thermal-1-filtered/train/images/002442_png.rf.6bd5c85c8bd804eb5a06afbef7138dca.jpg,c38ae0c0e0e43e9a0a842284de0f3fda43ed47c3d1d19863c2ebad7a8092e6c4,af7fff4bd408a000
data/thermal-1-filtered/train/images/frame109_jpg.rf.d96d5f74c3008d33f1ceddd1825a38e1.jpg,6ff7d6698b7a0a8f8b30c3bad27ad6846637e099a27715183fd335a90e3633c7,b9925155cedb4869
data/thermal-1-filtered/train/images/frame655_jpg.rf.807fd1209b46ac38e24c3378c5fab94c.jpg,5a368aafa8ecc747fcb850bd35b207d23f1b5f3820b5f144d6d95afc2fe68c58,fde0c07890dfc750
data/thermal-1-filtered/train/images/003809_png.rf.ce5e7e169052bc82154c6eba552091e6.jpg,e2f256db972bd7a354bd7a2c4e0f9b9eb2e53ad4a4c20f640618597d5eccab17,95d555a45a9a5a1e
data/thermal-1-filtered/train/images/frame169_jpg.rf.2a35f6260edfabf374dd833158608cc7.jpg,419df8d7616ac67998530d94e16d06144ce91699e7d85d4a50feb2f715261ec7,f9469c89d3c6055b
data/thermal-1-filtered/train/images/frame318_jpg.rf.fd4d0fbdde68c430ec5cfee95a849add.jpg,7b6ba3f2c07f8961fe3015a80ccfa61ee09265107be357693503b9efb0e6793c,b2e2ebcb69485a49
data/thermal-1-filtered/train/images/002071_png.rf.6e1775cf8b41a270a19d5626480ca7eb.jpg,36bcb0e8be13c370a0830717286b4c12a6b5e0e9261eae5e00518cfc76aaf4cd,d03f80bf0f170f31
data/thermal-1-filtered/train/images/ir_2_021310_jpg.rf.2ad2ed616da086ef1257df0df3b337f7.jpg,2ccd012a03f4f1c0aeb9c92add4b4050c28568b775d225e82d500cf417a57afc,e8d094eb165b16f8
data/thermal-1-filtered/train/images/002743_png.rf.e48705d2ff61fbcb7bd5a92de354243f.jpg,53461641a007fdb15bf317d6f06dd65fff74ee4f369347a17540cc9e6b25d57c,803d483d48be375f
data/thermal-1-filtered/train/images/002030_png.rf.c815a0794b4f6377625b7628cb4dc7b2.jpg,e933f5a74d1926c836b5b5d26c85eed024e7f87734dfc4e577b23f15a76abda6,85ca554a495656df
data/thermal-1-filtered/train/images/ir_2_023190_jpg.rf.9e90afcceeb2525282d338071b88d087.jpg,abf6d9f7c61955af36ac7152d93d3679f9c14e6b12918bddce702c14b7936afa,ff7aaa759c41a104
data/thermal-1-filtered/train/images/frame642_jpg.rf.83088cca6b948cb361dc4bc09a8aabf0.jpg,effb58ce7d350a86d0d04f016214a97d7fb8beb326422875c5aa1f40f3778464,eee6f8b8b8a48606
data/thermal-1-filtered/train/images/003844_png.rf.4239b643ac906a1c8bb8b88dd6573699.jpg,296348af0343bb85010bc6f2eaccc16640768acebe4728cb91fdfcfc5d973d27,952a55495ad55b53
data/thermal-1-filtered/train/images/IR_BIRD_012_frame156_jpg.rf.2391a10c784d063344f672a6b0115a27.jpg,b75b8a44b7ffef9dfa267e6786624623d8b0876bcf6385013ad77baf1e77249a,817d817f812fd02f
data/thermal-1-filtered/train/images/0_0_000025_jpg.rf.fe3fe2619cdf9d029e62ed96c9aecf26.jpg,2cb056e8822e2cea83cf8b2468b404075e1c47144400ceab32f8cabbe2b58b09,c99b996499649bcc
data/thermal-1-filtered/train/images/frame564_jpg.rf.e59d68ae1b746ac256b9ae89594daa4f.jpg,b3366bbbd6814930ba5babfaf09948d9106da8c94fae6a64ce26b0146e96274c,bba285e8c55153d3
data/thermal-1-filtered/train/images/IR_BIRD_012_frame189_jpg.rf.b8a989925b6d6549137af134f1a7ce85.jpg,44544b83836f6381eb36f20208fb3ee5567c043c7dae3a911128a0a7ceba8bd5,fe0f0f43f00f0f81
data/thermal-1-filtered/train/images/002557_png.rf.69b8a0e9dc824e48db1b2aeb80a908b8.jpg,eb84d0aa27bf59c269fb56350dcf14902b407780a6cf7b0bb61f9b9f31a4a146,e07f003e4fa055af
data/thermal-1-filtered/train/images/frame511_jpg.rf.14c71d3f377395b608f15e12afc68ea0.jpg,6c311c95c729229f9ad40cc58a13ea6550b709553d869682fc45566e624ddd29,ef48cfb0b2369c0c
data/thermal-1-filtered/train/images/0_0_000102_jpg.rf.369efb1345408f8af4d8a303e12b59b9.jpg,f4451ab847e8c1c58f4e9c0d2db72ae13cfd6d5c71af00a8dc3e5d4d60399390,c03f11be5d041f3d
data/thermal-1-filtered/train/images/frame273_jpg.rf.b2b0a805935a6ba941f1c70acd10acc6.jpg,2b229de045b57127658831a9fe1495ab91dd70030b6a814b6fa764ead1466553,a5c8d15b5b5b5151
data/thermal-1-filtered/train/images/003823_png.rf.0f451aab162b4e717d51e9ce38f659b7.jpg,84484135a5d4869278913bdea48646dea3c90a3d010c7ff09e10fad31631c13a,eb7c07710e639c07
data/thermal-1-filtered/train/images/IR_BIRD_012_frame287_jpg.rf.009bdabff202aa5f7db4c160fce3bd4d.jpg,a09b5672b5683a5fadd4dd3a60a534fdf90a08f255e4318e892fa726b2fbae07,946449734e59537e
data/thermal-1-filtered/train/images/003107_png.rf.91f7ee99867b5f3f891cc80aeb83c0a2.jpg,24b9566591e41093a40342496a1ebaba0d3bc20d69d1d40843be2c854eada67d,ff6b885d9089d324
data/thermal-1-filtered/train/images/002375_png.rf.7b0a5574e95239e3371fb86938de7748.jpg,1762f83f92715b8b07718d47c8a36cafceaa2746deb7ea5676933e8658b9c505,fb6a906e8156817e
data/thermal-1-filtered/train/images/002793_png.rf.91f805f2e1bdf5e55890c9b13c9f85bc.jpg,b8cf54a8be6cf20ea8cb5b3f7926038acdf4289c1198edd0e96ba7b0c1cca218,fb542bd10e31cc63
data/thermal-1-filtered/train/images/002040_png.rf.69c0501874451d7f28e039ee280ee149.jpg,491178981a42d65720122294ac54b6b8d68173b73c934e5eee1c6c7f16d2dfa5,807f402d57ad53ae
data/thermal-1-filtered/train/images/ir_2_017540_jpg.rf.6417a88889c33c615c6227810f54a749.jpg,28ffec0d3f1154e4f1dfe15ed7ed5bc7afd630eb830678aa3e1f4452bd990698,95d555b45a0e189f
data/thermal-1-filtered/train/images/002244_png.rf.29c2c97bd33631c3b87af209f05e38a7.jpg,9a11e6384fecf2ec0e1749fc3c2f89b45a70c2ee8d559dc131bfc3080df6455a,eb7eb855807e8065
data/thermal-1-filtered/train/images/0_0_000021_jpg.rf.39e3338453858e976bc927f1f2c4f6a9.jpg,1a92209a8a7155b91fb2ebc3f6edaa63b64ed10eb2c9843aaa7bfdb2da684674,eb7d1694a96b0654
data/thermal-1-filtered/train/images/0_0_000268_jpg.rf.f943622e399bfcbad7a3247c39b36d02.jpg,c789df71b0c579681d7ca11b4ae79155dce01303a6578ae0fbb02f841019a313,af48f51add42e01d
data/thermal-1-filtered/train/images/002550_png.rf.0a9122560542b53a169e2c73a6887ecd.jpg,a0586b0d44065bc33b211267d72e32865aa56ef83d67ab263fa6e1adbf6fe44a,aac4d25ada54d595
data/thermal-1-filtered/train/images/ir_2_018280_jpg.rf.860a1b2aa4e4a1af26b49a36da11bca8.jpg,34dee4886c5f880fd52b9bf48a1a926b2ca45b35ff29d4485630622baf5a9ff4,f93f90169626a16d
data/thermal-1-filtered/train/images/003802_png.rf.b70a016dfa007bb3a0a4daeb27bf4764.jpg,198cecc1f32b14e92b911837d79ba4a4f0459c3fda3cabd22c1b01fd139651f8,956a554e525d5749
data/thermal-1-filtered/train/images/003729_png.rf.f41082775dc8038338044f52f4338e8e.jpg,746c0f610628d2a4b89078389c2022b00caebc81e93eeb285a7f868a55298fcf,952a556b52555d4b
data/thermal-1-filtered/train/images/IR_BIRD_012_frame53_jpg.rf.82b14e7c7e6004dbe2e99ef52b91e7a7.jpg,fd4497ad47476127efd52af0058c32960ebea39228e843f9d1c651431294d6d4,f7188c7708c57f18
data/thermal-1-filtered/train/images/frame415_jpg.rf.c54f358a74724360df7272612297eb9d.jpg,6a835fab2a98a4d4cd0275d2a930b68818def71f38d52b4d7ffaa3480ac406dd,bbccb56a1d450c55
data/thermal-1-filtered/train/images/ir_3_031750_jpg.rf.a9ed81c2a72a0b56a252d22dc219b5b8.jpg,3ed9da799bbb323b84e9b21e41f6e3c93f3a9b7e0c621e68863917e844660b18,bb1bf36e640cb109
data/thermal-1-filtered/train/images/0_0_000058_jpg.rf.a428efcdf541f6c1c65b8097efccd1c7.jpg,e6693972af966e177c11b4c80891a2bbea88e8aaebffc2c5f1f796ae771ed60c,a59255694dd6554e
data/thermal-1-filtered/train/images/frame122_jpg.rf.f8feecb3a7c4b60ea8f223c7cc68a182.jpg,21d50a58cd5c602630bb5472d902b3b5ee635524985c06b64c6f2b307971a4f7,95b6c4c153d5525b
data/thermal-1-filtered/train/images/002373_png.rf.bbec928d731a5e41f404297801af185a.jpg,c6819f015de6a16e2b98e0be6a4f156829a3a1101bcfa829b7f0754959eedc3f,d07f803f1f040b9f
data/thermal-1-filtered/train/images/IR_BIRD_012_frame257_jpg.rf.1517108fcfc586c986da6303c9c323e1.jpg,aa6ba5913c465c1bce35091c5c013fcb5c100f350df6e7300f92a4b56e204431,d52a05c3799c4f63
data/thermal-1-filtered/train/images/IR_BIRD_012_frame111_jpg.rf.bb6b9128fd576fc935efd8ec70071b9f.jpg,91cb0e5dbfcdf449d79b05c488989eac24d50b78f44c3a2499bb6ced3d5281d3,d528d56b857b05d2
data/thermal-1-filtered/train/images/IR_BIRD_012_frame186_jpg.rf.462a54395b2b3c2677dd37d1b5ce139a.jpg,de4087aa34b11d88159621930339ee4e08ae6505d713a7928c7eac38dca97062,dd22dd46a25c22dd
data/thermal-1-filtered/train/images/003856_png.rf.3993edab749f80a8fefa3feac5c57804.jpg,be820b6df9f94250c349ecf0f41976b5678fed3c0af55622ed66553e604ab79f,d03f80070f3f1d3e
data/thermal-1-filtered/train/images/002791_png.rf.5fe494ff2460a42253df5c92c08989a0.jpg,0940b398508b143e0213e5f3136bb06157bf1a5e94467761f9585d29290d329f,96ea554b5a5a4b4a
data/thermal-1-filtered/train/images/frame653_jpg.rf.cde8646836f43abb5bbe4d7962125909.jpg,b98639f284b957975b3aaaf1f12fb33c9bb071f77be95569cc7fe980cf750feb,e0e0c058d5cf47d7
data/thermal-1-filtered/train/images/IR_BIRD_012_frame178_jpg.rf.9d24b5734b653e70c378ff3f2a40064b.jpg,2e30f588a6406d7fd136de822af6b8cf053b7120477b997fd639ff7f1158574d,db249b55865924db
data/thermal-1-filtered/train/images/frame251_jpg.rf.8c9dd271cdad46a051c7a480bebfb0f0.jpg,fb603bc2c596e9664651d6b01905408c103f550672ae156adb3b806f5af2abf6,b0c3c7465c5a58f5
data/thermal-1-filtered/train/images/frame567_jpg.rf.61f165837f58f1d95c72f008afacb357.jpg,67e4dfe8661484d0e609398c791a1be82eca49b2cfaa1498fbf5ed0afa4cc31f,a44a85f2c16d96fa
data/thermal-1-filtered/train/images/ir_3_032220_jpg.rf.3e2cd9ba2f2931f7e970efd9060829bc.jpg,693c72898886ecd5b9e229856262da4f898f14b5f5d5c102a9c26f16f1ca5436,85ca514a5a575f56
data/thermal-1-filtered/train/images/frame202_jpg.rf.ed4ab69e4036e7497809a528523adeca.jpg,737c1d16ae89e325ff7dc01bf62750fcf37b02bd5fbd9519005ecdaa393f25ab,84d04a2ad77d15f3
data/thermal-1-filtered/train/images/ir_3_031230_jpg.rf.a46587932e50276d81a17fc75c05ed1a.jpg,cd852cab68de099351019db034faf37d441fcdfa99863889f69f3afd54cf0598,d0bd059d05171f1f
data/thermal-1-filtered/train/images/002421_png.rf.5d1a4e89fe679a9b2be5e6fb194471b7.jpg,fe9f97b5a56e987f2d0b9c44446b6774085f10ae4ad3f6ca94f7d583f15d650f,ba2fe00fc8a6d926
data/thermal-1-filtered/train/images/IR_BIRD_012_frame216_jpg.rf.4b2846fe346a3c5a5165d8c47c5a5c6a.jpg,bf7d2238ba7419b5e1e3e4e004f9329c4ee03d13d97b96331ce89e85e8c8167d,c79811f236e40df9
data/thermal-1-filtered/train/images/frame374_jpg.rf.851d9b1e2aaa7403efe23f2217f70433.jpg,1733bbf2447b2c739e09176f1894fabfa8c4cf828bb8ddf78c4d4fbad264a79d,c9f2d4d357d86064
data/thermal-1-filtered/train/images/002347_png.rf.47e123c1e1efbb354abb6c35c445146d.jpg,6618e36bbd7ed82716e689161fb0a5fc32512c586d1b24a77eeaffd6cd7d4674,bf2ad946d049f215
data/thermal-1-filtered/train/images/IR_BIRD_012_frame131_jpg.rf.06bc7494f45014693688119e786429a1.jpg,0ba93a1352c2a5b87c3a0e051066610ca8df5ef1a69ffdc4ada2ad86ac5a6f6d,fce000fb417f007f
data/thermal-1-filtered/train/images/ir_3_034950_jpg.rf.adda5934595d300f9ea3f9882f0a6780.jpg,4eae6488e7e8bd0292608c351e265da1ab8aa24099b388f978298276d0169025,85d555875aac1d87
data/thermal-1-filtered/train/images/003048_png.rf.a720c4869fd5a4e142f45a60ac26daa2.jpg,9a4d4469ca09bcae1cdeedf176035f647c14594b5f1ad6431bc453efa0419879,d07f0414183d1fbf
data/thermal-1-filtered/train/images/002210_png.rf.b6e638378200c372a9611d0c586c7051.jpg,3904b136cc714c039ae8336e11a47d6d4f9427787937545385d3dd58b01d5f0a,85d555b456aa45b5
data/thermal-1-filtered/train/images/IR_BIRD_012_frame1_jpg.rf.275c33396e6d1a0760a513580ddeb1fb.jpg,0c28c3381c0e49cc386c52e1239800781cecf99bb93dc2c5e62093050aeb0a7c,a56952565b565574
data/thermal-1-filtered/train/images/001513_png.rf.c5bd4781e4803da8d9d281551c8ac8ab.jpg,d8e8221ed3a76eedf1b15969245365fc64aa0d5871a8fa4dcac75d027580b294,aa2ad54ad151575b
data/thermal-1-filtered/train/images/frame553_jpg.rf.43c1e055736402c5f3c1421b09b4fb98.jpg,06ed8ca283c9c6cc3074f708a95f1d3911487e70f84af7bafe096a9454b54d22,efe7c898b838ac06
data/thermal-1-filtered/train/images/frame708_jpg.rf.6ad1ad0d05089fd9e052ae4fab3b5161.jpg,0dbc8f557747f99444c5cec2eb6f2595e156962ea72fc92604d0cddb00dfd6e4,f5c0c1ff00735c53
data/thermal-1-filtered/train/images/frame260_jpg.rf.6453aabbea0fa83abba3da824aafb9e8.jpg,4fe4bb9361f2d2fe3653d372fcbd5f0a72215086fd1d024e6d03390484d88dc1,f5d7843e40881f8f
data/thermal-1-filtered/train/images/IR_BIRD_012_frame53_jpg.rf.d6f1a4b9ef958bdd8b1fbe4ca747464d.jpg,39bc093c804608c28eca4597625055803a1a188ff166de848dc71d812f860108,f0c201f11ef01ffc
data/thermal-1-filtered/train/images/002020_png.rf.e5683d14b6f5dda9ff57deaa94d135db.jpg,d3808c59d3876d5d329ddac262bd3fcf4c2d83d27765bd8f88cba5f226bdc129,853fd12b5237e232
data/thermal-1-filtered/train/images/frame490_jpg.rf.97fe161bad7bdd0f96f7e563c426f4e5.jpg,47a94081ae865736148f945f9360d895305e0cf91d9958b8e312e02b71f834d0,fe0386fcb3303833
data/thermal-1-filtered/train/images/002404_png.rf.cedb0500f989d3b8b31915d770693dda.jpg,d21cb23bd49a07a43d233ed2d768fb8882d1aea60e194a6eeccb655c6202df05,f9fd801f8d0c9e0c
data/thermal-1-filtered/train/images/ir_046670_jpg.rf.1aea154a8d5a3a03e02c83ba3c6f462b.jpg,0b05f6dc84aa76fa23997a6d002b6001364fc3fbe98b733f5bc6ae6cc1000ef9,b634ad2b4a4d594b
data/thermal-1-filtered/train/images/IR_BIRD_012_frame29_jpg.rf.d7f14ca51bc22dfea51be3d42341de7d.jpg,ab0e9ffd6f1ec6f1d2eb293286288afabc78bde45799cae1386f27a7764b4424,855dc52f18e71f90
data/thermal-1-filtered/train/images/003031_png.rf.af120df440e8b8417f5e1855fbf99722.jpg,d8553db4dce5090c99a1aaee29e9c1f06a8cf683118ffc923c50dfd5f6a818ca,ae3bc43b4cb38658
data/thermal-1-filtered/train/images/IR_BIRD_012_frame96_jpg.rf.def91310ddc3e3fd4a702acdfbab5f29.jpg,53a6b1160ebad28f8779350f849638791254ae15180108285a68bb57564cd8e4,fce001f001ff41fb
data/thermal-1-filtered/train/images/002716_png.rf.7a20667322b96e3e15490d806be7e99d.jpg,47114f80c28de218429ef28f085c302593f78346f4a8b4791cbe4c6243559601,aa3ad30cd5ec5964
data/thermal-1-filtered/train/images/frame485_jpg.rf.36cf14e3bfed07bcfeac69e6890c0ad1.jpg,900cbc1c48dd5547981aa1bfd7f33dc99f79fa6c33c837a62be6843a71e71678,fe0383dcf0bf009c
data/thermal-1-filtered/train/images/frame200_jpg.rf.7eca589598198c3c861ce4ce6f68879b.jpg,ca5c7d4653ecda669664dc382378a41dd98164492c26ba5c2417a9b03eb0b1d1,94f840476f6d4e93
data/thermal-1-filtered/train/images/002053_png.rf.a4bec05b62b2c3a2892e11f23b6a1384.jpg,d30f07a14f07ea88a41cb413e1f576d788fe90eb4f43f22bbc3396cc84a6e145,ef7ba04d824db268
data/thermal-1-filtered/train/images/frame130_jpg.rf.699cfbc6bffd128431878186f82a952a.jpg,7dd5239c2a87e1712b9ebe4d88de75e39ef1f1cab309222a0f1cf7541ccb543f,b17f40bd463ad185
data/thermal-1-filtered/train/images/IR_BIRD_012_frame96_jpg.rf.3f81a1234679ce48d5bd637061d9e2fc.jpg,7900d3e3b5a7b43eaef264acd001aadd360c8b85dafa939a9ab9b6faa9a0ab4d,ea15aa63946b14eb
data/thermal-1-filtered/train/images/frame264_jpg.rf.fb54f9a3928fa651b4f5b067f4f2cba4.jpg,56e2cd3b95f121bdd02d95c1287be4e527c2fd62cd6972c66a96d827449cf256,d597903c45181f9f
data/thermal-1-filtered/train/images/002368_png.rf.f06abde2cb1499b477ef01732350f22e.jpg,20ae0e3e213fee82fb29fe4c3004d26cb8e10fa90ecc48712a6069512d9c6666,c07f001e1f0f0bbf
data/thermal-1-filtered/train/images/ir_3_028710_jpg.rf.7c0a1f19925c498516409b5fe3b91b9c.jpg,ab73ae0a0024b0b2b536d98108fc3ca969e09ee403158f04638cae89ca73a9f1,d93f809f871d031e
data/thermal-1-filtered/train/images/frame518_jpg.rf.7ecc4c8be06162780f436c635eef87c7.jpg,70328bd3ce267df20240004e670ef199849ea2eae8e13ab1ac3eb08431d72869,eacee09fb131bc04
data/thermal-1-filtered/train/images/003758_png.rf.f116182e5490d3300870f17b42f57a9e.jpg,e069539cedc052584c1cb9ff69f044bb1c80b9d771709d597f2dca8d0587809e,f36e253d82728d70
data/thermal-1-filtered/train/images/001991_png.rf.0d0c727c8c1fde83eecad79a7bb96b18.jpg,8dc59cf5ae6131a44be561fe13e33fd7115f5b01039f00dda8065c8d47ac8242,ac2a552f44bf4633
data/thermal-1-filtered/train/images/002364_png.rf.2c5ce971df6ec503f846022383e14fe5.jpg,7af6cdeece8271c937d76a38f3c2d5118c669cdad1514040824423225a6e2a49,b07f402f52aa51b7
data/thermal-1-filtered/train/images/001501_png.rf.2abd106e761136604b6f0b7332ba740f.jpg,0f52fef941ab6cb777d7974a9fd17b5ebf8b2e2a97f0c087ca18385f7785da07,acf5d5b551aa50a8
data/thermal-1-filtered/train/images/002463_png.rf.010571f2c4723622f04b8ac5b3d7f00b.jpg,5a849a9b07453160e38ac8570f6900ad95b7e9900fdd1d036ab43c1198b9ee81,856a55c35b515d4b
data/thermal-1-filtered/train/images/002265_png.rf.8767f68915a18ed2d2f1fdbf4acdc02a.jpg,a0da75cd849450811fc97bb0afb64b21d42977782ab6d578f3223c38fa5efdac,b03f41ae5ba853a6
data/thermal-1-filtered/train/images/ir_2_028720_jpg.rf.aa53172fa1ac8cbaeedd66c6b6f54516.jpg,e9a07afb2e7f41e146ead7dfaa4ad24b3a40d3838a225f3d5280f90d555e672a,a26b1d3c51e4c35b
data/thermal-1-filtered/train/images/frame380_jpg.rf.7e1d5c8496406878f70b326d4eb64d5f.jpg,4f84b9f2806514711f2667f7524f0d820f6e94ae8bca8462f27009440359d285,9ea5a78a0b557172
data/thermal-1-filtered/train/images/002782_png.rf.7d6a1b5fcc1838d1c9af44ce02facb47.jpg,7defb06be082ef4319488434d6967ff81f46a6ea4dab7ef684515eacb18390a0,d0789e6700e419ff
data/thermal-1-filtered/train/images/002285_png.rf.c9a0c69dcabe93b4d5c631cfa107faff.jpg,fe5bbcea4a16be2c0cc5bb2bbe6633839bfd97d5f61143e35ca84f4c0ae6a030,a83fc02dd62bd22e
data/thermal-1-filtered/train/images/003031_png.rf.620b22729281f7b97eb25bbb5ac075a8.jpg,5401806e68c819f27cf0f9231aad90222a44b1f8f532cde1c3e7578746093159,85d555b45aab5e14
data/thermal-1-filtered/train/images/003907_png.rf.66bfc932cb2ae5f6ebc5e9c4a6eeba31.jpg,2a3cd0ae3252835a1dabe6352e06a191dacf264cf88efe0703e412ac31fd20a7,d37e1c01c71d38f8
data/thermal-1-filtered/train/images/003786_png.rf.2cffe6f66394f7832c163597bf64b8fc.jpg,dba929a04fd9c9408362eb014ad685dadf7a399ac455ee9e0c598163c8b87a17,c08000f95ff70ff9
data/thermal-1-filtered/train/images/frame699_jpg.rf.c6b9195b787b8c5cef4edda208dbcef5.jpg,3154933340dbfa2f3445d5ed734d452bda3587d34bfef2cd8282644ae8be2c59,ff80fe80fe20942e
data/thermal-1-filtered/train/images/0_0_000047_jpg.rf.cefe1c78f3190f7bc79bb4619aa47d8e.jpg,fe02f61cdeefd939658aa6c4103b1beb073c578789d1e7b66415216d5de91fb5,ee31bd4619fa4518
data/thermal-1-filtered/train/images/frame177_jpg.rf.125b46c03b60a58a9a93b2472b087e53.jpg,48ad0e5e9556390e5a4be050dab2f37f4bc743992f251597d6f8c7d68b8923b2,8181c5669f7e68f8
data/thermal-1-filtered/train/images/frame109_jpg.rf.229f61a01acf29add32607230bcad351.jpg,474c429690ec821f519d59dd70a13e49e13c69e44f3a9ea3a525076a291b3fdf,cec7011ddd211f1e
data/thermal-1-filtered/train/images/003809_png.rf.62fef21bb41cc7016a627676efb65200.jpg,a95a7c37834d8609ac796408457f46ac5dca80dcff6602f9d3d5a45ec51e6651,84c2d5f455565a5b
data/thermal-1-filtered/train/images/IR_BIRD_012_frame196_jpg.rf.a7b11d82df4d6052e0af239134e1414e.jpg,6b96e95e6905d25c1b3d64e819d12ec50b946cbfbfdc3dfe55ece45cd5a35698,c738c709b847b8c7
data/thermal-1-filtered/train/images/002806_png.rf.4327830d9d9a4730e094a16747e3aa8f.jpg,9e2f5c976ad78495bd3308d6c8ceb6e90edf8114a7bd9551a1da58278965301e,f907947f810f9f01
data/thermal-1-filtered/train/images/0_0_000270_jpg.rf.aff6564e32cdd9ff4278470059a2871b.jpg,22cf2eb3d88be0cfa43a93363aa3317c8fb10e13736c1bd1194ce6c4cbeef803,ae44f51bc761b01e
data/thermal-1-filtered/train/images/frame612_jpg.rf.e637481f18fec3e80e94abbb245c1d14.jpg,c4b82a51ae056d2dd58231c1e8e9115f1a632c4aa657a2d2aad0e7467986a5cf,ff1fdcc39010c307
data/thermal-1-filtered/train/images/003781_png.rf.ace6c186108dd9ad534610f64f03902f.jpg,e7503cd9106bb956239c56d2a77c55b45719efac4ffb2aefcbfda2e3f080d266,b07f002fd2b6493d
data/thermal-1-filtered/train/images/IR_BIRD_012_frame265_jpg.rf.85f52bd7a56892f691dc6252aa5d3f3f.jpg,509cdd356ad1e911940473b482b2061a7eacf4332388fe851e7b10041bf563c4,b67e13b64d255a24
data/thermal-1-filtered/train/images/0_0_000124_jpg.rf.a6be843137f232e595a46107589ef465.jpg,f14885af1737e72050bdabd090e3b904ae93b901fe50079a71a02d40934cb6af,cd6f700e28a13d3e
data/thermal-1-filtered/train/images/002072_png.rf.113eb2391caa49b76ecbeb2e2233a813.jpg,46fa57997a346c598ca2010c799e82ac4e1fcd90ec120f1036afff98885c7880,ef3a6b088ec1b24b
data/thermal-1-filtered/train/images/frame262_jpg.rf.0e5d98348fb75f184b68f84b97e54568.jpg,dc6bb6d510a99bcbf0cc2bba496b8b8e57d3e9c7cb57e9cb7b429db7922a33cf,edd49292b0f3d261
data/thermal-1-filtered/train/images/002673_png.rf.99fce4bf2c64c87aa9499d663d58124b.jpg,a653b03775c63ad16044c8a1ae71bc6023d7521bcda1560d9b8356deed383a6d,f96fb0469bcca218
data/thermal-1-filtered/train/images/002783_png.rf.ac4478d72b7b8d0d66f329f4f284d329.jpg,bd196455939be22c12245dedee06c399fe4a0e18674fb8fe2180138b36ffaa7d,c16000ff1fe71ce3
data/thermal-1-filtered/train/images/002798_png.rf.b40b755d74fad6999d904e209178ccbb.jpg,538a8397b2d05d781819e91028760709dccdff92d78996dab5ddbb2808f271cd,f84728d72837c875
data/thermal-1-filtered/train/images/frame673_jpg.rf.ee7220a8a119525f71b86d4ece654b9e.jpg,3e6ff875d502f5b8e896ffa9b2ccde5acf22bc12b930ed8c80ce7b6f305eb78c,a1b5d505dc9b130f
data/thermal-1-filtered/train/images/frame368_jpg.rf.80a2e659877daf6df8d1433e36258fee.jpg,fb4a5e6305b6e909b4d21b6ad9a45b6e390d69200e6920fe0dab3016ed39b36c,b79904970da64cbe
data/thermal-1-filtered/train/images/frame312_jpg.rf.42064a93f4171f71828f2f8af2e0a55b.jpg,8bc884089448c7989e54f7fe7fb40658cea6fc4513484c5a48a6dbe811fef4f9,b2e2ebcb69485a49
data/thermal-1-filtered/train/images/img_0291_png.rf.a5ad05f6f288fd2b5c2bd43522f70403.jpg,47216bfa78a2901ee9a8f02b3c9444968e61f6385851798e4e8f10d4461cf2e0,94b7510f50bd0bbc
data/thermal-1-filtered/train/images/002779_png.rf.e4a1dd5c9b8050b766ab74f4d4fb32e5.jpg,6902f710e095f9720779022f2046a7bd6f7e2cff1e7c368fca6c33aca32f5933,f16a11ce3b9c05f1
data/thermal-1-filtered/train/images/frame553_jpg.rf.a13300122a76f7f025e8ecaa440001c4.jpg,a15774e009e778ca294da023e4d7c6d5b5b6dc621fcd40a03965bc4f1a20af73,efc29ab4caa4946a
data/thermal-1-filtered/train/images/frame62_jpg.rf.97d282b037f386019c4bdc4eee01455c.jpg,7644a865ba1731c08b66d5f563dc90ebdff6f01de6603791e3decdbea7df31a9,bf96d39963269025
data/thermal-1-filtered/train/images/IR_BIRD_012_frame197_jpg.rf.b8bad1b413bb6807922cc692b0f36e16.jpg,68bc73166c3947db5794d49d00561685c50de5f48f82bdd57c499b4dd52aecd7,95f515609f34c936
data/thermal-1-filtered/train/images/IR_BIRD_012_frame236_jpg.rf.0f1787fddbfd45b9bfec05bb2a1d5c8e.jpg,a05e5a31d0a55715f8c513154c775f07fb51a59aa75438f90e9eebff89259467,a22a59d5b52dc99a
data/thermal-1-filtered/train/images/002379_png.rf.d062adcbd83126be13d77b343c256e2c.jpg,2916028da61f8715ef6f6bbf79eed491d3f6338432c01489fecf2b4037b328c6,ff7aa75885908531
data/thermal-1-filtered/train/images/002797_png.rf.509cbe9ad87b61e6416b3b0260acb77c.jpg,8494e96e0ea3cbb4544dfae9adb42dc862efa67c5c9a12114b8b76df32872737,f87728d50a35ca71
data/thermal-1-filtered/train/images/frame3_jpg.rf.1a06c6e270f5b9095ef758d6ad350456.jpg,7b5631ab748d8f50d56dc3ec4d72d30fdf27f96253f840a963c134a9ce142400,abf43613dff49800
data/thermal-1-filtered/train/images/frame112_jpg.rf.17bd48cb0d3cd173688af03ca1821335.jpg,477fd745b836fadb07bff891086fd146d4a929de5e1f48a70993cacd2872bc78,cec081fff13c01e3
data/thermal-1-filtered/train/images/003696_png.rf.ed52effbe5309755f082b562751a5f1c.jpg,e543c4c776e4e2bb43a2ba0f82cd33322a9c8cfb4d2fb3ee7c9fcb349e1204f4,85f555bc53ac54a2
data/thermal-1-filtered/train/images/002767_png.rf.cc4a299df178c4db91b27fabb03d54ad.jpg,95bc33ead9046ce5a61054ffb40b3c5e99fc7fb3b17afdb88e2fffc271362518,8552547daba1557a
data/thermal-1-filtered/train/images/002663_png.rf.4f630c0fe6d63492871b8022efb1d30c.jpg,4ea0dd7e1fe0d608ca0317fb1bf06212d5da6f6332f4aec7a30ddf22aa0eb3b6,85d5559959ad54ac
data/thermal-1-filtered/train/images/frame248_jpg.rf.9bf92879322ffd12c6376c96d0a7dbed.jpg,cee89c307cb7a242fbaf585d4d4890d22942e31c4375580099eaabe483c95680,957fc18d0e2456b5
data/thermal-1-filtered/train/images/frame610_jpg.rf.e628475e741ad49824d7ca7feff06c21.jpg,ccf3e9b55d54de4e76df61100f43bf0e0cf01fcbf981425b9610db16a465dd91,a8a2d148d5d6557d
data/thermal-1-filtered/train/images/003037_png.rf.759712bfc6fd526cb1897a52e7d4d7bb.jpg,23d7372d60f2342f59a57c36b9c9e792ff9c4ec288c55f7c17509f1a87f5f0bd,e93ec53b40b2e619
data/thermal-1-filtered/train/images/001996_png.rf.0a9d8fb9e4e2c379a75910e323d22e4b.jpg,fe5b88af5bdf5961b6284235d18ced379e553aaa417f89b9ed24fd0f22379424,956a156b18f7107b
data/thermal-1-filtered/train/images/002692_png.rf.8392f033ac0bc94abfff381ebd245d5d.jpg,b51605948be23ed2cea5175872d3aa2915193088971ba56542d906172122db60,f57fa057b480a718
data/thermal-1-filtered/train/images/frame181_jpg.rf.39ed2aed54df97bee440fd3e9ca6ddc7.jpg,1a3f98b9ff64dd5a73d3be3a2208a79e6714ecea40e5ce0cab9e044b8e3b4448,d095913f5fb34c18
data/thermal-1-filtered/train/images/002012_png.rf.d52b2c1238c0106b5a268730519c909c.jpg,6633747fc0d0720a88ad1a69dda34db5158b48f5a6f4d713190f3a92f6fce7af,ff7e84701fe09806
data/thermal-1-filtered/train/images/frame648_jpg.rf.915b110efe2aa8cc07254f42b9f1c410.jpg,4dd4ecf02fc87afdfc616a0e7d41ffea05c5e55522d3e268ebe6a7255452c662,eec6f8b8b4868e14
data/thermal-1-filtered/train/images/002541_png.rf.138a99c5fe2d15293535d152ad49802c.jpg,7ca2b869c9d876ac078f09646aaaee0d3a63edd3af797498e914305a4e2057a7,a17f003e4ba651af
data/thermal-1-filtered/train/images/IR_BIRD_012_frame146_jpg.rf.e05d2ff10b16da1a6d503d2ac48ff718.jpg,cbf005df5ba2f2791c7bcdd2899a5a5388f3b83bf8f19a783c9f2c46a3f8bbc9,f50ae51a8a758ae5
data/thermal-1-filtered/train/images/003771_png.rf.48a30fb3f89ff31219953964402172c4.jpg,d8d28d83fde666a5113e1eb6d0ad876eb5ff3eb20ab846c7dbad5c401a1de096,f36f2c1d82338d70
data/thermal-1-filtered/train/images/frame596_jpg.rf.057f1fc9a9c4c69486a330c251ed94dd.jpg,f4fe1d014c214cf92462c8ebf64a78bc4e8f46cc320fff73eb023beddb1b06ef,fdf7941d8087413c
data/thermal-1-filtered/train/images/0_0_000067_jpg.rf.600a6a392756b7a9dde0fbbdd6c90b72.jpg,99348ad44875d278f244503ab6f934e85887e5e0460955213f349e20a606116a,956a5d6c11dd46d8
data/thermal-1-filtered/train/images/IR_BIRD_012_frame59_jpg.rf.f23b7577ea28e5310c1d54bdc6d962ae.jpg,b5b3f9b9ecfbfbbc956b4f8eaa1e0c6586da4f768b6004a49030bbab569af376,f7188c7708d47f18
data/thermal-1-filtered/train/images/002301_png.rf.88e0a9f31f488a60f065bd6444c29e27.jpg,54a9edf1087cc59f709962eb8d7496d71360f6cc9e64be944628597b0e3a62d7,ff6a3f4299468930
data/thermal-1-filtered/train/images/003052_png.rf.f1276605c91919da1533aaa13a789af2.jpg,d427f13dc35f594b10495cf9be65723ddf223aa3900a38a627820782cdedd4e8,ba7d807c02bcc937
data/thermal-1-filtered/train/images/frame185_jpg.rf.5c9a43f40d96efb236ee6639c1eaf234.jpg,f1470e4df46cfac0cbac624b243e75a1996dedef2e85fbced820b19b77e12b55,81d1e622cee72d4e
data/thermal-1-filtered/train/images/002404_png.rf.312435dc394437a9fc2cc06fff0e73e2.jpg,81ba894dbba8932f7a330d9140a0477e64f96cfe0a63a08ba07f0d3f22be2423,d0c080e907ff0feb
data/thermal-1-filtered/train/images/frame15_jpg.rf.f55c40e1b4ec08fa436763e9165644e8.jpg,89e132f6f48302de8d9c20dc068a74d565aa48d60d149bb7090a92b265c9b86a,a5a8513ad375d46a
data/thermal-1-filtered/train/images/002059_png.rf.b10bff7b1d86f55acb931be0abae9a79.jpg,acc40ae53d849cab5da75ca44cf6836cc97cb3cc6740c6f4a6f9e1bb14636ba5,d56a156b1aef1168
data/thermal-1-filtered/train/images/frame309_jpg.rf.916872ec9567e689e0738c3a988b9958.jpg,0c6b7fef510ccc3e2fc7062a81d0a45ea73f1c9db6f74b800980681a3d4b5bac,b2f5df9b59185202
data/thermal-1-filtered/train/images/IR_BIRD_012_frame140_jpg.rf.a309da6d18d44c83dac400e1b9ce7e2b.jpg,eaa57aa9259e8594089c267754d8518e3e111044e7d6d8704dee3e943761be32,d40bf45a8b740bf4
data/thermal-1-filtered/train/images/003782_png.rf.8da1cf6b4c27c8cf4367fbfb51d6212c.jpg,bb8992e9cbd70818c6f3bda5569af683e7cd7cc54d6513e4fe67533911639b77,8acbe1ad7351cc52
data/thermal-1-filtered/train/images/003767_png.rf.9b150925d148bb7f74d75c58cf412492.jpg,1cf27903979d136968b427dba850ee7a9358f5957f7ff3d1fd8e0a8a6c35ca64,d07f001f039e1f9e
data/thermal-1-filtered/train/images/002841_png.rf.3120491acbcfc3c0b207862a978cc5bb.jpg,f6a46499ed886f19d85b3ef58e4f4a6e8922cda44ddc4a0d101dcfd98bf49b56,e07f002f5ba25ba5
data/thermal-1-filtered/train/images/002729_png.rf.72b0582247f76cc0021602943738b43d.jpg,207a7576c5a2e373cf0e5c9488718c07715c4cc6c9a9878fa360704d6df7bdf7,d07f801f9b1e0d0f
data/thermal-1-filtered/train/images/frame349_jpg.rf.8975745cb5caa3bae5e2615f082aa433.jpg,f8686f6d2fdac73d50c01e9ec7ab0acb88fffd689485ece86803eb504d7b0df8,e2c8c9ec6e2474e5
data/thermal-1-filtered/train/images/frame632_jpg.rf.eba3f5fa3030f7ff809d1a603c7bbf82.jpg,779e13e924cae04fa2db60c64169ed8c1f1ec2fb5fa85913d3cf02b26ac5cd2c,edf7d09d1507070c
data/thermal-1-filtered/train/images/frame606_jpg.rf.8e3573fc997e561915fadf1c5e2d6e2f.jpg,34caaadbff3fcb8c8f27d460679b585f18c7f301fc52dea5a65ff26463705041,a0e0d0585fd7475b
data/thermal-1-filtered/train/images/002798_png.rf.ca601ba244341fb1648a734658cb6aca.jpg,6aeee550bc30db1c0738a9db315a150add3308e354709a1160249efda26cdf97,952a5d5a565155ea
data/thermal-1-filtered/train/images/002786_png.rf.f631eed286277002801e7af345a20274.jpg,b5e33cf636dbe104fab5953755014e1697460b9832d4f70e2012ab8524ec7928,c19f14051f1e1f1f
data/thermal-1-filtered/train/images/frame524_jpg.rf.f6df7a2f117c291414eb7e2e046b0427.jpg,896d4a4c3edb76c7dc2daf3163a637ae6780fbbf9a03a2085557a055947bf728,eec6fe91b830940e
data/thermal-1-filtered/train/images/IR_BIRD_012_frame187_jpg.rf.8d4ae9507bc6f01a8db6a4613aeff8c3.jpg,f6240daf462942e789e26275a1c82286c258b96a8ffc361806c2130aae8001a4,c422d562d57a9778
data/thermal-1-filtered/train/images/002810_png.rf.7089348cf5dcebf3333c8f89962dda18.jpg,ea1675a245fc1e376b7f9c515b25817e4fe35c83c3bc598534ed455bbff8d74d,85d555ac54ae5cb4
data/thermal-1-filtered/train/images/002329_png.rf.fea73acc880788da73ad5ec609195b85.jpg,eae1f28b815adccf217ce8b456ca5474894435a1cdc3e380cd4b50b04bade248,d07f001f0f060fbf
data/thermal-1-filtered/train/images/thermal_tzeelim_021720_jpg.rf.7d196db93b28aba0534efbe31565db17.jpg,1597962bb8491f60e66ca02db0211ef67839248171de96349af069d83537a0e1,ff6acc09d502d722
data/thermal-1-filtered/train/images/frame607_jpg.rf.19e2bd656e921dc4c82b74a49e24a7bc.jpg,8e23a22c41a5d545d0e790edb8122a6b1136257a015cfdda3dc146a7d1bc3e4c,aa4a8996c96d967a
data/thermal-1-filtered/train/images/002684_png.rf.eeae819588dd20fa269d3d76c2fa1875.jpg,1f9d7d43f5a9d035ff6cf304803b83661f997cbe23e993ed16b9a2bb5dec01b1,d06004620eff1dff
data/thermal-1-filtered/train/images/0_0_000039_jpg.rf.f40a7d5cd39c524636b0352d17e5887f.jpg,88bfa2f85ae157e56328acee0b5f85f5424b9b8f38f0612d9d9daa1ee17e0d63,c077069d07370f8f
data/thermal-1-filtered/train/images/002277_png.rf.830a827116be789d1e1d4358e250127a.jpg,4b2c688724776fef259a1def01471e9a1dc66f6a99c8b1fd170ae539d4a54708,fe6f9e5c801f8068
data/thermal-1-filtered/train/images/002390_png.rf.a0a7eb79f765a6150d4892ea73abea12.jpg,24136ee134c0e5c92cf23cdf9947991f839d9954db22932b047721fc14c366dc,ff60945f84f78540
data/thermal-1-filtered/train/images/002375_png.rf.4f91716994a118efc7dd2768508850e8.jpg,ccdbd353f8246ee281e06d3dfe7c45b1f879b80fd6d95820d36a7b0c8d376cf3,ff7ab25885508731
data/thermal-1-filtered/train/images/ir_2_031910_jpg.rf.4e2f26b9c197925c2ca5f9c141aa267b.jpg,6162e9d6cf5a2935084b7b1c4cd813ae5ffe04997a8be189a77846852fbf6bbe,a03f053f439e42be
data/thermal-1-filtered/train/images/frame683_jpg.rf.1f971f4aef52a8935594f86063a09723.jpg,1cfbc3b5eee12749cf82606021c602b321f2d5be8b3a4157ff2fa58e8a37e25d,a07dd4a75528473d
data/thermal-1-filtered/train/images/002065_png.rf.9fa85c39d7aa296ebdbdf7f44090aced.jpg,e05bf3219c0ab6a0e43a97f051131affa77de513e4cefa9d392abf36ee52a849,f46a156c13ec631e
data/thermal-1-filtered/train/images/ir_049450_jpg.rf.8e22d326f40aa76ab128f5f4592a1c33.jpg,8a76352e490cfb086bd30fb8ed1acf2fd7788a72fe67746e4be2cc647f91f2b9,ad3f9842d4bdc22a
data/thermal-1-filtered/train/images/0_0_000051_jpg.rf.fd1ca571b6978324d449764a0f8d417e.jpg,4eee34545ed8595e897fe175b9b2fcd08e53f526eb30293c0caca5168827da55,ee31bc4619ee4538
data/thermal-1-filtered/train/images/002735_png.rf.1ae45456482d6705ad248a6b9272acaf.jpg,b83c0ae0b03e5fe70c37747f69f67f888daeec982fdab77337c9315e5f6921cc,f18080ff94fe0af4
data/thermal-1-filtered/train/images/003829_png.rf.1ca5215ff293ae7c5fa381e743ed7d48.jpg,a865b12d89b0d4bc6316a1b87142a93d0cf1b4ad4fe728fecf0aec00e17afcc1,fb6e217c03f00e63
data/thermal-1-filtered/train/images/IR_BIRD_012_frame219_jpg.rf.e583cd476e7d002afe2cbe965f1991cf.jpg,2f6d960fb8795cb13205d91993b4c9afd091e4fab892f88753850aaa2c335d7a,99774c99462c593b
data/thermal-1-filtered/train/images/002746_png.rf.90a7a8af1848e5b73f4bc01e80f95b5c.jpg,233c2cc213b4d650c6f0acbd5df119558cf0ae0068736daa9705852fbc0146b2,d1f88207bd4340ff
data/thermal-1-filtered/train/images/002055_png.rf.ed2114ec65a8b2c8f4e33c26520b92c8.jpg,d99ab200912ae119698d48ee47d70a020d5ee1ffdfdee3accb8d78b252199bc4,d37f0005083f1f3f
data/thermal-1-filtered/train/images/002406_png.rf.9cca614e4ba61e053915f8f870410497.jpg,cd36aed754500f702ec4ec820cc26af2da16db8accef05ae45a399f5d775bfb9,d07f801e0f071f37
data/thermal-1-filtered/train/images/0_0_000271_jpg.rf.10a935f5f60461dd73fc30dd0865e939.jpg,e69639f6e87ac306e22d9c683c5f2b3c388be0bde40039cfef1cc3c84d9b803b,a96a55611ad556e3
data/thermal-1-filtered/train/images/002232_png.rf.d2fc52b27de90ff5147db3bca936cf85.jpg,93f1223c412f9efeee126ed521a2e4bc2f66d5c98ccf701993a5da9805bf5c60,ef7abc418518d543
data/thermal-1-filtered/train/images/002006_png.rf.ad6ac73159ef64c224609f25b388cf94.jpg,7c13586263cd0def39376b5d189d0c0230ccca9ea4fb4e2720345bc893d501b2,ff6a17661ec03a05
data/thermal-1-filtered/train/images/002395_png.rf.d9eeae2035aac52cc6ef54f332d0bb2e.jpg,508fca2fcac9c99484be617d3bda3d1bb2c5fb5ccf9df2ea54d6e72c21ab0956,d07f001e0f3e0f3e
data/thermal-1-filtered/train/images/003761_png.rf.6ecd6e1dfbfec674c0952dc0c93e3eac.jpg,5b298cffb19aa44eafc06b72c80e6e92af71033b0496791c71e3dde526ba4153,f36ea51d82338d70
data/thermal-1-filtered/train/images/IR_BIRD_012_frame35_jpg.rf.026849afb7037073c21ab70477c7eb79.jpg,c8b0225ec62d08bc88df19f53749dd255c87f8444d51bbb1f5d1924572d9fed8,d52a956a1dc2619f
data/thermal-1-filtered/train/images/002003_png.rf.ee8290fcf2a670bf725ab16a1ec4bc2e.jpg,635c4cdf28cd797b42a94142f44a391156c0a3e0f7b97791873e3e1e242cc663,d46a04f31fe21de2
data/thermal-1-filtered/train/images/frame396_jpg.rf.e3cc96d181ab3a57be37eb63c736ea48.jpg,bb9d03702864fb738f71cc23bf4d58466937a71c970e72256aec4a27455b7f3c,e0a8a9a55f5a2ea5
data/thermal-1-filtered/train/images/003031_png.rf.5c91343ff109aef5fb58788a6dc3079c.jpg,9c9cd1c03663249f3ebab410f2dff4fa30e816ba825bf0de4b1117e4ad7ab6d6,842ad555dbda5654
data/thermal-1-filtered/train/images/frame327_jpg.rf.f69ae54b9d47864d7cf95df00582e08f.jpg,d5367087096f1a89238c34b05b328dd9ef2c14feb159e5663956d355c1bf2966,b2e2ebca694a4a4b
data/thermal-1-filtered/train/images/frame621_jpg.rf.ec3585766bac2a2813101d34564d9368.jpg,380025ae80a35b8f96892d6f95a1a3fa56d787a74676918f62b94d8dcaf6137e,eee6f8b8b4868630
data/thermal-1-filtered/train/images/frame357_jpg.rf.90d82bc39a63c79f14c1ea7b97a2dd75.jpg,4c0fb61c305d78c9b7dc72626de9c4d5c503e2820083eb15417839ef205a81e8,95d59535572e4c8a
data/thermal-1-filtered/train/images/frame454_jpg.rf.b17039485f8d1309b3f2bee90e19e059.jpg,3a27212f5e75aa28dcbe837a84b0a496756d8ffd287dc92d08d6b512f76e6557,efc43862b03cf03d
data/thermal-1-filtered/train/images/003907_png.rf.3d4c8103b87bf65ce8bcb04eee8e0107.jpg,08029929e20e6bfcb0bcfa06a06e3b9bcc7bcaa044e3d96f15edc8051d74e68f,dc67104d32ceb936
data/thermal-1-filtered/train/images/002713_png.rf.91c90843a8b339d0f80e020f6ff36d96.jpg,11db79980a48b5cbf29b5d946ceef64ae8835d44687eb512b260bfdef4255f40,f87f803f03168f16
data/thermal-1-filtered/train/images/frame374_jpg.rf.a05bfa00cac0a02008f57b431cee3ba3.jpg,6db74a5c4041e59120cf4a26fa1e5349218f7380bd21c6b9771ff8719a141ede,9ea5ab8a4a557172
data/thermal-1-filtered/train/images/002542_png.rf.340d5b1829f13c87bd2f07815c4a82fa.jpg,abd4800637c68dcf9b99e1d6a5ab460b824dab9a13cc083a9ebfaa0941d2e7c0,ba2ad52ad512ed52
data/thermal-1-filtered/train/images/0_0_000280_jpg.rf.48c2b9f17aaff6bb822d3e7ed004aad9.jpg,c78f88385dc428586ea8b453fe50e7d2288a0d56c3d7679a58fcf14fe0ed64e5,ff38907011ff02e3
data/thermal-1-filtered/train/images/frame526_jpg.rf.30e3afecc5715b09d775e092ad6c7b24.jpg,17d81b953e27a3048f3d044dac1901c21b882ddb2ff43ccdc502ac9b7d276db1,b01fc0a51fae51ae
data/thermal-1-filtered/train/images/001507_png.rf.38c0502f8e38a2a6b3a64f004fa75f86.jpg,1aeb06715479aad90b32e1d861bb7a1b7012fa5885972d58f1c7af03ef3e95a1,bf7a8949de803a07
data/thermal-1-filtered/train/images/003041_png.rf.bcae9b779c75e7b560dce1c5e19ece07.jpg,4e0d1f0dafe58a8145676d97368eea2157d9a3db30fa1aed1561d77e4e554d64,bb6c8f7053a04f32
data/thermal-1-filtered/train/images/frame337_jpg.rf.cae61436bd4b67a0eb15b97fb210a74e.jpg,6604f1e52fa76889d54529abd4e8c94bfadeef40be6b78e6fe7a309f5811cbc4,b56a15c25a5d17c3
data/thermal-1-filtered/train/images/002325_png.rf.40894f7753799af294e419fb13f324e5.jpg,670ec25838d6d917ed77405a6e9d78c598810a1cf70c6afca130945170c90d62,852ad54b5a5155db
data/thermal-1-filtered/train/images/IR_BIRD_012_frame6_jpg.rf.057f6c9f3fb5d1e2eca9c7c9f5ee662b.jpg,a13b3fd79368679b9000571a5baa0a1b255786f4c23788dc8f7c7d490f5dd932,f1c306ec0ef807ce
data/thermal-1-filtered/train/images/frame658_jpg.rf.cd7e49a65396afd412ba4dfa344e00ed.jpg,4a90fcbf0d029142b3d3403f4778624b62075e0d4018ae0a74b1a62288203d8d,fd0894e2957801ff
data/thermal-1-filtered/train/images/002465_png.rf.624803c23ca88b022fbb33a95a541b9d.jpg,623b2903a93357595eb7a096780d329110f15d346a119ef11bf6baf71eaa2a7b,fa7efa54c512a103
data/thermal-1-filtered/train/images/frame226_jpg.rf.1dd4aa0b150a0f620d17bea2c3f6bb2e.jpg,744f613322952eeac26650a6a45f48702306ec545a41a64011628dcdd563007f,e692291cb83f1e96
data/thermal-1-filtered/train/images/002287_png.rf.b05245b9cfba4206fbf0308adca6321f.jpg,dde832a801b0e0420fa0b50c24df6763e4930ed2fa7e73ea0d659bc1a0098777,a03f45af52ac53ac
data/thermal-1-filtered/train/images/002209_png.rf.b751d912a8bb664726f23260c173f907.jpg,174e84ebbb1de72839e865bb6c0b3df4c2947bb4b3c41992646870afb57466a8,ff6bbe00d228d225
data/thermal-1-filtered/train/images/frame700_jpg.rf.a308a36d7e1b26624fcbb7c5ae314c9f.jpg,4d12784ad5a83a664b82597762a9197abebc14f817f88fff8abd77ea781f0c1d,fe80fe80bc3090fe
data/thermal-1-filtered/train/images/002052_png.rf.b513af66b599a4bdac13f95dfea2f48e.jpg,4b767569809661b24bf721bdc08d0eebda5eb481aa0bdfb4a316a1a2f3658fb1,db4f86e8806b887e
data/thermal-1-filtered/train/images/003430_png.rf.e1de5f945c4421de68a0eb3485dc5a1b.jpg,6b68edc14518427933eda2d46ab1fdefa86a735eb76aa6d887c7860ca76ccdd0,ae56e22ae242daad
data/thermal-1-filtered/train/images/0_0_000230_jpg.rf.c8555a8cddf21f7767a6ea2556158d7d.jpg,ea37198210777710cf25b95a6e97a03bb8372a756b482e756e8e8f0d6eb1a961,e07d802d57bc433d
data/thermal-1-filtered/train/images/thermal_tzeelim_021750_jpg.rf.7121ce88d6adb861060aebe1e11e2008.jpg,824847b3ab01aac6a79c4acb87807e42b737dcb5a5e9b6037c0e19bd6968c3e4,f95f802f05071b1f
data/thermal-1-filtered/train/images/002782_png.rf.685d3adf36ebd78fc2bce4344f6cab52.jpg,79d7f258eae734ffb0f33708962cdfcc17f6d3184f2b045aed3e73206ac6a649,f76a26c8669946b1
data/thermal-1-filtered/train/images/0_0_000202_jpg.rf.d405fd4354c0d38da18422b31bcd0bd9.jpg,6c8fbfdfea392a5947bb1655c5c7d18c9d13e22bf2013cccaab6e390feb3e39e,a93515944ba574bb
data/thermal-1-filtered/train/images/003045_png.rf.4db1a9736fc2238de82733e8f4c17653.jpg,2304d495f254b99e94ce75fadc8779ae5de5cd87641f7d6845aed6736d8ef3ac,be691e6017c05f36
data/thermal-1-filtered/train/images/002255_png.rf.66925771fd4550a9a8b4315bd6109196.jpg,2c47389e389a1e13debf0bf755780ae1fac3fb76b2d0638931930a3d2dc64246,ff7fa05c9f618200
data/thermal-1-filtered/train/images/003818_png.rf.369863a114325d8fc9bad8c90633be75.jpg,765cb24f1942571986c07cfe5c677ff4ad83269c1a337b4b6a0306381c7057c3,eb7c07708e239c2b
data/thermal-1-filtered/train/images/002369_png.rf.56fe705ef17d658735828f51f6cb2a94.jpg,a649d786ecb78a7d9cabad3ab4bb2ca0aed0d443fca1baf04ddbe673bc3205f2,d87f809f1d07091f
data/thermal-1-filtered/train/images/frame560_jpg.rf.b2f27131f2149d5cc17133b1a9838202.jpg,6dfd1bc9a6b7937abd41b2ef6de78656aafda6fd565292990d5cbc2298bf5c75,b5d5850f50a81f1f
data/thermal-1-filtered/train/images/002021_png.rf.9d43791dc25acb877bfe4cf365bb8c00.jpg,4e160fd8b25b5c4bca29d208c8e6fbbfc88c99b4de805b18eab9fda6da9a846b,c07f003b4fa35ca7
data/thermal-1-filtered/train/images/frame237_jpg.rf.e9b436b985e1310dd48da07dee58af3d.jpg,10996472a99084a62a0a19a3ac63162768ddd2f5b332707bf855df045f881df3,e692a34584b0f36f
data/thermal-1-filtered/train/images/frame517_jpg.rf.c26c733242b0ba6d150fce1504c88e60.jpg,502a3532988666fbd0f5666dc8b200affb918d326cf4bcbe672e518052910e55,b59d959652a552a5
data/thermal-1-filtered/train/images/IR_BIRD_012_frame164_jpg.rf.9ae46c516ece1769e4d06975b6a92dab.jpg,6c00bc2854be5d87afb8402e11cf50c58dd19545b707bc7dd69b3615f9693741,bff800fc005f505f
data/thermal-1-filtered/train/images/IR_BIRD_012_frame156_jpg.rf.bafd20e86e4a1dc68b699b8ff2b6eebe.jpg,a121d54011a76b77bc2e9f44f6ea1c966fb46db40c8e0e4aca461dc63a78e7bf,d609f649897609f6
data/thermal-1-filtered/train/images/IR_BIRD_012_frame255_jpg.rf.7df0fd9a7cf1a9dbe128e28251397910.jpg,e2743b8b90d48646407eb1b5be20a42b85069daf2fcdd8771dba81e5acd3e381,a24addb72ccb9234
data/thermal-1-filtered/train/images/002393_png.rf.44f0799d20ca8faa8625fd6a92bf53e9.jpg,7264159630843bacdbf9d4026a09acc7f5166d3e314e9cf04e62a3f07b3ea931,a87fc02fc2a5532e
data/thermal-1-filtered/train/images/003057_png.rf.614541306761f3694ec01b444ded2da4.jpg,b14079a7eb6fe694bc936c250639c29feab508f7ae9a478de5d184b5d337d8c7,85a9d254f5abd154
data/thermal-1-filtered/train/images/IR_BIRD_012_frame300_jpg.rf.34be4d30d59e87f64c95fda18eb94e83.jpg,1ef9578c549e25ff2a996fa50ae8a231b6a28fb20881a4e39c3ae4297679c7c8,a24addb72ccb9234
data/thermal-1-filtered/train/images/002462_png.rf.1d9111e5ae8fc0ed717793a868a896cc.jpg,18fb058d36995c7a7470861f55a15a4f2c2e6ef8ba8eb6f451f6835a2391f35d,bb7fd93fc112c002
data/thermal-1-filtered/train/images/frame660_jpg.rf.7b7e32cc92d96e4e31ca316bb54f8f2a.jpg,3e7a896d62c587aab803ca4cea90273a6d319f60dfb8c872279aa840b3d72cc3,a5b5d50dc59a1297
data/thermal-1-filtered/train/images/003863_png.rf.7f52dcd5626034dc21ac8c7917c5eafe.jpg,bbe453ee56d0a155d124f08d7b60c73410376a7398f452513687f12c290dd041,e37c27701fc0b90e
data/thermal-1-filtered/train/images/003095_png.rf.18647540ef58c3b2ba15d93793c92cf8.jpg,b1c9357a1d4898caca85c5fb16c14ca4d237b423b2217d84c8576e9164f36e9c,ff7e944a9c82a41a
data/thermal-1-filtered/train/images/002365_png.rf.937a320ef774ecd81e66d0abbe88ffb4.jpg,a31244d0ad47f048c907e999fc465ab759f558b70ae346490836adb8b3904ef9,bc7fc036c0a3d42b
data/thermal-1-filtered/train/images/frame263_jpg.rf.7fb0bcdfa28c4ab006c18cc846e23e96.jpg,225c866f332439aa56f81c0c551790836fcecf0f7d6a9af208022c23817ca75f,edd49292b1f2c361
data/thermal-1-filtered/train/images/IR_BIRD_012_frame61_jpg.rf.78693f8253eb07d5f8c5d0f8d22f3930.jpg,accfdb84ee4d6388236eb12ab6bd2b29a3b49e8fb745b558f8dd43aef94d276f,f075419f1e874783
data/thermal-1-filtered/train/images/ir_3_015050_jpg.rf.a6bc67c3725011bfb07cb1743c7cb55b.jpg,0c206bc0e98a0cb28911201a79c5f167c4d983874aa2ffdbb86b9b3a6a9f301f,856a551859f147de
data/thermal-1-filtered/train/images/002007_png.rf.bde817446546d9e24ac8ce7130739e90.jpg,f96ba6d8773f43529ce73c74da5a442ab336e4114cbf6c2c39c0ba4d7d24c719,d17f803e0f110f1f
data/thermal-1-filtered/train/images/0_0_000062_jpg.rf.079cc582d03be63da0942039d6b153b7.jpg,11b679170cb1614b92793af9af2a4a9d3e7f95a1668e9eb0d2815101b31a9a2e,b56a55d54cd55249
data/thermal-1-filtered/train/images/003906_png.rf.0c19658c20c20ace84a861994c01ac0a.jpg,d99cec9c088b6b0912f4f417c061642cf485333fb7bbe50a54ae7f3acf5657fb,d17f0e01e31d3cb8
data/thermal-1-filtered/train/images/frame473_jpg.rf.9937ee1f7e784f9d350347323e71ec3a.jpg,91dfa07988403667ddf7dd2326866f4284aad9024fee3206cdb6abfbb04005f1,d53d8576da30452e
data/thermal-1-filtered/train/images/0_0_000057_jpg.rf.a1baf602343637e52cc7a732bc1be699.jpg,84d95b059943934d7706d1afe50a79dc74836b7c4bb14efeaa54f083b443f0f9,f02000e31efd0dff
data/thermal-1-filtered/train/images/002018_png.rf.8cae9c47c43f25f12635e389c3934dad.jpg,ceb36bc09b1ba156e6cae9f09980fcf77913a61f1bedd997ba44e23689cf1f64,ff780f710cc30c63
data/thermal-1-filtered/train/images/frame343_jpg.rf.5c893b1d79fe3a441f58981804eadfc4.jpg,88e6c8e20cea82ca9f0f1f81ffea8c94f0607220b44c951e46fcb38f75db7cf3,f0812f86989cffc2
data/thermal-1-filtered/train/images/frame414_jpg.rf.54a1d9a786d2b4af2b52d289a031c0d2.jpg,76a66d824912871c93a1aa35558860228b810c45758a57cdf567515569aab091,b2e8b14a154d1f5d
data/thermal-1-filtered/train/images/003098_png.rf.ed170ea10de7cb02ad8e49f6821f049a.jpg,e919dd5cf8dd8350131cbc74355274ec6ba217a8a00623588ab3ecbcf81ff724,843dd13552ab55b5
data/thermal-1-filtered/train/images/002263_png.rf.692bac7fcb38da776ecf6202a24b5a5e.jpg,1f8e535d509ab1653252258c1eae05cc0f55ef2f2a637b43159d757cfa935a80,db7f809f95870311
data/thermal-1-filtered/train/images/0_0_000034_jpg.rf.786ac4d2bdcd391f2cb86d67b8957638.jpg,4c709515246940d6e9114d9afc4ad90a37f99704424836be787005ce0a65428e,91ca557373524b71
data/thermal-1-filtered/train/images/002030_png.rf.33cddb22d7cab761e72d8dfabedea1e5.jpg,e750cba65510b041a8a37331e3c324507872224e2f43f50fdad1dad1865aaee2,ff7f9c708c608740
data/thermal-1-filtered/train/images/003684_png.rf.e9d1b8a8a6672b7dbe4082cb28c10ef2.jpg,3466ba3ea69752512d10b920b74e4adc8b5aac2c8c430a9911eb679227d28d0f,bb7e6d1016d22f21
data/thermal-1-filtered/train/images/IR_BIRD_012_frame256_jpg.rf.f4203673f7fb7673efa3e1bd911d987a.jpg,18c601ef4804b2f0bb6334ea7874f50665f0bb873ef82843a56717f26f9e1004,a248ddb72ccbd234
data/thermal-1-filtered/train/images/003699_png.rf.5fbb5cde00b7c5431c22ec9b773c5ffc.jpg,527a4c48fa41adce9590d42b12e6e9d09869b2e2cd412c2695875f7ac94e04aa,852a554b53775655
data/thermal-1-filtered/train/images/frame408_jpg.rf.21342339098776887f6fb23e49ae7583.jpg,493c1970d1d23f2a19832dcafdd6544e3979b4d7640825eaf4c1563674818c0c,b5ff85070fc5050d
data/thermal-1-filtered/train/images/frame688_jpg.rf.55fc410c121a82f89df98d25bf9a0693.jpg,b41e6dbf65e44d69c06476107146acc2b8722d0a83d867b32779662afe4b09d2,ecf7c49f018e130e
data/thermal-1-filtered/train/images/frame306_jpg.rf.80927cc1b44e110fc0dbf88e87b49728.jpg,43e70e295732a0fa2a9b167fad5839f347c2207df170c5f515d25e911c803b0c,f09488353f97b782
data/thermal-1-filtered/train/images/frame299_jpg.rf.e3c92af02f51e89b0f0e4022368dd669.jpg,9bb43322af7f57b21c0d571888df34bb12c2cd462a34889acd99b0c37370fe6f,f02890d095df437f
data/thermal-1-filtered/train/images/0_0_000048_jpg.rf.f2b0a06cd7d10d776a6996436fb1bcd5.jpg,b8b1d94b2177d2d4f556e1d4293d28efecf66a0273b7cf8b28641d8830452ce0,c43b9d6611ee01fa
data/thermal-1-filtered/train/images/IR_BIRD_012_frame38_jpg.rf.c39b382362ba652f5a517c7aa1910b5f.jpg,5bf06cd90d30c4540415d85593dd3f6a29a78321f0455fff23f239ebd68941cd,f7188c7708d47f18
data/thermal-1-filtered/train/images/002712_png.rf.cff2b7994bba1b948245da294b7a9f5b.jpg,eec2bf522f326c155063d93784d15e1ccff2eb14ecb0e175748e60e609530c47,be36b6009ee1d929
data/thermal-1-filtered/train/images/frame654_jpg.rf.d477b8da1a00ecfe82d2627f610bf317.jpg,7e5a2fc6bd03447d265c472979998f375121567a78a05d53faf63acaaebd0973,eec6f8b8b0a48e86
data/thermal-1-filtered/train/images/002729_png.rf.dece2b15b3029de552d7a18b9ae4d855.jpg,ca6b62d6ff9a4af3ee6f125f71e1505212c3896f110cdecf18a53bc6007b2092,ff60806f9252a96d
data/thermal-1-filtered/train/images/002202_png.rf.ec480d80dbb8170b10b0d31564f9574e.jpg,313d83ca018c1af85bfa08f3c0a39a394ed7c5759fb77e89b016d4ef5628cc30,d08080e81ffe1bfb
data/thermal-1-filtered/train/images/frame712_jpg.rf.fd7a39b37955428be9be089ab1a69050.jpg,e88342da9c356fac9c94ea4111530b4f48538f143ae027982c4572866326c64b,ed0890ef127d176a
data/thermal-1-filtered/train/images/0_0_000201_jpg.rf.46521f9c3e39781ccaadbd170f924248.jpg,869c1d9701a42342d0c491438e7d3b401ad16a8bf1f4abbe2326ec219c5ef978,a53515945ba874be
data/thermal-1-filtered/train/images/ir_2_018310_jpg.rf.a50ebc26a3ee548cf50998d78492dd63.jpg,1ac518c125ecd6126350ff55283b84bfeeb4ad771b1748a9529784465a2278b9,e1c291a55af758d1
data/thermal-1-filtered/train/images/003813_png.rf.5c1e2695ad148221cd85436c3c0bd8da.jpg,967a4ccb1c72e58e48300be816452e0f7bcca9f2035dab3e0eed453cd8663b3b,fb7e017c8f208663
data/thermal-1-filtered/train/images/frame669_jpg.rf.5e9ed3deb56712385df874acf42276cd.jpg,be310c1676fb64c8103e98ad00e0f236ad4adaf850b0d22e1364b7284da65538,a1b5d524c48b1b9f
data/thermal-1-filtered/train/images/003829_png.rf.92d94144acafdb852c46acfe8cad9654.jpg,96c7972812b59b05f9bc7e5d0f60a15faaef5ad0ac97a635f7845b753ae141ce,956a55525a4b5d4b
data/thermal-1-filtered/train/images/frame258_jpg.rf.782d509e903ca60c98f1161837cb45a0.jpg,b39d9f5eda09cb67e160010e3b2e057c04f650b75818ac7bbdb9196ec8c65753,c07fc086173e57b4
data/thermal-1-filtered/train/images/003544_png.rf.34aadbb011e47774e42931da75e16fcd.jpg,26f7f837577b77dee9dab67769af677edc96033b000020bafc2700bdb2e52b99,85c855dd595a5a5a
data/thermal-1-filtered/train/images/002217_png.rf.3de309c924effd3759005be5c61c2f7d.jpg,c77e8a8b15ed1aacd9aaca14da208c7afd7dafab55dcca9878ff3d5eea0485fe,d98080e911ff18ff
data/thermal-1-filtered/train/images/002328_png.rf.e81edb362d0b1998c30632d93aa262a6.jpg,11875fd31ed6eb5e61b51d9d523bc02513c7ad455fe743744314209730c5f4f1,ac55d135d924d536
data/thermal-1-filtered/train/images/frame139_jpg.rf.8c6f37e2efc9ff8e96c25b6ece27b480.jpg,48064711b6d0c0d6e4a98d2eaf7f99fe1b2b5c11f153e92283864d6579f94753,eeb13d19fd04c648
data/thermal-1-filtered/train/images/frame622_jpg.rf.fac24b1457d2aaf2827e3260475cc498.jpg,90e880a74d9c9c3d883a93e2e6f64e7f93ee7d9b51aa003bf7c1c35350dcfb64,eee6f8b8b4868c30
data/thermal-1-filtered/train/images/002407_png.rf.f397d97a0e6045046de2ba27a342df07.jpg,06c97e3a6875fdcb2395601e1da75ab41018be30c32cdf4a20f7f40852b3188e,a87f002fd0afd02f
data/thermal-1-filtered/train/images/002680_png.rf.ccd428e7137c3035669198cf4e531cbc.jpg,7f16ff3af01c0bcbaebb54f733ae700fd8411d0ddf1776db1ec47ffd05d777f8,853d513b491656be
data/thermal-1-filtered/train/images/frame402_jpg.rf.ce09ed0e1564ca6b55e9af3b2cd59cfa.jpg,77d329f3c3833104de56d841c811f5422aaa29b18c3c2488d551ac2445ec455e,b3ddb50a15655c25
data/thermal-1-filtered/train/images/ir_2_023870_jpg.rf.12b9a7bd09bbeee54d25b68ebab28798.jpg,ecb12d15444ed805f04595fcac2a825a93fe620a59299f84acaf22dc84c9d59c,ac37d517dca15425
data/thermal-1-filtered/train/images/img_0252_png.rf.861a3b0321371e467271ab25904e6bc7.jpg,9cdbbd40988ee6553332db366dae0cada3d7d4673e2ee8ac5419650558704b15,f17f489d260c1d1b
data/thermal-1-filtered/train/images/frame366_jpg.rf.8ce0f55d06b12d824f481a5e515b2892.jpg,b4f9745810d05dd89fdcc81a2dbd24ea86c95695d61eaddb50abc20fbda37ffa,bef0f89b1b0c4949
data/thermal-1-filtered/train/images/frame326_jpg.rf.7441701a7796c025fad08c553e22d452.jpg,1563dff202aefd19458b6c3bf3282baa454e4c181fea6454312e4c46af271f54,b2e2ebca694a4a4b
data/thermal-1-filtered/train/images/frame532_jpg.rf.3257a3897d41ddd25f5a6bc29e0c856a.jpg,f0445d43315482378caa85113064b24e8a1be2044d25572a2899999db31efaf0,ebe7c49c9c3c9406
data/thermal-1-filtered/train/images/frame561_jpg.rf.859625c7160fd7e6699847741af3154a.jpg,96aa1b80d70bc6eccaa1dbd4b3395a0134702ac875372ea5bb11989d926aa5ad,f197949d44ac059f
data/thermal-1-filtered/train/images/frame668_jpg.rf.67ff5bf4ac37e116d15a8d99c522c54a.jpg,a388305296841354e4487e95882e13338c9927a43a5ac8641ec23db553d40f01,f41fc0a79138c72d
data/thermal-1-filtered/train/images/frame636_jpg.rf.1a05ad3a06ad30e99a6a915c8dd63f7b.jpg,778b26bc544b4b8b6ddee8447f828d76501cfb0af91c1c25194a23bc648f5953,b99794a5c4ad11b3
data/thermal-1-filtered/train/images/IR_BIRD_012_frame50_jpg.rf.253b9f79e9d687d9364838ec10a4abcb.jpg,e27561521e245ad8c591a8dd060a445bd2a16a42d002e71e3cbca4b1543b1c9b,d52a956a1dc06b9d
data/thermal-1-filtered/train/images/frame207_jpg.rf.d87bf76033550bca173b0f117c79d5e2.jpg,cfc5998a4d170cfe4ffac2c45d3912cec22a1da1da28b885893bfdad76a281f2,952a1b9497c76cca
data/thermal-1-filtered/train/images/ir_3_018290_jpg.rf.3168b11e57d39643ec166b701706b5cd.jpg,8106306a464cb2d0fe6290d18f5e39decaf816f0697a193a491a65c0ddebc83e,a929f536a44dd919
data/thermal-1-filtered/train/images/003770_png.rf.bb49e18b2dba5b05bc632b34a087a13f.jpg,83ca11460cf2cb9586acd17eacea31db893a7478021de5291b35b2250363bfd4,907f402f4ab649bd
data/thermal-1-filtered/train/images/002070_png.rf.a75b394ede33d9e6e6c4858333fe3ca3.jpg,344387eab308da1e6a740d907412946a80508f05a6b6eaaaa3c726f974965cfa,ef386a08cec1b64b
data/thermal-1-filtered/train/images/ir_050540_jpg.rf.f7b6e32594f48304e868c68c90a2edbc.jpg,ea90952fc5819b138a7a35cca3f03ce504d63686fd2f296827418b33de557592,d2c8907b0dfa0de9
data/thermal-1-filtered/train/images/frame482_jpg.rf.12256f2525288d8ce099689b48d98df6.jpg,f617a13308dd702e844bfb1e9336a9cfd3cc50122f1f4ed779ffd4332ae24781,fe8383ccb0fe320c
data/thermal-1-filtered/train/images/frame504_jpg.rf.d3eaaf17ae7d1b89d8534d66a2f8e4f8.jpg,059e5994a225199c1c6f275174a7d22f2c64c7aa832c35e02a02e9e8a061086e,fe03dcb684b48798
data/thermal-1-filtered/train/images/IR_BIRD_012_frame300_jpg.rf.e042a64562ad5c855463a256207a615e.jpg,6875702b8840d63ae10016cce472bad131d50e7370263ad77e36e456bf78ad95,c51d80e77b8e8671
data/thermal-1-filtered/train/images/000001_png.rf.50b1827df22da48d1659f6e024e38d80.jpg,31f13ee11dcd9823cc36ec64a0c8b1f80e710da078c47374178ac44940e5bb6e,e07fc08a171d1f35
data/thermal-1-filtered/train/images/frame577_jpg.rf.b800e4027d9b5df2b89cfa499b8c3807.jpg,515865f21df0a520fbd0584997ae9ebb37ce938ca1dc399b6a96c9af60dad0e6,aa4f8996c92d96aa
data/thermal-1-filtered/train/images/frame388_jpg.rf.6a65f2395d04fc94d97afe030dfa5a8a.jpg,b72f874bc4f43f652bf275a2e3760bf8a76491430de6eacd116f9dd1e298339d,e08aaaa535534f67
data/thermal-1-filtered/train/images/002400_png.rf.458722052cb1d907d51cd3aabea65b24.jpg,8d2b6753bbd25d20edd852b7dda48128d6cc1bddd4974d6e0424a05512047589,d9e080e884ff0cfe
data/thermal-1-filtered/train/images/0_0_000129_jpg.rf.99e8d9d5b3478522ac85101d9a924533.jpg,bcd39d2d5a3190d1c955f3598564bd2bebafeb13401d73df2f2294447a3a66e8,807f40be0da65bb5
data/thermal-1-filtered/train/images/002724_png.rf.c9ffdf750101eb025d17b45d8eff8022.jpg,3428f2699f92528ee79ad6a63f57b9c77fcd3aace20830bcfa6d55fab6df5d6d,a03fc02f53a753a6
data/thermal-1-filtered/train/images/002427_png.rf.9306905f3cc3d3286cd39f8e7d947ffb.jpg,06acf35cdaa3f646b6a57d62471ecffe7f13d3f5df6f78df816e8f7e37a1e4c8,d07f801e1f0f0d1f
data/thermal-1-filtered/train/images/frame628_jpg.rf.2ee16a94b9de345db05db5f258155de4.jpg,689e890fe97fe48d66c4d3e606f9e6dddf8c8b948d9b6fc4f01d8af335fdbe47,ecc081f1c5fe4479
data/thermal-1-filtered/train/images/002029_png.rf.1bd9104b96822792297c08cf2d85c094.jpg,8ebc6531c523d3cef67c1ebc2ea5c9f5e5b84f0a28dba26bb494037fd5926a2b,d08000cf1bff527f
data/thermal-1-filtered/train/images/IR_BIRD_012_frame277_jpg.rf.8e713d21ac76b95603e1219e5d7c0691.jpg,31fc4bb0b255f694ba4f7acf25fc321afe30b5490d1bdcf4b00df8be6fb96587,959b498c46a753b9
data/thermal-1-filtered/train/images/003070_png.rf.c5283312f87cb9d8a495967fcb33c7d7.jpg,dc9e669341dd1b732534cb5ef9aa515d4f24088835756a7e776f3a1ad4386498,85b5d435c2a955b6
data/thermal-1-filtered/train/images/frame446_jpg.rf.f5ea8e2837efb312760aa3c710da4389.jpg,6f2d8963ccbe86abbc3437aad6b0b27643ef1e6035ffe76fe254beee0c45cbcd,b863c19ac77cd42a
data/thermal-1-filtered/train/images/IR_BIRD_012_frame109_jpg.rf.813354c734eddfa2c634712f64d8ecc9.jpg,b44c500ad750a8a86ea2b02980a037d543025b9afacdadda15ef9d10c862b239,fce0014f02ff00ff
data/thermal-1-filtered/train/images/003686_png.rf.a7204c8df8b3b439cc66648835f4730b.jpg,07f14cf7f4bb8ff3563a84cfe5a05bc248369598ad488031f2131bf6dda0e0ad,d08000ff0fff1be1
data/thermal-1-filtered/train/images/002445_png.rf.acdc6a0d2b7c66bc361c74d132b8d8d4.jpg,78f54a3fc5a591e40110e09012fb7bc8b9852d9f68581fae9454027d86cc2fdd,a13f412f40ab51bf
data/thermal-1-filtered/train/images/frame250_jpg.rf.8f9a07c53cb796e8b29b47153964ad0d.jpg,ac169fdd0cb4dcce3ae319731ce396436b23eee00a7b4fecf503d90fa290f86a,b6d5d436499921ce
data/thermal-1-filtered/train/images/ir_3_015040_jpg.rf.0da7b43f387005cb786818a67754bad1.jpg,022098ab54a4d3ed01691f1546a61d2c194e7a61657afbad4a3d606562dadd5e,ae6fef3818315246
data/thermal-1-filtered/train/images/frame280_jpg.rf.9f556e7bf932762ed1a0e3667bc494bd.jpg,2fe503a5eba60a6d5816d385c53f97f0c919dd93491d8251ef2805f496593bd4,f47f8084d4bf1127
data/thermal-1-filtered/train/images/frame384_jpg.rf.7ddf1dc961d3b388d8f30508b09de86d.jpg,6ee7d102db24fe0a859e8863bfda7fba84d6e4d6ad38efbb3ff7589063abb5ed,c796a3c309d65473
data/thermal-1-filtered/train/images/002740_png.rf.930561c4717d21fadd37824f8d82b0b0.jpg,6e945cde8409d828a68312790966d98ba1cb148306eb84acb1c543af7fd6908c,803f402e4fbe55ab
data/thermal-1-filtered/train/images/003780_png.rf.2c5962ee890e00220640a9e8fae1f5c2.jpg,aca88c47baeee6599c636a2c78b4b673f51f779e67f0a9217c5931740a4ba39e,d07f000f033e1f9f
data/thermal-1-filtered/train/images/frame293_jpg.rf.9131210a8c5dd559353ff9835896a03c.jpg,79f82e9fa5355df30b819d1ec2af21a46e1f85320fd652ecfa804fa4446b55c4,beefc39d41545414
data/thermal-1-filtered/train/images/IR_BIRD_012_frame89_jpg.rf.a7a7806a984ed19f733063b09c0132f8.jpg,8a230a08b17c58bf09f2e5ad781dc104f37f24ec9a8635c84efa3f3e5cc85be3,f7188c7708c47f1a
data/thermal-1-filtered/train/images/003062_png.rf.e925184e8e127833f79432b6dd06157b.jpg,1cae504d3d053e799518b7875b22179af8998a8b63df76271ce90255501b1604,95d553b256a948bc
data/thermal-1-filtered/train/images/frame491_jpg.rf.8a9f771b22611157add649287b7b4d09.jpg,e9a7613fab45368b814e33a6dfaa28f1529d64132c00d34edfd41d3b82683bd4,fe0386fcb300b837
data/thermal-1-filtered/train/images/thermal_tzeelim_021410_jpg.rf.508db16ebb063fcb99122112f314694c.jpg,5d04f4348a472d17193901f92be969343e6fed29e79e1e44b36ab2863b3b6f1a,813f41ac5bac5bb4
data/thermal-1-filtered/train/images/0_0_000036_jpg.rf.050801442b750b1905f1fd33801c1718.jpg,b5fb9796a382a8bc5875e3aca58202018fd01397f6b1b6398f73f909611a6db7,ce6339b8e64518ba
data/thermal-1-filtered/train/images/002070_png.rf.080d598de9007ef5f11a97c9a94b0c90.jpg,7e2d2a06571ca211cf6e03f7cde4228d4a8b899da3289aeae4515030b2139f9d,d18081ff0ff008ff
data/thermal-1-filtered/train/images/IR_BIRD_012_frame251_jpg.rf.57e6f4efe7503b06f474de1e683e6ee5.jpg,83fb9206b45c4719e58a50ea30445411c25964a71346f4503e1bb29a2d7a4e0d,a24addb72ccb9234
data/thermal-1-filtered/train/images/002534_png.rf.938dcc894fcab388edd9e83a83bc7cd0.jpg,611bde5416dc9e3e01c1b2b820586063e01f1f9c5963898bd19e22aec7d132cf,f36884f8077b807b
data/thermal-1-filtered/train/images/002337_png.rf.2b19ea4f6129602c9cacd7d2b36d47e9.jpg,27ec5a10c286c1e04af8b4eefe14411b840ebc9f52412183c65772b5b7f1f715,a03f412f4aa659b7
data/thermal-1-filtered/train/images/002249_png.rf.447c98e8470ebb97602a9ba0208ef536.jpg,c1da3f7d0b9ad4cc082a326bfc44a907e41ddff6676896aa8479d5f184645fd0,ef7eea5580548265
data/thermal-1-filtered/train/images/003086_png.rf.2cb823091cd3d63a434d7e4a2b11b3ea.jpg,fbb36ef3df0ff5824352e6596945f438532f0f3796f73652b780046de8a9dda9,856a554a5e5b5a59
data/thermal-1-filtered/train/images/002450_png.rf.f5d164e0dc26e4a464d96b376f728301.jpg,b5bdc4c4d279e4dbf1544d3652451909c783a38498878c00dc38df24106638a9,8d0ad5415d55555f
data/thermal-1-filtered/train/images/002403_png.rf.ec625dceda0eca34301c49ddf7e10f77.jpg,e3f01a382277b203efa1af41b32f2c6af19bb1296c1b9b9b1db063c577095845,aa7bd708ca94c53a
data/thermal-1-filtered/train/images/frame411_jpg.rf.97af8e35a9cf72a5480d8d3f0ffd0b26.jpg,2a07aa17f50902a1e662313a75a6d8f187290f5777db7e909af89e0209c768c9,c1bd850c5a1b1f1f
data/thermal-1-filtered/train/images/frame395_jpg.rf.10022b63dc65f189b96730485fc70ad2.jpg,c5a040eccfa57f1b9edbc5d35dcf0789ca9429ad8cd1a97a29f063eb5bf33b0b,e0a8a8a53f5a6ea5
data/thermal-1-filtered/train/images/IR_BIRD_012_frame260_jpg.rf.759b374401c04747b7fe325a9e7659bc.jpg,59c6cfb6b6b371ed999d76bc4bb4d6b67f19e6df045417eb516d3452994e1c77,a24addb72ccb9234
data/thermal-1-filtered/train/images/IR_BIRD_012_frame294_jpg.rf.c9e4e234b3c8a39d24b2c830ab326cff.jpg,f8c909f24c5e10069ac21fe373a957f9710f93c0989664cf0b510919dd3d7d16,94644d734659537e
data/thermal-1-filtered/train/images/2022-06-27-113-_png_png.rf.9ac2237a2a76ebb51ad6e2e36d27eeb8.jpg,877722a61aeccba462c9e8f06e3929408fb76ade2c2203844784f140d20b4a42,d09f1eaf18231d3a
data/thermal-1-filtered/train/images/002742_png.rf.527bd3a396c340517c0e7f85a74653b8.jpg,867a2f361595332dac29d4f83c5c504583900d8c84afa41d1d33d12f74c09878,bf699c59c01ce11e
data/thermal-1-filtered/train/images/frame390_jpg.rf.45dfe205bc9bd024bd1678b5c9e745c6.jpg,615240b0ec3c7f5a42704b1c8a94a3ffcaf5507f7ebef0997d2ab20f05e86843,f06091e346f646f6
data/thermal-1-filtered/train/images/003795_png.rf.ed3868ff5b28bd00a423259b893104bc.jpg,f0366c7a441fa6ac1665a6648dd2470ff42052352743bf18dafa9d1b27318e88,d07f002f52b349b7
data/thermal-1-filtered/train/images/001999_png.rf.98ead2a6104a6545fff9ab04b9b3fa37.jpg,7302fbe7876a51872e3487d850af50822298029deb6e9266f90151246e10a7a3,ff6c7851049be40b
data/thermal-1-filtered/train/images/002401_png.rf.c03a529568a244aab38373007f60cb8c.jpg,52a55b9c262c8b6720f289996896611369644205ae536f14295252e46379810c,aa7fd208ca94c73a
data/thermal-1-filtered/train/images/ir_3_030830_jpg.rf.34ae9a61497047c716e6136b89dea34d.jpg,ac014e43c4d51b9ee3a9427b13a59c3891b167c5f6eca0a4b31b4fb87be3bd86,fd6f105212cb2af1
data/thermal-1-filtered/train/images/003761_png.rf.80e05c95af740d0c3dd438821fa60aa8.jpg,c8b9acd53577f2c581fcd063cb6f099fb095752c092059ad0009d959b43d8403,856a55c65b555c53
data/thermal-1-filtered/train/images/frame375_jpg.rf.4c5428e022be639561668d2876fb0ba1.jpg,aa0f0b39dbecec21a03bbd563b6eaf1b70c58cc28ee16c7912ceb58a45fbbb4c,956a158fcacb4369
data/thermal-1-filtered/train/images/002831_png.rf.2afcddfaa5805bb094208ec1c5346a20.jpg,f9c870bb1430674e79467c5e8123bfcaee9e2c56f409b5adf19ed1e9fdb45d60,ab2dd925c5a05d3a
data/thermal-1-filtered/train/images/002704_png.rf.f7169c6f27e6eb49555bfe5ad6a283c3.jpg,ecd3ba3932556a3b50d7fdf9fdc311818d7ff377294cec022953fedb50396aa2,d18080ea1dfe0aff
data/thermal-1-filtered/train/images/0_0_000204_jpg.rf.18b5d2c7ab0f340b35d171eec4e61a82.jpg,36a3554db984f1e213167d99e273ea18fa245a45efbf12965c55308383bce24f,a05fe13fd12ad528
data/thermal-1-filtered/train/images/003757_png.rf.ad9af23b31f0605f1b5bcbee4668c7ae.jpg,ee12f14c90f74d02152f1baca13e496c8b1a51923251bddb5e0aae66b6b935a9,846ad5cd56555c53
data/thermal-1-filtered/train/images/003815_png.rf.5ebb224c2e54a6e4dddd11b9394b6dcd.jpg,3829151b5f237e211e93de8103edf4baf5033433131a48884926a041ee5eb1d1,fb7e017c87208e2b
data/thermal-1-filtered/train/images/frame677_jpg.rf.8be5d9837eab6744c0b0bf316055b5bd.jpg,220c2f7cecd9e3b3c779ce12cb325bc4bb79dab04dda4b4b7a6d8b94f1e8f288,fe15aad88272885f
data/thermal-1-filtered/train/images/frame170_jpg.rf.f9bd9921bfcc33e5979a146b0f33e566.jpg,aabe95b69245e82c6b96c545e39e039131ca1b7b642e1450be152705e7fd601a,bc3b8057f29b9960
data/thermal-1-filtered/train/images/frame367_jpg.rf.f0181d4ae92c8a4ded961c7aa2b4364a.jpg,5a28adbde80b963ef479a14a6d3a79103b3c9512016d34d9dfc91dc983a167ae,bff8f89b090e4c48
data/thermal-1-filtered/train/images/002958_png.rf.ef435780ac7581f4dd7febe033c125c3.jpg,cae7ee67994166c85595b3746f785a62760987505f0df699a5bf3da54a8d847c,942a555b5e68536b
data/thermal-1-filtered/train/images/frame565_jpg.rf.ea8b2d04668db92b03030e3f616ee8b3.jpg,e0c36d924b0db95ceda94549491215fe29910fbf37ea4936cb12a4b564c9ccd5,eec6eab9b8308c86
data/thermal-1-filtered/train/images/002764_png.rf.33267707106c473af8e0dd78fb25e65f.jpg,83c89a93cd08b564d7c105f40c631332c156e5be48831939c39f62c9fbd44729,d12a59f309f518e5
data/thermal-1-filtered/train/images/0_0_000019_jpg.rf.26316c445d594843d72d29117f426c34.jpg,11c5ae2f1f0f6dd12cf3620e2729aa55cc0d313a7d83c6dfb33c3097ba1cc45d,d56a17870df518e2
data/thermal-1-filtered/train/images/0_0_000351_jpg.rf.265a988c047bb224305df2d6626ec52a.jpg,cb3e52351c01b4bd5a663ad3a6c13db781778e6fdc1f1eaf5209f95a357a56f8,bb54aad52758b40b
data/thermal-1-filtered/train/images/frame703_jpg.rf.10c9278e7f577b3e41b45b7d79567178.jpg,f6cd179886cac8acc05fcf208cbcecd5b7c9fd7a2ed6ce3941d1e1d9d8879377,ff80ff80807e00fe
data/thermal-1-filtered/train/images/frame276_jpg.rf.cc18e6c0926c09a837be9e54b25fc2e2.jpg,f7bbde920ecb9f694b47d94ed3a8009d859e4962e3e63dc5088393cb345a254e,bacec6068687c763
data/thermal-1-filtered/train/images/003486_png.rf.7b35829a3b503cb1738b0fd702d251f9.jpg,fd45cec2ad8a253016d3a0cea958de4106da8c50b0767a41eeb573a80b8b50ac,85d5519c5cad55aa
data/thermal-1-filtered/train/images/frame420_jpg.rf.3229365fd8ce49e15c93cc19d47fd411.jpg,e9048671a51c3ca127f2244be7f59b87b5588d28baa232c786b6fb56bd88944a,913dd5b647a34b24
data/thermal-1-filtered/train/images/frame691_jpg.rf.7fe662a077449bba6ef4c8bbd7832639.jpg,3806360cd3430aa081275ce384bfbc42385d72b1c9a78ede8839f03665081ee8,eed0ee90fe80fc04
data/thermal-1-filtered/train/images/002323_png.rf.34e26c167bc10a7fdde7268964b7f329.jpg,6a202afe46da62038ff5a99e4dc638c5ed3605db39675c3d24aaad3961b239d4,813f402e5ba65ab7
data/thermal-1-filtered/train/images/002275_png.rf.062ff5976187bb92a9a7005002dde589.jpg,0c0d4ba8bb0ea0a7fb80b0b7d69bb53650c51272f463d3e26cb682b482d433ff,f07f002ec1af50af
data/thermal-1-filtered/train/images/002802_png.rf.3dc33485611182fd1e5fdfd012736807.jpg,2b5e3996ab2d7e3a13e08e12bd647f60632f6d6e91ae763322e4680ac092261c,946a494b5a5a5d5b
data/thermal-1-filtered/train/images/0_0_000165_jpg.rf.802e4485ca2611d96335290b01ebfb3f.jpg,5412f4df112410ad5ba73c969b5c700b03a861fc71c55c65a1ee01642283a5b3,de610839a33cb79a
data/thermal-1-filtered/train/images/frame17_jpg.rf.55ac2359e6fe7d25f09e37be888c7f1b.jpg,9227f6f5e6c2a840edc8703d0942ccacaec955c7e41bf00d077e55cd5b9f67eb,b4b5942c912fd497
data/thermal-1-filtered/train/images/IR_BIRD_012_frame187_jpg.rf.e8768c8e4d7a060a102b70cf6e2ad06b.jpg,ad5aac127c0e0236a9997f2efb86716a0d1c9b8366ab75e5a44750f64dc13e1f,caad55160d2d5e1e
data/thermal-1-filtered/train/images/IR_BIRD_012_frame280_jpg.rf.9bb8a37f2a69b99755c937699f1397b3.jpg,27c7b8986a11f32e3bd80c4ee8f6f668fcad536ad1eab624528f10483e8e10f6,e333cc66396cc361
data/thermal-1-filtered/train/images/ir_3_021970_jpg.rf.1073230aaf453e457a47434e3449f9cc.jpg,9e569d41996be98a71f5cdcb14b889e3f31025a159d77003eee85995de55e95f,aa2ace1dca3fc01d
data/thermal-1-filtered/train/images/frame167_jpg.rf.a1100cdeb3c376a4d67bc60c7b375671.jpg,eafac9f5f5d976106afd2a4889c61f9083ced1d8cb1637ea086ff0c61485a7e6,e93750b80fa3170f
data/thermal-1-filtered/train/images/003779_png.rf.1de481be28e01ea0ddac1b74b3c68cb8.jpg,9705c3c1e57dea9e58e707adc320e5090051717350dd3daa8027e63a7dcdb1f5,dbbfb4d106071907
data/thermal-1-filtered/train/images/thermal_tzeelim_014860_jpg.rf.168c4e1374b308817e9b1cf372cb2274.jpg,dbeb17ccf6eda15f311611abc1434196a188e3a0458a6bdc385d75abaf7c8f7b,eb7e8154a9c2b54a
data/thermal-1-filtered/train/images/002670_png.rf.48e2a373798ca67a8e552aec0e384012.jpg,6ac274392ac265b5d2da9b4092e641358155c7b0dd3911f3bb848a6df43b8e5b,d09f009f1d0f0f1f
data/thermal-1-filtered/train/images/002513_png.rf.cd3cfec316239b7fc12a1baa11639dc1.jpg,0fc0e23b648467db1018670c771589c69fd39d7c55fbfc19a066c351069b7f18,f46a947a1fe00d72
data/thermal-1-filtered/train/images/IR_BIRD_012_frame83_jpg.rf.25cfec216ff69d9cd7c2c9ecdce74246.jpg,c06f18a1c4e80af91ab454418cac18a44f0abb506776c05d8674d2877250db58,f177431c0e874787
data/thermal-1-filtered/train/images/003089_png.rf.2a0c2ca8b9f281e681f3486cd3307191.jpg,273f0b8113dc853987f11f2f6b480e229fc360b55bba8387e6a2c1c642401d7c,807f502f4faa53b4
data/thermal-1-filtered/train/images/002238_png.rf.4f80959484b8bcfc5f95d24c60fd8b65.jpg,8f5689e16c819f6390c9e473372d0cb7decc9029cd7f319bb712a4439613c35b,eb7ea855805f9065
data/thermal-1-filtered/train/images/002224_png.rf.0e2a31ce08733d6f6499213fad29a21a.jpg,7382bd535125124f5d30ce9cee81c925fd5d274b996727e546d188a5281592e2,b02f402fd4ae5d2b
data/thermal-1-filtered/train/images/002240_png.rf.6e484df0ba275b4b11b4132e204d14a9.jpg,406d12109abe74078c6823b643f1b6d1ae540631d5e159785667844ce206b2c1,d07f009e1f041f3f
data/thermal-1-filtered/train/images/0_0_000003_jpg.rf.6f9c923cc4d0677958a0c8e5f4c3ad43.jpg,3f916e4b3268a62ab4fc49ebb9da5503cc867aeb8047f211e60072d0b1704ac8,952a44fa377f08e4
data/thermal-1-filtered/train/images/frame180_jpg.rf.b32149f17a6466c260bd11d172c4060d.jpg,800cf3e1bf48135246b781d15c05c3d6b6831b4e20bfc1cd2c3a93e219410ec9,b19d45b85e874c2d
data/thermal-1-filtered/train/images/002007_png.rf.ca82f8d471d3d39e93562f88f7d82e26.jpg,5436801f0ed32cade6047ecb94e39ec901f5a190d240eae74be3b34209d80c54,ff6a17621fc03a05
data/thermal-1-filtered/train/images/002282_png.rf.e8ba80a5247ee3dc58bf90dbf54346bc.jpg,2103c45478352a8451556b5ef60523f7fe02f564bf7f6e95dffc4776080800ae,9515d5bc50aa5cb5
data/thermal-1-filtered/train/images/002297_png.rf.ac98f3130714801396e5310d0417685d.jpg,31f11707060e299065a6eabe65e3bc31d2a05f4b77d4e4e28246c2c492a676d8,d38081e818fe1d7f
data/thermal-1-filtered/train/images/frame323_jpg.rf.fd0811296369485004a88889dfe283e6.jpg,e01d71393ee23cf0f668a72e8164993157effe1cd251248005eac05d07d43997,c080c1791fdf4ade
data/thermal-1-filtered/train/images/frame498_jpg.rf.07ae69b42824002bb130152802ca537a.jpg,5fa0f988ef739b12c0b1232cf0abb2ffe08af581167a1eeba86914cfe95fbade,eaf1c9e0f2eae180
data/thermal-1-filtered/train/images/IR_BIRD_012_frame243_jpg.rf.24bd9403e8ad3c883b764e2c3cc72f8f.jpg,629ba2673788477051c956b868da7ea5c87833f4f34e6b3a29d5bd499bb04cd8,9289594c4cd65fcd
data/thermal-1-filtered/train/images/frame179_jpg.rf.b8f7900ce33cdc1abeb049be7a718f30.jpg,402aacb368b6251a2ea02a56e44da7fb504a729587b47c613260545580049c95,b147e6c8d84f6938
data/thermal-1-filtered/train/images/IR_BIRD_012_frame141_jpg.rf.bcc2ea9f4f8b8fcfc363fb7028b2f46f.jpg,82e69509ffe5b5756d952f5260e6756d7388195cdb66e800f4aa46f961920fca,d40bf45a8b740bf4
data/thermal-1-filtered/train/images/002804_png.rf.5154e0a96bf073195453d8c085d31425.jpg,954f1ff1333a1c007fa1102bbdbb2b10c5a609805edaba945bbf2208aaf38d4c,803f40bf4aae5ba6
data/thermal-1-filtered/train/images/frame13_jpg.rf.09d6fa834c3009725787d4c4a068a4b3.jpg,7a3b8306263deeeb3784c9f7b2fe14279a3acb7ce01509adfaf32f6b39c91333,b534f52a953914d6
data/thermal-1-filtered/train/images/002835_png.rf.e49f501b61d946bc6befcf5f1277c140.jpg,8a1230034d471e28db96d688a79fac820d4b3d6f5718846ff7baccb9c97b3cff,f52a157215f515e1
data/thermal-1-filtered/train/images/frame315_jpg.rf.a7dd7676a4b83e3dcb2a6599f44bf78d.jpg,569eafacc4400380bc766e872285fe77cb288277349b93a5b27f475eed0d00ba,f02080f30efd07fe
data/thermal-1-filtered/train/images/IR_BIRD_012_frame65_jpg.rf.ae7f21c155b831ea46e5008199abf57d.jpg,c895d9d4707ac753e0fd3f8c0e5819351e1a854c1baf580d476be62dfe413ed8,f7188c7708d47f18
data/thermal-1-filtered/train/images/002808_png.rf.0333d6c58fe46220dfaeb98f24dad737.jpg,8e8b1862809bacdb930a2cf82bd831848a35771c641a03d10f091263e464323a,8dd5d5ac55ac54a4
data/thermal-1-filtered/train/images/0_0_000100_jpg.rf.5569490beba28a8bad775e7b4fec51f9.jpg,73c0e6e5ce1d18490e17024c85bc9438e5feb2813bd73c3a8ee2063e84f406c1,d5c880e94afd1e69
data/thermal-1-filtered/train/images/003100_png.rf.a74044cdd7706886297a63e64902d538.jpg,446f19801a0f85d4516f29a50f0d25893a05a0f666ba5f3e72e3863232d10a2c,ff7e89569a84a814
data/thermal-1-filtered/train/images/002714_png.rf.4a4f880cb3ac9d3129c425c40895bc10.jpg,00ba8e46c44487608399dc4eb93a1ed1ae798e71083cb6c1f7644d4f407ae259,aa32f600dbe85b6c
data/thermal-1-filtered/train/images/002464_png.rf.f7842f59f9e5e474cb5672c8999aba25.jpg,d7f05352afa609fddd72172330fc50581d34d5a4763e4f9c345d64577ee5a3d0,ff53b55ea550a005
data/thermal-1-filtered/train/images/000006_png.rf.5bdb4e697079cf8d544a078148a5b2e2.jpg,77d223bf7f2e230676aea5f2a7932c0673a3efbc8ad3b3b5491ac85493a54edc,eb7fc080802f987f
data/thermal-1-filtered/train/images/002215_png.rf.1bf1fdd7d60e1ac771554113f8f7f190.jpg,ba424db7957761a1ec5b17a102de5b16593e8a64f8fb3b3b9d12e534e32d5706,952a554b5a554ee3
data/thermal-1-filtered/train/images/frame421_jpg.rf.9d49a840be10bbf61300a1514b77e8ab.jpg,90f37ab93120d478a87ec297be4c9a27c1a910381046b289819bd24cd1c3cb1e,fd9daa4848d1d949
data/thermal-1-filtered/train/images/002545_png.rf.033d6c59beadebe30b8ad5e0d951957d.jpg,4e30dc749e7fda72d0a2c8594dc242cad152cbbd81564ed08371c4f1180fb4ca,95d5551a5a2a4b9e
data/thermal-1-filtered/train/images/frame566_jpg.rf.266ac283d0f24905c294a4c27ae35a9b.jpg,1ff123b638c8fac253120293ad0163bdd71100e56893ed08770a5906794f3996,b5b5950d458a12bf
data/thermal-1-filtered/train/images/frame709_jpg.rf.699d85aaa7f623035445ee1e1ebd2ce8.jpg,c675e12a1a435fe12fde55d1cc3742d2cce39a834b45acd400e6b3622f0b2006,fd1bb4e89450a55a
data/thermal-1-filtered/train/images/IR_BIRD_012_frame101_jpg.rf.3ec64e7ddb9bbd8f7b9b024d8be52987.jpg,6189de56f5d33d1f6e961a3fcc4dcefb60ee9a0bb083a1eefd6e73f585b4029d,c12ac57a956a1dea
data/thermal-1-filtered/train/images/ir_3_034950_jpg.rf.d742f8867af5aeb2a36a486e276c633a.jpg,a98922eada3c12faa1af3715d78bdba50aed6f40055f61a52646d332b692a779,fc73ac22eb449b14
data/thermal-1-filtered/train/images/IR_BIRD_012_frame129_jpg.rf.939f8d58b9984ba08eb50d82fa6269a1.jpg,6d662934a7999518e75dc670aa5151d9edcf8c79a26edbe9995b3ba05999925e,aba525a552ad5aa9
data/thermal-1-filtered/train/images/frame448_jpg.rf.054aa71caae6a5108a99a09ce25df1fc.jpg,423195b5981b33ef884a3ce0a84d6245e5294db037fab6bee3dd9d62602e6f33,efccb83ec03442f2
data/thermal-1-filtered/train/images/003969_png.rf.265f488cfefe3d880aab9084a960b520.jpg,7bc57e03cc05467bf0b72f468c5a1aab1c5e4effc0aed3dd6c2c6ca1a5a1b325,a32f610669d6b966
data/thermal-1-filtered/train/images/003736_png.rf.12e0b2b4e4540fd756eac72edfc54242.jpg,3cd03bab050cbb5bdf95ae17b1f29ff71a42bb01d174707260abdcee8a857670,b7682f7097528d61
data/thermal-1-filtered/train/images/frame598_jpg.rf.6031c15df3ae0ecf3117e16394074416.jpg,e7043b4aaabffaecf724cd1b5e822337fae0997d5c4fdc1f30406148a6c40812,eee6e8b9b0868e06
data/thermal-1-filtered/train/images/frame145_jpg.rf.36d1f9d953b1af7b6d56ec7392025320.jpg,66f88dadb0c2cb0c9fbdbfdb9cddcdb1536891b59a38068c80a8808b0bf48544,eeb919c1e4c23237
data/thermal-1-filtered/train/images/003744_png.rf.98322f487ae92e5a08ce1375f97fd842.jpg,4d434330a90b22973593dcc5bfe917bac6c11724e7bc78707a4f079f16b231ac,db8080c007ff99f7
data/thermal-1-filtered/train/images/002292_png.rf.9fe63c8d8b5a2a691d3cd90ace350c64.jpg,2c159212911d643c94bde0c8f44a12fdbcf19d574ac642b6c6c82dff0c146e2a,8535552c55bb55ac
data/thermal-1-filtered/train/images/frame636_jpg.rf.dadba63e33484f8614ad7572d990e30e.jpg,16d327c94843ffcb8ab53615fc42ac2864a578590e5ab339f3323ac260ec5345,fec0d07991dec6c0
data/thermal-1-filtered/train/images/IR_BIRD_012_frame54_jpg.rf.fb0dafaf449e2a4e5d7c3ad2934673ff.jpg,f6061704e2e2fd71ff0d1c3fade5b0f10ad31938397fb4121840941871d3c50e,a59652b45aad562d
data/thermal-1-filtered/train/images/003717_png.rf.4de4f72ca83b3e09bba5d5fabab3f1d6.jpg,21574d2827ae5d9d42de00d6b38581539c6e07126d751ccb284cbb7d5533f14b,952a55635a555b4b
data/thermal-1-filtered/train/images/002470_png.rf.fc22ff1e6af4916edfa206666368c35b.jpg,a8d37089f466cc08b7e90313890143146c6fd90dc185475b61f50e8cb474dfae,f52a156a1dc51575
data/thermal-1-filtered/train/images/IR_BIRD_012_frame52_jpg.rf.b72923ec746e01f2d1a194bc38b6e146.jpg,c9bd19373047c203fbf9287c0c51e42ed34ad7a52f587ecc7b9347a107f1f8d2,f03c47381e1f473c
data/thermal-1-filtered/train/images/frame392_jpg.rf.76fc74c8189ac5b48460c2cd4480a0d9.jpg,b889c086644ce0b0eb8ca53855aba676325ebe8bb98972cce574d795621abf32,a52a55d716d65646
data/thermal-1-filtered/train/images/002212_png.rf.3f5bc56c86d809ac4afe94e87e25bece.jpg,c7e12fcc9981d363802a0d652a147c098ca67a1d00f4fcbc451963ebfbb034e6,ef7abf40d30ad021
data/thermal-1-filtered/train/images/002021_png.rf.c473ae5003f4b934dda1f6a549b93ba5.jpg,c48a33a16b2420060b2f871ff2fc04d3687d3edec8d60ce99730f64e9ebc1914,fe7b06710e8318a7
data/thermal-1-filtered/train/images/0_0_000407_jpg.rf.2bcd262b7941a1ba442ebbc7b83cbbd3.jpg,7c1bc9200e52ac8b79ab0f67ef82b2c15420dcc536261887692e6f46c3232bd9,e9791696a9e94296
data/thermal-1-filtered/train/images/003769_png.rf.fc8de8be03a36af438983eb8e167869f.jpg,3900fea62406b075eac65b52a896d13dd5245443c0af5bcd69ee71906e98b678,a73a3158974ed82d
data/thermal-1-filtered/train/images/ir_2_030920_jpg.rf.dc3fe256c59ef5c054bbf8902e62de52.jpg,6cc2de4f850717d6473dd40a292fe5a70effe25aead47e6806f0d272dac4a2a7,ff7cb478970b8402
data/thermal-1-filtered/train/images/frame661_jpg.rf.9c69bdad6ec52dfb39bb02fb255b7977.jpg,a76b717e7443edc28cdc679c5223f3b5c40decdaa21ff3e35d3a102d8558d186,e4c0c1cb13f343cf
data/thermal-1-filtered/train/images/IR_BIRD_012_frame236_jpg.rf.21ce73dbaeb673c0d307120ba49eaf4d.jpg,372ba1309be54f6c1dc5115e010703738092aeed34f0ac6ddb1cfbd5ea3add11,c79811f336e40cf9
data/thermal-1-filtered/train/images/frame161_jpg.rf.94cfa9b56bf7720c48d1e6db8db18a2e.jpg,286603afe7244b42712b348fd8db64fe8b789fef9da97cfb2ccab5c2c6526e33,c32815f71ff80cc3
data/thermal-1-filtered/train/images/003803_png.rf.206aff3ff7f016654ff851b1e94c1399.jpg,b399bd801d6e26f49dc3168f48aa4049487daf3ca62a4645c8bf615f9aa81185,952a157b14f307e3
data/thermal-1-filtered/train/images/001502_png.rf.6f01cf050b5700ddde65569909060f9a.jpg,b0e8475bb8870840af0467d55397ac23c37653cc20f8037992254184763305ae,a83fc02fd02fd32c
data/thermal-1-filtered/train/images/frame70_jpg.rf.f96f304903ed607e8b71e1b01074e0c6.jpg,04e4ff2ae3f1814280143793820bd3e597fcd217d183dfa688aa2a54d4e522ff,869bf98ecc619b12
data/thermal-1-filtered/train/images/1159_png.rf.d7de66eeb014b68f16440f2a7643797f.jpg,7325582769d278f70fcb603ee7aa6eb6a433a7a0c234ba6b5efbf87f94e8690e,803f55ad4aaa59b5
data/thermal-1-filtered/train/images/001499_png.rf.ad35ef6e9d6b47b9591e40dfe0effd3d.jpg,8c1d77bd06e7e67b9460c325f0e70e9ae83d147a12fae9aa635f004f26a6470c,ff8090e585f98758
data/thermal-1-filtered/train/images/002206_png.rf.6b72e7d4b55aa4a2772b8ef26d008d80.jpg,ae86db3d906f02480fa126d3716064ea5832cb552bb5fa8a8d1be583533858aa,ff6e9b24c026c827
data/thermal-1-filtered/train/images/frame452_jpg.rf.4cdf6d41e0292ac1550cdc7ea53650be.jpg,12b48809cb8ca0c599a102071866690e4f5a79984567959e099688b79fd2409e,d02813dc85fe057f
data/thermal-1-filtered/train/images/IR_BIRD_012_frame2_jpg.rf.377e7d162cdfd4ec8e02f2c9b4353166.jpg,e2ca2172aa2cb99d43521799331bd69d9c9a838115bd5b41627b857d0148e40d,d52a946b1dc2619f
data/thermal-1-filtered/train/images/ir_2_023870_jpg.rf.7ce181709c08024af06c094dfc644f4d.jpg,47c576a75133141de91996eec0a6b69a355d008aaadaa558516b2ec6cdb1c6a6,ff7aa868a068ac78
data/thermal-1-filtered/train/images/frame300_jpg.rf.ab43ceeece631e98aef17b4db6322c6a.jpg,a24969af71145f904cc5b6114d61c14e27b160c1d8993a45eddc7333de08855d,becbc19d4254515e
data/thermal-1-filtered/train/images/frame714_jpg.rf.a98a912300ee0e3d3318208044505bed.jpg,d1995fbc939601818c27b0113d6cf83980dfb12fc072dc9c51d25452de2c1bc3,fd4b944a954aa55a
data/thermal-1-filtered/train/images/IR_BIRD_012_frame139_jpg.rf.87472915d7b4c019d0e9aa4cc6ba8c1c.jpg,55f1a8491695b2fca6a2f6e9173c296ca1c7c7a9df7f0b4fc2ec5b8d8e1778be,d422d46b977a156a
data/thermal-1-filtered/train/images/ir_3_015050_jpg.rf.76609c797cffe47c9d4d09dfe5aebbd1.jpg,f987ba4001cafac11f4a52652a57735839ccbd459539afcb45ad73f297f12510,ae2fef3818315346
data/thermal-1-filtered/train/images/002673_png.rf.094f38b027f5e1654b7e9083a7a18b0f.jpg,77928aba016f2dfa39a4680a8f210c9b1a632066f8c5cfb4436837d608b28b4f,84d555a94daf5a8a
data/thermal-1-filtered/train/images/frame66_jpg.rf.faacce2e5f1c96305ee9d2706b06182a.jpg,86f2ec4283c59c6f9b88b205bd413a62f617cf7d442fd301895561364232a694,bf96d299d96e1014
data/thermal-1-filtered/train/images/frame468_jpg.rf.71e3fede248814e51d4e1623eb696f1b.jpg,e71effba3eb206be188aacb59fbc9dcd9c09e140931a1750b42388dae09ff230,9c8a81d3535b5d4b
data/thermal-1-filtered/train/images/002336_png.rf.bb45eba894c534e24fcc1fed8bd954b2.jpg,33df290a0bbc68ab6b05a81b2e7875f77cbef6a2bcc6f6f5ffbfddbb92c6181e,a87f402fc8a759a6
data/thermal-1-filtered/train/images/002468_png.rf.520a2ce0791a199e3ec0d169071f9109.jpg,612f0c01c662550d34da94febbb3685f14aade08c0648a048008b046b6e18c75,ef2bae0b9843f016
data/thermal-1-filtered/train/images/frame169_jpg.rf.0011ae8e78525e84b86513775bfb5a89.jpg,d2448977140b57ca03a74bf97aa85499d97e16c44b50cd8f146e581f41d9c1fe,e96ed506e5cc3831
data/thermal-1-filtered/train/images/frame540_jpg.rf.287e037131e2b5980d4f90006947a788.jpg,edf994f8c5631971fef17f28f915453119c5aa57128a6259a60e36bbf32fd148,f02885f8417f1de3
data/thermal-1-filtered/train/images/frame289_jpg.rf.f0bc205ad7027960bf16a3c44b6d9fad.jpg,bf9ea78713daa486c18f74651206ad5fc5e973c4bb11d813a1d1339b6236fb79,a0d5953f942f5585
data/thermal-1-filtered/train/images/002427_png.rf.cef3de46acd7b9748c5f5e96fe1cebff.jpg,e8c30227554edbf1da48ea78998256071623a27451efdf0d692a7c2d0a7c3de1,ab7efb0cd104d065
data/thermal-1-filtered/train/images/002269_png.rf.0ccb0bc709630a6cbbf8be6b7c7e487d.jpg,a669dcf8cdbd919a3b1558d30ca3e57c14949af3362ddfa528c11f6d47c2a15b,e87aaf70823cc275
data/thermal-1-filtered/train/images/003109_png.rf.1e824d777546e88afb226448ab2b28e1.jpg,c5f1a9368ce058a22dbd42be38883acfcc0b9617dd8b6a08b800ffff746a3a9c,aed5d094d5954695
data/thermal-1-filtered/train/images/002726_png.rf.18f6556f1503114310831dac6963fafe.jpg,9339bb13c78a2cb106082e4e9c2082d78c689e347f65a950cbb5bf9bbc86307c,aacadd54c1545c5e
data/thermal-1-filtered/train/images/003820_png.rf.31ec8e42817d10a5520ef651daaf223f.jpg,75b6bc8495ee9e046655aa33744c2a2ae9fb32bde5c0d76b2d816fb1692ec9a4,eb7c07710e639c23
data/thermal-1-filtered/train/images/frame286_jpg.rf.36b5dee7422f88f641d7142a0e1d752c.jpg,d8a2481e72d50fe3d4f80b82ff6cd7b469b36f898825ff4f3129aa3c53326067,e9c214c957555b4b
data/thermal-1-filtered/train/images/frame67_jpg.rf.81ca63c5c59b738b683b3cfe6abdae69.jpg,4ee99935edcd4b9155e9e1ced22560a72422147498a96b05623c93ce0e8e1ce2,dac081cc1e7f4679
data/thermal-1-filtered/train/images/frame572_jpg.rf.5653f04906b1ca28360db2487e7a9509.jpg,e60b1121b49d19226cc8ff2219f9b89cf9ac46b6f28f3bb58d496572ae56496d,ec7fc0bd1129070f
data/thermal-1-filtered/train/images/frame442_jpg.rf.624c29700f60ac8bd20e9daa0a54d941.jpg,59f1934401e68c20f17b0047b711d1e5a6c9cfd79d6c3bdeb4f03a8f8c31fd2b,9075419097a15fbf
data/thermal-1-filtered/train/images/frame486_jpg.rf.1b6fdfa5445bf10303cd37583dbefe22.jpg,91732b50ce1e28c89682efd3a03463455ce36672ddc9f8c210190e771abf289f,fe0382fcf8bf0038
data/thermal-1-filtered/train/images/0_0_000034_jpg.rf.c215c4bd60b37123fa9a4d2a643bf456.jpg,317b796a3a74e3566007bf254fa8ff25e25aa89fdcaa1ccab75cc75871fc80ab,e66339bce6401a3b
data/thermal-1-filtered/train/images/001656_png.rf.49ad5a2bd1d5516439cd050ca47ce268.jpg,3b7542e2740c77d54817d8eb59bc77169806d2e5c19034ee77ad45b4753ede58,d0ff00170f170f1f
data/thermal-1-filtered/train/images/frame680_jpg.rf.1111043c59a9868eb5cebf0cb6df160d.jpg,fbfbf2130c875b505184f296295f6da5069d122484437b31986f18a3bc017057,a055d5ae55235ca7
data/thermal-1-filtered/train/images/frame613_jpg.rf.70169a161e82f25a4e82c9c2c53c0c13.jpg,34fd56363c1e68734f72b8a257ba65d0b5978c0415c321accb3e65930fd09f78,eee6e8b8b8a48e06
data/thermal-1-filtered/train/images/frame310_jpg.rf.e3ddbdc8a98e94ad1ff709f1fdced55c.jpg,acdeb40134261453708d684be26469d23677d055504a20c4df2254e6ecdd8a26,f07fc09e1f20d329
data/thermal-1-filtered/train/images/frame341_jpg.rf.a033624f1c61f33e6b4ac17aade376d4.jpg,682fc2ba45516357a941c2e4718d44020fcc711798e695ed46959ee07930b7cf,9ad5d59a520a5f1a
data/thermal-1-filtered/train/images/003840_png.rf.9d1421df94140e33ea1d7175c2e2a399.jpg,c6c809dab89e75e4488bc4acbea6a3c10a04ead3180a23dd8e60793833b17ca0,d38080cf0f3f1cf9
data/thermal-1-filtered/train/images/002277_png.rf.75dbbd995bedebcf5cef6f2724aba48e.jpg,5364f0845b14c55876f336f58c70b795181348f2054e8e9d6c0934db6789bb99,a83fc02fc82fd529
data/thermal-1-filtered/train/images/0_0_000027_jpg.rf.2e8bcacff0060cf432a25f32b5652f00.jpg,ec9cd16f822ca239eb8b5cc79aee342a909b9643c1f72c387cf638b0b7fccac2,c46098db12d99bf9
data/thermal-1-filtered/train/images/frame175_jpg.rf.5cd39a580e7a439e8ed48dcd4318790c.jpg,1dabc7488e10501c2ee49fe7f47714f47e2fe60904b1b003672c0671122a04fd,a9d4f4231aceb325
data/thermal-1-filtered/train/images/frame140_jpg.rf.6f1659709a5e334d2ad5b297e39313e3.jpg,127be10900907fc5b2358617e7fd68c3271eb159f08a44272bbdd4862a51be39,c1d7453c3e0e943d
data/thermal-1-filtered/train/images/002212_png.rf.903bbd4f4eef7aa5ab901b3747ac23f9.jpg,ff879faa3f51a503096ab1c043c31b3375ea6625da235026f21ae8b63f62cc85,d46a157e06f90fe0
data/thermal-1-filtered/train/images/002344_png.rf.0d7951a8d7de6ea0bedef8e7f862deaf.jpg,61bf1235b08e23e4cceffe91313e39f43700545dbd6ef2a2215066824d78ab4a,bf6ad14cc359e214
data/thermal-1-filtered/train/images/IR_BIRD_012_frame46_jpg.rf.3846c32d4d79a80a91b7e6c3825cf1cb.jpg,36a9a611c7ef56f1e3b14dd536882625f76f6a2552ab333c19137915ca90655e,f1c807e31cf01f78
data/thermal-1-filtered/train/images/002376_png.rf.f0c3b26d4d6b70969ea36165b4a4706e.jpg,a725d717d6bfcdaf0d7dce176def799ed5c2f1fb626daefcfb7827e38b2c1b6d,f97f841f81178133
data/thermal-1-filtered/train/images/002834_png.rf.5ce137215c392ca34c6ca7c053926ed8.jpg,eedc39d4192f332ef9ce2d5ff90f2fdd4d2a7ff1d13a024f90a582853793272c,856ad5ca52515e5b
data/thermal-1-filtered/train/images/frame138_jpg.rf.c2ed6cc91703c22f09b1663434125635.jpg,86861c40f333065ac4df26e72c95ac3a681c3f1339657342bc46ae6b545de7e0,cbc3687c3da68178
data/thermal-1-filtered/train/images/002767_png.rf.dce8d61ddcc42ad37bdb2680a21f43ab.jpg,827d75d0f22102d5df291d2cc985b4bd97b0184575a2b175679c833d6ad9a92a,fc7318730993609f
data/thermal-1-filtered/train/images/002025_png.rf.cd2de7d02cae2de106c6052aeb1bb358.jpg,bc7ca19d1c8468822324bce7ccfcdacf4f7cc90c884aa2ba19db235f7cbdd5a8,852a556b5e531d53
data/thermal-1-filtered/train/images/frame20_jpg.rf.deaa5fb9dbcd198189b0a164882bf46c.jpg,cbfd2e227273a3a7c235afee0bf19347e81e72442de0cacb075461320ac2e7a5,b8a0c34e435f456f
data/thermal-1-filtered/train/images/frame244_jpg.rf.1ddf0b874e4925566986cffed662d519.jpg,48807fedd990c9ab496f9295b5175e0fb70dfead64f6ff9982469913079d47c3,952a15c948f715f3
data/thermal-1-filtered/train/images/003703_png.rf.ac38e6fed41bcb158a6dae24bf3204ba.jpg,67f110099b67ae6e00d8019362adfd56ff2293e03ebf3619a2a8b0b08341b97f,e52a147a15e30bfc
data/thermal-1-filtered/train/images/frame230_jpg.rf.da520351623e77846c847f00ccf94463.jpg,7e5a410a094b24fa04c821c9da3c0c9a21946c38ed2458c76d29189cb91b83e8,c0371119171e1fbf
data/thermal-1-filtered/train/images/002222_png.rf.1ec1bc5d14bd815b466ead39107aaff0.jpg,dcd315abdff1006a3f4ee3b2933c3fc00522a61f5c94bc679d63c9fd58ea5402,f26f627c8078837a
data/thermal-1-filtered/train/images/frame397_jpg.rf.26324dc879accee4a8fb8fab475df024.jpg,ab4836e20729d31ae5b10f3c72bb8b54aeaeab4602409661600fa72a2167090d,f18cf14c4e7f0478
data/thermal-1-filtered/train/images/002418_png.rf.1ac02d33ef684edacfde1b3fd178a7ef.jpg,c1caf269ce8c38d44ab4ece4e4d826cbf1afb01ae4190c4146e4ba56e8a0b4db,fe7abc529c21cc21
data/thermal-1-filtered/train/images/0_0_000046_jpg.rf.09d28325a96e84bc9975b5e9f6caa7b3.jpg,f3f9c8bffd3277bedffcf2c055289e0f38732186ce3bbf2d42709dda568704fa,b575559653a854a9
data/thermal-1-filtered/train/images/frame623_jpg.rf.736ba1b4be764cd751861ec86d471983.jpg,b23d078b099650f0951e0fe5e418f10889d606e07f39031cfb26485c2998450c,eee6f8b8b4868c30
data/thermal-1-filtered/train/images/frame15_jpg.rf.336a3fbe689b4907ebad898b57f2ce5c.jpg,f1cede410b109f980a76eea27714a40fef888d70fe5ac4e055be6a809765b60d,efe514121a1a1db7
data/thermal-1-filtered/train/images/frame230_jpg.rf.0de335e661634ff5d7ded3dc736940ae.jpg,7d164a319dd65d7167e0e38e2429c94152c7f975d6fd5a4283862a75fbdaa1cf,e692291cba3f1c96
data/thermal-1-filtered/train/images/IR_BIRD_012_frame269_jpg.rf.066072554cc169e893925ba1be02db62.jpg,e8eca492654ce118e98efa646339fd903f33fed269ae7b872d7664b402c25c23,914a05f36a5dd36c
data/thermal-1-filtered/train/images/IR_BIRD_012_frame246_jpg.rf.9987f812380266484a920a52edb39399.jpg,a7f1383b3bd3ac6eddf260f99c5ea5be3962adbbac314594baf5ae44bc8951f1,b6ec13a64d9216ad
data/thermal-1-filtered/train/images/frame468_jpg.rf.2957faa574e5a9ea355bb13f8c0f7495.jpg,6e86faf65c80ab5a37493a47cc94a568633dfa8f5e19b8b64a9fda2e293c8c49,eb35d47ac07690a5
data/thermal-1-filtered/train/images/002353_png.rf.771039173fb7d217afbe1ae2b9654ace.jpg,dba6a50d1dca83145668ac5890dfefb9646f9bf4b40220048e3e49d840aae180,952a554b4e535d6a
data/thermal-1-filtered/train/images/frame394_jpg.rf.1c55621f765fe2f6c2f79018b6880dff.jpg,3c4841858286ac8049881f6d0dfbfd5aeffefa84b646644a791d1fca5ecb3f1d,f09f013c073b4c3f
data/thermal-1-filtered/train/images/002389_png.rf.390e2037d6163fcb3a558bdd7bc47ecb.jpg,4e59061bb4172e1bd00ddcc67d1bf0e980c2fd384ba81781ed137cc40810745c,a83fc02fd0abd42b
data/thermal-1-filtered/train/images/001999_png.rf.bbaa5379f7936dc4f4fc07edcc56b084.jpg,5ca90d36292a888acc792386a7cea7baf4c88214c0b7c5b12877dfa0bedc5317,860dd24bc53dce6a
data/thermal-1-filtered/train/images/0_0_000360_jpg.rf.19001b9ea7b2f4b13811bc05097b27eb.jpg,11ff7101ca9c7b096f4b66562591d8601afa5f0204ec0645da50067a8c2d1484,fd02f885780fe11e
data/thermal-1-filtered/train/images/003774_png.rf.01d37a0dcbc0c3aeb632085d65db9a05.jpg,b67fa3f383d97362560d0e81a48f0d6b06b8558cf5a76c2d1eaeecf756649cba,d07f0007139f1f1f
data/thermal-1-filtered/train/images/IR_BIRD_012_frame78_jpg.rf.6ad1f0ab483da056ee50539a6cd36d57.jpg,99cec98cdaeb7cccff7eb1efe18b4deeb58565b25510660d9ee631070ca2bfb3,a469926d7b699269
data/thermal-1-filtered/train/images/frame379_jpg.rf.5f327000bcb96378f697bc5af5a11266.jpg,197daf2f4b8ad0e576d3dc6e8d448c267fe5deb7807cb66afe832fde6fc97390,9ea5a78a0b557172
data/thermal-1-filtered/train/images/frame554_jpg.rf.6ff3527e7843f0a3c543d627bdf8f8b6.jpg,6437b241ae6faea558723d22d27a24e6d97c3755413112fd636d1346c0a0a873,efe7e898b8388c06
data/thermal-1-filtered/train/images/frame507_jpg.rf.e8018efd4681a0f3d2719698fab7e673.jpg,583a2aec4138ff32a067f42db4a646992d8a3eadb7436242149d9c8687ce53ec,e01fc13fc017c53b
data/thermal-1-filtered/train/images/0_0_000067_jpg.rf.ac436dd675aa27894a052c4e7a991625.jpg,90ff52b7fe947412e1218ec39648157d91fee4c62a8c7dcc188ad7361d861249,ca3f2d1037af9095
data/thermal-1-filtered/train/images/frame157_jpg.rf.cc8b7b78fabd0cb76f76e8fdedc25ed8.jpg,d2092c15df6a5103a0d9566ee1d2319bb44fbf4856685c1b778ddf4b9f3b7b4f,e12a15e31b7b0cc7
data/thermal-1-filtered/train/images/0_0_000052_jpg.rf.aee95937da408c51dc90f37223a16927.jpg,047c56c51357c25d0781a7d4d4e5a2d615651008fd011913889d6c2170c6cafd,c52895e219ff04f3
data/thermal-1-filtered/train/images/003064_png.rf.4ae43b36ef261bc56d145d9eeb21a680.jpg,b76b311a741e16c986d8056195a5d4c360dc3db754417eddca42b7cf3fa91cb8,e46a147b04d339de
data/thermal-1-filtered/train/images/003095_png.rf.0b0984c424077737a450428346cfb773.jpg,c68733c15af80332d1d4c4c79d5e289e390319865915af7555a633b6e0e4df3a,903f51bc4ba853bc
data/thermal-1-filtered/train/images/0_0_000022_jpg.rf.e7135611ce8d3af851ce560faa4a9c42.jpg,6d97fa4a011a22b5f4c599cabd98492d1b4ab63dbca2d243bb93d043b556d6d0,e16a14ae2bf314d5
data/thermal-1-filtered/train/images/002304_png.rf.7d201c0c13c343bec7da0aa39a0922c9.jpg,c9d8ec17e169c4eaf3c9bdd897b3265bc72f93f65751836494977e7b6d1811e6,956a555355535a4b
data/thermal-1-filtered/train/images/0_0_000029_jpg.rf.f6330f7460321fbd596c6a565b06c540.jpg,50d219a4f110ea8ea5767bcf3591e89ea7bccfc10ccb2763f00189037a7002d5,c417156e5e3d5a29
data/thermal-1-filtered/train/images/frame493_jpg.rf.47beeb62d514783fdeb2a91ad7f53cca.jpg,0ee4c36277e71a297daf318bfc4cd76c36fc61442f7b969421720e7552423158,e0c0cbebc0e0cf4f
data/thermal-1-filtered/train/images/frame137_jpg.rf.06b894759e399bdab7ccf07c815933ee.jpg,447c2044ab307b1dad2689d6b5d68a7fc45314074a7def561ece743cc820dbeb,966815e66c9596f1
data/thermal-1-filtered/train/images/thermal_tzeelim_021720_jpg.rf.e0f2e20916d9cd2fb9c1f3343b3a0416.jpg,8b15bed684945e9880612feadca8cecd559f12e8fcff3e0bd7aa58f2ee5bf323,8c15d5bd55aa55a4
data/thermal-1-filtered/train/images/IR_BIRD_012_frame27_jpg.rf.7863974c32ba8e2cd4f7f3d110b9b06b.jpg,2f7ea728805ab861008effff8e538fb69683cea94865e503ddba135ec7f10d6d,f13c071c1f870f87
data/thermal-1-filtered/train/images/IR_BIRD_012_frame223_jpg.rf.99d3aea1336252eaf6848de0f5048c9f.jpg,805c13920e4bf46b2e76553daf7518f5f6c1211b1fcd90034fe4505569e2e6f7,a22a4dd1b524edcb
data/thermal-1-filtered/train/images/002722_png.rf.7d55bbeebe4de0fe8b7465119797f8c1.jpg,ce392b3605b075844b31d16369bfc1f5c816dafde293bb23a3ae82b6661eee80,d07f003f07a41f3e
data/thermal-1-filtered/train/images/002293_png.rf.015b600e5cccbd4ec802e1a1f7981936.jpg,627defcd6220c20db8f417d1a6bc03844da9e11074dd351b9dbde6121ee90704,fb7e845f8188bf00
data/thermal-1-filtered/train/images/003800_png.rf.e1a3cb36fdfe594ecfe7f322aa21354c.jpg,b8695fe1382f77be3f67bb37529e1a581d8cfa237c205b9f9e3031266df7a0cc,a03fcd38d1af5035
data/thermal-1-filtered/train/images/IR_BIRD_012_frame94_jpg.rf.47f36aa5ad4afbf96f3a11ef39c27856.jpg,521994e0bba0fab75fb5689baa35ab55d60fcc1de28d471b15c21eb0d7e06b7f,fce001f001ff41fb
data/thermal-1-filtered/train/images/003063_png.rf.2ff3310980ff06c457c3d83fd7d230bd.jpg,cf6b5d4f09197180fb787a0e7759b484a729b2767ae29f2b0c753e9c15eb3bfa,803f40af52bc4fb6
data/thermal-1-filtered/train/images/0_0_000092_jpg.rf.26431c16ba357d3e181939e41d5e0c86.jpg,f1ca3649f65f4817e081cfe7154551cf835910361f03abe8731dfaf9f493e624,fc4b8b3c4ba2b443
data/thermal-1-filtered/train/images/IR_BIRD_012_frame19_jpg.rf.639080151198f36a6fec2058758e40b4.jpg,1f16d6e54e1f04f99e36882b44b88ba626a781d6f28d8ffebfc27e85fa3582a4,e1c70efc1cf80ec4
data/thermal-1-filtered/train/images/IR_BIRD_012_frame23_jpg.rf.18138c7ef4cf1beb96d35e81b545a09b.jpg,28fac3fa5e287875bdc8354a6aaba48a8ac7331411ac9bf99307e5c24c4e029a,f7188c7708d47f18
data/thermal-1-filtered/train/images/IR_BIRD_012_frame44_jpg.rf.6f901db84a287ff8cee0b3aca2e04345.jpg,2ab23e672550f8a6a65c20ff3213ce8407f12a9bee8bdf857a69dfb43a8fd3e9,e13d073c1e0f0f87
data/thermal-1-filtered/train/images/0_0_000209_jpg.rf.79566a4bab52ac39e03cace63d79f7c0.jpg,d7867e422aed7539ccae2e2d6e448e9e33193df9c4a5fb0d05a918f58efc2086,a9caa55a95525557
data/thermal-1-filtered/train/images/003845_png.rf.7cc1037acd290418e89de9225ea975dc.jpg,05b10c1e318055ba01ee6b91dcea5712453f96a839acf309b40af1f3f673ce89,859555ad5ab449b6
data/thermal-1-filtered/train/images/frame226_jpg.rf.aa95f29cfc9baa836febdd0faddaf354.jpg,d940f3ad7cb1fae2f1559722d7d6d60443197d3d9e16373d4ac334df3c299bc7,d4d6143d430b1b9f
data/thermal-1-filtered/train/images/002431_png.rf.8385738922b6b957d8015f4f6fcdacdd.jpg,49c050a0b2847c582e1dccae05b8465e9a63b6246512c59a614dc519474270ff,85d555b4559e58b4
data/thermal-1-filtered/train/images/ir_047270_jpg.rf.c920f7dfbb3a7bc9bc3fe759e912a1bc.jpg,12a9fe1680c6242dfb51a40f2994b189c0d6b09cb6e426d53a2c4f7161a8cec4,f44806b54bee0dd3
data/thermal-1-filtered/train/images/frame181_jpg.rf.9fd8513a2ba41f5e6a6b5e9f86888061.jpg,1e55acecf1c5021f46317b6822579bf452a6e64fe2ee695d4e02ada831173af6,b147e648d84f6b38
data/thermal-1-filtered/train/images/003791_png.rf.880b311e3a52bd605e4fd392304fc810.jpg,35a05a6c0220715685208d81e15e59165338c46844b6ac28dd0b3cdc3ba36fb3,8d2ad552554e4d5b
data/thermal-1-filtered/train/images/002078_png.rf.5c49e0dc6a46b7db45d551ce9a0c2b1d.jpg,135e7adfea6956b31cf64a4caa3808e18dfe98319a6784b5b10167ce7d795c8e,84d7d0ad55a54b2b
data/thermal-1-filtered/train/images/002823_png.rf.4cfc6b384a1959e70e747b6d53a2dd90.jpg,51786fbada51afc29365e0d4da9b77e4505c15fb50c7ab63734e8040e2fe79e7,85d551aa59ad55aa
data/thermal-1-filtered/train/images/0_0_000060_jpg.rf.08de0d5fe499277fcd46bc51d99399db.jpg,b72aac4eb4ebe9b36cc3fe5cee060700a91049bd3284bf723d7e02dd1d156991,b56a55d24d535552
data/thermal-1-filtered/train/images/frame485_jpg.rf.bff234773a8b4c654cfe01d4303cfdc5.jpg,a06045c198a4f389ab9b1df2baba8165a54d5eaa86d94368fe54446b0b02f5ae,a995559a0daa1f17
data/thermal-1-filtered/train/images/0_0_000015_jpg.rf.d4688b3788f1df148616a2466df47c8b.jpg,64aaea8e057135861bc61dcbe27414ba1159d0d5d47ff07ad8da20c252b88a71,95c5cd874a8c73b8
data/thermal-1-filtered/train/images/IR_BIRD_012_frame108_jpg.rf.92ed968669ae17a160d19553d48fe59b.jpg,aa8e7d7cdc1cc91ab69c5472047cea873fc6d180e0acdf831b50f3f54e1e6b65,a94a55e916d555e1
data/thermal-1-filtered/train/images/frame0_jpg.rf.7d3ac0dcb067d31fdb376f5d12eb6328.jpg,6d195421b1b1ec979782ba195cc6b50ca7b6808047adf41ed622625c3f069db3,abf41219fdf09807
data/thermal-1-filtered/train/images/frame150_jpg.rf.3521dc4b2a41e507a556cf9aad31500e.jpg,16725d86900bf7440650d096c2b52c4873ddd9e6f4890ab47be21ea1dadfd7d3,b76c549793ac481b
data/thermal-1-filtered/train/images/img_0457_png.rf.5bf4115662e3feb693cff370859e7a17.jpg,49d39658ff3775fc8a659472115914bd88eb026523666a85c5b1c846adb112e0,94846475c5f53dd4
data/thermal-1-filtered/train/images/frame20_jpg.rf.f18fa1a7057495191f0c8c40d73e9445.jpg,c5e94e3ac7c893224fdf559aa7460ef3b2a890bcc8bb4a6384242830181670fc,bd35f50e98b12985
data/thermal-1-filtered/train/images/frame333_jpg.rf.c43124635c5f3c2dca80bbe9cc049b89.jpg,076e25707cbfe8cda9b300d93ac9937f7210980528d6447efbf559c5c5314848,95d555950c0e1f1f
data/thermal-1-filtered/train/images/frame282_jpg.rf.3f9363326256667979a0ad21e33f2f94.jpg,5dae29ed2400d07bc387b442f635291e55dd832f7cce91b95301403ea9acc773,e9c2044d475f4b6b
data/thermal-1-filtered/train/images/IR_BIRD_012_frame125_jpg.rf.3c240ab6f71e988c8fa7b42f7018b7ac.jpg,fb54f70445f98c0292f3a0b68da5a5af01d0342bfd2ded821eacbf78c0e24017,d422d56b957b15c2
data/thermal-1-filtered/train/images/frame525_jpg.rf.8abc5bbeec70332c7f89ce695cc7556d.jpg,5f7613b7602f358e7716f86a0c3c4b69469a2911cc4fe8d8f5298db3e1ea48a2,eec0d590b1f900fe
data/thermal-1-filtered/train/images/003051_png.rf.dfa2d8648d99b6f5f5eb89a564c8c8ef.jpg,466913ce246d6876896924dd62cdf96a258a22773f33c0fc4e403dfa7ef3a67e,8429d54254eec9fb
data/thermal-1-filtered/train/images/002247_png.rf.2352c162adadbdb2e9b7aaaf53a03b84.jpg,2a2a695cb5ef1011a1b7ea45ad3972a1afda1f54e8be19afff86284ae3018c24,eb7efa5580548265
data/thermal-1-filtered/train/images/frame72_jpg.rf.f0dadccb7bbfe5d7a5ea1f91fe56a7af.jpg,4794033a53b49a4ba8cf39d53dc0a88484bf8a51080dbbad8e076a120e2bbb87,a58651c96f3a346d
data/thermal-1-filtered/train/images/002771_png.rf.683015eefe1078d26a7ce73499c7efdc.jpg,91a6551dab598260b068935a92387a4304d04a87e1e634aa3b01ba1faab5c98e,bf721b621b60ca3c
data/thermal-1-filtered/train/images/IR_BIRD_012_frame30_jpg.rf.e212b2ff0345e7c62e80fb4b42d19603.jpg,b6aa7cb77cd0c92691554dde78bfdb689f5c62e4ed53293dc2d5b172903450ce,d42a957a0dd76a85
data/thermal-1-filtered/train/images/002542_png.rf.685f59e7fe4adc9f2bd2771a79ed1ac5.jpg,f62f08df02e1c987a12dafa9534097eb84b514a27c84575e339315e4c814741f,85d5551a4baa4b1f
data/thermal-1-filtered/train/images/0_0_000078_jpg.rf.3284bb073cb169086009e6f5b1d79b5f.jpg,f10cda42c66324ddeffdbbab19e7fbf3f70082d2e5d1ceee25a6b493818eea2f,a05fd0ad47b065a7
data/thermal-1-filtered/train/images/002743_png.rf.2cb5022156aaf14bfb667bec0413a685.jpg,5b4540499f3467633c3fe996b7f0fa5660c5065591f861595fff8bb59da6845a,d56a157b16df00f0
data/thermal-1-filtered/train/images/IR_BIRD_012_frame175_jpg.rf.612032eb6b59389b8faf0bc9a33c6b08.jpg,ce5ca11a91bffcfbee9f7854a006d8fd5e4e5fd1c15c535ee1a202b0b343cb99,ca5455540deb2bea
data/thermal-1-filtered/train/images/IR_BIRD_012_frame89_jpg.rf.4a53988c9735c4a2e8832bf2379857d3.jpg,8fe73c9b144510deb9dd6fb8d7691c1d0677be9e6141f8d94102fb16c1f2dcbd,f1c847e31c784778
data/thermal-1-filtered/train/images/003034_png.rf.d925041cf209d4c355718b6d7a35e0f1.jpg,c19ea63bbd2c3d2c89d846ccf712f19e4b839672960f2b4d10227c94ed48d8e2,d17f00049e1f0bbf
data/thermal-1-filtered/train/images/frame393_jpg.rf.f4808550ed7277215c9e91994eede8ab.jpg,a990a90d50f87d8ecfd3a08bf5c702a79e42c28c9bf9bcd6413e1c3ac4402f08,e08aaba5355a4e67
data/thermal-1-filtered/train/images/000004_png.rf.0bfe90d3862a81235e0a8e77e5e97754.jpg,43fb8eca771e6710657b3a598350bd01ef0726f4b702c035429bf813e23c5890,bae0c14bc64f455d
data/thermal-1-filtered/train/images/frame36_jpg.rf.a75bae72c08814c345b1167abb1a5ce4.jpg,b601912529467bc689b9f64d41b120abd98551c9299593addc28eff821a61bb8,a6cba39952a49b95
data/thermal-1-filtered/train/images/003785_png.rf.ee1881ad202fd39b40627d58990ed8ac.jpg,5173efef3cb3298a305fa57808c3c5d4d7724302d77c253fc759fd2e75686a87,803f403b47ae55af
data/thermal-1-filtered/train/images/0_0_000051_jpg.rf.4b80cda4c80c5e99aba6cb41b88a7935.jpg,3f9f91b2aa3ace99fe35fc04c4e1374de9b8aaf4416fdf2c4c1dc61b02b625d1,f03f01c73b1f4187
data/thermal-1-filtered/train/images/ir_3_018960_jpg.rf.cd017b37e39a25818c33d1bf384e65f1.jpg,63ef14e0c26c9980ea522d107f33e9659669ccd14afab0011ccbaa071bbb2af3,ba36d652f4a2866c
data/thermal-1-filtered/train/images/002065_png.rf.f666981c3c9a23016a5e473bbf5a9d34.jpg,ffd6e51794f372b2f97e554d95fe55546ea11a0025cab4e49b3da3b48fdba338,d1c000ff1ff909f8
data/thermal-1-filtered/train/images/ir_3_030810_jpg.rf.f2d05f610b9831018c4101804c6bec37.jpg,673840e5a51de8ca7bed4852cae1e82a4bb8fa4afe0acce1622377e00e7a2ea2,fd67185a0ac92dd1
data/thermal-1-filtered/train/images/IR_BIRD_012_frame59_jpg.rf.e1b403969f596131005ee9bc538ef3bc.jpg,78e7d3744a878ef2ef0c4a921bd0bed2cab2199fcd501696f32efc7e3e3b3b2c,807fc13f48953eca
data/thermal-1-filtered/train/images/003688_png.rf.e10567fc05ae03bafad6d3077d40b716.jpg,44942bf1fc61e971cd278035076487d5f9d4d8d878a578e62a3bc7dd59d5dbcc,b36e6d0a17d27d20
data/thermal-1-filtered/train/images/frame139_jpg.rf.10a4b17584cecaadf2f5ff3d10282550.jpg,662416d3a667d9c1789b58c07ce10f1442ac5fe6b04e9d2da731e0196b268be6,c1c7403d3d8dad39
data/thermal-1-filtered/train/images/frame590_jpg.rf.411903b34f6d676cd54ab0e7f433c0f1.jpg,a22a42853081a4ffc5e9a784453920047a2af5c5a4c246688133925d306d4871,eee6e8b9b0868e06
data/thermal-1-filtered/train/images/0_0_000184_jpg.rf.6522a6bcca045cc662cac0491cca5c28.jpg,2d7aa8520fdffd7792391f64c2bc0e6f617099bec1c2d33e4e2aa583ae388653,ff82c0a552d989dc
data/thermal-1-filtered/train/images/002076_png.rf.43ba5ff083b4f9db3588119f77d1c5fb.jpg,e7f2aa6b15070217e46d53f93290b9c26f6408d9a7f90cfb5e9928b6760aedf3,eb3e43384e81b64b
data/thermal-1-filtered/train/images/frame635_jpg.rf.85b05072d628391ae4f54a4af4ed43aa.jpg,fbe57961860ea88fc533876f2b73971d6f58a638d0f24639527d49ecaeb6d334,eee6f8b8b4868614
data/thermal-1-filtered/train/images/frame587_jpg.rf.bb921edeea74ece5be57c1793c4f57f8.jpg,defb78bd378e7febb23a5b230f024fb31b19600c55f8c84f49f62bafd0d6afca,f41fd0a79438c729
data/thermal-1-filtered/train/images/IR_BIRD_012_frame126_jpg.rf.24b94afe4cda1e0ce6792139e15a918a.jpg,165343a409fe291f7f204ac902cbcaf37505a3e4d60aebd1140172229813b75f,aba525d452a55ad5
data/thermal-1-filtered/train/images/002720_png.rf.b6e6dfdd3653aa477f429cb34644f393.jpg,2818efef7cb85bbd74639e141250fbc3d49a13cf5145ecf6a2b8365ba024d02e,e87f803f42b351a3
data/thermal-1-filtered/train/images/0_0_000049_jpg.rf.10682e4b26bc74f7fb754456bea78dec.jpg,ebfabf1f8224451d242be7fd77b29463eb073f1bd617225aefd56c19ca3eaaf3,b56a54d34c595553
data/thermal-1-filtered/train/images/003750_png.rf.e36bf4ee53b885f04b4473837e1a31e6.jpg,331163ba716d8228b292a1c72fd9f378bda70f76ce7ef39c1d30227da7c94941,d07f0017139e0fbe
data/thermal-1-filtered/train/images/IR_BIRD_012_frame56_jpg.rf.1459665e56c115dfc67e1e1a409e3162.jpg,196cd0274b2fd1299145c8b474e02d79af59e51d9ca341a153d7566e614b9ae2,f7188c7708d47f18
data/thermal-1-filtered/train/images/frame601_jpg.rf.44a54783717bba80b89752bbb5ad5d4f.jpg,2693cb609c479bf6913471b270617c694f415fca88745430521da3f1b1a58ce8,eee6e8b8b8b48606
data/thermal-1-filtered/train/images/002416_png.rf.555f0902b7d76922cbe694b78e8e5476.jpg,15dcc4500afe73d17409a7f7068265fb1c86af920acd3b961bf9896204d997d4,95d5d5b450aa5cb4
data/thermal-1-filtered/train/images/frame491_jpg.rf.044367d442be36fb73b7d1e42b0839b5.jpg,788358d00de997e67e48d3e3781c5548135714a8775f0fa205df58befdb4e285,a955d4a946aa55a7
data/thermal-1-filtered/train/images/002388_png.rf.932c311ce192a5e4db3c9fa0a1841c9d.jpg,b7a65064b17f1bbf3b35272cd4c7bd5d206703723c2f31af6029f6e3cb8eac77,ff7ab15c8514c131
data/thermal-1-filtered/train/images/0_0_000165_jpg.rf.8f76c21e7911e34e9446b8b2523117fd.jpg,2f5c4eaae3beb6de0482d5eafed955523e8c1b4da41dbabc3e4787268b1ac727,de9529d2f0d1ce48
data/thermal-1-filtered/train/images/IR_BIRD_012_frame68_jpg.rf.86403aa5d87c246204834dabed081e7b.jpg,cb765d6b3ef53efb8ba9fdc22628b8af7d3acf18524560ccc685eca5014c9b4a,f0c803f81ef01f7c
data/thermal-1-filtered/train/images/frame139_jpg.rf.be520aeb1c5d0c8e0068b35d1ed4dec1.jpg,5753b5daac084b7e086791f3343384f0cb9c00372acb871ce0b3eedbaa82bc29,e2b90d09bd84c75e
data/thermal-1-filtered/train/images/ir_3_030810_jpg.rf.b6cad2462b9e6c755b6f8bfa68538ff4.jpg,d59d494a55d88dd8a0810a75447a5e768113abc4ed1fcf76f89d034ebd6eba91,d099b4e99b8f0ab4
data/thermal-1-filtered/train/images/002462_png.rf.2d66d5e79263e29f2b036759575c63a0.jpg,ab65a35d712266ea4e34e2ed682c38bcaff80b81e9cd181a51d0831972fb6efe,ba7efb54c5138043
data/thermal-1-filtered/train/images/003695_png.rf.6fcd677e10a7adae532ad907dbe4426b.jpg,c743a0c79662d11f5d1f649fec422575e5e0d00354e19f5edd57c6031672f3d9,b36e692e17927f00
data/thermal-1-filtered/train/images/frame384_jpg.rf.262391721405d6e75ac3e7d35e51e517.jpg,f75d82ca8c84962f6f201a7117f42196be47169548596a58372b4568317671f7,cf92a2ab285e5879
data/thermal-1-filtered/train/images/002715_png.rf.de699df26415727722371088c0028609.jpg,6f8aa6d6f8a70a5c25a3818d2a6d5ce9b6f807b27787455acf3a64e7b053c723,85ea55535e535558
data/thermal-1-filtered/train/images/frame542_jpg.rf.26fe3d1d865d365d8ef47af234d02601.jpg,8adfb08308b8590d7ed78a8b29b975c4a1a789bc99b1284d1387f499fe509cf3,eec4ee91b131b40e
data/thermal-1-filtered/train/images/002130_png.rf.558487a20f84d062376c85b9b15f1c6c.jpg,ccddf8643d2c9246c20fb242ce665fd2d69b5fb3813f01f2f1dc74bdd92d73cf,8655e1dda5255a2b
data/thermal-1-filtered/train/images/003052_png.rf.7b24fea945896b4c54ac9091ed1191b9.jpg,3766cff450a80d10701055b57b739b4e5821d7d38183b254e10855e96f67f2c2,85d755b5523458ad
data/thermal-1-filtered/train/images/frame691_jpg.rf.0ff77df72025ae1c0ed69eb52ae67c90.jpg,70b88649ceef8b30ea41a9c329b646ee041ee7f8ebd958d1d68250e820c90eb4,b9a291c25957535b
data/thermal-1-filtered/train/images/frame575_jpg.rf.089380e283432e9989b617f5df507e4e.jpg,87792e2a15e5518c789b25fd785ccf7c000e39e64063c9dfddcd55fb91914b3f,a54a95f2c17d12f8
data/thermal-1-filtered/train/images/002243_png.rf.ef765d18ff6859c04504bfb7ff05f396.jpg,0ad2d97027d25594e27f4482dfbdddc003394f93fc070dc18a83d4c319d52be3,f46a157285f78478
data/thermal-1-filtered/train/images/frame223_jpg.rf.be0aca64a10014f6eae2fb4c8c55d90b.jpg,2ed9e7b259c4583ff332c10f3ec56bdf1888ea239043920dc96a66623efec1dc,c07f5c8197b254a7
data/thermal-1-filtered/train/images/0_0_000243_jpg.rf.d6eb584c40bb231e7169388f5f32486c.jpg,dbaea2eb81eabcec4a69fb8c151ccfec7dc95fe58a7b83a21ee2a7696da56a40,942bd469166b16eb
data/thermal-1-filtered/train/images/frame547_jpg.rf.38d2f583cb0bad05c9b7e9ee9f41df35.jpg,eb1d94ec284b900d1807018f5ed9bcee592e0d2c698d0bb3654a2103d3233f5e,bab280e9e9e9c1d2
data/thermal-1-filtered/train/images/frame243_jpg.rf.4f2bd3dc793f3415f2e683d774ab75bf.jpg,b2222f73a32aaf3a47d9191984d0da6b4ca46910505176f6355ac355eb47a098,95e244535a5f187b
data/thermal-1-filtered/train/images/002225_png.rf.7fb4d64ffcb66a4a72452f332f545c5f.jpg,70ebe27dd2543ddee77cd2e28911176f193f3bcb4f769b7a7ef860a7b298c325,d56a147b15f11ee0
data/thermal-1-filtered/train/images/002067_png.rf.730b70036f9b44e46e6f617d32fa1c4a.jpg,873c8e6104eb11aa6203b92a540edabbe18cb3a96bccc0ecd8ee880fa2c4bfbf,af3c4a09cec1b44f
data/thermal-1-filtered/train/images/002249_png.rf.1107204180d4ab44941718d23fe6c5ce.jpg,bc8372afccb4ac0850a81305b3bde5157e2f84d8152dde3a03693ad8df330473,8e2ad54a555555d3
data/thermal-1-filtered/train/images/frame554_jpg.rf.d55e48fc790845569c1d73a0e5764a51.jpg,a17e55ba9f0d594df4322fbd23118359cdcbe3e08fa17dde838e5d5cbe5609c1,ac4a91f6c5559479
data/thermal-1-filtered/train/images/IR_BIRD_012_frame295_jpg.rf.36432f53aa193122c30627f75452777c.jpg,72ab0f6768ab9cfba72ad3ec6ec68484bbb80cef8e80255d76c074d504c7ce4a,a24addb72ccb9234
data/thermal-1-filtered/train/images/002721_png.rf.271824d6a654a79788575de13fa15ffd.jpg,5ba5a8f4aa13ae82a697861af562fbf136ef4727d6a1c26c2f0cf0ee67765def,ab29d904d6a64e76
data/thermal-1-filtered/train/images/003787_png.rf.d401231619e33a488c640711afc8e11f.jpg,d59898337c9046fc231f9a434ccbd8b990b7522ec569df6741b61f849273b094,8d2a5552555e4d5b
data/thermal-1-filtered/train/images/003914_png.rf.5680818727b6c6a5719c01b1822ef0d1.jpg,ae06431ddf99260bed2b21fe73f6f35e4e1e9f5cc6653f69c2988f99d9b9cab8,c0800cf91f7f097f
data/thermal-1-filtered/train/images/frame529_jpg.rf.f3f91b9c8601b6fbaf8cc89071934c3c.jpg,9283a3c9ebf5a837e15ab68c3e5f145b536e0ce5f4318b7ff2e6bb77b7fb1b12,f060c0589c5e1f7f
data/thermal-1-filtered/train/images/0_0_000008_jpg.rf.0940d457e87ff21129890914e517dfe0.jpg,83eedb6a8d1254025d73c5e5971de8e6d291d1aad30a65f264746502dfb2d810,c4c042f60bfb17f8
data/thermal-1-filtered/train/images/002373_png.rf.2b5d88431c64db7ca0de6dace57214b4.jpg,dd9ffe1bac589906785cc6185d57749c367c9c3d2d0f225ddbcdc10fb8e6d5ac,ff7ab25d85588510
data/thermal-1-filtered/train/images/002256_png.rf.07b66a1db217c7703fcf2ff00560ebbc.jpg,2e7ae43a22b33c0403b6842cbb7ebbe92b1b9d3dde70c98283df7bb462581736,ff7ea0528c708f60
data/thermal-1-filtered/train/images/002766_png.rf.8b8452cf30006ab3310379dfb430eab9.jpg,d248ab4b053f82455dd3f07b327f9791a8abf841ec3067a14c3bc6b6fa1cbc0e,d07f0f061f07483f
data/thermal-1-filtered/train/images/002098_png.rf.96049bbd590c4c9cda38a316dd912e5a.jpg,d0fe07adb60fe7693aefad8e742c26296c5d5de1f405999f4651fe7e66094afa,a03f412e59ae51af
data/thermal-1-filtered/train/images/003070_png.rf.939c4f6f4d564a539985deb0ac8bd930.jpg,a52cebc3ee13ddb1c178ce67bd3e181404e2f8bdbeab4dd87b7cdd80ca25d2f4,fb6e8d6611847f10
data/thermal-1-filtered/train/images/frame2_jpg.rf.14cdbbc944bbc95fc61e806a5825399b.jpg,b681df7bd36027da6d6fab7c98bb3fdf042f877246e5fa625d1e616c53344d69,f88f415416bf8b25
data/thermal-1-filtered/train/images/002807_png.rf.2d3ee24c31b0282e99bddd5dcd373c22.jpg,dabcdbc501b79bfbc33726dfcec5e775b79ee77c35181fa17b8a08e3241e7363,bf3ad508c3dc8354
data/thermal-1-filtered/train/images/frame55_jpg.rf.a0fb0fa166b57a41687fc1fe25b16779.jpg,507306c10539805ef0725c80406c5b8549d91bb6d801d5a713f88e7c6d0228a3,f1d7000f893f5c8e
data/thermal-1-filtered/train/images/frame66_jpg.rf.f83eb151a3c37f2373100e69cbdc539c.jpg,a4212a41b0a07cd2373b6511d20cc600fb3f61752db1ca2c8c4491f4a414f9ad,ad7a112ecbd0b2c9
data/thermal-1-filtered/train/images/frame434_jpg.rf.2b534fa705a08f5c6e496302bbb6690e.jpg,15a3f5415d625449af5577d703a31a71ca3b15bd087d26b83f50d6b2658024ad,fac88b2a78c4e53a
data/thermal-1-filtered/train/images/003754_png.rf.a46c5e25d51f6977b7170e3ef828c8e8.jpg,25426592aea6a512ace4b792b292ba9275b89aed9972cf3140fdf78c98d6a074,807f402f52b64b3f
data/thermal-1-filtered/train/images/0_0_000042_jpg.rf.8342c97d19cc9beed06cfeaf229c8947.jpg,8a352f9f62e1916b0d2046b6c2379273ddd234890fc94e8d294d94c6855a09bd,e27b028e473b0f87
data/thermal-1-filtered/train/images/002363_png.rf.a4d92da307be0adf1ed840167b320f87.jpg,cd6b616971fd0c6a900204f9a65c0c7ca343873637ed890da05340fb4d0ebfe5,856ad5cb54535553
data/thermal-1-filtered/train/images/002391_png.rf.1e780dd50eb62c15b6e7554f64c81074.jpg,d8c894af706babd6317ae77ef9bccf3cf54850a284781affb0c93ec96a0e2fb7,ffb0948784ff8460
data/thermal-1-filtered/train/images/002235_png.rf.f871eea82e4a16d3f166e3e5ebe2d893.jpg,71252fa7aacbe8f71b91393920830f0cbeb2736cf491449471c20b019e2c314a,eb7eaa45841cd265
data/thermal-1-filtered/train/images/002834_png.rf.250920f1b3fbdfa772a02c8e7ae84672.jpg,e12e91ca428df0f3090dd28afd12ae7d89030f1ef55b3fdef71771a516415e41,fa8080affc54d555
data/thermal-1-filtered/train/images/002050_png.rf.721c90be6857ce6979d97e4276952ede.jpg,51f00bd549a931096bdd703d18b86468fcaaf88b4b5c39e1f62357d746710ead,95d555aa5e845aaa
data/thermal-1-filtered/train/images/0_0_000246_jpg.rf.0458ad9321862e5f2cb6840c44a550b6.jpg,e5892e3105156141df698b07e7da17f3d968a827965409ff58674ffdbc733125,f05fc02fd00fd02f
data/thermal-1-filtered/train/images/002026_png.rf.7316fce2f7d8599d8203d5959c0595be.jpg,16522606fe1dd79a72b9f8c3add449264f80d2dbf1442c2c88efb3b7b42a7dc6,ff7b8e708ed02340
data/thermal-1-filtered/train/images/002691_png.rf.0497f78d41e2b29e4cf5e70f1559d08d.jpg,3f29dc22beab8f6465f8394c426b4149bdbda87fd210125b6b12ff9581201b0c,95ca555b51515f49
data/thermal-1-filtered/train/images/002779_png.rf.5667d340b063dd0894707b0287585345.jpg,bd033321e0812f749be20248674add791346a7266bf160e76524725c1e400e2a,95d3c9ad54164aab
data/thermal-1-filtered/train/images/frame716_jpg.rf.8d0ebeffd3206fd175c0abbdd2f471c3.jpg,71c70ffa6bec356707890d735ff86297cd3b72e10664ecbd9c6916b214146e02,e8e084c912fb0ff5
data/thermal-1-filtered/train/images/001998_png.rf.f29404102f33ed7608cf4aadd2a93d79.jpg,de8abea4ec1ec57cc93a62ef79ad976e1c36671a112c30cfa3cecbe3f688fdbb,865dd14bc5b5c532
data/thermal-1-filtered/train/images/frame204_jpg.rf.48b5d7ecde0908a8b40b900cc91bd8d9.jpg,4fa1f2a311924ae6c829fc7eccf75c9d97ddfab00f449bc5ce209cbdfed665c5,853f42f9f59250ac
data/thermal-1-filtered/train/images/frame688_jpg.rf.01de541b401b3a6d3af370427334111e.jpg,4f6f98170afbb0ea43510a3b1b2b1e9b582110dd6758a96a39127dc8f68b21ad,eed0ee94f884f806
data/thermal-1-filtered/train/images/002216_png.rf.5e35d1426e500698febf802956ea630f.jpg,8ec6387e261ca8d977494887373cbfe31d5c19264fbea7101e5e604ccb084d31,a13f002dd7aad725
data/thermal-1-filtered/train/images/frame430_jpg.rf.f6c52cd4266325dc2be08620cc3a2dc2.jpg,fff266ebf5f71b59f10201c63da670b7a5ff3c24a84e47bcc421172a9f8dfe40,e0ca19f2d45919d7
data/thermal-1-filtered/train/images/frame109_jpg.rf.3c919f8a80feedfc772b954b3a80c244.jpg,24642791eb1728bf074a4aecb5a4aac5cc041e87c2c134f6d3df7fa833dfe759,eec2810787e7e30e
data/thermal-1-filtered/train/images/003872_png.rf.8e2cc6fe9538ed4d4ebc1c09f0e97814.jpg,865ebca7739fd90a8d148932801b987e9da968f60dc2fa78a60f5a031252c919,c08000ff1f7d19fb
data/thermal-1-filtered/train/images/frame664_jpg.rf.75c3ab844b27311d41859504b397fa4a.jpg,d8bfae4b03693441ef49cbe1042981c17dd0de7f54d02ffc7bdd1e35a4ce2ea5,aab5a969c9b292a5
data/thermal-1-filtered/train/images/003717_png.rf.939df35021579a2ba22af5d8338b801c.jpg,0b5d9702be64029816ca16ac5a958172144372d112a015a860b806d41bf73f05,fa6b7d0398423d0e
data/thermal-1-filtered/train/images/frame452_jpg.rf.24b2fdd7c0f66c57a72c5ce287cde36e.jpg,61e446bd33ed4c4175aa0e37b554210347a7c0cd02a0f4e9e1a88d0bbe08f0b6,8f87ea72f090c1d5
data/thermal-1-filtered/train/images/IR_BIRD_012_frame30_jpg.rf.2dee81c7ea9931c0064341b868a961ca.jpg,0f4870f3d99ef17b75a3ca97bec51a83662533c64e47034a2633b6846386cb22,d51dc07718e57718
data/thermal-1-filtered/train/images/ir_3_016660_jpg.rf.7fbf2156444f64a6e7c3e4a49209a778.jpg,20a1f11e82e43f4f8691406961f72f5fcb8b112f5f963d2f615127ef46941562,d5878b97b4893394
data/thermal-1-filtered/train/images/002960_png.rf.5a1c29d9a48d17b442e6ae023f3a3829.jpg,de5fac072332eaeb447799da22c59a4cf2a1acda207026ea2b01411b7085df45,d56a116e01fb18cf
data/thermal-1-filtered/train/images/IR_BIRD_012_frame252_jpg.rf.419efca20c99fc560188569e73a86ceb.jpg,018470aa1caa07d558c822f7a6a2f103114e19d0043f335d9d370a231a0b4b8d,d52a84e2799e47b1
data/thermal-1-filtered/train/images/002803_png.rf.f485ef65965935d610f1ca6a933830a4.jpg,da2af2d31de70bc4fdfa205568f89c62f27f7424f3c0658f7e5c19ba369e99ba,c17d1f0f0c1e0f0f
data/thermal-1-filtered/train/images/003777_png.rf.482dc471085dce257adeb5bd33118413.jpg,334d5e66ee99e364f8d5f66bd6520b348492c85683016cb1b352fe2ec7e5e0cb,f26fbc0dc2138978
data/thermal-1-filtered/train/images/003044_png.rf.cc1d4278f659a90c4128204c9e8174e4.jpg,3eede8889bff71354422d87de772005bc290e270bd67e10ce080af6b8710931c,d10080ec33fc9e7f
data/thermal-1-filtered/train/images/frame153_jpg.rf.3414551ca0f2cd834dd7af7ed2f2dad4.jpg,4bd75cd28a26371b4eed1defafe1d7f8fbdc7c9527588d28691bf644ad7fd718,916ad4f847e892d9
data/thermal-1-filtered/train/images/003035_png.rf.12879a582fa53a4beba91ec04d0479b6.jpg,40f59e62cb2f7e62af0473660238bde95438fb86a06be22bf0f14e0289b63ad2,ec3bc43b44b3c619
data/thermal-1-filtered/train/images/ir_2_029810_jpg.rf.104a377944336b869dba9c2aa66690fc.jpg,2d9db823888ff24a244b911ec8f9aca642d55576a0711505d7baf62a61c504c5,a06bbd1ec2c1f11d
data/thermal-1-filtered/train/images/IR_BIRD_012_frame281_jpg.rf.cb3e41d0bdd1e37c620be17974ed8ac8.jpg,1c01036f54acc34b60ddcfc186207553d3a53a4f8dae339edcf407e2b16f6714,925f19964d255ab6
data/thermal-1-filtered/train/images/frame202_jpg.rf.d3389b34b5b1e8ca4b8e86da2f459f4c.jpg,3f00317ca61cea1b040d4697526e1c235b1ec65572cac49ca24913b40c763209,cabd7eb2b43038a4
data/thermal-1-filtered/train/images/002391_png.rf.94a61c89babdf735f69a8cbfd5ac7452.jpg,9fdb4901933e6c524f3056b380a89f2c9d4f210fbba92519bd926195e5ecb65e,bb7f914cc114c33c
data/thermal-1-filtered/train/images/0_0_000252_jpg.rf.8eac1793086d82c9c95234735c48d0b3.jpg,612b2a34d4c09b320ee559243e244f17d4b99b8f3757812fe1599bd31445da55,fa502d0a1f638d97
data/thermal-1-filtered/train/images/002735_png.rf.cda4654d57e14eee03efb5090cf1343c.jpg,95c9360175e41851ce52df4c3198330739cfaef031b59e2cb10f353309c292f2,fe699c6396639640
data/thermal-1-filtered/train/images/frame45_jpg.rf.c69bf8fb15552bc181ec929763cc08a4.jpg,c5008839b644c71c8e95d56cfbfdcebed6e0b0262d1cbac8fa4feda1efa09f7c,b3aacc954a6e8d54
data/thermal-1-filtered/train/images/frame640_jpg.rf.2dcea69ada09a6122db553d1da1cebef.jpg,59b3aa101e99231e657e75cb17492d0e79cab555dec4e97ea80dec84a8f8e0e1,e977c03d1c0f070f
data/thermal-1-filtered/train/images/002337_png.rf.2143a4f12b6c84b979828e7676f78df1.jpg,0941a742ed6b37eb6336751ffdc8a19af249ba9e6291139606d03ad1055aa3ec,ba7bbc538817c432
data/thermal-1-filtered/train/images/frame315_jpg.rf.a4bf3bb609aa06349f99b66d3fe63986.jpg,53fc0930cdc8f653f7004b93ec9457501e2d09e969fc7ab4109970555dbb058a,b2e2ebcb69485a49
data/thermal-1-filtered/train/images/IR_BIRD_012_frame190_jpg.rf.95ae72df0698141d8cb3491d66d3e17a.jpg,03624966d4db0cb20579750c167ca1ed9cfb135c22947c5677f29f7b3346f502,dc33cc33b14ca3cc
data/thermal-1-filtered/train/images/IR_BIRD_012_frame239_jpg.rf.b7e7e29ef8ba6f4ce4ca4552e3771d7c.jpg,d9b275bf9b72429475c329a561179df4bea7045003a48038dcf17904b117ed71,a22a59d7352dcb92
data/thermal-1-filtered/train/images/0_0_000459_jpg.rf.76f42ff78d39e315ae7d064189837f09.jpg,ba4d8a4d572642d53ffc15e9df405e33ff36fe7d22420d3a5e02be78b334a727,ad5b172e033ea1aa
data/thermal-1-filtered/train/images/0_0_000016_jpg.rf.7f663d0c6286485b06d4829c7b163972.jpg,4e58fb7d8542a2f03ae4bf9b79db2ff9787b2e0204d5be858029f50a81f1d848,95d5dda641b871b0
data/thermal-1-filtered/train/images/002361_png.rf.cd02ee5728b022c70382913e0c4debb1.jpg,10044442bb59f6194bcbbc0557c19724a499743671722b12487bf5addb1b793b,a03f402fd8a65db6
data/thermal-1-filtered/train/images/002013_png.rf.be5e2268aa948044295ce133e85aa279.jpg,1b872005fc2ec5eb870d1928f90ba139078ddfe3f572d74883819a46ef0857e4,a03f502d5aa5db36
data/thermal-1-filtered/train/images/002407_png.rf.97213df19e033a562b0bc1416f0b1f0f.jpg,e712e24ff654b3d9dc1a011ca33c24a2c724b145c2d6f43785c9d4ac6475940a,d97f9601840f878f
data/thermal-1-filtered/train/images/002330_png.rf.0a49ff77ed6473ecede5250e3db5cb52.jpg,0a0679eeab7a9d733584a112d0dcf47efc2b4d0cfdc31cc11858e02416d25e95,a07f412f4aa655ba
data/thermal-1-filtered/train/images/003021_png.rf.a718111b30cd02938b48b5dced4386b2.jpg,2a908089802eecb9a12f3bfb3b39ba794a90840dbbb7a467ca84e7bf6c78aeba,acc5d4aada24d4ab
data/thermal-1-filtered/train/images/002711_png.rf.654a7e90ada76f63e05bfb97b17418b1.jpg,bc556fa76ee3bd9a9b953fb1085927ea06a649500e388f86d39daa33ffd497bd,be34b60496e1d12f
data/thermal-1-filtered/train/images/002408_png.rf.86a2d2d2c2a6d48dc7b971b29f7fb1da.jpg,ab5455df33be48f07ec328e015fc3d08399feceac4899393819affbafb505e87,aef5d595d1a85089
data/thermal-1-filtered/train/images/002837_png.rf.a83ea41d3a540b0728690162d28fe32a.jpg,736389e37beceee4f14e79de54e6311db87096877affd8ab83d10bb238583a84,803f002fd9a65db7
data/thermal-1-filtered/train/images/002377_png.rf.be3f2cd7e4da995cfd79efe77f03c038.jpg,71aa2d443685bd570d9eba16c4b4daf06f1e8f570c1d2d2db9a6f6e63afcab8a,85d5d5bc52aa5a34
data/thermal-1-filtered/train/images/002411_png.rf.9b4e4c06973a4d119615e9d0e9a5cbbe.jpg,098ad56e2211a4bff5b95a153bca39edad6d206408382d33d68077ee30ce4afb,aa7bf708ca15c730
data/thermal-1-filtered/train/images/frame245_jpg.rf.f4b11349b0b2dcac084320ba2642c693.jpg,6549a2cb2097df598b594c80c8fe6253f0589aa8720adc498a1312be09b75c3c,962ad5c9c96425f5
data/thermal-1-filtered/train/images/frame277_jpg.rf.c9a432bf189f8c24ded2742177bbf6f2.jpg,9149b392f95d2732a6759ac94e31abed5cfabd55981a2ff62012652097432ca6,fe1c817e8084fef0
data/thermal-1-filtered/train/images/002471_png.rf.530138efd597192954476f1f668b5f11.jpg,807d2ee6bd124a5f3d6e7695f68c85dcedbb0eda4a55722fa4dd7616332c25a1,ba7efa54c916a502
data/thermal-1-filtered/train/images/frame245_jpg.rf.962ad7be1fd782e67b2701c8dae0ea3e.jpg,d10dcd5ea687ef54f381c5874b67d8577e2d42802a6499399a6d4e03d12baf35,ed92830f0d36b3d1
data/thermal-1-filtered/train/images/frame420_jpg.rf.464af9d071995f8be303f0b3a8cee72b.jpg,4e25525fb844b369d11d7473b3da6130a9be8a96843b151b111146950880ced3,ff9daa484891d949
data/thermal-1-filtered/train/images/frame572_jpg.rf.f60c1413bcc48d4163ef72d86b30f260.jpg,ba910ae888cf93bb817e9a181ea0c3698b520093662fbe9ee4d2e664cdb1b2ef,eec6e8b9b0b48e06
data/thermal-1-filtered/train/images/0_0_000102_jpg.rf.7c5372710dd1b88cf35230f20d30e1c7.jpg,568638520ade0e1c2e87629c98881291f35634a1265a027dce2580a2145f3c46,d4df002e0f0f1f36
data/thermal-1-filtered/train/images/frame530_jpg.rf.a0f47aa28b63c51918ed005e81f800da.jpg,d47bbae54c8a43253f296009a4c1487670bffaef9159209799333e941b2bfbba,a582d15a55d515f9
data/thermal-1-filtered/train/images/IR_BIRD_012_frame243_jpg.rf.c337eead7203a010e4253ce9757a14e1.jpg,2ce8a4accf9a571d6adf7edbfcc80469a3477ebc8c94a6887f043611ee0ebbc2,937719b346294f32
data/thermal-1-filtered/train/images/IR_BIRD_012_frame138_jpg.rf.341c4810e78fc88d271809df58918d91.jpg,ae7e5b545df422043599e144082b363dc26795f287b9accaa23709c094d4ddad,d40bf45a8b740bf4
data/thermal-1-filtered/train/images/frame706_jpg.rf.b6514d94abfa2bee320bd99e73108251.jpg,db5280ed01e37ef86284bc023d116969b279abf81e086003baedadf983deb5a2,fe80fe3580ff3804
data/thermal-1-filtered/train/images/0_0_000459_jpg.rf.5695b9d7f5fe7c13cae07b09275e3c0d.jpg,4cb96e411cf39f3d909c7f26542b5439c101d619e02b2b11e419bb6615d8bca2,fc0a4574036533fd
data/thermal-1-filtered/train/images/frame43_jpg.rf.fb6bf90df1b71d8fe8119dfa983f0c31.jpg,fbf98bc0b7037fb39dbbf5e88943ec2020860e3725b381cd6a55d724f16498ab,a6ebc5ad5a2e1905
data/thermal-1-filtered/train/images/002026_png.rf.f226a2f25b224b661e3bed428a5fc2c9.jpg,b038e1722dc865f4ec7d70527d2f23d077c2fa308042a1d178ba9551d3387152,d095849d3d3d1f07
data/thermal-1-filtered/train/images/002236_png.rf.d5e5313458d6b68f846bcd7cbc4bfd29.jpg,935bb8157410ebdd7176bc68d0b48b027c847971e1cef7e83ff13a7f347fdb3a,d46a157a0cff06e1
data/thermal-1-filtered/train/images/frame152_jpg.rf.3b7a9292e8319989db4a6f1f300e0705.jpg,06c4a7c06fa3bc82627f6c2104c78c050d6bbfd7fe762a4f3fe971c985a28dfa,9392414d4edb5c6b
data/thermal-1-filtered/train/images/003788_png.rf.e07c828b33c6348ee8a28847cf1ff074.jpg,a2d691756bcdf6781fbfff883ad5f4540abe85eee4bf1bc20e2eb4d1ce0daf7e,85d555ad54b65ca4
data/thermal-1-filtered/train/images/frame329_jpg.rf.d67afb00610f29fe9f4300c1e470c46e.jpg,4be9918d53f3ce87a17c8c75fa91afea80e89c771bce9215c4e205644e4797c3,e07fc0bf0ba05da8
data/thermal-1-filtered/train/images/0_0_000085_jpg.rf.99b1c420fa0d72854e1e7c9add77be7b.jpg,56d8d78d063140ec0ef620a9344ff17900987c085556f1685170e6a1660ecafe,c47f003c1f1f0f1e
data/thermal-1-filtered/train/images/002704_png.rf.74693d8e549d345598283902f6c530a7.jpg,ec5481ca513f360b2e193c9df105de7014419d630e6f308d697240d248f1dd0b,ff3595159129c32a
data/thermal-1-filtered/train/images/002723_png.rf.b5f721062460d0893c5e64c9f3f39ebc.jpg,9ad2d7587ee57241185ad87169820709e919c978dfe890e764b5ffd14798129a,fd959a8195bf4a80
data/thermal-1-filtered/train/images/ir_2_029810_jpg.rf.77b56849f8a5ec3b6c0e991677e721a9.jpg,ad7c0ced850fcdd2a5347a2469275d1bac9de60e85560a022e745bc67f503212,aecef33131315326
data/thermal-1-filtered/train/images/IR_BIRD_012_frame20_jpg.rf.650fdeb6b6e6ce7fce27281cdcd55c8d.jpg,b137164be196186b59fae55e0ede04264ec6ceb502475a45d5c5217a969ee0f9,807fc03f48973dca
data/thermal-1-filtered/train/images/003790_png.rf.bc8c83a33638fa638816610ca80396ab.jpg,15f0cff1cffda0bf620758bfd36c3329cae639b40a67db90310f5fa060e995ec,807f402e51b65abf
data/thermal-1-filtered/train/images/0_0_000024_jpg.rf.ba0fcb534f028f6d64167db31c31fcb0.jpg,ea84ef7610a2cbf1b6c46df93a992932e1b92d05992f9f1ffadb32bd02c6542c,c08098db17db0ff3
data/thermal-1-filtered/train/images/frame458_jpg.rf.8ae39f04853d733c5993a42b5e3a1420.jpg,997478dc47e52f02706cdcb728f40d7b11ad8ddf577afe700a451a6310e8ed05,b5a2407d4a795ee2
data/thermal-1-filtered/train/images/frame35_jpg.rf.733f08dbe718615df27e6181686069af.jpg,c5bcaf98feca9096b4de0d21352422a48a9a7747ef6eb510a5d3b4575bd69902,a6caabd952ad1b05
data/thermal-1-filtered/train/images/002247_png.rf.4b2de93f4292df7c8ba7eb16ca7525b4.jpg,e97003491e4fde7f3d6175d87c84d2cbfd43b4b75ad7922decaf6ed0d96b56c2,85d555bc58ae58b4
data/thermal-1-filtered/train/images/0_0_000271_jpg.rf.3f2ea74c3a144dc51a8eb2a5e45b3497.jpg,57ab7a25989e3c44ea0fbe0d59658a3d3d53fae17cfbdf02eb9d099c083f3310,aa6a6632f3e19274
data/thermal-1-filtered/train/images/0_0_000035_jpg.rf.4d36f99482bbebf55c314d173f0cd85c.jpg,a92fed799d64cf6a11cf719f40a3d018cd28fa5fb23f8ca349be15fd82d67bdf,a072b8f39c5ccc6c
data/thermal-1-filtered/train/images/003701_png.rf.744eb288760d2ac13bfa04cf27fb4b2c.jpg,4e75c95ddd85fb3ea9838a9da752b5a7c360a1627db64a710ed79040e221f7cb,d07f00160f961f3f
data/thermal-1-filtered/train/images/0_0_000024_jpg.rf.936950155ed7cbaf7bc31c1bdfe76aba.jpg,50057ac46b0f2ac7af1ee9f632e1e5fa71b0dae7d0bf1e39510e2ee069dbbb9e,eb781495e32a1d1d
data/thermal-1-filtered/train/images/003061_png.rf.3ac9011b5433eb028380629fd99973e7.jpg,c89406e62750940f38216438b27433ffb641142a5de333ada6934748354dbe3f,f84b83ffb30180f2
data/thermal-1-filtered/train/images/IR_BIRD_012_frame18_jpg.rf.972a881fa5c2f03a4971c34b5b853972.jpg,51812fb0c8b85b6ee163d72e9a3437274277c4041ca4d3ca2b8e1b914d2c8940,807fd52e5d912e49
data/thermal-1-filtered/train/images/003792_png.rf.bdd95919e87c232c85a4ce6651831599.jpg,74c5e4933dc9b4dba71e9a8ac4707138ed342709f989924247ff5721a812aa3c,d06000e707ff03ff
data/thermal-1-filtered/train/images/frame526_jpg.rf.9cb90e0c231ed70b9e635611e63e1789.jpg,e8676234a193c8a45b5c8c6aed051c7cedaf61266d4c12c51742993696ddc2f7,eec0fe90b830b43e
data/thermal-1-filtered/train/images/img_0306_png.rf.7c2545c9c12c935d8185681d9a0a2f4b.jpg,e54a46b480aa54afe09a3d768aa07b83065dcd1425cf2675f41cb21ae618447f,94d751bd5aa0513d
data/thermal-1-filtered/train/images/002729_png.rf.c1e37513f88fd19f1145bd79348da86b.jpg,78e11e77d93e4e2b3736b75401160c30b64b47a58a3db17669488da64659dfe5,aa2ce353f30cdc4c
data/thermal-1-filtered/train/images/frame69_jpg.rf.7058d1895a1c4d2a48b47a782d5fd06c.jpg,2d4c708f60aa68fbebd3a42f51d9fac91d890712b2eae9dd0b4edae52e3038a4,f03f057b5883668d
data/thermal-1-filtered/train/images/frame669_jpg.rf.beb9bdaf00c7ad96ad774800e64bbdea.jpg,a7a5abc157c8851dbad9e6df9ce19715707e2f4e9ac24fe7a9c14e7a36ec353a,eec4fa90fc86ae80
data/thermal-1-filtered/train/images/003810_png.rf.766bc650ab8b00ddfa2212804550b720.jpg,9765bce6a75c3e7da4817f7eb83dd3a05bc60c5cbf2dffd9d0c8953d4d38beba,8a2ed54bd46d5a54
data/thermal-1-filtered/train/images/002559_png.rf.472ddb79a6df0da6bbbee7444705aef6.jpg,d58bb7117f62ecbf2131b78ecf5b78fa09efab9052bacf03665f1ada230808a6,aa1ad2add221d66b
data/thermal-1-filtered/train/images/IR_BIRD_012_frame173_jpg.rf.087ca74004a0c06c26f8ed8384f947a0.jpg,341df4084ecfe8d135f7c42edab200d767eb1773cf322695ce7bdfdd52bd3146,fce0007f017f40fb
data/thermal-1-filtered/train/images/002242_png.rf.5476947c06a58c3a6bcd46f62d57417f.jpg,4f9508ad1b05c5d154dfb0c96dd085f719fb0a10d26d624818268e1b7a5bc5fc,ef7ea855807a8165
data/thermal-1-filtered/train/images/frame674_jpg.rf.47a80132c8e715bff799a01a709ae570.jpg,452a20748afca2da7706472391a9502c6ead98b93fb10f4713011e8a3e040351,a54ad5d946761972
data/thermal-1-filtered/train/images/002776_png.rf.82e8264e3593602da787130f41d196cf.jpg,c8af95faba91f8b121147c6589762a764f86d3eb194ea5bbc16d5c66171031ff,d07f01ce358cd52d
data/thermal-1-filtered/train/images/IR_BIRD_012_frame140_jpg.rf.2ba1d7fc7be2ab9b7e4e9dd71a0735af.jpg,2606eecbe01447ab53be6e31ae24c77a5092678663031d5b8c71a1e5770b4832,d10ad56a95708ff1
data/thermal-1-filtered/train/images/frame406_jpg.rf.37d65ca22632af923bd42685765f1178.jpg,8a12d39847ea4b42821b4678248913c03a901bf68b5cce9d326c11b3cff82812,e0aaf456db91915a
data/thermal-1-filtered/train/images/003795_png.rf.32af91104757f4f32bb7b98930c8ae47.jpg,0faae62d33fb596906d3b469c6e0f9cfeca0df275792823cd831387d22a504fc,d99f94dd330e1906
data/thermal-1-filtered/train/images/003089_png.rf.cc75eedf5df202a323a3df57b78d4aab.jpg,6bb8a10a2cad5b9029cb8611a3d3385fc37c50dc8bd1e0084b3345e83e277ae5,ff7e924493c8b10c
data/thermal-1-filtered/train/images/frame285_jpg.rf.31d03f3cc05dcc04d9847ebd378d4b28.jpg,50273dfe0e9d410d22f3ea3b69e9a4cfb0d06b33ef245b7209098a5e7856e1b8,becfc597c5860486
data/thermal-1-filtered/train/images/002222_png.rf.d0720f1bfe7de53767b052c6b782af96.jpg,d9aae38b25fe22ef79d32b43b57f27bb01b05d6dbe97df8b25e503968b633252,af285e29d3a55a25
data/thermal-1-filtered/train/images/frame313_jpg.rf.c5172cf7e390d8ac7aacb6d0ee0f97d5.jpg,6a2af0a6befac13cdf377ce0599bd0fcddfc681bccba087eb31fa273b31803c8,f07fe08a3f00f329
data/thermal-1-filtered/train/images/002714_png.rf.bd388b846bc60098eb61c7a864329e7c.jpg,caca944b91da7ba93646575f629d1313aab530b42a54bc163a56f857fe83268b,f04080ef00ed1fff
data/thermal-1-filtered/train/images/frame54_jpg.rf.11740c67f82ae19ed17398fc021c43c5.jpg,74a0b3a76b35b9b3c521a0de01be04745609d817df562ff0ff134f53b94cbde2,e43fc0970c2776c9
data/thermal-1-filtered/train/images/IR_BIRD_012_frame143_jpg.rf.5cde791453e7b95bf29c6dd73d7ac8c2.jpg,2a48860f41d7429458df0bdf3243f1127985198543736e19ad071a5d25869425,aa5aa52b5a5a5a3a
data/thermal-1-filtered/train/images/002420_png.rf.ed2064db7a2ac291af02e7ad9e1a820e.jpg,c4a2d7967d549ad518fa759276fcb80a23ce9fc304c00d3e84429972949ea752,ef7abc529d229422
data/thermal-1-filtered/train/images/frame727_jpg.rf.772cc9a31bde613be295d744c506d545.jpg,3f4d1e7d2f9cf154f9632aae99c83c2be4dc508bd42e450fdf6f9cbf9c368da7,ffc2e914a856ac16
data/thermal-1-filtered/train/images/frame689_jpg.rf.b025ab7f92041439fa44591eb16bebbb.jpg,b1d56dae713d2cfd781cae68b4a0a01ba0e21587ea6d72455d8553abe8f94351,a1aad55a575554f0
data/thermal-1-filtered/train/images/frame112_jpg.rf.b1e0befbea02bbe0c80faadf4e785bd1.jpg,bb2a8ab8fd1248e61203d6af5ea004aaea8c289d13ad22200260106e84a4ad60,cec1a1fdf01c30e3
data/thermal-1-filtered/train/images/002534_png.rf.6cc66ce86b50b2e30d99acf338886255.jpg,48e479a1d1955602e394159bbaf34c435623a3d60fbe9a25615983b592c7a7f2,ba2bd52ac916e952
data/thermal-1-filtered/train/images/IR_BIRD_012_frame28_jpg.rf.f2ec5cbfd580877eb9ebe65e7b1029fe.jpg,45750a47bed743aa7dac3fa0c4b8fc210ba4b3f7afd1359ff7a6d92da4ce40ed,807fc13e6a9734e8
data/thermal-1-filtered/train/images/003093_png.rf.ca4fc4d2888eb38b09d1a4db3c652753.jpg,b4b2a01fae97fbee4a6c0e48f25341fa7aee8cac96972c5f20dd02e2a1eed14a,a83f403f49b65729
data/thermal-1-filtered/train/images/ir_2_023870_jpg.rf.cee0998ea404418c2f1d421c7612e9af.jpg,a020534fbb46a2aab74a2a81992cfd9208af7709747c933746eb7b0cfe4a0630,f07f800f962e15ab
data/thermal-1-filtered/train/images/0_0_000029_jpg.rf.9bd94fa110f8d38aca8ef454d75af3d3.jpg,4941fc64c87dd9e09aa714fedc3db85316e875ef7f9fae6c4647c67ede394a58,98c8cc717173ccd3
data/thermal-1-filtered/train/images/frame200_jpg.rf.726a79bbb9dc9125c472ee6c7c3758b5.jpg,a3e542e8d77a2dd48e00bc3e0fb470c6afb32b5df73ed465c090cd46682a7965,cabd7eb2b43038a4
data/thermal-1-filtered/train/images/002388_png.rf.06a692cfa71af0477258c1bcdaebd303.jpg,0c627ecd24e25bf507235133155b71996aa1430dd85274d20c5ece7be1d22de2,8cd5d5ad50a555aa
data/thermal-1-filtered/train/images/frame248_jpg.rf.07738cb1338f62b7958f926aae56facd.jpg,2285d90c0470ff72e44e1decc89cabedf9d70f37e2e01b846887e011a269bafe,947fc18d0b2451bf
data/thermal-1-filtered/train/images/frame678_jpg.rf.2ac0066b0defa376d548850cc178e61f.jpg,6560128e2809078608201b90cf20c6c1541675588e104c562dae7e8cbcc5755a,a54a95cec1734cd9
data/thermal-1-filtered/train/images/frame499_jpg.rf.e021c07d766dbc011fa9366bb4743824.jpg,39b08494a9b711039cc4301f1896cfdce8e383ab0319139194ca6bf71bed1077,fe03dcb7a0b89d08
data/thermal-1-filtered/train/images/002372_png.rf.33f1f9130a40259c61c052cff2774392.jpg,89daf3642d26e43b390ba6ad0480da39e4d80913619df159c9467fe083cf0efc,8d6ad5495551555b
data/thermal-1-filtered/train/images/frame0_jpg.rf.1fccfdce07d82d62b0d91c07312a7853.jpg,87d8cba59de9d0aa91f3ff122e4bbedf2e013a6ffc055bda6766a04f415ae334,8ccd9427c93ccc2f
data/thermal-1-filtered/train/images/frame272_jpg.rf.38903e833b01c2d4dcb317661f86b49f.jpg,8f95deda2465cf2ab9297b0e6ddf9b762561a6242b4c1af72f6cceb9e3b7ecfc,f1c281db19db0d59
data/thermal-1-filtered/train/images/002040_png.rf.d284226b9529ba592ddced7b5e56590b.jpg,83a7386824aa45de827d1579d29df1b715d24288e7a11e9b208e17e9b7099142,e76c930c974f9033
data/thermal-1-filtered/train/images/IR_BIRD_012_frame207_jpg.rf.7f49a07893e8d7ec01cac89fd574ee16.jpg,679ab9a291486b8001954133590dbabcde0b436bcc53acef256435561470c9fa,a22a4cd1b525edcb
data/thermal-1-filtered/train/images/001505_png.rf.221e3410731da58000d75823b219e3df.jpg,5a5c976fa842bb766c2357934c40bb5bd249f6f0784f8d74bf8e4696b35cd361,ff7f801b87068706
data/thermal-1-filtered/train/images/frame579_jpg.rf.a2e8d9ad1bb2c6b9180604ffb9457417.jpg,faed03c2319aec6494b6ca01ce8afd7fbc6471c63110d29acf83122c35b27760,eec6e8b9b0b48e06
data/thermal-1-filtered/train/images/ir_2_020230_jpg.rf.0f6fcec81a72cd89a3a6f1c9db6fb0d4.jpg,44cd4b604b1faef41345d20d44fe3b6d5c52433d271fb70b0cb9be193932163d,a149dd1d1f7ee202
data/thermal-1-filtered/train/images/002005_png.rf.d0fce20ae140e344711c5f4b5c1bce1a.jpg,d21515e053079e2b3fbfe115c42806829cbaa0b0e963b13daecf495aa167a184,ff6e13651ac43a05
data/thermal-1-filtered/train/images/002242_png.rf.c65fba838447b15975c9eb0135a4a168.jpg,ae9073af3bb1a8f2c0b57ae71c1632fb28eccecafbfb6935ef0bf0d6800f5254,8ad5d535442e559b
data/thermal-1-filtered/train/images/002251_png.rf.77a2a95e1215d165950aaec7aecbad32.jpg,bdf84044229f81d7b9aea6f50b8a6c5213bc3f9f1c8bcd9ae9322dbaabbaee4e,aa3dc487c127d569
data/thermal-1-filtered/train/images/frame412_jpg.rf.6b84c22ed468c8bfc762a022c7b66fbc.jpg,fce26a17bc23275a0be759be304a82a11373961bdc61be092c02fd87f398b680,c54a04c91fcb1fcb
data/thermal-1-filtered/train/images/001994_png.rf.14a160be525c39013eeafe4cd8b59fd2.jpg,7f8531e691d9e7397d148d45c3df8bdeba6265a37d893e68bead023b3ad8bcf5,861d55af54b455b8
data/thermal-1-filtered/train/images/frame315_jpg.rf.13c0440886add2204b359a57dabcaa28.jpg,096cff8e3ae9d75e4338f28dafbb5175352fc6d8f38c33d352d499069930f529,c0c000da5f5f5f5b
data/thermal-1-filtered/train/images/IR_BIRD_012_frame285_jpg.rf.bfc67fd679d17f1838146b9339c40056.jpg,f48cce937b720d90dcd7c6767efffd66ee5c510f45d5f84d34b6d90849a8f9a6,807f519625c91bf6
data/thermal-1-filtered/train/images/img_0384_png.rf.891c5c324bb6442da89fc10cc57713ac.jpg,9317bb07bbcb56ce73db39640114c046f865880603d37ffec696ee7be8e4b7b1,b4e219734e5c41cf
data/thermal-1-filtered/train/images/frame514_jpg.rf.5f112579c823d408095f67f07fbcb637.jpg,f299bf19ec7da350ac0ed90ee5796200d54bf1be6861db3b577c38da4fff3ad0,b017c4a755ae51ad
data/thermal-1-filtered/train/images/003019_png.rf.2345a20cd7107dd8da3952bc2d98df33.jpg,3e82a6e8f1366cbe9c8b40c787f8a636c1b82c0c65e2175db52ceaffd5045fd4,ac39d455d9aada24
data/thermal-1-filtered/train/images/IR_BIRD_012_frame72_jpg.rf.e8a887350f539c92f77f0db48ad30f47.jpg,c76d744d3adab109b4b8e841acfa9b5dc804dc36535fd651f94a50657acc9843,f0e103ff077c007e
data/thermal-1-filtered/train/images/002252_png.rf.e3f44b4122febba5c0c5e2fa79e795aa.jpg,cdc71225159f51cf1599d9717a0224af1bfabeb69a2b3a5a69f6602f9d0c482a,d0e080e30ffb0bf9
data/thermal-1-filtered/train/images/frame111_jpg.rf.26264a66ada2a03aa654686c94db4162.jpg,01d93d5447084bc7f285800fb8cd05d748fc8bbfa6322701b5de625d0df04889,f9220df09c7b90c7
data/thermal-1-filtered/train/images/002833_png.rf.b4af3e317be407755374e79b17f81c7e.jpg,52fe071402c0149fdd27756083dbb4c54e2a6b220441762c1df1e04a61f060c9,f9508070b5f702fd
data/thermal-1-filtered/train/images/002128_png.rf.44f1cd54feb6a4f1b5472d9840ba8856.jpg,76f24a702ee01ed17838d570962b3cc3b529c70d8af38c8c28402fc7aa69c0a9,b83749065f893739
data/thermal-1-filtered/train/images/003832_png.rf.857bc63c8c67b5ae8ccfcbf7e6d4926c.jpg,48269a2a86aed7a0db5d4fd8f2eef0307efb9fd5f5379f04d06845b99c545153,a43f502d5ab6493e
data/thermal-1-filtered/train/images/002697_png.rf.766b9c3c6cd3fe683dbd876a5afad145.jpg,e3dde0f978d6f14e5d355c9e4f0e115312166e7da72d242df6316b83d12521d9,d06206f901ff3cf8
data/thermal-1-filtered/train/images/002544_png.rf.aeb5b281ce804f3179ca2a563e40bb63.jpg,7820d13c39b76f495d10426b885f4442724b536ffa96f9e4dd7c1ae1109d3e54,ba2ad52ad512ed52
data/thermal-1-filtered/train/images/003759_png.rf.e968f1b491644ee7fb8aeefeb02dc98d.jpg,5f5e5d47f284e1c42a5ed39e2636d37bd8f42bf17a1cccdab2855fef5539707d,f36ea53d82328d70
data/thermal-1-filtered/train/images/ir_3_016340_jpg.rf.cf1043f925121dd4a574c9f95c700a76.jpg,e15edd2ac43887cec704b7cb2ad384846b8f20e4e78e34c216034e2cb5044a8e,95d5652f4b1652a5
data/thermal-1-filtered/train/images/002404_png.rf.22c2caca99c6d1100f9a96d1666303de.jpg,a9e5a9f4faadc9136425087b4686d66f6f908946c88e95ba1c37374738566cc9,aa7bd708ca94c732
data/thermal-1-filtered/train/images/003857_png.rf.49a6dff8326d9b73591dfb52ca2cb56b.jpg,d154fdbe6fed86d5f211f3b6bddcd8ed56f972f1f260b00bf748eea8ca4ca437,95d555b65a0a5b2c
data/thermal-1-filtered/train/images/002351_png.rf.4e1ff5b3af586e457d9241072c23f713.jpg,bb814ab4c89abad11c1aef462abe3010e06c4c58c54fcfe4762b640fc41ff4c2,fba080eb917904df
data/thermal-1-filtered/train/images/frame318_jpg.rf.e81a976443b5484a12c6b8eb87f5f549.jpg,83389ca4bba9f35955bdf3be8e423b8288373112ad6e3854938d3ee48311cea5,b0b5d59f55891616
data/thermal-1-filtered/train/images/frame494_jpg.rf.3bf6a710e7430941656ab7ae40c51820.jpg,60eadbd0eda68a86672bbd85c4eb72d483e145e710cc57729d8cc34f38da2316,b4a2909e90595f5f
data/thermal-1-filtered/train/images/IR_BIRD_012_frame37_jpg.rf.64afaa82de4c402447342df0580dcfe6.jpg,e29bfc572db40ab17dae5887a493a2158e9943955b8d024e901ecf3ea66ee2f1,d52a956a1dc06b9d
data/thermal-1-filtered/train/images/IR_BIRD_012_frame101_jpg.rf.33c67a6d54193a28af99ef7f5849f815.jpg,0f1ab55ea0c92ccf5187294ea49746acff5f7ed374300c47f26236d0c6cf42e6,c114eb57986b16e9
data/thermal-1-filtered/train/images/002346_png.rf.6385e3e9e16fb4c223a9fa2fa4bc6701.jpg,219385763e04d9f42daf0aaaa9e5607739c031b297f8940b82eda552fb2640cd,d07f801e1b0e0f9f
data/thermal-1-filtered/train/images/002802_png.rf.5f19233f20d1645bb7117be5e0f9db8a.jpg,150d846be8d9c3798912c84663c7c5d7b3d2d07b094f4dcb2297241419ae0497,ff4039d46b94c833
data/thermal-1-filtered/train/images/IR_BIRD_012_frame15_jpg.rf.27c1000c21e83f7a8f4c4309936fb916.jpg,27e3f6cf5f87ab6accce8d90a44f5532d1929b252e7becc822aceab28bf0e2e6,f7188c7708c57f18
data/thermal-1-filtered/train/images/frame605_jpg.rf.826e0a138f930b3a06632d718bb3b254.jpg,acd576f0b679c9ffcb883d980955387abd00b163c95b9a01e592018bcc2ec597,a54a95f2c57d126a
data/thermal-1-filtered/train/images/002062_png.rf.5086bbc3252f0a69c8f82d79b4a38dde.jpg,e8a129cad547bae72f033a6f29031a18ab37089070b763f633503123a4d1c84c,d56a157a03df04f1
data/thermal-1-filtered/train/images/frame120_jpg.rf.dac3b339ccd0f755737563be4cdb6dfb.jpg,fdf12630dd1b8e148fa7c218b12951accdacf24c6f9822c081b0ed9ad9288b24,a279672acc1d36ca
data/thermal-1-filtered/train/images/002437_png.rf.7991e459c9027aaa02b01f04aae747a6.jpg,76de99381e554e8c6842e5aee66556cbabca81d419e9366631f822fe402b7e89,d08080ef01fb0fff
data/thermal-1-filtered/train/images/frame598_jpg.rf.8d91aa104fd4876034d81b7acdaa2c37.jpg,b37f709455267e1a16de57beba762a35d6c9a883f2d466f468d1859094972f97,f4e0c07991df4752
data/thermal-1-filtered/train/images/002040_png.rf.3107df058adba346c242cb0a6b109623.jpg,5b00eeaf37dd8dc1dcef361b26547c04cf804366633bcd52cc094febc0ab0fea,a77f900c930fd03b
data/thermal-1-filtered/train/images/IR_BIRD_012_frame112_jpg.rf.bfeea233971d884afc17f031e58cc844.jpg,77ceff837b5b060d6e8749563091afa342b6067f3e9a11bdb505bd7f0ab98fea,c52ac57a956a14eb
data/thermal-1-filtered/train/images/IR_BIRD_012_frame148_jpg.rf.b8072718597b4df104f300c32e0e7072.jpg,1cc4d8d4306c6b17c330765fffa0910e84f1e6bf0f729e8b554010226f2e8932,fee0007f015f00ff
data/thermal-1-filtered/train/images/IR_BIRD_012_frame197_jpg.rf.4396eeef06d7ad8ca24f32d7388b5210.jpg,de7a4a2a2d9370e7acb29f18cdd7775eb5cc4398455159d41a06efeec1cb6c8a,9268d36ec552ed52
data/thermal-1-filtered/train/images/frame256_jpg.rf.b9d4ad658e524c204468d0d4ee12207f.jpg,6a62910aae5e1a5ddf0789e7dbc04abb56802621202ce30a5e1f8b6483f2f8ae,e5b79093930b072f
data/thermal-1-filtered/train/images/frame426_jpg.rf.f1ce4d54c2e7e76649b293569630f447.jpg,b0c49712ccc591bdfd054fd282616ccd29e5e7b683067a6c5a7f673913d95340,a2c2d45013dfd979
data/thermal-1-filtered/train/images/003749_png.rf.1377316c3043a5ed01a4cc64c047da7b.jpg,60d7f8f9fe57c8ec593807b3cf5c4e4344feff528a5c93bbd40ff6b264bf98b6,d08000ec0fff1ff9
data/thermal-1-filtered/train/images/frame369_jpg.rf.ccbda1a5e56ce0e256110ff036b5cc60.jpg,d9eb6d38ccf27fbf56910edffd624a460bd5c668fe1b68f9c91f7a86a220489e,d03f40bf0f236687
data/thermal-1-filtered/train/images/003762_png.rf.cd925ab99394643e9ba2c2d4a7256db9.jpg,9e5b330dfe7a6ea1059d1f37168131a2017dd8a75635b205997d6b8b8a90b5a7,d08000e903ff1fff
data/thermal-1-filtered/train/images/frame185_jpg.rf.0e0172eae894e51eecee40f7d18d4f51.jpg,b95a08a18b88df7f65b3b793a400a6edfbbcbde615dce3a7f646ce15006a682c,8080d2779f7e7859
data/thermal-1-filtered/train/images/002817_png.rf.319338c28f5ad58068935ebfe55b6c34.jpg,d82b6d0c92e55e2a9e6eca44097187365116c82a0a82256543f399a2e0f0b965,d08000fb0ffb0feb
data/thermal-1-filtered/train/images/IR_BIRD_012_frame131_jpg.rf.93cc01762311ebc4ae118253e0f4d5d6.jpg,d5db418fb14c421706bf01d04d00cf199a7d38579e538f9adea98e40ee0d53c1,dc1f001c43bc5dbe
data/thermal-1-filtered/train/images/frame348_jpg.rf.cef5079b8ab64977dd0b021af492928b.jpg,dafb45af9c467fc66c79ba73a40e424087146a30e8c8053f955383f77c18db83,c03f049f3d044fcf
data/thermal-1-filtered/train/images/frame52_jpg.rf.0081527ca609998677021be75da7ae8f.jpg,12e6657de485d028c4d507e5fa7244f54750ac8ad007377229a3f5c7bfac02f7,e4f693871c8f1703
data/thermal-1-filtered/train/images/IR_BIRD_012_frame193_jpg.rf.1ab598bb02d1e53ea6268b0e4b910bd7.jpg,de39e746823267974194b77aa7cc798bfbb5bf16334c3883193d19faf1e2c3b4,c631c633b14eb1ce
data/thermal-1-filtered/train/images/002418_png.rf.9da77cfa59782e2611e03153fb4b188c.jpg,6c905eecd83f16a4d11b93d829d170f49f59fd3b751d5be21c139b7110210e51,d87f801f0f041f1f
data/thermal-1-filtered/train/images/frame443_jpg.rf.c5fa5da84a67b9fd6c830497036daf65.jpg,c4c1780f473adb6a3501cd0a6997aee009b7bf4e7e5b8a6b3af2d63ee6b66f61,ba99cd6985b54817
data/thermal-1-filtered/train/images/frame594_jpg.rf.38fbd1ecee999d24241e137cfd2100f3.jpg,c80206a79a3868dabab0d98223562c8d0f05bdf334dd53ec413b443b6b281ba3,eee6e8b9b0868e06
data/thermal-1-filtered/train/images/002057_png.rf.82c3d3599b6cd230d460a5dccfad0d69.jpg,43ffeb50374a76725419f42ca82ace6d0b3244d84229006b592ed129fd9c5f8f,fa2a751ee11ac469
data/thermal-1-filtered/train/images/IR_BIRD_012_frame78_jpg.rf.2cf54e8c334ab317abb88b89a48688a2.jpg,08c53eaba8159d6058fdb71ad811fee6463feb33fafa94bdd3fa4395e3f1918d,807fc13f4b953e48
data/thermal-1-filtered/train/images/frame311_jpg.rf.1a52b9472c7fa35a94574641d87cbe11.jpg,2205860f100a2920110069d6dd88d60f211a8b20126bd5cba7e87bbb1ccbdf39,b2e2ebcb69485a49
data/thermal-1-filtered/train/images/frame153_jpg.rf.76c0c534913408fe70de82d9f1bf3188.jpg,5b84446a989d7cd19ee2e5ddd831e4d242554297a50ced9da0c949ce7709e161,ea3985e69e3d8cc0
data/thermal-1-filtered/train/images/002557_png.rf.5a7be6589e166379f83e0a2705d521b6.jpg,140b8c0bd02535038cff7c64cc5a73ed12d5b1e9cfc66fcffbab77d8412d47d2,ea3fe01fc055af40
data/thermal-1-filtered/train/images/frame58_jpg.rf.c928ef2a2b8feba74aa5ae2f7e76db5d.jpg,873102ee1269a7596b7995b0223f7dcbdb6060ca040439798ddd94cd77312252,dbe1848f3791648e
data/thermal-1-filtered/train/images/003860_png.rf.7a8e7839e4f6e3738363dd94c7a8fca7.jpg,46359824a7eae45cf8e11eaaa1f10d39ee459d3ea456f20a913bfd462e5632d4,807f40b94fa05fae
data/thermal-1-filtered/train/images/002465_png.rf.8e0b14cb149e3da112f39ef95dc0e968.jpg,41785781b87be14718148723cc9a779d5cacb350006320dfd2f9d3d39cb35369,d08000ff0dff0cfb
data/thermal-1-filtered/train/images/IR_BIRD_012_frame293_jpg.rf.d20c84ce4bc01c5e441188b212a694a9.jpg,7a33f99e3b915a17ff4969420e6d243bdced27c7bbe68afb11db8598af758ebe,a24addb72ccb9234
data/thermal-1-filtered/train/images/IR_BIRD_012_frame97_jpg.rf.bbcf86dadfede80992f297737dbce4d4.jpg,81a2b0c8c38f0ffa03ef347b1fcec12628e099a0161c9bced0337658361f5ecb,c57f803fd02f5087
data/thermal-1-filtered/train/images/003022_png.rf.a36e6fa8901d57441bf936ccc727d930.jpg,35595fae99596a97fb1aa3b307aa9242bd772570e22d37a8d31370a799438f5d,8595553559ab58ae
data/thermal-1-filtered/train/images/003036_png.rf.29ccc13eca7af6b18038b357b5d87956.jpg,bb615e1c5a7630d1bf57bc4259a19941c7e6c76ae22661307e003bf1c2200479,c08000c90fff1fff
data/thermal-1-filtered/train/images/frame529_jpg.rf.6b378330893b4c4b715796a41e0ca4bb.jpg,88627fb2e9ae0660d8a35350bd5f90b33a6b6eaf52fc42c6b3f23104bd2680dd,b44a95f24dd70969
data/thermal-1-filtered/train/images/002348_png.rf.34eac5a29ec3f76dd8e0b6944b4b08e8.jpg,f1df7d839d199e23ba2e5c95f42a8140b15cb584384f9585f57ebb404d2e9a93,d08000eb1ffb0ff9
data/thermal-1-filtered/train/images/002263_png.rf.fd7f6ab1de018e40fe0c1f04a3409896.jpg,76773cb158fcf55734737e2bc89f7dc23bd52281c7d6d04ab593e70df830e90b,d46a157b0cff06e0
data/thermal-1-filtered/train/images/002439_png.rf.23bb6b1dc2c3aadc3be280c0ac43212e.jpg,6abbefb96b657a9608c209de991d39290f39cebfb4ec43115c50d13775e56ac9,ae7bfd4ad508f100
data/thermal-1-filtered/train/images/003776_png.rf.16d8ae6d43db427382af52eea996b558.jpg,5ea32b1b3ff05eb8c40566d724349debd8f65c63644f9b08b28243082f20acbc,f26fbc0dc2138978
data/thermal-1-filtered/train/images/003688_png.rf.fbfc281a19020f8ae35d5b6db99189d3.jpg,cda1588dbc28348268b646d1ac5903d5a851affc1d666cc458a60535154bfeb8,d07f803f069909bf
data/thermal-1-filtered/train/images/frame230_jpg.rf.4aed2bd1f56d22656eb2e07dc80c14a0.jpg,7862e067aa644e8bd029523268ebff63f5748e99a28fe410124cbf0c0384b860,b1d754cd4c2c4b4b
data/thermal-1-filtered/train/images/002293_png.rf.f1eb4961ab2cb8b150407049858ddf7e.jpg,dae192e01ec40317d4841fc10bdd6d18560200d9e665e77d09aac15aa8af4103,8ed5d292d476d492
data/thermal-1-filtered/train/images/003793_png.rf.9da03e915f71cb4a53f748cbabf22ca9.jpg,680250f9792958dd5ee0b11e2eaeb05fe49c053d1dddd145f80a5c67a9a45e2b,8e2edd5275464d4a
data/thermal-1-filtered/train/images/002743_png.rf.a3fe41f0b66ed36067035cc02d1426a6.jpg,16b987a5448aee849804b283f8ebbc59efedcc8f78bb7c34b0500268a7b4529f,bf699c59c01ce11e
data/thermal-1-filtered/train/images/frame179_jpg.rf.96a3afdda9bc5b11c56869480199b72f.jpg,0ef9cbff5efbf60c1ed8dc7dcb399d9ddc9f164d2b3e1e6e6ef40984485e13df,ad2af5cc52353352
data/thermal-1-filtered/train/images/003971_png.rf.cf5ecb8a0045db14ac0809faa131cc35.jpg,a10cbae514016ae798d48e8ee631cdc85d3188888d6d3b2c5ee521d659158390,c17f0e030a1a5f3f
data/thermal-1-filtered/train/images/frame653_jpg.rf.938eb9003f895625035d1e267b36d1b7.jpg,2168589b7729a0e02760e510f723d234c86deb9ec90280803e3fa934fdda9641,eec6e8b8b8a48e86
data/thermal-1-filtered/train/images/002227_png.rf.6050aa3085b93549e7f291f39a54082c.jpg,5105a71a4860b3b673206ff6fa920aa51cdfac248273cc060982e014a8acbc1a,d17f009d0f0f093f
data/thermal-1-filtered/train/images/ir_3_016660_jpg.rf.6354ad6c0b6fe0b195679aa4297350fe.jpg,67c91e8145ba5b53e86e3c2e650e00ec1ae10292efbf493bccc9637cc5d1c378,d0801aff34c913f7
data/thermal-1-filtered/train/images/frame374_jpg.rf.856d11a973b1e77630553996178dca74.jpg,993777ad6d368d2fbd9ebf50eeb86e98bedb76ac1de97a55d674ef62b8c1a364,f47f03789d0f5888
data/thermal-1-filtered/train/images/002393_png.rf.ee412fffecf26ac8b79730c7940b786e.jpg,77c0bc32eb4611f5f36d8d8e7d082633a4cd4fd7749364b49b63a3eddfbbe172,dba080f884f886ff
data/thermal-1-filtered/train/images/IR_BIRD_012_frame130_jpg.rf.e5871d69867edc029fb341a6be90a002.jpg,a7e6b3444e6a27537bcab75950252310ae822fe7083c11b203724e86e450d150,8577813ec22f40bf
data/thermal-1-filtered/train/images/IR_BIRD_012_frame46_jpg.rf.08223786ef13b481c387cb3f49dfa0d5.jpg,5971c9420cd66acb22431e9abee23b5cbd65e0b0e20a89a56c9b6fe77ae3576d,f0c30efc0cfc08de
data/thermal-1-filtered/train/images/IR_BIRD_012_frame278_jpg.rf.7cedf506d987de9fc82de4ce92932fc5.jpg,34efd071b3e0d9ee4ee576c1cc57b912c0a03c4b24d4bd94e1eac0893deb7876,9699194d4cde5e49
data/thermal-1-filtered/train/images/frame703_jpg.rf.fc6ec058682226eae150ef94d8de31fc.jpg,3d2a72c84023039c2c8344c209c9a7e0f1b479f8ecaa90b40b8f1540dc38a152,aad5aac4c1aac5ea
data/thermal-1-filtered/train/images/002695_png.rf.96d8ee71d6940f508e1a37c9238b8845.jpg,a4276731c9a70ba2786fc56f8909792fdbeb7d648e711ff303c5c356f0246825,d56a116e3dc11778
data/thermal-1-filtered/train/images/frame325_jpg.rf.4be90e2262688f1b5c9b3cfccba867ba.jpg,f191859851d2848b85e4d8cbecaac9c7773260b844794d3f6a23ebbedaeca1c7,a5d59515482a5fab
data/thermal-1-filtered/train/images/frame409_jpg.rf.9436169f77090300a666281890506f5e.jpg,def01cd81e0916d604d309b430a13002227d7df0adf0ab73b478844e6c35a736,e0aab55eda91915a
data/thermal-1-filtered/train/images/002340_png.rf.87a084223ada1d3bb826bd5e8db2e57f.jpg,593917e4ae0fd1f311fa02f40a494d5d31ee238070465b99918b3507d29fd14f,af2a956885dac279
data/thermal-1-filtered/train/images/000005_png.rf.4bd08e1d821a046a65ec0bbf449782c0.jpg,01a3348d49fbbc5aecf142f7af6d86ac05758f590bae0b636c608c32e2066fa0,c52a85c1c0f15f7b
data/thermal-1-filtered/train/images/002231_png.rf.36e6136b9bb5dbb5d7164e746cbe5398.jpg,1e817b8a8f66da168869e4e2e91f1df3b821bd3be4eeebfe9ada1d89f6814a13,f46a157b14f106f1
data/thermal-1-filtered/train/images/003053_png.rf.dda87b71d2eac7f98d1161431871c56b.jpg,5446db16f66acd9f881e385892fa71f1962fbb60f84cf330dfc9e8b86e520381,84d5d13656a659ad
data/thermal-1-filtered/train/images/003059_png.rf.de87ebf382baf051d969a1012ecd9fd0.jpg,8d85cd22d5d8a04d6363c2d4da94ddc09467789b27b26cd046b754be41bfcdce,c07f04131f0f0f3f
data/thermal-1-filtered/train/images/IR_BIRD_012_frame135_jpg.rf.de239096b190e52df0e9c9cd14051f3a.jpg,a15f6981b7b71326c2fbc68c8143e74bbd75ede54b06e191f215e0bd532a873e,d40af55a8b740bf4
data/thermal-1-filtered/train/images/ir_048760_jpg.rf.12267b28d4e429d9cac817f614076a96.jpg,901f226574295ceb4020a899ab684851f396ca2a8b3795e7eb4401bb77255272,903f412f52b05f1f
data/thermal-1-filtered/train/images/003684_png.rf.464f6444e871cc994c88a469d8f4d09e.jpg,425887f5302f0b60973d52731ab75b2e583fb3d7f34dc747c9bd9b427da96c07,852a555c53555d5b
data/thermal-1-filtered/train/images/002674_png.rf.6762a487f51a2f54d66fc4af923dd7c9.jpg,9124fbfe7b5bbe2b5d6dd56405caf17c5932872395e8220b0fd13e880f33be30,c07f00265f0f0fb7
data/thermal-1-filtered/train/images/002798_png.rf.7820b73f70d0fc95d12a10b2c73d137d.jpg,eac58d478a933ddb86968ba0157352e3fa44b1a9a4a730c058921dc15e5e6b28,c78200e901ef0fff
data/thermal-1-filtered/train/images/0_0_000060_jpg.rf.5663df0034668cc331ffe6235adc3c16.jpg,e72cc0377d9b248af5493574059db597324cd39a2fc3620268c391878ae92ade,c20005f91bf30ff7
data/thermal-1-filtered/train/images/IR_BIRD_012_frame95_jpg.rf.90159cc3587e01d09b7409a74f1ef7fc.jpg,439ba03f709eaf32242c0ffada89dee17ee43e53efea971c070685a7d3574b3c,d528d56a857a05fa
data/thermal-1-filtered/train/images/003759_png.rf.46c221d9fed79fa18043bf5d19f6f5c8.jpg,7ceac1c4d808b75cdb17c9427109a2588a3328177159df94c1f05e6c593eba97,84d7d1ad553159a6
data/thermal-1-filtered/train/images/0_0_000358_jpg.rf.538da901a14d6c87897ec40f55582b73.jpg,4f6aae695ae01faebcb9674391b3e0c42f36fd840dbfe3555ad2bf5511a9462b,803fc0be43ecd335
data/thermal-1-filtered/train/images/003964_png.rf.cdf0dfff2e224f8d144d1a6b7bde6507.jpg,caf2a46751488875857fd8ed7d4d474bc333740afeb89eccb318aac15dde2643,a12e61c33de29d69
data/thermal-1-filtered/train/images/002829_png.rf.6034c9ef3bb64926227312ed5c212f2d.jpg,0930534412b0f854be985f0db47fa62bf22c556db691262b3c60b7010a068948,ab2dd925c5a1ad31
data/thermal-1-filtered/train/images/frame270_jpg.rf.82cb70c7aeb52a6998636fd68f517585.jpg,52aeb20947d588ded9ec58939d3fba2b0c2890ea35132928973249068c3b1fdb,f3cc8c8c8caecc66
data/thermal-1-filtered/train/images/IR_BIRD_012_frame6_jpg.rf.8d5c267d4a9fdab6fd81cb11ced55282.jpg,1db5482b102e883eb66f48f23b84f05577f464ee37a3dcf0647b96159460f47a,a5695b5659525c56
data/thermal-1-filtered/train/images/003097_png.rf.6f22c4dadb0e47404ab18beb0a86ef13.jpg,50dd227427d260bf962511229542b88232174fd70cf4b0cb2cad28fb214ab137,854a554b5a555f4b
data/thermal-1-filtered/train/images/002749_png.rf.9f3bed52a3b99e3840d2c6e0515308a9.jpg,593ddc29499ea395315b9b0d8677558a8cee0a8ae4cb417f3cd3e30e5361da8e,d0e000e11ffa0bff
data/thermal-1-filtered/train/images/002390_png.rf.f46c40b8cbbc45ff02ac1534886b4296.jpg,05cddce03ab6cb673fbbf29b9d74c44012298af7329effd1927a132730beb5b5,ff6a935c8554c138
data/thermal-1-filtered/train/images/IR_BIRD_012_frame255_jpg.rf.41c530dc78fb1699258c598ef6fd70b9.jpg,eb6398bf72cccafbbbe55f222b4ee9d9f59bb2f198663e747ea914fb04fc2e1f,807fd1972dc91a36
data/thermal-1-filtered/train/images/frame554_jpg.rf.f6642fe64ba77126a095247affa371ff.jpg,c92f73f9034b54c8b3bca6a94b92368d03f054a1402ac7338b7e54e7fb4996b5,ed42c5d891f910f9
data/thermal-1-filtered/train/images/ir_3_037420_jpg.rf.b4eb1e1dbe0420806fb1e371ea9462a5.jpg,0c04ce9769a4cec591047dbf2733fc8b81319551981df26dd29e0b3c46049aec,9e169613b633235b
data/thermal-1-filtered/train/images/003060_png.rf.26f063a801713f396f120946c85693fd.jpg,37f551a9a465279791c2a35ed9471831eee81aec0af13eeae1afd1a175ed0ae7,f56a156611ed1ae4
data/thermal-1-filtered/train/images/frame246_jpg.rf.3976b40ab0b44632c19b261299b8a150.jpg,a13c4843c98b82b9e9c00df2debd4238ae40b9247547d7cba81d15ca5281d288,d5dd84271e86119f
data/thermal-1-filtered/train/images/frame532_jpg.rf.d3d60e029758f4668b47b3da38993033.jpg,bab2fba30645facf80acb8dd269ed7f1ab0bf65ee5dda32541d080f215fb2e0f,efe0ce98b838bc06
data/thermal-1-filtered/train/images/002130_png.rf.a12239790be611487779aa0abcb378d1.jpg,bcaaea35c21704bbcb19c0e1975787a206107cc4e4f66d307c18c4c660feeb5f,ed2778174689d62a
data/thermal-1-filtered/train/images/frame131_jpg.rf.22b173f72e57ab10a9245666f331c749.jpg,e19c6fef8cd1a4d626df8657a2069f95068aaf76cce1a239bf10153c0e5527c7,cee1bd0c93b33921
data/thermal-1-filtered/train/images/IR_BIRD_012_frame241_jpg.rf.01990e437fc833d2b6bdd019f4a85881.jpg,90571e6d89379768c1ca6b5c6b3bf5d81c3250d3a415463743734ec4f3cedde7,f73d0cc261389e47
data/thermal-1-filtered/train/images/002835_png.rf.b5f8bf66ff8dfd407c0948bb4c7feece.jpg,0f99936e731c9fde4933a1bc2e5e3dbf4d7da8b855ae00d211d4fe886779bf89,ef2fcd32cb82520a
data/thermal-1-filtered/train/images/002612_png.rf.1348824095973f7070381beaf91cff12.jpg,55f0686b6d077c7b15f92700f65daaa0db8ff0f63faa7a6560ff69af86acd280,84d555b558aa55ba
data/thermal-1-filtered/train/images/frame496_jpg.rf.d0fda0d9462794629a5e169f2e720f14.jpg,e5869304a5513c2fb6765c7b16570427683c0cb407173165583c3159d344e015,a5a094fc57535a5a
data/thermal-1-filtered/train/images/frame467_jpg.rf.e67adb80e818d936874ac90f7c9292e8.jpg,0b1212208f22435f1f7b53f2db6ea54617c6f8914dadee8e5f162e9311090dc5,feed8323c714c90c
data/thermal-1-filtered/train/images/frame191_jpg.rf.a2f11e8a11fdf3be4ffca87aec4814cb.jpg,d5967166298e2a2827f6061907846cb9929eb1d0e706f882a540633fc1ee889d,c87e7f80889f8939
data/thermal-1-filtered/train/images/IR_BIRD_012_frame205_jpg.rf.a6a16c7aa6143391032f5837f8b380bb.jpg,c0b28d0948f5793ff86cf49e0e42c92609054bc423aa62e52b30dc5e7d54cd31,96994c8667b35999
data/thermal-1-filtered/train/images/003714_png.rf.a56aeb0cb96ffc59d1d6ff3139baaea9.jpg,f16839affe0c2ffaf1e2c21da5db746a1b562d8ab0a849ebbba1822a334d04bf,8a1ae2776253d58d
data/thermal-1-filtered/train/images/003783_png.rf.1e2df32429c0e964f2f9a1f99a25112a.jpg,fcca328394cfcfb11378af474f3e39ea3aac6377b792d6804c3f4a64a11598dc,d03f009b0e1f1f1f
data/thermal-1-filtered/train/images/IR_BIRD_012_frame224_jpg.rf.f00e8c510a855a8c23ce14de6f44e40d.jpg,7e875f9f68acf8f8c052d9a0a793be1fcef7d6797f13c3389f9a6a61b357ef64,807f499236e54d3b
data/thermal-1-filtered/train/images/002355_png.rf.ee505c932525be3c358f3c76f3f02f1b.jpg,51b6ab465802f3f343f868d35b8039678a2e1eba43baa0341790a67307146f4a,ac2ad54bc4535575
data/thermal-1-filtered/train/images/003017_png.rf.7aa500a293f7ca42bea3fb4fa70f0faa.jpg,e0acb8c607ffbf8e9cc083554d6ca76400e49268347fc6569911d8b5eac3a06c,85d555ac5b255caa
data/thermal-1-filtered/train/images/frame105_jpg.rf.82dafe829946cd1fb3ff18e40c8fb99b.jpg,08fbbe553b3e34322d54fd56247c0075fe7e20e35edcba0ba8e7234150d48327,ecc0049bd3fb7e10
data/thermal-1-filtered/train/images/frame603_jpg.rf.933394fa9144e97690f8c0a77e9cdd43.jpg,19770b881846cb0236bcedd65ed9049405bc753c0d7dcbe7947b66b510d0434f,b52a95694d5f5252
data/thermal-1-filtered/train/images/002420_png.rf.7ccacaf3242d89e7348b24af266347a3.jpg,37a6b3e13bfffb03dc5011d84d3c94c6597bf406539c67db3efb88545c76ac80,fb7fa076bf008007
data/thermal-1-filtered/train/images/002442_png.rf.e1f40aa0d5bad5a3ffd241fd898ad136.jpg,6be568782ae0f514b02f9dd3a4274a92dcdbc705780e135b5823ca685eae6d4b,8d0ad5435e535a5b
data/thermal-1-filtered/train/images/ir_2_021930_jpg.rf.7f962b3ac4313cee15cf0780897047f5.jpg,bf20ce30a45bdc9018f5d69289629cf319f46680bb267c788be7cb62a59adc10,facd92ac9ba449a2
data/thermal-1-filtered/train/images/003811_png.rf.137b776e41fc7e14eaec4fc197926500.jpg,65c64e3cede3a140a81f9e498477c99e3ee88b9770910c91107ae02da8d153b4,d97f980fc11f013c
data/thermal-1-filtered/train/images/003018_png.rf.cb71ab354e1e172641496fecaa5996e6.jpg,42a83bbd0746ac772c2e0697d512a9894ac9d9676a4a0f6377e8a78dada810db,952a55435a555dea
data/thermal-1-filtered/train/images/002683_png.rf.0fdba544815636ab3cf696a4f28b1bf7.jpg,be37fc92bf05083659a6fb434015dea089674ca86eb837d8613aa8f755cd14d5,952a554049575feb
data/thermal-1-filtered/train/images/002046_png.rf.228bde627114df1baa88b436d171af5b.jpg,5df70ccf1bfb1c95e9bc4ce10728fc5e1de8150b2b1690cca0daa138f1ebae78,ef69b648b648b522
data/thermal-1-filtered/train/images/frame724_jpg.rf.98a0d69074b20599dae6ff44ed79ba5b.jpg,62be611e77bac7c31d1e5b3646216d7c1d34d857d112194a28495962860775c9,ed00846990ff51fb
data/thermal-1-filtered/train/images/frame132_jpg.rf.22ab112f12e58f5fd94ab41c7d364173.jpg,c43a4cfe5264a21c395cb40fad642ca2c0690a3eca6cd8193cd9ad86dbe26b96,9595153b4b041f3f
data/thermal-1-filtered/train/images/002044_png.rf.075f74f21edb4446c49d130693be4854.jpg,923c7f0aca8db38d2a90124c69d137793bd38f5b63de0fa1548aaa8eca9b5b0e,86d555aa54ae49ad
data/thermal-1-filtered/train/images/003733_png.rf.04118ee39cb1df3c939c33f2ca8dda1b.jpg,ed62b0d7713e9d9e4889b9655f3bc6c7459f0f5925a93201fd794aa187b711b4,b7682f619e528d61
data/thermal-1-filtered/train/images/IR_BIRD_012_frame127_jpg.rf.26ca547de0e2b91a971ccef59881278e.jpg,b2adfa4672427b0a95ccfd144a2a3611540fcd42676928904f143f1d24c0e18b,d50af45a8b740af5
data/thermal-1-filtered/train/images/002240_png.rf.0624294c0cf749a232773b44e3e52040.jpg,673c3cb1a63dfa7135fb79a41013acf40b0f3cbe4a658874ff4e5ea970f95618,aa08e1abe4aaee6c
data/thermal-1-filtered/train/images/002244_png.rf.48a63cd3f987446410e5a8eb99f7705e.jpg,3c1682e22e0c0089d245288c8d967210cb18deb6715d1b958bd4bd3a35a184a4,b03f402f50af58b7
data/thermal-1-filtered/train/images/003420_png.rf.a73cafb1efedc58f3eb23aab4dee5916.jpg,f140e7b55c77cb7d68b6ae23f15ac78b21fd7882677bfdfd0cad767279943072,d88080f819ff0bfb
data/thermal-1-filtered/train/images/002376_png.rf.8afb606942eea8009c5ae27745ecc6b9.jpg,d4e9c3c882950e38aa1e94dd15f22576630cdba371e4a91e03241e9d7d56359a,ff7ab3588510c531
data/thermal-1-filtered/train/images/001502_png.rf.c8e9b1d16b2085e7bcfe0c86f10cc235.jpg,1a44ac89d227ea53dd63f1d5c562683b0e687df77e23d0cad975aae0aca59201,bf2ac14e91309f74
data/thermal-1-filtered/train/images/002235_png.rf.448c80fab572bad5e253c2bb6cc80541.jpg,a37befdeb2a928207a9178dc28cfa2cb7396e33d9fd0ef83571665c5e625a0c5,85d5d5bd54b65124
data/thermal-1-filtered/train/images/002787_png.rf.4dcd90d1de85d054510289edffef8ec8.jpg,ccc80ac346865d57927de0e3024bd4686078866a2c2b9a3703cd7e0bf4f44b0a,9235cdab582e5aaa
data/thermal-1-filtered/train/images/frame32_jpg.rf.9350cb1a6fba35244465a8bc000b2bea.jpg,28231d7f6b1488541071d732a3a6076f7cc8207ef5434ff36e9b8a5de4ec56b9,b522d16b17d7486a
data/thermal-1-filtered/train/images/002692_png.rf.8d5fbd5e7f95ee70172c2680228f19f4.jpg,95b3c5a3c31de5d89d8ce52045dca7048a9f0cdaa6b377d365a89261fb55c34b,d1979c8f158b0795
data/thermal-1-filtered/train/images/003714_png.rf.ad40f66f95902f1f62e3da8cf7a6494a.jpg,c39afd15bcf0e9e95a25ce2d1743a59785db22714727a81e9ca75a747c9715e7,fa6b7c0390c27d0d
data/thermal-1-filtered/train/images/frame216_jpg.rf.a7075bcdea8e2f2cdd32e653e12749e8.jpg,bafefc3d70c111555b1fd0cf609ac1547700c68428af21989148e9f9bc2945a2,d06a1f8cc0d74d79
data/thermal-1-filtered/train/images/002797_png.rf.b0fa3abb3a764f4489606e2ce12364db.jpg,4c0f5f6e1074ef5bb2e1cce524cac654588fb2058fba8477f2d232a9fa13509a,95d1559552ae54ba
data/thermal-1-filtered/train/images/frame233_jpg.rf.2246021e9c8cfeed3f381b5582ae622b.jpg,3589ca3cce7abdf9fafb5d060cfec0d562bfae9a059bd21253ed27883bde4661,dc97970d13934137
data/thermal-1-filtered/train/images/frame187_jpg.rf.01e4ce9baaf478c78b795370c14cb976.jpg,27fbe5e6c7059d667033f22064f8026c69489d86baaadc46d856c7ace9feb1c3,9ee0616deb64640f
data/thermal-1-filtered/train/images/002692_png.rf.2cf63c3beae823c33c8858dd7bd1ace2.jpg,1da093c897bee6b46edaa996594cede3c1a5c209e5c297a6e6f37dfdc6166528,f57f0047b5c0273c
data/thermal-1-filtered/train/images/frame125_jpg.rf.485f9b616dcbe368c82cb12b93d6f70b.jpg,0760e6f998d5f9509acb7b0bc7b1d64391a37127893baa4a2f7911e9d3dd5cc4,b195156456ce933b
data/thermal-1-filtered/train/images/ir_3_031420_jpg.rf.5446f5bd078800f3fc90670c4dfc319f.jpg,b6de43a173196bc6617ac0bcf0201f70732c6ee85a99bc43b74247b3f7beea3a,9b395964646655b3
data/thermal-1-filtered/train/images/002039_png.rf.252e2acf06ce535e464ba8368057b4e1.jpg,2c0fb31b20fa3fea565c76965b02b8739dd2f3ba7529eca6f2b84bbd51075c38,95b555b454aa59a5
data/thermal-1-filtered/train/images/frame319_jpg.rf.bf13c901a4da6b3ffe5759e05e018cf4.jpg,24f5ddd4d5b29a0b348408abe67f6fe60d864482fbea349f82bf5bc72050af6b,b2e2ebcb69485a49
data/thermal-1-filtered/train/images/0_0_000051_jpg.rf.930fda7e974583deaf2c929e6ea69941.jpg,f8e9919330bf6e8154a9baf0eedb367357fbd382bc45687be128d5246e029e49,e06f44afca29d03b
data/thermal-1-filtered/train/images/003788_png.rf.ace48e7b5a044869c214bec4d76bd450.jpg,ff9f23373270c03587b10c28482e0a805c19182c46e44cc1a463d7ee75d0ba22,f26eb90d921b8974
data/thermal-1-filtered/train/images/003734_png.rf.3e7821c7a00c2b1a0a699a597feb04b9.jpg,8eff91e2e874341fe64b138038aa285dc21c165c551e96bd2ff56d618e6acd45,b13f453cc3328d69
data/thermal-1-filtered/train/images/003092_png.rf.4a909432b8d9e580ac67f81bcf25045d.jpg,015633debfc5771a5dd68302a3d6ebc05563ec0623327c20e58fe5ccf7443abd,fe7f96499e41a408
data/thermal-1-filtered/train/images/003734_png.rf.a092efcbca113f2765457e5c7137d42b.jpg,a798044b4f8fdc79af95441320af6690046a61396114a4d436d9d0366fb206f7,d56a057b15f20ce3
data/thermal-1-filtered/train/images/003797_png.rf.28aa5956ecf78a42dcddc9eb1d9efd81.jpg,7d2c2e237eb601696dff2924f76e7b0430fa21d5d6ba19031d87f52e8004b2d7,f76eb905923b0174
data/thermal-1-filtered/train/images/0_0_000060_jpg.rf.1377ce897d2eef7b557f29e029056230.jpg,d66cdaa3cbd9440eca1c96acd265a0195886589c1bf6618155b9205926b89214,e639bd4619ee403a
data/thermal-1-filtered/train/images/frame2_jpg.rf.71357b8b7926a7a2e3260e7e556c4989.jpg,bf3b517281bfcaacd20299046ae87eb55db595c5380dfcbc5e970a199284332f,abf41213fff09806
data/thermal-1-filtered/train/images/002818_png.rf.6bb4c3b245ba6c2bb40abef7ae2d39ae.jpg,fb2a1312dc032eb826ac9e6e5909d62c71bc55b7f566cd39e0aa5c55b444149e,f0fd84fc87090337
data/thermal-1-filtered/train/images/frame300_jpg.rf.3abb95e88206f5115fcdd36fde4df5c9.jpg,f17d2136a3c290cf6e5342ff4936410017c230afc7168497b7922657536a187c,858ad5594a754b6b
data/thermal-1-filtered/train/images/003680_png.rf.6529cc41a6f08bb76330d5676d9ce9c7.jpg,bd18f58f0e62e55d6403ec547d0ac1caa6a7485f00046b0a1698f63f15cba799,bb7c6d148ad22d61
data/thermal-1-filtered/train/images/0_0_000036_jpg.rf.0850c8dfc75cc6c30d641c7129e4ebb0.jpg,abdb1222fc340ee2354fd7a206ade8a2aac6c1ce63b93173c2cfd24e3631b7f2,c56a11ba4eed09e3
data/thermal-1-filtered/train/images/0_0_000034_jpg.rf.99f05ea0ac9a025705aa8a0de68a8431.jpg,ea04a670073ffd80fc96cbd4d929a8c92e690d9ce0afdf03c1701d609f2a8094,a072b8f39c5ccc6c
data/thermal-1-filtered/train/images/002209_png.rf.3f0fd9ad610b3a3a17a197550fdc9097.jpg,176d576d77d50a199ce5c9c8d548be0dfece920d35d398472d4d4253c53092d3,854a554a5e4d5f59
data/thermal-1-filtered/train/images/0_0_000124_jpg.rf.023bd3db685de8397c44d3d7487726d0.jpg,8a1eaf33207e2ec06a7cf63cfbc7172aa667bd40b575da0f7836133d5b6d78f1,cd6a700f28a1bd3e
data/thermal-1-filtered/train/images/003848_png.rf.e5d888f641dbef5ca515cfa6af249b26.jpg,1e40a95d5f49a99d583fb8b1935df7ad35e98a2ba047f52fdd69d083ccd83470,d1c280fe07f81fe1
data/thermal-1-filtered/train/images/002414_png.rf.3689770cef96a1db4056fc611f68f6b8.jpg,e14623397a5cf92e89ea78a215aaf2809fdd1994ff6764be71d02c61277d6491,fe7bb5588611c630
data/thermal-1-filtered/train/images/frame615_jpg.rf.d0d8431fb04d888a198889ae778471f6.jpg,3e9157454d0432580868d9676da2f1b64f1032189f7a613ac66c65e22cfd7e71,fe11fcc29030c66f
data/thermal-1-filtered/train/images/002297_png.rf.b635d7efcd03a83763e49a4bb7c44733.jpg,60382bccf099c4280af5981384d5b126f1c4b709d481b9a9e423b4ab5aa255b4,fe7f88708e41a21d
data/thermal-1-filtered/train/images/003034_png.rf.1d8bef4e0b1e3521ffd19a55deab1018.jpg,be6fde6465499896e2adf6b203c2f65313ec3ab8f922ca0516ea3a58cbeb57b1,ec3bc43b4493e619
data/thermal-1-filtered/train/images/frame394_jpg.rf.01ff86554207992716428ceb695decac.jpg,900c06f6e4926ae8569d958e19b89d8cb898593f0e7ae123f9fe40335486e4a6,a4dbae593a4a136a
data/thermal-1-filtered/train/images/001496_png.rf.fb978329dc699ea4cf879ee7604bd6e4.jpg,fd998ffe5d11f40d1c70180723854256b5636bb2566e8fcc3c46fe808c70d191,f56a15eb16f500e1
data/thermal-1-filtered/train/images/frame647_jpg.rf.c6708bded78ca3a02e5dd1be296bc44f.jpg,063021dec4f6cae8881e8c535605f8748f314e6c6507cea47be12d9881bae22e,e05fd1b655291696
data/thermal-1-filtered/train/images/002356_png.rf.5571a50704d350ade7e20d9e19244e62.jpg,546443698aa41a7ae571b73f377ac2e90b4c07da1e11c1987370ccdea5cad238,fb7f801f950d0507
data/thermal-1-filtered/train/images/000013_png.rf.f899e720c047c1bd5f1308eb999364ec.jpg,f0092d6bf7017d075de039f896832704d1c30d0ef56677083b1cef19865171e7,e07fc084079d1f3d
data/thermal-1-filtered/train/images/002243_png.rf.e1f635ab77bf336e97e7331a9ba870a8.jpg,9b63a1697619f205b901cd5a4e13016c1c997865184c119e2e259592aa4b30ef,85d5d5b454aa559a
data/thermal-1-filtered/train/images/frame699_jpg.rf.8ea6f855ebac3565f274f361c2d7927e.jpg,7f12b08be1b081eb02630cb7cdcebecfa432147fc644743864eb35ccc71b70e5,abbffac8c0e0d540
data/thermal-1-filtered/train/images/002825_png.rf.9e4eed32c580731b3e963c51ca2e09d4.jpg,e73a3168e56dc0998388fad5b69124911e77207e9bafe55d539e7686cda4d9ef,ab2ed106cd10ed5b
data/thermal-1-filtered/train/images/002060_png.rf.cc88ff65e7f99e81c302bcf817637d0e.jpg,46c73c50e94db05432542b7935d76d1cdfc47959410294a0540211c61dde4fee,843f002f57ae53bc
data/thermal-1-filtered/train/images/frame408_jpg.rf.f9d09858959b98ef2080afbfdc79f93e.jpg,b31079eb48865ff89dcef955c9d9f46c245db4fcd5dc515d0b1c62b0f83bab0c,e0aab65eda91915a
data/thermal-1-filtered/train/images/frame254_jpg.rf.01b69f8862223a6a4e8b8f1033b2e7e8.jpg,5d363d5780bf04138108acd8eb0716a831900b0bee4ae0fb30534d8fd8d62bc7,f0dd85310f8f191e
data/thermal-1-filtered/train/images/IR_BIRD_012_frame146_jpg.rf.680753a2f0d6fbb2b45f676cd345d09b.jpg,88f6628fe61ecc97beea92deb01cf68527e75b4b940ae0dc4f4c3856dc8bbae9,f40bf45a89740bf4
data/thermal-1-filtered/train/images/frame327_jpg.rf.7fbf53ac10c067c7b4079ee78f1c0cd2.jpg,87144080f71467f60047775ec501007c5132b68b41ccb2a3e6df56aa803e0b79,852a95e25cf50cf5
data/thermal-1-filtered/train/images/002614_png.rf.fcc20d5a4819639d4d05eb735cbd54d1.jpg,6674cad8ecb943d9264898d26fc8ddde2ffaf8ab0e2a727256f5d38f577e480c,ba29de00cdd6a955
data/thermal-1-filtered/train/images/IR_BIRD_012_frame147_jpg.rf.9c64dc4fc65cdb97c8dffa877000ab31.jpg,67de05a2bb6075911acad24faf5c4a7495ea0d325bab78ce768fd98520c80c6f,ff1f40b54fa007a4
data/thermal-1-filtered/train/images/frame727_jpg.rf.a773d7182330715ab0d46c04703ca72b.jpg,ad63e00ae8422bd6f57dbd0fc60bed3e7035db4dc844208a1177f8011f317b82,eb0faaa8ca28d1ae
data/thermal-1-filtered/train/images/002429_png.rf.6f1c26c067da0809f083586b2898ff39.jpg,694e80c86efa97b7b242d7f3fd04c7474ca53077c11a46889173f411331f7ae8,d08000e90fff0ffb
data/thermal-1-filtered/train/images/002021_png.rf.8f0c0d7eccac026b335995eb23c4b259.jpg,ffc4028f4a0f31d84c467a763479a4c16ca256f4e124b4e7876162ce9becc707,ff780e710dc30867
data/thermal-1-filtered/train/images/000003_png.rf.17cb58acf78248c40e5aaedd292be5b7.jpg,d5d0041f175ef41e8fbbc821a7476b913880b310536e97320b914732d7b646c6,bc0ec1acc5fd025b
data/thermal-1-filtered/train/images/003842_png.rf.2707056fe5170ee9c4a9c30bf548f86f.jpg,5f2403bcaf34611117428ec33532f422b1c053410fbff58c26b58ad72dca9ad6,b728522d5b36c95a
data/thermal-1-filtered/train/images/003793_png.rf.b7783fd5d809b6b1fc23e359b0dc8c60.jpg,4571885949e043a4b4c9355782f533354d99c0736de608f95409d644ece86dc3,d0bf049d171c1f17
data/thermal-1-filtered/train/images/frame204_jpg.rf.adb840e6e8b6d684d470d9ac24bb6b5b.jpg,3530199a0ca01bf93f1cf1bb3563ed514582a14388f7ea3901c3431d633356cd,c89d5fb226723970
data/thermal-1-filtered/train/images/002669_png.rf.f6bc0e43ba7f678b986f50459a3d7da9.jpg,af8a334ef074ea91aadc896ab4d155be45903af276788dcaf9568ecb3ff04a2a,fe61bc57910ca358
data/thermal-1-filtered/train/images/IR_BIRD_012_frame60_jpg.rf.79ed770211105ddf25e635881d422f9f.jpg,057f651c865d6b55327d7726d11f2a47f09c932f1243b49c30ed3ff8e2ff7005,951d807718e57f98
data/thermal-1-filtered/train/images/frame236_jpg.rf.1261185e89183fa7ddaeac5ab4193301.jpg,243622f9f1b50d6dfe388f3cbf3bc28e2b6034999d2d356a4d20d628cfad3bd5,9bd5d51b449c3626
data/thermal-1-filtered/train/images/002249_png.rf.ba4a44cc215c8f95a5a8bfdb76e9636c.jpg,4deb1a56dc647398c0a327c900d9662c34754fc0e43490f0c09ad3fde247ef34,d56a157b0cf704f0
data/thermal-1-filtered/train/images/002809_png.rf.811b3f94524662bc0cc1fde776192791.jpg,5679ea10010ca368c426a888a3cdc2e61f43f40d1354c3ff06a9555f59d7d1a8,d08080fb05fb1bfb
data/thermal-1-filtered/train/images/frame711_jpg.rf.9c8fc12f3d331f2d4fa376e9cc139077.jpg,12cb1f9b837955ff48dedd4513e3044dee8e6eb67767d5fa424d3b598fc0fd84,fe80fe3580ff2805
data/thermal-1-filtered/train/images/frame54_jpg.rf.67fc19419ad5ed21cb0e91e20ddbcd1e.jpg,ccd3da2fec98c3ee1a6e73e70aca1c3f948e45e0c2fd751d4b5fdfedfc88eeaa,b8a5d6926d29275a
data/thermal-1-filtered/train/images/frame426_jpg.rf.30f84c8e7f27da11fb26a799189a28f3.jpg,67a9d3bedf25f425336ed4f78c43d24e695ab24e7d366b3845fb50c02aeede7b,f696ad4c6e8a8a4c
data/thermal-1-filtered/train/images/003536_png.rf.035a55fb0934562c1cb2f2d83b3b2c5e.jpg,69ff7981494a29d659dc013064c241be967f1dd210fc9328e8c8e5bac11d0efe,ef7e01528ed1235c
data/thermal-1-filtered/train/images/IR_BIRD_012_frame256_jpg.rf.25392833011756e8c94ec9b1c161becc.jpg,f791850231582e5c1248d2a963be69995fda2330d54a42cfa72ed4a4424a7746,a24addb72ccb9234
data/thermal-1-filtered/train/images/frame71_jpg.rf.26617a33c7544b95d94ff1afc783f0fe.jpg,e011c8e1a79cd73f5be56052d8187989fb5baa372b36da62a5f7a884b966e260,869bf98ecc619b12
data/thermal-1-filtered/train/images/002446_png.rf.4fe265bce70c4ee40a09de2a1c47734e.jpg,3c2e739243c6e57f184c120acd62a2a5013ddb1e5ecd3717c0f12645fac0ec0d,8db5d5bc55aa50a4
data/thermal-1-filtered/train/images/002778_png.rf.58991b402b8dffeaab15df6a77696e45.jpg,fc4201725923f34b2193894f2781937ff23f93f2fc573bb3a4010724900955eb,c03f40b56f9065bb
data/thermal-1-filtered/train/images/frame490_jpg.rf.85807a0e3cc27eb005f530acc2e71372.jpg,af7342e41ad6ad548dbee6ba1b9f99b37f5cea7f3ad3f82f778fb345ec3591aa,b07f916592a649ad
data/thermal-1-filtered/train/images/IR_BIRD_012_frame41_jpg.rf.e38a36a35682c1f5a5373d10a46bbb7c.jpg,f47cf1f3fc5ab46a531011004b1f3c630259b7c596928e55654212f14d013828,f03d011f1e8f0f87
data/thermal-1-filtered/train/images/IR_BIRD_012_frame63_jpg.rf.8e915b89e8573f54dd606821e9924db1.jpg,b2c841e48e4a5d51e561e8c28a65ff3bc2f8cd077f5ccdf3f9bd46f01fd43c3d,f7188c7708d47f18
data/thermal-1-filtered/train/images/frame326_jpg.rf.9a69057f614f52784574eb67d7c24402.jpg,2198c27617f34243d80d07ef911643e312bd7f2fa4e3dafd1cd6c8134fbb6a0c,a5d595154aaa1f8b
data/thermal-1-filtered/train/images/003822_png.rf.29cadd8594de11476f7c8930e3c13fb9.jpg,43353648c46a31977e4594c2f976106a387cd17ccec686e077a4f68e00dc30e2,e07f403b4ea35c27
data/thermal-1-filtered/train/images/0_0_000046_jpg.rf.56d014128c3e82f403be54c47c14e23c.jpg,b5d34a98cf3491af95ee8478b39e4fc49216933726debd8220b461bbdff17f27,f02000e31efd0dff
data/thermal-1-filtered/train/images/002544_png.rf.a794f67028438ddfe15e64160be8bc0c.jpg,360a49ff51c872c35a9633db25133d509dec6101f3313a5f4234895f7de9e731,e17f003ec3a650af
data/thermal-1-filtered/train/images/002453_png.rf.08e212743cbe59d659bde9ad2491f14d.jpg,3d8dce1484fbe9c5c04a3e91e9049f627d59b708ca2ad7cbb2166b85ca651578,f56ad47a94f804e8
data/thermal-1-filtered/train/images/frame375_jpg.rf.e6ca1750ff74272d827b37c6f45d2666.jpg,5d7921893219c52ef3990b0d847e677e17d62d77dd1ad114c04b25fcda04d5ea,85951574dbae4695
data/thermal-1-filtered/train/images/003054_png.rf.be8721ff91a40a5d8c1af860e1b7d386.jpg,d358c2a46dd6075a985e2261d030b7e6a7701ce6ee3ddd08b1fff9117172b8d1,d00387fe0101deff
data/thermal-1-filtered/train/images/003693_png.rf.cd7a1d464d860508f2ed4d78369f61c9.jpg,383832c0f2e1cac3afacca9e02fd3e6135f7290e42de05c5dd6006d122bf95d1,803f412f53b659ad
data/thermal-1-filtered/train/images/002342_png.rf.e741f22e963b8330e6cfb51ab1a56e07.jpg,765057e5dc9acafe2dfc48963078f8986c64c2280d7242311a0eea82cf13e977,f56a157a04ff04e8
data/thermal-1-filtered/train/images/frame421_jpg.rf.1e6ad377fd5cb4ce239569ff6da8dc1e.jpg,6132e831ccbacbcb85934b3e31bd639eac4768b0d7f5db9bfab25b32926e9314,e377803f4f090c3e
data/thermal-1-filtered/train/images/003064_png.rf.de6430cb7851b60f23bfb36ff3ef1146.jpg,25a8aee0b7091e37e676352e4345468f6794858d0250888e68e36f81a0206459,bb6e5926518c7519
data/thermal-1-filtered/train/images/002374_png.rf.c95e4246a22d601646edeb46bf60204f.jpg,012b55672e6fc24371ae5fe8790bd71ba5c3d625ed5a51663033bd5002859376,a03f413e53af58a5
data/thermal-1-filtered/train/images/frame518_jpg.rf.de0882cc548d60cddfe63961b0676c7f.jpg,ba4cf9c8e952cb184826391d0c015d5f04d322b677217b4e521c29afa6acccd0,adb5d10f8586852f
data/thermal-1-filtered/train/images/003710_png.rf.b41c0182757e5bc3d0c45dd9aa10e466.jpg,768bd681568a7dfa634f07e821834e155323b75827403bb56fc192db874ab4f9,852a55635e555d4b
data/thermal-1-filtered/train/images/frame608_jpg.rf.8363b829c343b036c6a2bc49559c67c4.jpg,d1341c27990e73bf098818630aaaaf4796a83a232a39e71f629f0b02b075ede2,a5b5952dc58a129f
data/thermal-1-filtered/train/images/IR_BIRD_012_frame195_jpg.rf.9fb11f27b4f6d081ad7859f165025f68.jpg,9b1892d8e5455930ed4ef86f785dde49175f06e2dd0ab0257eb82b0ed2b870d4,c738c639b847b8c6
data/thermal-1-filtered/train/images/002387_png.rf.b5e0e61b677a7bad276a5c9254f51ffc.jpg,8f90bcba5895e20b9a3f1995ad1d7201dbc8f440474de93a621da7ed9fb77dfe,ff7ab3588510c531
data/thermal-1-filtered/train/images/frame458_jpg.rf.ad893fc170f1ab3c3fa483a3434ec3d6.jpg,9cabd4cd46f44e4367c6112f272642d8476194ca21287dcb0b75a4849a1d5ef9,e6c33f699822fc06
data/thermal-1-filtered/train/images/003778_png.rf.c60c048c955a8057306f08b70cbfaf83.jpg,48785c8172d7e54de13f1640f0fc8ede31d74f569c151b62485e13f83e1cae88,f26fbc0dc2138978
data/thermal-1-filtered/train/images/003834_png.rf.e5fa7389c4329510f0106d1a3143cc58.jpg,e151959ab882a5771fec1c43a14a6a112541dd20df707c97bed90e1d681ef9d7,f37c07710e63bc03
data/thermal-1-filtered/train/images/ir_2_017540_jpg.rf.3d6afaa264047044864ce02ac098a321.jpg,b214878493528f4737ec653a7f5a6c1023955a326002613570366715afe4d79a,b83bd150fa95d170
data/thermal-1-filtered/train/images/002254_png.rf.c45fd8b862a48acc620f7fcde2110d39.jpg,18391d66ecf10ee3f660594773c391d9b5964507b14e33ff3253dff2e3004560,ff7eb0508c708d62
data/thermal-1-filtered/train/images/frame145_jpg.rf.fd190f89c076aad77dd3c02ad05d1c78.jpg,602a024b9dc5416af4346e0d8f209b0376a4a6307874299fe5b9410da047d33c,b7e45c9493952627
data/thermal-1-filtered/train/images/003833_png.rf.83174418d2e7d6f12f16fd16a0177f98.jpg,7988f3bc29279700138cf61f35b0d35f9cb397c76019ad12ab36253a1c68f0a7,d39780070f1ffcb0
data/thermal-1-filtered/train/images/003865_png.rf.54bb035700e88733806549db14dd17d0.jpg,db9fe6631ab7cb3afacd8fcb857fbfa199a82418b3b709c3ec66a22c61af0740,e37c27701fc0b90e
data/thermal-1-filtered/train/images/frame697_jpg.rf.b6e5995f8695b6ec7dc309c70c0ce76d.jpg,a8775bce6647c16e50303220b34aebaf3bfc2604a4a9b10412eaae672dfe1c98,a5b5d585dfaa1620
data/thermal-1-filtered/train/images/0_0_000509_jpg.rf.92c40bf7b5874d81baf8537bbfe3ac09.jpg,cca42ee24c7b327a214027054eeedd58a84a7276909da5989f187b1bdaeb8df0,d0800ada2deb1fed
data/thermal-1-filtered/train/images/001669_png.rf.275a40529e4c1bd17df5aa4414c37178.jpg,31fcc2baa78ed8114cfa83cf80fdba5b54a517d249e8f7835c83618c46b9f6fa,807f402e5ba25bb7
data/thermal-1-filtered/train/images/frame264_jpg.rf.af3235628d830ed3318641bfc8e7d7f4.jpg,c8ebd10e2a9b91c08284841af33bd98ba007c3f3d896813c20108b1a2b175767,e5d49292b1f2e1e1
data/thermal-1-filtered/train/images/002239_png.rf.67d77bfeadf6c5308e1afd9c4c0826d8.jpg,499fa3fadca14f8a4f77bf8798b93827192d38a68a21d7116815f96caf7f905e,eb7ea855805f9065
data/thermal-1-filtered/train/images/IR_BIRD_012_frame66_jpg.rf.75e1d04576136722405ee353cbd34528.jpg,13a3def06cae9d721523e79f15e4972cc784e73361e089d6bc6bd23edac426ac,f7188c7708d47f18
data/thermal-1-filtered/train/images/002075_png.rf.1ddf5c22ddfc9609a3cca5b326ad1f3e.jpg,3bb8d78c21734b0b7fe58628856bb37350564939b19ee79961c60bb3d58bc5c1,eb3e43184ec1b64b
data/thermal-1-filtered/train/images/IR_BIRD_012_frame71_jpg.rf.7d5bc393d9e35eaf91dfe84e4249cd21.jpg,9e42f03fc351e9afbe886db098e39a0e4a0ba8f9f499d29700ad5d554e398270,d048957a4df53a4d
data/thermal-1-filtered/train/images/IR_BIRD_012_frame201_jpg.rf.939c23fcafef8bd8826d4c64177bb793.jpg,df1654f419e44142bc3de8845b6d147650bbaf4d4d20d4f1ec0d3dab36ae6fcf,d428d46ad57a8576
data/thermal-1-filtered/train/images/0_0_000034_jpg.rf.8a579032b5bd84686b81b2fe71a78752.jpg,842b1d88567c8267ffaa90dd61b94175304fc2d1627492c1705c6308a074cb2e,a03a98fb1c5ccc6e
data/thermal-1-filtered/train/images/frame549_jpg.rf.20af35f3c54a7597e4ffb5d0217cd208.jpg,62a2fbd437be0facae072ab1676c2205e2610b947212e474215d382727d76c57,ebe1c89cbc3c9c06
data/thermal-1-filtered/train/images/frame570_jpg.rf.c7d6c21926a9de2f3f4653eb1b250342.jpg,6a58616e38f7da9762eb0d9ee37fd8f8b067eb5d13d6cd34d35d3b635ce6d630,ea4f99b4c12994ba
data/thermal-1-filtered/train/images/frame133_jpg.rf.4b5c1412e6ab332c6d33ddc563693066.jpg,ee7222a8d969918ed14e8b5c9741aea992c244714d172b704244ff2d57212151,c13f40933c6ec997
data/thermal-1-filtered/train/images/002305_png.rf.d7c9f85f6ca4e8d916e8a9d26affbc3b.jpg,f005378a089e447589a4bd3afaa17959ae2c3a1f1720e88c971b53f502f63788,95d555ad54a61d15
data/thermal-1-filtered/train/images/002207_png.rf.d1f8eeaba20743bf400bbc5a299e6c59.jpg,29f80c97bb1c159f3ab238e1aeef4da9a8951cc8e19f0654d215355eee22661b,d18080eb07ff02ff
data/thermal-1-filtered/train/images/003752_png.rf.0cba0649cf4615b68c2f9b1b72ad487a.jpg,8bc978217e13e6d5962075ff1ce19ced1b22bbc87fa16df71a66e597cc6cc78e,f36e2d7c82728d60
data/thermal-1-filtered/train/images/003836_png.rf.375c9f8fe7d2667078e7d45bba5d44df.jpg,fd938f10cdb9c73971a098979d0101a80ab0bc6d571293303b9db2bcf4a80ad3,959555a54a965db4
data/thermal-1-filtered/train/images/002747_png.rf.66d1a8369e468a9433eac86973c6e7c1.jpg,d12d5d3546616a5884d9e24240651b49836cf67db48071edd746ed13b71e36aa,fe699c611c83e217
data/thermal-1-filtered/train/images/003820_png.rf.45437604c80dca2c5fbf66215eb4544b.jpg,2890869dddffc9acbfba8eb290682d7a94c83906a568549612872f0510ce41e5,822bd4ad5a94adba
data/thermal-1-filtered/train/images/002389_png.rf.503c68c093a9f9ff1aa8ede915f05b38.jpg,d15c0d5fd33da1298a4b358720ba8f1617eb044578bb188900a4dfb81072c30b,ae2ad55ad5425555
data/thermal-1-filtered/train/images/002000_png.rf.0ce7e5584b7df0f0ead479d017000fca.jpg,3f85cdd954649d6742a08f30e98fe00c6f2851ab6286b6b7f8aa8df4f2b5a946,d3a384e580479ff8
data/thermal-1-filtered/train/images/IR_BIRD_012_frame225_jpg.rf.a5c9ba607790eadc81b398561a9a4eb2.jpg,b2abdc5fc41d9a447d5699527c038bde17bed27b5bd6c1f03077d056301cf20f,a22a4dd1b525e9cb
data/thermal-1-filtered/train/images/003722_png.rf.9177e08d97f30118793379d12ca31f5d.jpg,c6e5779de36c23ace87563ea899b054d58865fc954c8cbd74486e19d88b32704,b66b7d029d42bd48
data/thermal-1-filtered/train/images/frame708_jpg.rf.dda00c424c29eb7fa2e08bbba94b74d1.jpg,60c28c49329a2862331ce250a315fab48441a151fabe4e9cf509f93fd2862988,fe80fe3580ff2805
data/thermal-1-filtered/train/images/ir_2_031910_jpg.rf.6f7b184da5a89ff41fcc54cb9d838938.jpg,71eb18a63b9a71705b4d54430328c16a0b848fab17937e845e7d53dede31ee27,ff7de20e83092253
data/thermal-1-filtered/train/images/002337_png.rf.56a3a61136d57e64be9382f591218e37.jpg,9e9ca3a527be25ed4cb8fd4fdb35026763f00363dbd7222be4805005f83f4125,a83fc02fd1a651ae
data/thermal-1-filtered/train/images/002371_png.rf.9d0614dcbaae05e56ff54d02f18f2779.jpg,da344882a0b2be76d4959a88d7966fb43a81b28c07624fbc020bfe11d5e21bd8,803f402e5ba65bb7
data/thermal-1-filtered/train/images/frame504_jpg.rf.b98762db64834d6dcd056f0bc65f1730.jpg,4a4cb17711b67ddf37b5bcd632b5472d4fb778cffb1f9e8b9f6af9bedd696bed,b1a094b7955e5653
data/thermal-1-filtered/train/images/002262_png.rf.b8a3fdde6251d2e3989746ce2d473f7d.jpg,0b9796f51b692bb364324b7da86fc814b1ee29930a44d659b45e5329b682bc47,f56a157a05f1007f
data/thermal-1-filtered/train/images/003811_png.rf.083b9fd6ca742bc0a2c11def4ae89510.jpg,80e01335540e782801c7f3359e8c100f2f6aba6431aeb2bd68ec9688610c0500,f97f805c8f308663
data/thermal-1-filtered/train/images/003693_png.rf.33524d150023bac83d7c374e6d8999f9.jpg,0357b5b2b4eb3ddaf68425681edfac367fc97363a8f8b91fc337e5039e4c0c32,85d5553858ae5796
data/thermal-1-filtered/train/images/IR_BIRD_012_frame285_jpg.rf.bdc55bc9dc94c3674b1d8dda117f17a2.jpg,37470291e79bc417b0cec9b5508d39202188f6c81875352e25585b0c41a78cae,807f51972dcb1ae4
data/thermal-1-filtered/train/images/002005_png.rf.531e1b2abe6a112583b90b2c99fc418b.jpg,14de84fa9f82b2044e4581c8e11b42fe4d4b730e3a47c333274235ecd7b979a2,d0b7859f0e1e0f2c
data/thermal-1-filtered/train/images/frame397_jpg.rf.ae3f8e4b81c834ed81662ac0d43c47f0.jpg,00663c6adddcc091a15d8359b0e85366545f24e51799cfdca068ee13f845e04f,e0aaa1a55f5a2cb5
data/thermal-1-filtered/train/images/frame28_jpg.rf.9d4aa4afc46906de3368f3a71bc04e03.jpg,5887ede4ec33cb13cece97e952c6600a4d170fcc1e77fecd5f17644920f80c77,a6cb9d5d95175122
data/thermal-1-filtered/train/images/002833_png.rf.039fa2c1e601a9b8975bb2ec3e807d18.jpg,1a26902d3017bf99f9a6c98ae2d4cc93d33547075243c0d7f0cc47211918abaf,ab2dcd21c9a25e6a
data/thermal-1-filtered/train/images/frame405_jpg.rf.308c8bdd968079be1b600d72e260b230.jpg,d7d37806349a7b82d234d304ea8476a2eb13719626341953c18c05986a04c0c4,e0aab65eda91905e
data/thermal-1-filtered/train/images/002468_png.rf.4a8427cc00c5b4160ee1180c9237234b.jpg,47e691057c5189fe288c5c42eaa52a7e941ccfa09dd6c9e92c73584b4e0c0430,c0a000fd1fd557f5
data/thermal-1-filtered/train/images/002012_png.rf.72e9c2c28f9d4f88378ff5cc70b9f3a4.jpg,b27a1adb10e91927bc62697f964f86611d69ad5ff61e3b7e686410e7f1867013,a62ad56b5a054b75
data/thermal-1-filtered/train/images/frame183_jpg.rf.225463ce92695d3a16a7f53e0d056872.jpg,5077d402831fbf0b1a175b6fd4593ecb8c3e8472e6f69b352d632ffd06a08b59,e492339d0d1a3e5d
data/thermal-1-filtered/train/images/frame459_jpg.rf.5331b5a83683ec0d2f31b483640096dd.jpg,8b58d639be71958bd791abc06a1efe563e3514b8a4b7bdbdeca2060545bbb7f6,b78451b8437943f3
data/thermal-1-filtered/train/images/001506_png.rf.476dc033bad74134b8ecb79ba8756ce0.jpg,7a99e5d3f50d34db3bc4b6197483bd71ed7abef516845ecfbbcd773f5c75698c,95d5d5ae5aaa5814
data/thermal-1-filtered/train/images/IR_BIRD_012_frame293_jpg.rf.d7c95cb54630cac2263d8fb9c198d1ff.jpg,db5116ccf3aa30153d181eabc0abfeea748b6e61608badcbc0f42a3c35026019,9564497b465d5366
data/thermal-1-filtered/train/images/frame117_jpg.rf.a1c6d9fef10281a8b7b50128438e191c.jpg,8c0caa89c3aec28819c69bb956735523087207d9e3bee55d90768b2b4d5bb9d1,cec1a1fc0c06e7c7
data/thermal-1-filtered/train/images/IR_BIRD_012_frame7_jpg.rf.8c7efcfaef97c46466b1218a13aa0b3b.jpg,5293a0bdf54d68278a5c4a44d00435453a4c8d12e05dac3754304e0451abe458,f0c306fc0cfc48cf
data/thermal-1-filtered/train/images/002440_png.rf.014034ffe82346a36a24905996cfd738.jpg,8a9e26657410125711448eb059ed4951dc3113a83cc682344977022df17b9110,ae7bfd4ad508f008
data/thermal-1-filtered/train/images/002840_png.rf.79a8c372b253e14df7f69382b1a52ece.jpg,c64a2b71eab870db794dacef925d3c443555c2af922aa9536db4c407044f71ae,8535d5b550ae59a5
data/thermal-1-filtered/train/images/002038_png.rf.6fa81181f510b0cc0b03f4332edb0c78.jpg,7430e722910957a59e8e5c5e1972b8313fac2a08306f551ce7e47889cf9457ce,ff7e910691449b61
data/thermal-1-filtered/train/images/frame69_jpg.rf.a11331d9a02af0b6eeb7b4c3b59e2b74.jpg,c204acd71df9acade32e60b67c0037a0e6c87ee1cd0a7110bad93f2a063b91b4,f09f049d3f622969
data/thermal-1-filtered/train/images/IR_BIRD_012_frame166_jpg.rf.c1009765ceca0bd1333f9ecfc8fd35dd.jpg,de9d9e6c8fe71b5eb3a9081d0022076493f271f4c8eca391eab0c42ac6ec89a3,817d817fc02fd0a7
data/thermal-1-filtered/train/images/003714_png.rf.59d1bac53ef24f010a94e9283b341a36.jpg,461ebbfa9f5bc10b121bed40ff6cb5bd9a9ef02f683481c3f69f10fd9c4e1215,e56a157a05f30cf8
data/thermal-1-filtered/train/images/thermal_tzeelim_021410_jpg.rf.e97c7ff3b36db00fdaaa6209c61644cb.jpg,1f00f6d8e08868eee4aacd610d7536db60fff4c181867fbc6fb806bb258c2663,ff7ab5108c148a75
data/thermal-1-filtered/train/images/002705_png.rf.59af9bda9bbbba4d3fc2f2c74fc39091.jpg,868e3d71f9e9fd999f2aad5c21490aba21c38c63a74cb632248168a7b3ca2d13,f52a157a18fa027e
data/thermal-1-filtered/train/images/IR_BIRD_012_frame270_jpg.rf.39e08109b735132cbd78bc126578a6e7.jpg,89f8f3e02eedb350a31e93cd0660f9b86e7737b7fb83f7019be54db7ba7b915f,a24addb72ccb9234
data/thermal-1-filtered/train/images/0_0_000246_jpg.rf.6cbeeff11875c7cf9876ba108a9f5db6.jpg,55c391f6416761faf2f8e8a3b84e58a8521fd145165588daf5867d5a8b42ba35,f807f807f9348770
data/thermal-1-filtered/train/images/003808_png.rf.fdad6ce6082ba06a312d4aa83167e350.jpg,828af9b2ab88a5a3e252acc387a781575a318ea82897b66be12be93eee4b5b66,ff6fb05e81109f20
data/thermal-1-filtered/train/images/IR_BIRD_012_frame135_jpg.rf.1e6ac4095541e2b94ffd166e2f65f2c8.jpg,7606b77f7ffd3d9e10c36d403fca304ae4f5245dc4340296afb3a98f9db73ece,a9b555ae56aa1516
data/thermal-1-filtered/train/images/frame232_jpg.rf.928d8bb79e62b00235aeb22fe20e9005.jpg,f45e411c318098bdbca600432b3490413d72e75a658b9a5d35078c6d0cad9eee,e692291cb03b3d3e
data/thermal-1-filtered/train/images/frame463_jpg.rf.c70c38dd7350147ff8493f7036056175.jpg,cded4a13efaaca309d5ba90b952645b314fd37f7e9b8a82522d7407ec0860672,f0e0006add705fdd
data/thermal-1-filtered/train/images/frame538_jpg.rf.f4f87a22ea2df2927871eadeac796262.jpg,0df59517ddc51b56f6affe4fc7563e61af42041ea743b3a62f3763011ad5b567,fee48f1f81a1801f
data/thermal-1-filtered/train/images/frame605_jpg.rf.b21b748184c0b182693887f3edab3f75.jpg,8bd08a8d08b0bba0734bea951ccacdf5c81a80ce138a2cad65d9d809650f1217,f01f9027d538c787
data/thermal-1-filtered/train/images/frame706_jpg.rf.a53da6f16c242bec7ccff3d29960f21f.jpg,92c2c0af6a29f7323f1faad194284ad5fc479868a67a2547d218b107bba56072,ff80f6e180ff3084
data/thermal-1-filtered/train/images/002676_png.rf.8dec282528e0dbe8c75c46069d0f025a.jpg,29767259d0d6b86be954ceb287ebcfb2fb974d9d7e1b044b9ca191af578dcf58,f37c234cb2c9b449
data/thermal-1-filtered/train/images/002721_png.rf.7a38cd2fb94f25891494e088b42251ff.jpg,49025c9c42314983d3cf3c83090c2145b191f3513a69777b6357d7c57175f648,f97f907c95400ab5
data/thermal-1-filtered/train/images/002214_png.rf.93f980f5b3e22928497ff313e1b7659f.jpg,71e118000011742abc9e6b6898e6acb3a18efe2c1dada0d43cf8d3d0c5e44bf6,85d5553e52aa5e94
data/thermal-1-filtered/train/images/thermal_tzeelim_014500_jpg.rf.473db01ed53aacadadc3554a3e2a47a4.jpg,94d36a9eab44325d0e879b33f70749135ffd84c5f01edeb4da9503bb27b5c1ff,d0c080e50ffb0fdb
data/thermal-1-filtered/train/images/IR_BIRD_012_frame54_jpg.rf.c81b8ebfcef04d6c8a9535769fcb910e.jpg,b1a7eeed3778d2b5aa1add650b92e9d928e1fe41ea28ebc501332ed41809a520,e147478e1c874ec7
data/thermal-1-filtered/train/images/img_0252_png.rf.9b57628a58e27a3d433bcbc11c35593e.jpg,d12f90d46a490fa47d92909f347216f169787cc6d7a1ee768820e2e738183ff7,9af5ed93355048c3
data/thermal-1-filtered/train/images/002562_png.rf.778900d71c573139724c24ad87d714b4.jpg,6366a39fdef6505c02967b69b66864d5b53d4092e52c3ff33de4fa27f2cc57bf,be2ad54ac914eb54
data/thermal-1-filtered/train/images/002464_png.rf.d1f5ca4b1ffcbe7d0f2b126994184a35.jpg,2f94146f60d7ba985b3669ee6e56761eff8b54d0a9a97e11d1ee489af13cbf29,fa7efa54c5138103
data/thermal-1-filtered/train/images/003025_png.rf.2e7cb8c47f9211ddcef1896307a5310a.jpg,afffe9d29aa1a4181d87956e075259ea609f32f13080e8d16a984cf6b74c425c,c07f013e0f071f9e
data/thermal-1-filtered/train/images/002046_png.rf.1d2216e0bef50db50364b6e455ab18a8.jpg,02d4c4a493d29dcb4e7300e29397f1124d54ac820b8b96c5c8f445f6674bd3bf,df7ebe808120fe28
data/thermal-1-filtered/train/images/002220_png.rf.eee90b48ca9959fbd85122458fd16a0d.jpg,f40fef07f4146ad6abf46f89d257121a393bf32e0efb306138867be5bfd16d3d,85d555af52ac54ac
data/thermal-1-filtered/train/images/003057_png.rf.e97effe9f608c939209849455d5eb09c.jpg,212559fdd2ccb05a828d04e9aaf0f4fd5eb12953a6201bd198c897e2d1e97f54,bb6e196e53cc7110
data/thermal-1-filtered/train/images/0_0_000044_jpg.rf.755e1867d0675cec3f279501995eebbe.jpg,7b0005391872cd99ec3ea1c8ff2b205d7c02132288bed8373fa219c9f980955e,b3655699642b549b
data/thermal-1-filtered/train/images/ir_3_016490_jpg.rf.6e7fa34a15ef424a5050dfaca40416c9.jpg,4df2a55123bee5c96b5f18f215f841cee2041fd9b036736a2845856ef8d9c623,e679270d5b0e5b42
data/thermal-1-filtered/train/images/ir_3_016510_jpg.rf.f8eee3eef6d926901c3f8c24756c096c.jpg,1605ef5e6924f2878eb21e9455447def59571031c12e60b05cbea4c51c2229ea,947455b55b0f0da9
data/thermal-1-filtered/train/images/003872_png.rf.69606195e736a71d63945bc08a4ce328.jpg,7f1412a781a0b42f843a208967a2767fae5e19ed687eab95aff1b5210ec07166,d17f813c0fa71c07
data/thermal-1-filtered/train/images/img_0291_png.rf.1794741a8995212454a4e9b03aa5ee7c.jpg,26e5c4653a08b4d024d151166546dce9e641c007311d9c16bafdf1ee103f3e35,94d75dbe03005abe
data/thermal-1-filtered/train/images/img_0456_png.rf.6170f068ffa5faab029cb737777f5b56.jpg,235665589f1cee634bee0a7e42a958c54bcd65330bca1ecc911f3e342ef231e9,f78737e2825b40b1
data/thermal-1-filtered/train/images/003693_png.rf.5c9f7aac92f2e05449209377bbd74210.jpg,2bdac752cea49a7e0211f2857314a6d5fc835ab01cf9021a79017b9191baaa74,b36e692e17927f00
data/thermal-1-filtered/train/images/002466_png.rf.1a949acb6b1081e01ce7ab9f406a77d1.jpg,2fafa49c9ac5659cd09ccd58d94d405b1b5775b230c09514b41b4fb64efc4ece,85f555bd55aa50a4
data/thermal-1-filtered/train/images/frame694_jpg.rf.2bd36fe23bb623f6a1774d3de5091026.jpg,97a2f64f68bca33b743d64af03151a9552356b3798d050c77082f1f2be150b53,eec0ee90fe10fe10
data/thermal-1-filtered/train/images/003843_png.rf.0d3e5e9a6d3d81fb197754bdf70c61f8.jpg,ad7a147365a326719429f64f02ba03d0f14d360d4213e6428f6987e4f0a7ec26,952a55525a6b4f4b
data/thermal-1-filtered/train/images/0_0_000358_jpg.rf.d6e546e94e420b454cdfc9a11abed8aa.jpg,74efc4b469e5adbaf1c5c176c9184ab84cd117f6411636746d3abaf786157810,ac53b4eb354eb320
data/thermal-1-filtered/train/images/IR_BIRD_012_frame112_jpg.rf.1f6e10237cf7e628adcdc75cb7f048db.jpg,d0f7a18f16007003755fa97d6264973bd6f759e7e706d626c618f672817ea6cc,c02ac57b857b1de2
data/thermal-1-filtered/train/images/002775_png.rf.d75e1c59acd566dd1788b1a8aeb4de7c.jpg,899d5470796f18e6388f970b28e375b88ff83d10516816de222c21eeb3ca58a7,803750b56aabd62f
data/thermal-1-filtered/train/images/frame413_jpg.rf.04dc2de753783660f3c7d31c27fb0653.jpg,842157f0204dacc016b0b191a6f3682f5186122a02ad86e17fa38105d30d2a7c,bfeef00087c5c543
data/thermal-1-filtered/train/images/0_0_000241_jpg.rf.23cdba74fa5e138022fc9dbf61648e3c.jpg,b085b048f068b2b021454de79ed40cb8cc69943698ba45f01cd727772dba159a,80a2566c0d5f5d5f
data/thermal-1-filtered/train/images/IR_BIRD_012_frame44_jpg.rf.b4f092d204d2ac954197e245ed88d379.jpg,a3ac775b4cec94b7713840d4cb01739425228f1b10dbb80fe279206eeda2f5a2,f7188c7708d47f18
data/thermal-1-filtered/train/images/frame526_jpg.rf.2c9e552b2b8687b1683cc4497c40b157.jpg,397e7a94d121f76baeb444e0a14480af7a83a311d1a4a48d44582c6b61f608d4,e5ca95f04bd5406b
data/thermal-1-filtered/train/images/001973_png.rf.2aacde6aef341d4cf0747c7ff67ad863.jpg,8f25f03b4dd5dcb0ea8b33527c235eb85e117c06ebcada17073c2ab1fa825f39,d17884c107e11ffb
data/thermal-1-filtered/train/images/frame214_jpg.rf.a9500dcd70e482cefca0d918063f7a38.jpg,c666b8f5e305eb50cc6ce0ebb6fa1ee8ac1ba725dcfa6cbd19444880e0cb83c0,d1a55f7fc2690446
data/thermal-1-filtered/train/images/frame150_jpg.rf.8276fc7de32413ad08f03941089d3ad3.jpg,8a92bbfdfdf838c8d6b7459728fe91614047e04f2dc93d83b8be77c48aa5d2e9,ea3909c2863f3dcc
data/thermal-1-filtered/train/images/frame713_jpg.rf.94a2d09539c092d7441bfa3be0ad1ac2.jpg,ddfbf6036fb483e9c4455749493fc7c25185b9e3050f9d0f7021aa37dd7b926c,f97f8416121e5a1e
data/thermal-1-filtered/train/images/frame447_jpg.rf.61e3cfc25801bcf1e1d987541fa8527f.jpg,863377b609e203dfd4fe17685c0b6844f0c9e7dd7c2fc5556a4fe2c6509605f7,9877419e972857a5
data/thermal-1-filtered/train/images/frame283_jpg.rf.e6ef94c1fffff7dcd0653c1386168145.jpg,46c31d616d0e848b0518b17a3a39148867cb1aa729f0e6bc0c87bb88121b48dd,bec7c7c7c7828282
data/thermal-1-filtered/train/images/003747_png.rf.f9a67c1e97a2daed3e701bfa10c03d13.jpg,0fb6815ed5519e4c73714eb013748ab0e5d9493e9b9cb4af83088fb717258726,803f40af5ab65b27
data/thermal-1-filtered/train/images/frame454_jpg.rf.9bf8b16816ba1d4d9fa1e30cfe7062f4.jpg,d30123ad38523fd96b7056df091027ec016fd135df1bd122d9e3f473bd7c1c0f,dad33f2b85851585
data/thermal-1-filtered/train/images/frame561_jpg.rf.8353b3005584f30e65338cab2bd6e6fd.jpg,97a929b9f7bb81f739e2ce2733b7c10e4f45f930b74a362d2a07dd42b2d1a951,ff089ce09058c1ff
data/thermal-1-filtered/train/images/002454_png.rf.97678c13faa5dab488a0643090e910ae.jpg,816f7bca931421f0e71eeb9cbd56d4055c58dd0303bf2bbd94760937fcd3add2,bb7fd97fc102c002
data/thermal-1-filtered/train/images/001498_png.rf.1e08770045f017123fa08c04a96e402c.jpg,43a6a6828f20c9ec5384444bd5ec90727ab3ccd1d3d4f9483ba6e85bf7ba9dc3,ff9f8007851b061f
data/thermal-1-filtered/train/images/IR_BIRD_012_frame253_jpg.rf.7127200da0d3b6865233bcaffd577b3e.jpg,694bed3fcdbf280a440e5c40980f5cb0cc0b45e8c0032b512c14f236fef80c67,b248ddb72ccb9234
data/thermal-1-filtered/train/images/002213_png.rf.eaa218f8ee325a211431a1d3573bdcf7.jpg,c54aa50763cb1198e90d5e7821a4e56e23bd08ff95b5d897f4ed85a7802828bc,a13f402f53aa5ba5
data/thermal-1-filtered/train/images/1199_png.rf.cfb18e6a227489d5934755e11db1fea2.jpg,d5d7b6ba4ebfa5cf42e0acb4b839cc6b713cd600fc27eea326e0da18a3275ed8,959750a759a74a96
data/thermal-1-filtered/train/images/IR_BIRD_012_frame103_jpg.rf.ddb4e69bce360281462df56432bf678d.jpg,157130a308366274ecc8d367ec10542300f66875464862d93ac0b69c3eb27c75,a94a54e557555555
data/thermal-1-filtered/train/images/frame259_jpg.rf.42aa2ee07154c16bee12298fb8de74b8.jpg,a7d6e268d10995bff06eda3a9af247a3677016d90b07c428e1c93874000c7cfc,e5c894d315f153e1
data/thermal-1-filtered/train/images/frame67_jpg.rf.7fde9d5d23f37797b2c7d97fa30ad00a.jpg,202c0b4bc0fe90c40f4d11551c255ab9da2fc273f7fbb32a1e43a0eaef569621,9f92d29cd9671116
data/thermal-1-filtered/train/images/IR_BIRD_012_frame189_jpg.rf.0c4ad247f51934dd70b75d76686cdcc0.jpg,fa9addb489c13519a3471c2c5785be39ca911079c31f94f581e8412a87db80da,ffe800fe405f007b
data/thermal-1-filtered/train/images/frame254_jpg.rf.811eb34cd058cfc93501de22e370960f.jpg,fd356327519c10a450eeedb8c469abfbf480a3ff3f76a406dee97df60d0447ba,e5929213e36c0f2f
data/thermal-1-filtered/train/images/frame474_jpg.rf.489f396a3a99e5bc61348e4ed7aab141.jpg,d56198547233cc46fd61fa8032179befd24f6d72871f5dae42b32f1fe6035e7d,feef836b84218c32
data/thermal-1-filtered/train/images/frame103_jpg.rf.8668deeae1900e82fe4cbde243c360ea.jpg,af4c6652d40b08b3092aadaffcdd9340942e7cede6cde88c7baf25a04728c618,f9dd8e1c8cc0cc1d
data/thermal-1-filtered/train/images/frame65_jpg.rf.57c4bf27da160e5735c9a240816498fa.jpg,8478dc99ac9c270a00236109ae22450a7dae83ed6c5847947b396b7dece189a8,eac285cc4e3b4753
data/thermal-1-filtered/train/images/0_0_000042_jpg.rf.aa34d5e6c8dae52e7dccccfdf510a039.jpg,ad37478db4d594ee01f83baa2414578a5fc3910fdbcaec48d65aa9b7155fafd6,9b26ecbb506de290
data/thermal-1-filtered/train/images/003042_png.rf.d61fd2757339fe11775ced8131be90ad.jpg,0f85970efaad607d47a512bb65f0f84bb474e6e68bd36daf6891bdb74c4c697a,ef384a3542b51a67
data/thermal-1-filtered/train/images/IR_BIRD_012_frame77_jpg.rf.f3c7340a26e187483c95836c8e969323.jpg,a3af9083d3b2c3049f7829f9d8249533d5fa4b9e085acb1f3d0830a1812eeab5,f7188c7708c57f18
data/thermal-1-filtered/train/images/003058_png.rf.eccc1897afc4822c29f99a3c02e6f8a2.jpg,aaa650deaa24e5ab4d7a9804c1cc03963b8463975c435c827cfecfb9f162190d,803f40af53bc4bb6
data/thermal-1-filtered/train/images/003855_png.rf.264dd72a89596276233f861f6d2491fc.jpg,d277b3def65ba09d6dfcef996a53d1d1b99e772159df71832e5c9329d5a62bf2,807f44b85ea25da7
data/thermal-1-filtered/train/images/003905_png.rf.18bc95d15622e7c795ace4f0cb7d50be.jpg,3cbbf07893a5d3ca67d74cb6b3b38de3194417d77d2e4046261dc244eea99bd7,c17f00e31f1c1f0f
data/thermal-1-filtered/train/images/0_0_000052_jpg.rf.efb4a1f0dd2030076658e70552d7a891.jpg,80dfc89d228d7dbbc4accb21687cd0e6003195ed3837086ba7fd24531fc6fbe2,c42a95ea11fe05f3
data/thermal-1-filtered/train/images/0_0_000106_jpg.rf.a668d5eb4eac278820d3fc1d700677ca.jpg,b2daec4787e647ebe936a64a23e84cc8ede015a3024131797f95e781d8a4fac4,946b472f2e554b29
data/thermal-1-filtered/train/images/frame362_jpg.rf.ac8f82c585c3d7f746257333d24463ba.jpg,09ec4ef7e519f40bc29b2f31b7571ad8de01300e7a94bfb6327b6b944983bd41,952a954b54f9175a
data/thermal-1-filtered/train/images/0_0_000036_jpg.rf.512ff295f4a4117a98fafc22733867df.jpg,383dc75ebc6f5df4ba306bfa304ca8fa28c05f7af27915aabe900da38d425ba8,c4982c6666cf8e75
data/thermal-1-filtered/train/images/frame244_jpg.rf.f89a902f6374c6922245981640d66659.jpg,cf890161deb573807a50d99f1c2c36b6ab924a99c4997f0958b682b488ef8423,b0e2475a5879c5cd
data/thermal-1-filtered/train/images/003431_png.rf.0df089fd5726fe0d89917402d5207f4e.jpg,92c11ff702e63c354f918ab80614dbf802f775988d8bfcdca3276309c5a58e79,ff6ed0258ac0bb44
data/thermal-1-filtered/train/images/001793_png.rf.734589665957f3a0810c45d864d09bf6.jpg,fca3b98d014b87959ca70c28e4f584ba543671869edd615b8f70fbea1e6dea41,eb3f483542ad522d
data/thermal-1-filtered/train/images/002051_png.rf.c8d6b968f00e47beee89cbc1ce779918.jpg,960bcf3cabfed47b8c5a16521aefbf73fb65f743ac1a581366bdc17783e5f2b9,ef78a249924db760
data/thermal-1-filtered/train/images/frame577_jpg.rf.9ac1e583e7ecf0d341bcd8ca71f745a3.jpg,0665caf8fa958b2ecb636e16dd5e559536dab7fd1ce4ec30871dea234c82e232,eec6e8b9b0b48e06
data/thermal-1-filtered/train/images/frame391_jpg.rf.2a4593ec7b81b45a5b565ad0f5604400.jpg,769e77fc9eba7161746c57160ff5462ea3085dc6166f18c0168961495d3efbcc,e08aaaa5355e4e67
data/thermal-1-filtered/train/images/ir_3_031230_jpg.rf.b1a093f850a464411f1a7d59f8e6252a.jpg,891d6acd0865c7c1b20e7b4c22391227b5f62dd159b1f049c8d43f15fb1c81d0,a437b516d6b25a52
data/thermal-1-filtered/train/images/0_0_000236_jpg.rf.a6cc5aa03330a95350c9ed4262d6ad7e.jpg,89bdd3c67366b5747435da2690ce2c7dfc833b03bd4fcf059b0ece70fe3bba81,fce0c0fe50fb4053
data/thermal-1-filtered/train/images/002664_png.rf.9b36f4c6c44f2a7a2932f64118642b2f.jpg,c7a3432b942e410bab350f52a194edc536933cb39ebc665f82da954a9df7abcf,ff78af508407903e
data/thermal-1-filtered/train/images/IR_BIRD_012_frame231_jpg.rf.0558e7ea9b5fab72da706a865c378ec2.jpg,26e880884804e7f73de7cdb6f712f7450d297d27bc363a754ec9b26cf78de22a,a22a4cd1b52ce9db
data/thermal-1-filtered/train/images/002251_png.rf.509df9a0d0512e20313554542362c652.jpg,12ee769fa686b91002b9b9d32b74748cb26da760dcf79c9cdca1d242fc3d4456,ff7e98559043a11a
data/thermal-1-filtered/train/images/frame378_jpg.rf.1b8a4059afa1bd4b7f5412ae3ebcf554.jpg,7de24289f0f2ac551bb3c3efed3ea0e50797ed054053d721e7066edd2940e03d,9ea5a78a0b557172
data/thermal-1-filtered/train/images/002825_png.rf.c32312a0541966c4485938b9b6f1f3f2.jpg,9838f887334c554bdcedf38f85247d6964447be846454c98e79928aff98c32da,852ad5575a565555
data/thermal-1-filtered/train/images/003691_png.rf.bd5b1bb5adf1c44434b58fb752f84b01.jpg,d70c0ac59e68074f2d41a4d2855ac7b4d653abd3cb2583d1867845e06569d5da,b36e6d0e17d27d00
data/thermal-1-filtered/train/images/IR_BIRD_012_frame90_jpg.rf.e092c3ac7b83d480621dc1ae318b6ebe.jpg,e8fcc7795f6582754fdb92d7d8b4ae17b528a1169977dff6b61582def53ae8bc,f7188c7708c47f1a
data/thermal-1-filtered/train/images/frame196_jpg.rf.d796e533723f6f26ac135d0e1c8ae7b4.jpg,0420767f68cb1a40b13ae397204111531ac1f57c55b3054e7044cb272f277169,cbbd7c32a47133a0
data/thermal-1-filtered/train/images/003778_png.rf.00cd645535a8be24bfe1ff369bf8cea3.jpg,c6f09cb1bf64c4bec71e3e6ea8bf51d4aa96cda0193a06dc0396dec4e87ee651,d63fa4d1062d1b17
data/thermal-1-filtered/train/images/003701_png.rf.8f773886fa0cbfdff9552c67e6490b69.jpg,c5a749018925adbd137bfe4a21395cac045c99eb51ac2a6b8fdce25c9742d2ae,b36e693c83945f09
data/thermal-1-filtered/train/images/002557_png.rf.e1fe70d218daca47d6a7ea48a388ba46.jpg,29c3b7e48d224288a216401b46799eb585ed704ee7963409ce37b0cb4d121f67,ba2ad56ac912e956
data/thermal-1-filtered/train/images/002058_png.rf.3f20f2de297d47bd728869406bf59fb6.jpg,50829e33b25aded1ed3e5d282d4fe967ca34cfc6c63a40ac0fd4aebe8823f561,952a55c75a525d6a
data/thermal-1-filtered/train/images/ir_2_017470_jpg.rf.2ac80707a867d5478865c509e4eeaaed.jpg,cd0369dc779ae0d7bf2d7da5f2a89306d640ad9607c44996cec9b1026a4812d1,c09084f18f5b5dde
data/thermal-1-filtered/train/images/002046_png.rf.34150a93ac4654f76ea4ce638fc73b83.jpg,3230c49ce204a7fa4db32a2fdff350b1328cb36fdc8e4fa6fcc7088f41262385,d08000f90ffb0ffb
data/thermal-1-filtered/train/images/002220_png.rf.376d194eae88df65ed2b19d4cbd04706.jpg,3a420aa6306c80b5ae30178d91e423d74f0e74989b95822407c2649f4ff30e22,af285e25d2a54a37
data/thermal-1-filtered/train/images/003843_png.rf.d19aabb00753e7d42ce26f41e62f7969.jpg,497c9f411e88fb86f3bab8c87399776094bb8ccb448ddbf69b2ef4de0316db26,843f40ad4ab649bf
data/thermal-1-filtered/train/images/002434_png.rf.925112be4b57a9b8a00d9f71bf3db8ca.jpg,158e6e135de7821afc1d5345370b526a817e8972d4958ed68ab1b8a99dd1b5b1,ae7bfd4ad508f100
data/thermal-1-filtered/train/images/ir_046750_jpg.rf.dbe8fba52582e3a3565c9f08c60d9949.jpg,91573db23036f371096f519deeaaa6675d6214aa9fcc4606efaa316218e3c759,bb13926e6e6846b4
data/thermal-1-filtered/train/images/003743_png.rf.66e7ee88499d2e138cb3065bb838b403.jpg,44e3786a87ee16d6837823e7641b1fde30d9e22bd7a8b4ff02e04c7baa12eda6,f7682d7887728964
data/thermal-1-filtered/train/images/frame549_jpg.rf.da3393971bab1f1de2059079eb69c78b.jpg,68d7e0a6a718d4fc415fbb06ae43aded34b4847fe0a32bcd42893254a82c6a2e,ffe1cc1e9e0f8180
data/thermal-1-filtered/train/images/frame486_jpg.rf.bd7aab44ce137b1b5e5a78fddf317862.jpg,afcfcb5ecbd61cd9a9b9051e5d1a09c0e8373b6a36bc5fbb320d4ae7c3e03d79,e0c8d0d8c5cbd9d9
data/thermal-1-filtered/train/images/001503_png.rf.4f71d60936b3be79f606515b93bc1a76.jpg,86369405e050d1db5c7d65caca4507ebf4b7d8dd8b2001fae7c50c5d79874e95,bf3ac14e90309f74
data/thermal-1-filtered/train/images/003770_png.rf.31fc5683b08ee65aa5676d12712cf0cf.jpg,d80ec4714061f2aa8294d2fe8680b76ac9ca43ac98b3584efe59b2818cca8196,d18080f003ff1bff
data/thermal-1-filtered/train/images/002013_png.rf.ac6ddeb5304fa5d8e9c663560089174a.jpg,957e8c995705a419873ef45958d52c973c9be98028e3d8c207d82c9e598c3229,d09f001f1f0e1f1f
data/thermal-1-filtered/train/images/002384_png.rf.d8895791ecaa93bbfa473353a1c19470.jpg,725d83d1cc557c274d52968b7e2f5b748699c8c6ad494c3708af1a1236f92515,ae2bd14ad255d554
data/thermal-1-filtered/train/images/frame387_jpg.rf.54a9cd5d594d3a0fa4d9f6464dc8008f.jpg,d18de1ceda8c34725c7a4cdd7ea1e871cad37e9fd81b58e5461455ef35288417,e0aaaaa53c565e2d
data/thermal-1-filtered/train/images/003037_png.rf.2b2279d1a15508df05534b95e0c6421d.jpg,9c65353c507814c778f916e758790b33100e1ed8427029a55a6c31b3338b88a7,d07f003f0c070fbf
data/thermal-1-filtered/train/images/IR_BIRD_012_frame29_jpg.rf.d8ae2df1b9cf4f6548a8f5997f2f43f7.jpg,75a45eb14accd6b4e1b4492d79c559bbb770a6e937992dcd99c206e001eaa4cc,807fd12e4f913e4a
data/thermal-1-filtered/train/images/002689_png.rf.c7060d5665bc8d0b114bbaa8257b3739.jpg,e5e4d2c7981fbf6e5903737c072617b88430ab25e516f9a0ba762853c92e8513,803d50b44bba4dbf
data/thermal-1-filtered/train/images/002946_png.rf.972f80a9f50ee5091cca03aad066d3a8.jpg,9a93dc7af1bd069423f2e2a01bb110dd56661eb4a2e605857fb2a1ef4dd2881b,ff610e649e01fe41
data/thermal-1-filtered/train/images/003700_png.rf.c1c84e0214e3449bdc64d31199f7195a.jpg,64e5d28ecb6275a6160f9a21d81a15860d0847e7aa20c2e997e40357c34b634c,b33e693c93945f01
data/thermal-1-filtered/train/images/002329_png.rf.40684a0d252b61b58e4dd38bed7f0dd8.jpg,e10b15a7d0bdea595a555e690149fd7411ffbc0a9b1f5993da6afd440dd518b6,d9c080ff9df801f8
data/thermal-1-filtered/train/images/000003_png.rf.b8e4f1f189e2ff45d09be8e0e77113cf.jpg,5a7315d438cf3d89ce5478614785a96cedccfa975d318c6355c376d9453eb9b5,eb7fc080802f9c7e
data/thermal-1-filtered/train/images/IR_BIRD_012_frame107_jpg.rf.10b545e5062cd492df3fb3e48c83a0a7.jpg,a4497e1b492272350825efaf6875af6f4e5a761dce59f7691a8723c80a55bfac,c114eb57906b16eb
data/thermal-1-filtered/train/images/frame355_jpg.rf.fd265120d100b61f8aac1d27fb89448f.jpg,092bae765478fb3a43dcadac4608d1287211cf7d9e95002b511c1266e2cf454c,a53e894ad57817c3
data/thermal-1-filtered/train/images/frame3_jpg.rf.9d4487afb84948e0591af26fa4d7d289.jpg,e793c2a2de2f05d050d25e6ec32449fddd956826ed9ffc9852284fc3f4958824,ccccc47a8e6cb998
data/thermal-1-filtered/train/images/002770_png.rf.75cc422c326b15142c8566cb33a3b374.jpg,21a176d8c34abd645e0a2a74a0daa1da56e8d9a5bd04978127c748ce03b83dde,bd7319701ba0cb3c
data/thermal-1-filtered/train/images/frame224_jpg.rf.0262665298c2fdaecf06d6889658c046.jpg,4544b47600ead2eff901de16d5f1298e3e9e133917fdb92ddb567792426df49d,ec962939b33a3c94
data/thermal-1-filtered/train/images/003788_png.rf.393b6ccf52671755d5b6ea429dc4a6c7.jpg,05a74e34db50d5a816f109ea06dfea5b9725eafa989c4733db59c5a968b5a327,8e35c57253aa54ad
data/thermal-1-filtered/train/images/003105_png.rf.b01b4626879681dbd5a1d9887c0f87f0.jpg,0a9507aa7ba26a479a872ef42ab12ead0ada3b807d4666d413162786fd96d7e2,c52a557b02fd04f9
data/thermal-1-filtered/train/images/IR_BIRD_012_frame138_jpg.rf.24c2f9317e3208e89ed671f3662340bc.jpg,237b25d1c4eef00db3b7fe91e1fc1a5d603b06d43f7605ff39dcea622d0f9493,fce040780f5f077c
data/thermal-1-filtered/train/images/002513_png.rf.0946fb4462089b545acad2b248b53f43.jpg,02212001a7d7204bdc5efc4b60e9754c6c2a8ab21f4b239494249420be533d4f,d08000f90fff0feb
data/thermal-1-filtered/train/images/frame637_jpg.rf.0e187cf917c3c6bec3483e90b1c14cf7.jpg,0d6267bcebc6f80dc4664ee8f3aa0a33eff0aaf390615c59b3836bfb765d66b0,b5959524468b1b3f
data/thermal-1-filtered/train/images/frame566_jpg.rf.984a95256963423de77648f2699c6777.jpg,a8ac4161dc6486a4cf4801f6f6102a5c6983dfc75911f788731519e85380a89d,ff1fdc839008c32d
data/thermal-1-filtered/train/images/002338_png.rf.8d4800a4f60a8954167af6ff3546db6d.jpg,9d522ad766d4f7b0f7b40e3a2d827fe0d804f81eb2f068b76ab8e823248e7900,f9c094cf8dc080ff
data/thermal-1-filtered/train/images/0_0_001076_jpg.rf.c8456a16f8fff97aaba4955a29920130.jpg,7ad9673a4d9cf6468eccdf638f8533fa1c2dadda8141e74fcf9e707162ea11de,d52a3cf8b0c34af8
data/thermal-1-filtered/train/images/003807_png.rf.5dbf05ee7b2e3bd3844aa765fd8b4ddb.jpg,ba1cedb275e02f288e0d04298dec77ad6613f78ec2b27fc0d51d1b0738e2a564,8c3dd529542d5ab5
data/thermal-1-filtered/train/images/frame140_jpg.rf.4ca0f2d0484d103b8aaacfe7e4bc201c.jpg,56f18ca703847b8fcc4e4fae613f27b4c18cfed18c58ec28d72633b14da928c8,eeb13d09fd04c278
data/thermal-1-filtered/train/images/frame239_jpg.rf.b49434d432a79649bd87e5a418c4d212.jpg,9b24c01bc85cc45ac82b79b6e0ee1f919566e694a8185b2784a0667c085bb912,e592a3658c90f3e3
data/thermal-1-filtered/train/images/003771_png.rf.2e3d60e57b101be7fe4b5d28cf23369c.jpg,a9a2521993253efe344f63d7f0e0f03b2461040ce054d53af720fa3be96ebc66,d03f80990f1f1b1f
data/thermal-1-filtered/train/images/002819_png.rf.a2d7340fd4e78d6d3fe5837e89377f73.jpg,02c05cd6af36e4dbe641f5e23ab5f766510ac2e423bbbf62d3c312f5234a4687,fe2af3022dd22d52
data/thermal-1-filtered/train/images/0_0_000580_jpg.rf.523f8b6216c0178c401cbf3ff44efd49.jpg,2e8ff4599d34eba63105f0f890b40095aa99c682b856ea664d80d6f3e7268700,d8d0c43613e7647e
data/thermal-1-filtered/train/images/002709_png.rf.2ec524f4b6645eca21d37200ff3ae762.jpg,4b78423e3df3efebfa212719bc4fe4c97070a52f266a8dd4c7abcdb4db0519f0,a695d5a84fa057a9
data/thermal-1-filtered/train/images/IR_BIRD_012_frame42_jpg.rf.c7c5ddb795684e3df926dc706883069a.jpg,8431f4adbac6d90fce8ff8dd309f0b34af50a5dc01aca2bebdfefc3fc0c9cfc0,a49612974bb75b92
data/thermal-1-filtered/train/images/0_0_000407_jpg.rf.3e66b4cba81b2f49aa2307821df47523.jpg,236f6460cc79a257a336ddc6e076328cb47f0ef45880999aba2ab1da81c64f59,9dc7cc274c3172ac
data/thermal-1-filtered/train/images/002427_png.rf.a7aee17281f01a02dbb1c9df17ec68ec.jpg,d57618a283b757dcf7e2dd21cff9c6c3e194d5a0f8e6506f6ffd131fdca4e9ab,aa95d1b5d5aad0a8
data/thermal-1-filtered/train/images/IR_BIRD_012_frame3_jpg.rf.4625dd384651ab4e01dbe4ba3216c95e.jpg,f3b7c40f4f1eca65402964bdd5c5ab6c1c6dd83bc6257ba67b3d41abe3cc0b65,f7188c7708c57f18
data/thermal-1-filtered/train/images/003783_png.rf.6a35a71c8db2c9efad85721106053e61.jpg,da9ca5ea4737494e48730c1611275dc1562a5fabe8c627b423637e9f4a56e295,d07f001f039f1d1f
data/thermal-1-filtered/train/images/frame417_jpg.rf.f4c52d9061dac3631c6167aadc2abcc7.jpg,0702ab83c83696289f2065f80ecbd206fa39072527d9ed4169f90c38442d3e3e,bce8d0580dddcc4e
data/thermal-1-filtered/train/images/ir_3_035420_jpg.rf.1efb3e591e4c1ce23caf4f78b7294464.jpg,ce1bb34dc592bf62fc9b6c1cac3fafa5c79ae1d22790a838701efe7b6474d866,dc3e9c0d6ce20733
data/thermal-1-filtered/train/images/IR_BIRD_012_frame46_jpg.rf.647eea995486c790c80904f85122446e.jpg,dff7690b48d8491f6e5ebc8ab8a226366bef2f3ed613c4729e8c7f326c1de4fb,f7188c7708d47f18
data/thermal-1-filtered/train/images/IR_BIRD_012_frame13_jpg.rf.b154dc1cb0b918397d57b66d97306a0c.jpg,600f799d0ed4b4f7229de469f3aa3fa0144a9790b11ff20625340b7ce21f3aa4,f7188c7708c57f18
data/thermal-1-filtered/train/images/002774_png.rf.e9fa4f7bb0660a4d0550fc1a0b26bec0.jpg,1549e7fbf7704b6cda40f0a6068fc200ae173acac163b9856f7eac9b398c1526,c38004fc58f91aff
data/thermal-1-filtered/train/images/002612_png.rf.4d3c30b9f25426d5c8178feb9f5387fb.jpg,0b893e702965454cf1476673a3a3822f6b1bfaa23863b034779e7d6c6ba368fd,ea3f013fd887d422
data/thermal-1-filtered/train/images/002609_png.rf.43271c76b8e2bcd656308fffbaaf8fa3.jpg,3322fd33d273ec37bae8cf5c70b07d6eca94ef13ddb6713588fe3441debabde2,c07f00b71f060f3f
data/thermal-1-filtered/train/images/frame303_jpg.rf.973b7118fd76b4f7ffc2555392e055b1.jpg,6f45f523b7d122ef2a21651c7553e032aaba96626bcf31f96fcafdb5013446fc,a582d5584a7d4b79
data/thermal-1-filtered/train/images/frame458_jpg.rf.842ca8d8b29837503b773f5a0ccd5bdb.jpg,c6200f1eef974ea8f1c2c9784ffc47b729c8074ae0f4c87d88a1bdf011784d88,d02014e117ff1bdb
data/thermal-1-filtered/train/images/ir_3_016660_jpg.rf.bd322b3c6861d30afa20a647f45b7301.jpg,9638a4fbda54f2916da8fc71f0761b88e7108b749b046cbac4f6d8ec5c998f3e,fd7c0904b6067379
data/thermal-1-filtered/train/images/0_0_000020_jpg.rf.7e1a95641207868ebe7493a4c1572810.jpg,04b46230234b0dc52f66bba5801f0813544fe05a864c492afe20178a35ae5ac4,95325d5959d94c59
data/thermal-1-filtered/train/images/001982_png.rf.8e74dc7c0b537bcf200c0ae42180edca.jpg,87617db4912a0a22e79c9aed32fa7489a646b1005f0d690504e39e8246946e35,803745b74dd2ac7a
data/thermal-1-filtered/train/images/frame505_jpg.rf.255533a44dda4175bfa0ac8f2005ada1.jpg,965dbf8bbf5c4fecc4025b1b9d17c1ef22e5e8c613ad834abf939ce65abd0a48,fe03dcb6a4b49318
data/thermal-1-filtered/train/images/002368_png.rf.64df62a81d0c048f6452870cd0574c9f.jpg,5e6199f5d8d55f8621d0ad54bb2aa8839fb81ee22f8f25ae0fc08b566b0a0fed,d9c080e895f80dff
data/thermal-1-filtered/train/images/001996_png.rf.b40299fe670890a8529bde85fcf9172d.jpg,fd3a0c5e5f4f97642d02cecafad53fc3298a1dee7e90e112c2ed49a1f9ff9c2f,865755ab58b455b4
data/thermal-1-filtered/train/images/frame668_jpg.rf.3827e19ec6a112561c24a5c2ab0d5c83.jpg,d93cd6487416e3f98c3b7947dda818497f5654b4b47791043264179ad7bbc770,eec4fa90bc86ae84
data/thermal-1-filtered/train/images/001996_png.rf.15b4444d9ed8c7f1f0008d4f2e066227.jpg,9790f3a9792107ab4920ec154359c03a5eaaefe749c8e4e8fbf4d6de35174d0a,ff667851840bd42b
data/thermal-1-filtered/train/images/IR_BIRD_012_frame19_jpg.rf.246e5446e7fc219e78272a42b2b72eb0.jpg,e1e168e8b127fe40ac11ce88049e3cdafc49c5630714290eedf9cffe18f0c509,a59652a95ba9529b
data/thermal-1-filtered/train/images/002672_png.rf.e3c9cf48f973599b68286b6ca94915f9.jpg,aeceb47eba2ed41f6a94265d3994e2e537a128489db91381232172662e0ba80b,aed5e2aaa9a55642
data/thermal-1-filtered/train/images/frame290_jpg.rf.923f7cd28e0687731e8c052b60302dde.jpg,0ab1bc80629e11b993625cd2379d44553a30b099531b6e5469c277ca6b9a0243,8575d586d48e1e35
data/thermal-1-filtered/train/images/002689_png.rf.0c52b0c134d64a1ad89478978e0de4a9.jpg,34da09d8ea840c702fa3fcc84650cadf4d9d09ba6c9fdb128b2f370335029889,c07f40ae5ba45ab5
data/thermal-1-filtered/train/images/ir_3_020740_jpg.rf.b54d782c6dc4046c706234b96326d871.jpg,f7446d73de87633bb03be8c185615de488205bd919924a533dfef64c4d85adb1,a7693ec01fe88758
data/thermal-1-filtered/train/images/002433_png.rf.71f236dde5b2ac05c230860d2bd72650.jpg,f53de47f0fb8ed1f4067626957d871b54061f02ed6772dabd8dfcc415c5237c0,ae7ffc4ad408d148
data/thermal-1-filtered/train/images/frame216_jpg.rf.bee8a350e5633e014de5bac0eb849b62.jpg,b94cd423fe56f5938bcc249fd9af69fd51ce90138ee16c3997cb45211539967c,cabd7e32b43039a4
data/thermal-1-filtered/train/images/0_0_000035_jpg.rf.5f212ba5e6000a2d0488a94422523c96.jpg,8b90779753a1bdb118f8f4f1a737d84ce1bed5593419d4cd4a03abfd6547b7ba,9522554e58735b5b
data/thermal-1-filtered/train/images/IR_BIRD_012_frame70_jpg.rf.362f4cd0749b43a9c004b0663c13a07d.jpg,ed5037b32328d390f8fe9c1a4462298ebac5415bb02a3bbad0d02763d5b0275c,f7188c7708c57f18
data/thermal-1-filtered/train/images/003062_png.rf.ab71348ad5c9fbf23990a2e075ea0712.jpg,ae021957516ac79c528a8764edf9817a3aadaa2676a3301d3796d0efd1e8faea,85d5d23656a95d94
data/thermal-1-filtered/train/images/0_0_000060_jpg.rf.0ccb2008c7fd1b91bd922bfd48c4c3a2.jpg,6b874ede40edacda927530189a6b56f5004eb975963428de387688cdd6094ba1,c2370d90b78f90dd
data/thermal-1-filtered/train/images/002250_png.rf.66b1f4c8fa39436b6a50aa2559a8b5c5.jpg,c5569402caa2531da8b1483543ade0a668bcc54582fab6047be93993f69fa757,ef7eb815805a8173
data/thermal-1-filtered/train/images/003743_png.rf.e0a55b344ead7d0fe6644445b0419727.jpg,0ee718c2b59c6a2325925850d32d325a93b725712100c909889826f7d710af0e,8ed5d59452aa55aa
data/thermal-1-filtered/train/images/frame277_jpg.rf.ab2d3d3a6f341ebeed032759154c22a0.jpg,f89b53cd859f9402dc7d67a8975ef9440aa8ce4ce56811df1346a325e9096837,bac6c6068683e773
data/thermal-1-filtered/train/images/frame30_jpg.rf.24844153ccf079284a6a55db97b41321.jpg,235af61d91f1bdf800173e59cea999e4bac5f3c7c9851dc62d2239ea3a138e68,95a2d4d142771adb
data/thermal-1-filtered/train/images/frame438_jpg.rf.9df428ea3a4611b066a402021f21bd24.jpg,8a14bcf1b366257ce4b61746da88ed8694912bbec0b81d7a020f03aead5c7566,efc6803d3ec0b03d
data/thermal-1-filtered/train/images/003851_png.rf.d26f32220762e38dd24008c3e119557d.jpg,71f5bea4e39ba4cb9674f08b25a940bcc17a1283638b3b8c112453f91dfb0417,f16a05f81fe31863
data/thermal-1-filtered/train/images/thermal_tzeelim_021760_jpg.rf.4f7a9f36bec4d937bbf6e3deb8e1690f.jpg,e99e58be4795a97c598ae7e2c2a8629273fe419d0cc9ff538d12014d76063b0b,fff7a06984879700
data/thermal-1-filtered/train/images/0_0_000104_jpg.rf.d58c94dde8c416259bdde1433b1dbc95.jpg,fe88c305307199eb545a810f9b1c8cad9012d788fd39b8d09b401e852d3d9f39,c03f113f51075ff0
data/thermal-1-filtered/train/images/0_0_000051_jpg.rf.49677e8cd065f7898278fdeaacabf41d.jpg,787cf3275b9d3969871462d1a4645771a48a39e100436e5786095c70359ba5dd,f1c0003c3cff58fc
data/thermal-1-filtered/train/images/003107_png.rf.da260ebdc0e27b94c1579a5b415bc186.jpg,922c68f2b06cef485ba845dc6c8fc517e4e364b60ff83ede4b34929c14078664,85b5552d55a652b5
data/thermal-1-filtered/train/images/002275_png.rf.f97888e203027491b36d75232725bc3e.jpg,d99fa2bbef1304ec7064380c775ed11c512543a370937ffde6741520e40e3dec,fe6fbe54800f806c
data/thermal-1-filtered/train/images/002667_png.rf.819380185522d7b094c12cb5f6a63b83.jpg,eff0ad0e3cf7e29c9305e061ffc6232651e66992d1931c9ab322a9e170c51c87,d06000e11fff0ff9
data/thermal-1-filtered/train/images/IR_BIRD_012_frame244_jpg.rf.06ca2a3e7ecf0702179f494e372f9e08.jpg,fa86df421b7fa762865326bc7bedb08b7ae8762076a9ecdbef4ebe2d86011034,a26a5d972569db12
data/thermal-1-filtered/train/images/frame105_jpg.rf.eb38e8c9a0f39dd6df5d08cc09abc2c7.jpg,c247edef7d2ddee46daf3a818fcb0fcc68bf91def1f32d78733d4fc4534e9713,9962553bc6612bb6
data/thermal-1-filtered/train/images/frame658_jpg.rf.697a709bd42ce2c23e235e9fe682f0c9.jpg,b6cae7903f8d01f8df206ce6ed13a35db11c0310e1a1ce1ce24b4f5d2ffcccbc,eee6f8b8b0a48686
data/thermal-1-filtered/train/images/frame718_jpg.rf.8847b44eb530019da72bad94385778a8.jpg,e2d01fc2582355ec938121d4e84f0c8c4e586cad0d425ba9268638e3c692e1ac,ffc2eb14aa14ac16
data/thermal-1-filtered/train/images/frame378_jpg.rf.01fcad502989624a09bf30dd1ba92e0a.jpg,4d6e203470cb179436ae05a31345821a70e8c76e1d70cf7c45ed0d1f9951438e,f48003df9cf34873
data/thermal-1-filtered/train/images/001994_png.rf.df842d08b3c22716596b9f0d23b821d7.jpg,cda4f378914db689ffdf83cc64ffc1797926cf23e57241298f2467369984ef47,ff6e2078846b846b
data/thermal-1-filtered/train/images/frame485_jpg.rf.39402216ea58d454b536ec0e209050d1.jpg,c77fb7507665743ef379c612c7af96c3ee95da69fd8e997edf9c5aebe3d0bf9b,91a091db1f5f5c58
data/thermal-1-filtered/train/images/IR_BIRD_012_frame77_jpg.rf.da039e68829aedd15a2ab42f8def71d9.jpg,f25a60c48997d26ff336b071df6a2bd584e142bb46ccf4b3a2d2eb393d2bee1c,f03d011e1f8f4787
data/thermal-1-filtered/train/images/frame57_jpg.rf.b5d88393e9c2b526d2926136e12ea2ad.jpg,6a5b55c19e4bd8dc77a12bb2ef103ae1307df204e378e47b8557f8d0558b3aa2,beb4d39b66a4110b
data/thermal-1-filtered/train/images/003804_png.rf.bbebf77c75c19a760fcecc3a2d017ed7.jpg,7754544cf6491085564a82817d7281ea4255e433499df373137a8637eef2695a,f76eb01f85588f20
data/thermal-1-filtered/train/images/ir_2_023190_jpg.rf.ffb6fb22efc432129b12364b88b34eb8.jpg,d2f948688d338a27d02bc88def85fd8cd827a07e76188782196a309504666096,953555bd5aa650b4
data/thermal-1-filtered/train/images/002461_png.rf.7825ccaeb6631c27163ef828be0a26eb.jpg,d238715169ccfade333dd7dde8fb16c49d5e57d5edd929e5c44a60f686f4dd12,bb7efb52c512a003
data/thermal-1-filtered/train/images/frame318_jpg.rf.0f78a7011e2c9bd4d17796a58a848d8b.jpg,11762b60a6d78542efde4fd02c343b60553c73d0123a1cfdc5d23369d628d7e8,a595953d5d8a1783
data/thermal-1-filtered/train/images/002962_png.rf.48d609a9a47b757a6caa1b44e344e6cc.jpg,bf26f2991f9e021728000dd39ab3d89c60f7feaa9e538bc12f271906981a032f,852a55fb06ed12f1
data/thermal-1-filtered/train/images/003782_png.rf.d4aa57a0262c142b1663e8abfee3c465.jpg,f171a87f2e282def99f0d3e3a460248915c1f079f54c2988c93b4abc0f63e024,c52a557a07c71c7a
data/thermal-1-filtered/train/images/002423_png.rf.f0b5017109ad29dd9aa06336891ec037.jpg,475ec7df51520051616ea56c8eaec625a4b1cb2507290a12a2325ea14fd291f1,8d2ad5435a555557
data/thermal-1-filtered/train/images/0_0_000067_jpg.rf.0a445f6b3a021de479cf0f3904897bb8.jpg,14754d488de2be9b1f1414724596a008a307007269ebff357e7e196520dc7401,b56ad56656534a52
data/thermal-1-filtered/train/images/IR_BIRD_012_frame261_jpg.rf.fbb0e4c2a9dca8cb81e498ed01bb4559.jpg,5f119a710dd2e574cb4828eb34606bf57fa761db74d2c3b44974094ac5d03d77,807f519725c91bb6
data/thermal-1-filtered/train/images/ir_3_028680_jpg.rf.03cf94bf5556f55b9bd6e249475ed750.jpg,16e6f4b85d660564ebf0d959f0ed7e319bbce91d09f522aacd1eca6d7cceda04,b07f402fd5ae5036
data/thermal-1-filtered/train/images/0_0_000063_jpg.rf.cfc685f77bfbb4edf52c952b994cbf25.jpg,e6368f2134512da4ea65bd6d5e631ecc66af7c6d8ced28f058c6fc744e004352,e03f81e71b83071f
data/thermal-1-filtered/train/images/frame686_jpg.rf.ed9a1be2125ac4ae0982f87b2ac6e77b.jpg,9db2bbc59fbb57f94dc8c1d8d6123fe38d03fa090ce985114b7cf8df906ce560,ecf7c49e130e130e
data/thermal-1-filtered/train/images/003751_png.rf.e3ac855917d73b2167a95e6b13bdb851.jpg,b6ac717ad6838f48c2033cb7037727c551aa9bbd4d3174c37cb0a54755919455,8a6bd5d452565c72
data/thermal-1-filtered/train/images/IR_BIRD_012_frame47_jpg.rf.7e6fe29c0dc2960e36b583405fdcb8af.jpg,30bdb3871f4d62146f165d0928460200dc73667043a549dc50edc11c86cbb847,f7188c7708d47f18
data/thermal-1-filtered/train/images/IR_BIRD_012_frame235_jpg.rf.ab55e57ae028d2261f7d0cede80cd7aa.jpg,10be9574451b22c07a8e0717b8c2c8327b75f35dbd5ef0c7c03fd03c291d0a0d,91084c6e46df5b6d
data/thermal-1-filtered/train/images/IR_BIRD_012_frame71_jpg.rf.ee17eac1a358cfab967bff51869a8fbd.jpg,61251f5fbfd8e46dfd1f9ded9b0030978ccd67368d6132b5d2ef09a49141135b,f7188c7708c57f18
data/thermal-1-filtered/train/images/frame603_jpg.rf.06730eaa5818249403108a7fef4fcc9c.jpg,6d13102df03af0fb968eba61b5079426eecdcfa4f09e3c74829efa6890cb2553,eee6e8b8b8348e06
data/thermal-1-filtered/train/images/002673_png.rf.de7e9e17462b1e1435bfee079c7bda0e.jpg,680e60c593eb3c7de5022d03383f7062c6f71e1b4ff7d2ba43070f222c1b6c94,ae2af255a94a5635
data/thermal-1-filtered/train/images/IR_BIRD_012_frame190_jpg.rf.fbf053a5388ce87ccb881b6e5861b560.jpg,8411cceb6e5fe1f482b7cc9fb7e284afee68d6a5d34641db96233ebcb494e91b,a94a54d5555315f5
data/thermal-1-filtered/train/images/frame367_jpg.rf.09d824d179ec20a2b85826b136ba7c96.jpg,c36b59a93b80c644b40c2ff1db292b9d8f6727116bc33facb7648c0dfa27d23b,b595009e1f864ebe
data/thermal-1-filtered/train/images/frame39_jpg.rf.9670d6228c7d118568f7d0a4da2d49fe.jpg,d292a3205950a632fb2dad18e931200fb58093f7515d8d5fa0fd392ffd5335da,a6cacba95a64295b
data/thermal-1-filtered/train/images/002287_png.rf.c9cf9ddcf668dcc47584421695fe5a97.jpg,ed06a4b7e3c678451ce171bebc288228f1fc0cbf47b76bc81a1e34fc7ec96940,ff7eb85184708c62
data/thermal-1-filtered/train/images/002430_png.rf.706e62c87151691d4e15f3c06031ef1b.jpg,b2e983256641897e2d05fa4e199c2dfbe6ee766a3b8d1f69aa14dbf52ab7b584,d98080e901ff0dff
data/thermal-1-filtered/train/images/001992_png.rf.475efc9d14149304bf6514c949260824.jpg,b698db20a12889786a3ef379b37f123ac3f8c61b4476f3a3d0cd1a88f298c91e,d37f80389729131f
data/thermal-1-filtered/train/images/002298_png.rf.42834b54b2caef52444365f54d9e7864.jpg,5e770fea910cef3488797e370707011252ef1de9b4bccf8cc76f3d4cea023115,fe6b9a518ec1a01d
data/thermal-1-filtered/train/images/000002_png.rf.3db52bccbf28931794f30d021496afbe.jpg,e6331b9345a13d90c85916aab1bbd07d37cdd2f1d7c20456842caccf89770d4d,b81fc1b046b255b7
data/thermal-1-filtered/train/images/IR_BIRD_012_frame235_jpg.rf.0969a7427fc18a2cb36b6767aead1b4e.jpg,2f6ac632e3c94b27f6c265f25d267bde5f40cd982dce63c1652b3f73938411e2,c79811f636e40de9
data/thermal-1-filtered/train/images/frame502_jpg.rf.530e9a7f0b878f6a356fbe25511b8d32.jpg,fd5132cd2fc2166cb764c85bf1b728108f5f89c3e4b9b1baabd4af9fed2a38b9,a1a094f917575c5e
data/thermal-1-filtered/train/images/002048_png.rf.0863708cfdd4b512621f2ddff3e60488.jpg,ff38dd419448f64d8c62c8badf80baf24f3d667aa6537bf6e55568e6c4141812,d38004ff00ff0df3
data/thermal-1-filtered/train/images/003807_png.rf.8842bd571ba3a00127f98644659d1a97.jpg,1680b7008a2886f6984b3a5d1fab2439b75ab008a9babb834452b041974d94ab,85ead55655525a4b
data/thermal-1-filtered/train/images/frame721_jpg.rf.4ae5474a3ad82807441dcaf6c1ec8ba9.jpg,10e62092e102f0fa5a9918dfc5391eb2814cb814bac2fb74e12b6d19895ab795,ffc2e916a856ac12
data/thermal-1-filtered/train/images/frame665_jpg.rf.64b1aaf1dbfe9715ea855e5437b56fef.jpg,11ff2f7267aff756ffeca464788edc9449a60235f1f21a62c51af7eb4b716388,e9f7c49c1c870707
data/thermal-1-filtered/train/images/ir_036940_jpg.rf.8154795c96dbbd4bc33e167fd4b958a0.jpg,07da9e1e6342923d8515a373c062f4146622d434f1eb9c63e9b83fb39c1aef8a,eb22dd545d93a06a
data/thermal-1-filtered/train/images/003522_png.rf.6273b335a216e7cad722ed7e08f7286f.jpg,4d7436c0d2f365f1a632e8ee3fb20234bfb1a47a33c84c096d4853aea784636e,d56a057a0ff704f0
data/thermal-1-filtered/train/images/frame580_jpg.rf.e46d1274c6d48bb6c9064076e48cb5db.jpg,97d98d7c5e0d9c4378196d62dc39676bec730574437167857c51ebc4ed238956,fce0d07894c7c770
data/thermal-1-filtered/train/images/IR_BIRD_012_frame114_jpg.rf.a552df86a6c73c5fb84d0726c6e36f98.jpg,59d69b3d52560b282f873b765af76e08fdde1ee86ce9c678af7465307131748a,aab515ad15ab552a
data/thermal-1-filtered/train/images/frame369_jpg.rf.8135d2ed91416f1836ce69e10ec94899.jpg,346132e906e7c5f032655dc68b2ab78a3dc9aaaece76bb0a9db90b49da520f1b,91bfaf990d880e8e
data/thermal-1-filtered/train/images/0_0_000054_jpg.rf.cd0e5e9a48de7baa18ac1b5532ccb52c.jpg,72b53477a74b17798916b3ec28563adaac6772ac75e369c81bf36cf3389f7f64,ac6aed96a94b41a3
data/thermal-1-filtered/train/images/frame718_jpg.rf.23ccf1504ea11033c1cec7e379bf4ae6.jpg,9765ac0e1b895774969aaa64766fccac681cb91067b1fc6bb5e24e2e8491ffe3,bca2c14257575557
data/thermal-1-filtered/train/images/0_0_000240_jpg.rf.aca9816a659b2cdd90f5f01469221268.jpg,a2fedc32891378d0a1b51fb7a3e92a4ef7a1271a529a0ad30a4107aa3410fb07,aa35953555aa55aa
data/thermal-1-filtered/train/images/frame484_jpg.rf.d4c6c1e15e6873cfe0f28bdf7c3e396b.jpg,9bbf74b7a70b62b8f6aebfff9b2a7afdc6a646d048a9497a3e9aade5cda58d6e,fe0383ccb0fe119c
data/thermal-1-filtered/train/images/IR_BIRD_012_frame164_jpg.rf.c6e9ce007e1ba18745760f78ae2fb2f4.jpg,db76989faff575f68ddb9642b9a73cb42421381e261bf06faefc0c3f01901978,f609f648897609f6
data/thermal-1-filtered/train/images/002227_png.rf.cbef450308111bbdaa92cf5646ad656f.jpg,d04ffd72787131e853ca567ec9d6b2efe58b4c3c0fe306f1fb45a7569107db20,803f413f40b64bbf
data/thermal-1-filtered/train/images/003050_png.rf.4325b76edca428a95d55a4f3cc3d9454.jpg,f96818a88ebeffcc865a1ae107b560ad075e024e3385ee6fbe0b7a6332f54432,ba7d026d16d84b36
data/thermal-1-filtered/train/images/ir_3_015160_jpg.rf.52935fe4c18572bfd5ffb5501823520d.jpg,9859fccf03c6285077c45081125e08a031c6a5faf33f9eeede9d447624e47a7c,ae2dc0017377f626
data/thermal-1-filtered/train/images/002747_png.rf.747fd7883f8c6d7bc27eab56c26c8619.jpg,fb343da04ff05d088860ddb5cafe27f0037e4e7830152c8d695db19510b91dc0,cd3a4d3649f206f2
data/thermal-1-filtered/train/images/003757_png.rf.78f8058b1a71cc4c1f642a8edfc2c3ba.jpg,82b749d2b43269c8c38337e88045999e0c636dab558b0ba0c83f89087751a3e8,b03f402f52be493d
data/thermal-1-filtered/train/images/IR_BIRD_012_frame99_jpg.rf.cd6b8ae37ba6aa6b9394bb3d725a5ab2.jpg,87d75fb21a3ae11ac7ffcf747989d34fcad8eab261b5c25c65761b0f24c1b8a8,c114eb16dc6b946b
data/thermal-1-filtered/train/images/003083_png.rf.7aaa5b36fe80c6c0b1bdeb4912d95327.jpg,5ed219142317818395c7722400c6f5cd8d15f9d913f2a65b608a739a5fec95b6,8ed5d2aa629955a5
data/thermal-1-filtered/train/images/IR_BIRD_012_frame130_jpg.rf.346bdd0cc86e4b66a27743528b2ed301.jpg,bef7e53f1638a50bfcbcf1f78a4dd3b38e170da962ddd2490d55f1f8c6ceefb0,fff050f003f8007f
data/thermal-1-filtered/train/images/002371_png.rf.7d3e9b33a3bbc47351b2d910cdc717f9.jpg,f8156c452f26ba347b05f0e749ed21c0579bce92a87c9102997229fd37e28761,ff7bd8158007803f
data/thermal-1-filtered/train/images/0_0_000065_jpg.rf.c4172722fcb3af2914ddc6052bffd52a.jpg,58d96e23e0b5f13d843f84072c78c00f37c25a4c4aa53cd444957614d19e4b26,e23f802a5da44bbd
data/thermal-1-filtered/train/images/IR_BIRD_012_frame280_jpg.rf.dc66dd68c9cf0e13086d01bd1047e3a8.jpg,a7dd4440e3dd31b4956a71810e89468e9d8b67dde39007375e4991e3460f5d89,807f519625c91bf6
data/thermal-1-filtered/train/images/frame446_jpg.rf.189efa8db559feac2086e55df25e5373.jpg,b6259615f409ef39cf56c3d47abd339c2d64664cb9173b97b66ab0b2dbf50a5b,efccb83ec0a40fc2
data/thermal-1-filtered/train/images/ir_049160_jpg.rf.2a848c3a9e0d53ff5b7e56acdb95f134.jpg,05ed811c6b35c7e459d290339fd13e695172be0c700f07e7322a0866e32ed6d9,c05f00275abd5faa
data/thermal-1-filtered/train/images/0_0_000123_jpg.rf.16809c35e1c88c95b499f8a786df736a.jpg,014c2294218ec671a363ffe9fd191a9bea3f30c88fd2a623a53501db5054908c,d99810e15aff1b43
data/thermal-1-filtered/train/images/IR_BIRD_012_frame191_jpg.rf.c764f32d4261bc095f0bf4b28a45f232.jpg,daba0a85cac9ef8b351d3303aad81fc60409b1c77a00a5e58c984823732cb352,cc33cc33b14eb14e
data/thermal-1-filtered/train/images/002253_png.rf.b811a7c461dc3d16d45c738b53266bd9.jpg,8e930dd6fd04d1f2039a154ed0566756968b91f652ab507391cc25b911234bc9,ff7eb85784008d62
data/thermal-1-filtered/train/images/003709_png.rf.6cd45c0f8f88d5ef4b95c106900649b3.jpg,67eb32b8ede542279b2a248c6c99c01a19bac3c63c254e88e07a0b6593cf87d0,8e62e2aa7354557a
data/thermal-1-filtered/train/images/ir_3_022200_jpg.rf.39d525d660049569c0566964bad29162.jpg,4814b38e08399583c8f7c2899c4fffe7cff276356a6c076ee3e70846f26336e9,aa7afc7ced831021
data/thermal-1-filtered/train/images/002670_png.rf.47effb3acb2fe6a9f286425100e6345f.jpg,2ae2da63e581efc4d01e5e55b8277eca4c2914904ed6c87b330e1fcce9906289,8535553655ad5aa6
data/thermal-1-filtered/train/images/002772_png.rf.3e3f65128a0949220a49413d86b56e88.jpg,7c3c78b1d103a89dbbf3e2eac7b64320a14288ec53b332bfc16a6e0605008d1d,c56a05eb147f84e3
data/thermal-1-filtered/train/images/frame651_jpg.rf.b0f0e9ed4b5a38d1db0b125b11b4ecc0.jpg,8fa6f654df8a5996f0543731e513dc0f689398b294555c5e22691ef75c30dce1,eec6f8b8b8a48e06
data/thermal-1-filtered/train/images/frame301_jpg.rf.1c97162696494f71c98ffba438e03469.jpg,eae9633aac6651b944651f4f49da7e700dc78f5926f541bfefec82f537800406,ffd1cbe9902e802c
data/thermal-1-filtered/train/images/002952_png.rf.d9d128f75b2aca082a193f3c41adca7f.jpg,8cd5c14a92aa48597d0e20f40f54cc6b4b5b6634fda528194cb622435fa44d50,ff6e1c609c0e803f
data/thermal-1-filtered/train/images/frame46_jpg.rf.7906e60963cf353fda7288be51add845.jpg,d1e5066bef632c894057895c6502927a386f4b2aa78432ebbaea6a1eb2e634f6,f028d4904e33cdfb
data/thermal-1-filtered/train/images/frame470_jpg.rf.2ae6f4b9b5fa261d578f836fd1ea0184.jpg,4d96de08899735c0b2f0c123c2523d2bcb7f7429296e69be93c7a11b76c2a70f,feef83238714c914
data/thermal-1-filtered/train/images/002726_png.rf.a53d48682cdeaf2413c8d8106f9f1652.jpg,ca4e020553f49dc6066889ce6ba363caa8edc8fe8817b23422ba99de03c944f2,aa2cf243f363984e
data/thermal-1-filtered/train/images/002423_png.rf.74f39e9dfe5780e2211eb53032a4ce74.jpg,c3fb096077a43e25b19512879bbb61dd4d0a68b50769678a22115d3bd75a7b7e,eb7afd02dd229062
data/thermal-1-filtered/train/images/003428_png.rf.2a8b689d00e2597179e4deccc9b1d432.jpg,22b830269665426d5a7a1b39d2c86814540a7491d3f2b738ea0d4d833f0f164b,f56a557601f609e2
data/thermal-1-filtered/train/images/IR_BIRD_012_frame10_jpg.rf.237369b151c41f2b7548344c066d0964.jpg,4ad8644fdeb4acf6f5a07a8238e99196e1e2281e79827db73ff4e8fe3c27db84,f0c307fe0e7c007e
data/thermal-1-filtered/train/images/frame674_jpg.rf.3ea9879afc95c947414f769abe531d58.jpg,1f647dd7485bb4211b7c47e0dd51c78d735781abe50cb4abc00e82511bd9627b,a175d59dc62651aa
data/thermal-1-filtered/train/images/frame348_jpg.rf.d1e8c38a26dd858a837678ba433c7296.jpg,c74c5f853439d2c04e4a78955a4785d260215f8f36d9890c69e709fe06c8f714,90814c785b7b5b5b
data/thermal-1-filtered/train/images/frame604_jpg.rf.274b23bd23d29dd10bb4dfe170429214.jpg,d94394d5402fccecc4261df728635ed9f6a3d0a362a81a0aa52f07f8e493f459,eec6e8b8b8b48e06
data/thermal-1-filtered/train/images/IR_BIRD_012_frame301_jpg.rf.10356a4e08aa3a073490577b215bcace.jpg,1e813bab3b026bdbd1cd6352e208c0a8f1bebc54606b78df4027f13f54c9c4d9,a24addb72ccb9234
data/thermal-1-filtered/train/images/frame515_jpg.rf.7f7e554f7bb4dab24f2d7b59467299f9.jpg,93fdf5c8f48304a16c6229664014307bd94860e8ecf3647d5af3e8bb2f589f44,f1e0c45c55570f78
data/thermal-1-filtered/train/images/001498_png.rf.bb78c436ed3e747be63d74937097258f.jpg,eccb4e137e4f628aec119620d0baaf395a1778d2b87e262f9460ef5bec570415,bf3ac14e9030cf74
data/thermal-1-filtered/train/images/frame313_jpg.rf.ec3f0fc3d964c0e2bdc960e49f92fd61.jpg,66439fe1e7f279e82327b6b5d6888d19ad80fbad518f7700ab84db7b9894e1d8,b2e2ebca694a5a49
data/thermal-1-filtered/train/images/003048_png.rf.04bb7c76c19af0a550e566fa28895a22.jpg,bd0ba62e069f084a97e3c62f86adcb0ae8822424f16f78e6afc0c2d1a3af7a38,be691e6116c15f34
data/thermal-1-filtered/train/images/frame324_jpg.rf.97198bbfc101b3dbc4a02ab573eeb312.jpg,b207c9a5a91958cd9db4bfffa57348b4d842bbf2af45a668c2aed1873415f9d9,e5c080ca1cdf47d7
data/thermal-1-filtered/train/images/002385_png.rf.76530b1463fa499a816b49e1e2a1df21.jpg,842e4a83e7c5a83301534b9f0e6184f4ccd497d28720a388b8e38e509d3790c2,db7f801f870e0707
data/thermal-1-filtered/train/images/002362_png.rf.171cd2707cf05ae54bd39d53346b796b.jpg,385582001652cb006afb4484fb35ae6a04bd9e5f7aeecd695585c650eaa0c543,ff7bd8168007805f
data/thermal-1-filtered/train/images/frame590_jpg.rf.9149db91bc43f25ad04bfe07319e4ac2.jpg,eeb279a6b47d63ddd5e9ebc7997ef044f71d2311de71676b0d0c845f0dbe8f6a,e54a95f245f51269
data/thermal-1-filtered/train/images/frame500_jpg.rf.abc548e6932a48bd3bee8c05408c98d3.jpg,c027a40e98dac637a3ee5eb803b5344caad0ffe1ddf4367217c92e686a776803,a55f944b87a950ad
data/thermal-1-filtered/train/images/003906_png.rf.dd410da7e520a89f86b00b2f8769dc67.jpg,b86c7db8bc246b6d66ebb69fabdf30a6adedb75a8b06cc3abac50a6f5a0e8ad0,d03f06b60f1c0f37
data/thermal-1-filtered/train/images/frame714_jpg.rf.83293716251017970c9bfebcaa82841c.jpg,24cc623c59b858f93fa179b1a37707c2d8ce1856cf69fd1c68de1ea21eff7801,fe80fe35807f2815
data/thermal-1-filtered/train/images/frame519_jpg.rf.2742ca2116482bced7829ff9c81f50ff.jpg,4eac260ef7eb0d013295e4fe077c3f941127cbf86685a174d3bd34b97ce21b03,b54a95f600ff04f4
data/thermal-1-filtered/train/images/0_0_000043_jpg.rf.6ff16481620cba187d00e1a2e617374a.jpg,1d37ff12a9055841c4502827e8f3b2fa4b4ebc3a7afeed1af5833e2a362602cc,ee71b9ee0538b105
data/thermal-1-filtered/train/images/IR_BIRD_012_frame269_jpg.rf.12add3022652f4473cabf22fe5767037.jpg,a323f444e4af56145e089bdd556d0228029c361d2f4da6953fc24bcf222de6c8,946449734e59537e
data/thermal-1-filtered/train/images/003754_png.rf.81d198977e225b1f6f8a0546dc069cd5.jpg,f8d08927ea3a35767c8742709f9de2a992edf5fffbfaed92932af4e616861c72,f36e2d7c82728d60
data/thermal-1-filtered/train/images/IR_BIRD_012_frame210_jpg.rf.a06d0013f432efdfde6f95d39429c5b0.jpg,e1ac0da4cd801625ef29440474c0572ded2388ecd69bd7ac0ca630236c690de0,a22a4cd1b525edcb
data/thermal-1-filtered/train/images/frame17_jpg.rf.45f2cbfe180d949d4d5b789f32140cb6.jpg,fd9fdea155166b491047e1146de420ff466148da5dbcad467a50f79ddc21f67e,abdcf416b4341713
data/thermal-1-filtered/train/images/003819_png.rf.cb39325775fdd5001e0909e1a9fbc712.jpg,5a6ef57813fd02e2bfabe05135f83642194c42cdff797334adf98c50e58534a8,eb7c07700e639c63
data/thermal-1-filtered/train/images/000001_png.rf.b5fa4f26fd8f418fec6eba18115a4f87.jpg,354c4b02d0d93de44abd15e405fcce5bc8380dac817cbdef1453aeb4c38ff32e,ea7fc280902f987e
data/thermal-1-filtered/train/images/0_0_000045_jpg.rf.8c825b198735513f972c96d4d52b8869.jpg,1033f191b2efc43cedbd8b9926a43f034c4d06256ecaef887c4a09f55f88c778,e03b03ce331f438f
data/thermal-1-filtered/train/images/003026_png.rf.ae862926b706cb12b3e7ec6176014319.jpg,5bd4d5ff8d9e96d918677db920d4d4c5e5516fe9943aec33b805e592d1d6f22f,ae3bc43b4cf18658
data/thermal-1-filtered/train/images/frame524_jpg.rf.29bed5a7298f08deb47b89572c9bf0c6.jpg,4ae58b35b90b4f9c8cf712041a4387cbdd5c4a7747a4114f060f6163b5e58fb0,e4c0c4d351f351f3
data/thermal-1-filtered/train/images/frame451_jpg.rf.238d8a8a34e082312ebe264478495132.jpg,d0fb7cc842d10461d2a4f5f59c0e95ba655b00a5ccf5d48a3a26a866f1ad44e5,ca2c23d4c57a157e
data/thermal-1-filtered/train/images/002432_png.rf.c536a8258b602d356a438c7cdac5fd95.jpg,af1a2ebef3601aeb26b8599c4ddbf84ab673fba24e94739e2aa81f8d092adb65,aa6af04ad568555e
data/thermal-1-filtered/train/images/frame608_jpg.rf.a5e460616d5e72b53d3017f42793b73b.jpg,3f1cad4e43171ca35019fa4215421af10d5a231cbb18c92163c121409767e6ee,eee6e8b8b8a48e06
data/thermal-1-filtered/train/images/ir_3_034990_jpg.rf.b1b8d9633ab32a43a09dbc8a8623fe4c.jpg,2e8147e8539d748a76f0a078e5f458bc9ba61eae8340795c8aa661f802fd81ea,87d955a9598f3914
data/thermal-1-filtered/train/images/frame209_jpg.rf.bf72e56449117be78108828e32e212b9.jpg,f4e12056d4229f46946ed6ff8561091bac3cf145dd863b499dc5dfb71c93574d,cabd7e32b43039a4
data/thermal-1-filtered/train/images/frame578_jpg.rf.b9b484c9adc39fa28d2faab16d82a677.jpg,619ba0d45147afdf09ac5b8238b67226468bae82f4d19b63fe994c69814e2c03,bb979485c4a5d193
data/thermal-1-filtered/train/images/frame416_jpg.rf.479aa5c083f1963a4040e9643cfc5b23.jpg,949f9e3591806097db1a178c3d7a697e418cc3a45a3151bd7e43eb35922f337e,e0abb15fda90925a
data/thermal-1-filtered/train/images/IR_BIRD_012_frame192_jpg.rf.1c3572cf1ab53c7eb2cff7fad40cc4d7.jpg,17e0f3498c4dd652adeaaf677b2ff8e2a0150f0009f3fac94d9cd10d1bdec9e0,fc1f01a05b2f51bc
data/thermal-1-filtered/train/images/001676_png.rf.c534edc6bb9a8239faa8400e43b8a459.jpg,4225b446448b87cdb6152150e2909bc6449dd7fb4cd34a9a5459729f006e7a92,ff788a3486a6812f
data/thermal-1-filtered/train/images/IR_BIRD_012_frame186_jpg.rf.6d83fb88e47198fc571d071757f03724.jpg,5de6a1db951071fd03f361b88816756f63ef1f1bfcca1d11105dd6b9d9b25631,fce0014f5be15b43
data/thermal-1-filtered/train/images/IR_BIRD_012_frame298_jpg.rf.fe530dea36eace6046314caf274a7862.jpg,afae971c500de53c28957332841f32c2702bd2cdbbd489372056554f66ab0934,b49b498c6ea6538b
data/thermal-1-filtered/train/images/frame402_jpg.rf.a53732972c9985eacbbbde0b786ad212.jpg,c860ffb4b444d44d299b5e7a44e1c24046c52d2c7782df6498136faf7f2c0818,b4e8d0480f5dd4de
data/thermal-1-filtered/train/images/002359_png.rf.df6c266626789a7a4948d07a64f04e8e.jpg,4f51a963d692892464bd8e2c52b32f2b90299ea91ef90bdc21013042bb3af23c,952ad54b5a515d4b
data/thermal-1-filtered/train/images/IR_BIRD_012_frame145_jpg.rf.d1f04c64d9d503ec7b2468b834283590.jpg,e7473f163dbc897ae2b725e1f3a6882806671cfa4db68099394bfadd1532cf86,d40bf45a8b740bf4
data/thermal-1-filtered/train/images/frame158_jpg.rf.d9a53b24e195e308340371235ac368d6.jpg,0e9f955c8dad132124c9193f7f4398e735b9910282e24322e465a57925d33f9e,ea3985c61fb9c0f0
data/thermal-1-filtered/train/images/frame580_jpg.rf.cdc3dcf754778e973965a92fced816d5.jpg,ae754ba17596ef092f3158504cb4dd845fa43ed5897010cdd84d63b11f6cbc7e,eec6e8b9b0b48e06
data/thermal-1-filtered/train/images/000012_png.rf.b93f6262bc5c9f949f0c957533997e1e.jpg,a66a991e49e7ef5cb8656948485cd7623f55b8c2a632d9f474ead0ab81b16586,ea7dc280802f9d7e
data/thermal-1-filtered/train/images/002781_png.rf.0f60d83b07fb13035a6815579190ac09.jpg,48a00469c256c7ba5fb72b74e5407524ead1cc6214cd1850c152ab78becb6edd,f66a26c8669946f1
data/thermal-1-filtered/train/images/002366_png.rf.1a27c9f37935b801e736e593a8c24ab8.jpg,7eb4bbb893da0dcabaa27d7eaaad62ee3cbdd45059ed5f9620eb80b2e2966a1a,b87f402fc0ab50af
data/thermal-1-filtered/train/images/003083_png.rf.00579e00753638dd1531972cf042882f.jpg,4fd574779b551832fb9ec2c967df3d986bf598bfe9fe1326208673cff1bf6416,ff6e99469843b844
data/thermal-1-filtered/train/images/frame514_jpg.rf.aa065efb86922b5497da5ccdbf05bad5.jpg,1f8867a11314a26a8e9cf12daaee738234e2fc445be98d1e1d43e40a2fc046a3,eb4cc39fb3319c04
data/thermal-1-filtered/train/images/frame527_jpg.rf.ec86ecd2e227173ba26585fe3ef7a958.jpg,4c1bc60c3a67c94d43a24cf73e90e9e9039b686112d73570f8683cd799d0b5ec,fd0a95ea855e11f0
data/thermal-1-filtered/train/images/frame286_jpg.rf.d488fec50c9deced364ecf6c4369f38b.jpg,726408d80037e0eafb6da8292ca04181eddd60d8792d3ca2b5ff4961027bb513,becfc1974516049e
data/thermal-1-filtered/train/images/002031_png.rf.2f0304c6a2a9c3da51ae585bb95d85f2.jpg,bd43e6a9b2ad2a98157661e81806e91527b9e70cb149f017c320160d614211d2,ff7f9c418c608760
data/thermal-1-filtered/train/images/000003_png.rf.8097a56230834f265b596dcf562b75bc.jpg,5851d4325ee9bc4cebc7adb84b8de9706df4773ef946ffcddfb7d6631270a498,eb5b94a195a911ae
data/thermal-1-filtered/train/images/002345_png.rf.346d5f3524c37fa8537efa50e737ccbe.jpg,d94078eb7ec0e724fb7d07242c90792d81cfb809d1747d33ef6e08614cf0540d,bf6a914ec259e21c
data/thermal-1-filtered/train/images/002016_png.rf.486760739c56353a01d810a848d519eb.jpg,cadc8d9c63feebe2d04dd26b8c95b14773eb9a88cbb95a2dfa0fa61073e62780,84d5d5d4caaaaab1
data/thermal-1-filtered/train/images/ir_050260_jpg.rf.d8751f2c011bea595e51f7f210616b3d.jpg,c4992128fd35d1a19d4c6855e3d48890f5c3d058cd6e8dc9ff698200590601c6,d2379096243d4d3f
data/thermal-1-filtered/train/images/IR_BIRD_012_frame59_jpg.rf.6cdd16a75e76d340b75166b9e5f5c8cf.jpg,817341d0716e90edd3363270e74a99f519105fdb698ce0cd7a0f425726aa88eb,a56952545b565a7c
data/thermal-1-filtered/train/images/003744_png.rf.10cce3b87dcf93b7f98f8faa0d8e340f.jpg,41da5b7e1f7228121c81d1eef9982a12c7f99e086e4aea6e70f21876fcc57fdf,c52a157a0fe30cfc
data/thermal-1-filtered/train/images/frame636_jpg.rf.c9b5c728337682d5241418a8a730c277.jpg,635d3e09d76e2874647ae48e6eb1dfd0431b523740407b7b7efa9e98e30f48c6,eee6f8b8b4868614
data/thermal-1-filtered/train/images/002419_png.rf.1c280b07eebfaf1a33fc5afe2945c136.jpg,ebade334d47639c8152bc773b7a8759f04c2f95d0741f3966cf12ec79ebc765c,fb7f80179f05010f
data/thermal-1-filtered/train/images/frame547_jpg.rf.d73449fcae148c98ba3e36b6d748107a.jpg,14c21913e500ba55f1fd43ce35486b97ac2bb98677b062787954b8a1e3d37d1c,efe6ca98b8389c06
data/thermal-1-filtered/train/images/IR_BIRD_012_frame289_jpg.rf.a57444e4e8e7cc22542531e832788410.jpg,db5fe9f6ba19b92575a6ea9d1c3b472a809d5780a3e507ca8622b11dec34367a,b66419b34c3956b6
data/thermal-1-filtered/train/images/0_0_000204_jpg.rf.42f8b45bf7b2647b5e7fbf7913c3796b.jpg,44466bcdac4606191e8b801213956b3ff46d79eadfb3247bfda3710e77c2b78d,fc43b44baa65c334
data/thermal-1-filtered/train/images/003044_png.rf.6f5b67566a582fa9172b88b542fc01aa.jpg,87b6df9ee941e7ea3c65b830db75b9e07774ce6f93e2fed61cabf7a8f92c04fb,be691e6017a05f36
data/thermal-1-filtered/train/images/frame426_jpg.rf.3fa321c0094eb44d85baa0c73374be9b.jpg,21ed48943ce92f7edb0c004ad613799a8d8f0d3f9dae683d2064682b2bd5bc47,e077803d07a4579f
data/thermal-1-filtered/train/images/frame413_jpg.rf.0ccf2ce5ccc35b012f779088ee0ec8c7.jpg,8b84b0c2bd5bbe8f5e5eb5c3e39054e2f0a72115872be6a21288840cf4a02889,952215eb1edb5649
data/thermal-1-filtered/train/images/thermal_tzeelim_014500_jpg.rf.3a914eb0ccfec74172fe6c73e541f91e.jpg,346b7f2839a3c488613209cd32a0758180ef5e62d59bb8480db4976b1550e2e8,c03f003f0fa40fbf
data/thermal-1-filtered/train/images/002327_png.rf.427104ed958a158e266bedf6a3f61e5d.jpg,04f660bf3d9e8abf3b48fa58cd783537143c339192cacddf54c8216ccc0b284f,8d6ad542d9575552
data/thermal-1-filtered/train/images/IR_BIRD_012_frame196_jpg.rf.e56497024b40c0bad00f519e22b4f260.jpg,f259797ab94e06015a19c7b7869f3617b70863c74003595015f8d8fe63018be4,c9ad552e0f160f1d
data/thermal-1-filtered/train/images/002015_png.rf.d10c18bb84881e1d133a410a29e628b4.jpg,d882a3a234871bb3b5af64a2dc1d13ff2a54a81c4c07bc971c70549304f05084,95d55595560e5a1e
data/thermal-1-filtered/train/images/ir_051080_jpg.rf.fc27a74878e9433a95e12d79880a4eab.jpg,f55363c08949c83993c422752c6ee4dc39f54dd1cabe5b74b22af2e4783ff067,f4a0886a5a5c57dd
data/thermal-1-filtered/train/images/frame669_jpg.rf.e639008d3a3cbca285702f0f62a17058.jpg,5bb93fc02ec4a9bde2706474cb1a80ea5ba44cc7936c1ffe648e31dff4102b3d,e4c081fb51dd4cdc
data/thermal-1-filtered/train/images/IR_BIRD_012_frame106_jpg.rf.54df8355c7438917d2a348814047c1c8.jpg,d19f4a2ac1552e0c8c34415681fd6552b3ddf6c259f5b6ac51e7902f0a44897c,fc1f41b85fa041bc
data/thermal-1-filtered/train/images/002679_png.rf.b8ff751dfced83a6f24e4eb5eaae3840.jpg,6b42e7039c2f741166a38ca2da3cd596c347535e74ad1b8ff0f82d01963efe6c,d56800e91fef18e9
data/thermal-1-filtered/train/images/003065_png.rf.981a0d4a42af4aabe5c0b5a772ce9749.jpg,a5e4ce47ccb8e47e398a76b992501ee3e6f7f473d58e2c55f1274ce49178cf8d,a556d2aae276d4a1
data/thermal-1-filtered/train/images/003042_png.rf.0acb33d5e4b97dcde1f59024fb0abe17.jpg,aa729a839932c316d666bd46d105af748f6639b7aebf3cee29565ebdff60291f,952a554e5ad95a53
data/thermal-1-filtered/train/images/003017_png.rf.66a65f3d01487b11ff3438911f023068.jpg,a6b891d37f99f526cb8eed44f9f1ff52840af65dd9c706d6b60fe617012422e6,85d5d5aad92558aa
data/thermal-1-filtered/train/images/002047_png.rf.aeb23d1df97a4c0adea1a1dc59e4085f.jpg,5c56cccaedc60f9706adb4787227072d2a9fd92df02356a991561bff7146280b,d12a156f12fd0ee1
data/thermal-1-filtered/train/images/003717_png.rf.89287c984167f32f202e883e6293ac02.jpg,f9fbb31f8fba613003a5cf76d25fb6114879382c464d70630f9c48245584568c,d08000ed1fff18fb
data/thermal-1-filtered/train/images/IR_BIRD_012_frame195_jpg.rf.28af14fd44b8f7799995f27e50aa1993.jpg,fd1dd066869c66aff76e5214046094cb042a7bbc898926260c022c31d196558d,c528d52ad46b95ea
data/thermal-1-filtered/train/images/frame249_jpg.rf.59263f5e45bceb09933577a47fca1aaf.jpg,f4a99bf266dbb0dfb3c65f1c9711bdc51ee73997e163d5e78df6367e0d49031b,ed92930b0d0eb3d3
data/thermal-1-filtered/train/images/002505_png.rf.de81ecec5dbe37b6b8f712d8fb97055b.jpg,ff7b637ea1ca671b939e56a7b27be7c9a820f38927da5cc527c7c32dceb395ca,e03f803f0fa05fa9
data/thermal-1-filtered/train/images/002351_png.rf.0004a0363d55adc1e1452d9a26ebcecd.jpg,a852e870dca4c1af6f5145af253117136d65417e3412a2557d282c9bb25e9b6c,fb7f801f9519010f
data/thermal-1-filtered/train/images/0_0_001076_jpg.rf.8076e8f9243ad82407eb57eb872ac516.jpg,47cab0d59883fba84127a9a3c666012dc73a1a48127b9c4d41b4c7b44a8dbe06,827a2dadc5c29b2d
data/thermal-1-filtered/train/images/0_0_000015_jpg.rf.eaf7a197e2b8d5ddc8c605e2bc644428.jpg,8fee2f014f00af1d44a26b36d4a6519178f9205a65848851d9b96988ec237c63,e97d1682bd6d4216
data/thermal-1-filtered/train/images/frame49_jpg.rf.4e5576e169e12c21a90a70ac24752e89.jpg,4a1e9ee8024b2d0b3ac35ba58f0c239750227f0ee62c125656a7199e55d435ed,f408c4b14e772fd8
data/thermal-1-filtered/train/images/003703_png.rf.6329e38b85c72950050e44fe5aad2343.jpg,e538494ae48e824f562bfad0a3cf8834669023a00e53a714b2f4c15e649f57a6,d9a081fb26c103ff
data/thermal-1-filtered/train/images/002552_png.rf.bf2d52f62c23578780674a40bbfbb220.jpg,7fdcece44642e52d7890e702fea70566072bb1ff2c803adf4c80c22b9597002b,ba2ad56ac912e956
data/thermal-1-filtered/train/images/0_0_000100_jpg.rf.b796bd3b85aafdaea15041b489a9806d.jpg,b6dbd4ced02dd050a761d365cba6325dc2f622620132604a32fba0fc5b001b9e,bd4e49392157523b
data/thermal-1-filtered/train/images/frame402_jpg.rf.955773ba2594a3f4062e3170d134c278.jpg,fd6702dfd1c225a5be9554e3b030b95fa7b96f652bb4c552bf609665e4f094d2,e0aab35fda90915a
data/thermal-1-filtered/train/images/frame550_jpg.rf.00fbdfea8712f77a01840b5d2927278c.jpg,db6aefd1c9e9b93d34b670aca0e0466cf2ca96b9a1ee4bf4dae12bc6e8906b91,e54a95f0c9f4807b
data/thermal-1-filtered/train/images/frame294_jpg.rf.a5e1331beb93eb559ec4c228bae7bf2b.jpg,96e13d5e524e6c86882f2be0ec4ff5506e5be09822447a6eb50ad3bcaba6eab9,aee5c1bd41bc018f
data/thermal-1-filtered/train/images/002723_png.rf.5626a88e54c18f7677460b0f919317fd.jpg,e4d1fffbd8460e065855a94cf0e97416d612edbb25f9d4777c8bcb69930ef736,f00080ff95fa0afd
data/thermal-1-filtered/train/images/002032_png.rf.f237bf0facd1a952dfc953d3c096b0f4.jpg,83a78360fb5e9ca12b92e98c1ec9bfe4fb6a8363a24dd9e1b2a80c67d0c17f76,813f492759a75a27
data/thermal-1-filtered/train/images/002270_png.rf.e0f9d1ef4bcd043a8078fcfc93bc0e3a.jpg,58425c921dfe11927d0ffc24bfb1c4ceb3147c9dc28f69f84b996ae0ad0043ee,a03f013fd22fd334
data/thermal-1-filtered/train/images/IR_BIRD_012_frame261_jpg.rf.8cd39725d4cb48f50bdc6177b4ac3921.jpg,5267e1289f1c14023906be90a9e091e3ecf9553cec8a6d4ae2bffd4a59cb55ed,a24addb72ccb9234
data/thermal-1-filtered/train/images/001981_png.rf.72a68d319c9fc0c1169d7271cf24f01f.jpg,a43e5c0e7080c7149c8e0962b8a07b47b8a65a3b852da0d442e917c395aa35bf,96d250a955554bed
data/thermal-1-filtered/train/images/0_0_000270_jpg.rf.047d3c5fcbea730de7aa616b215d33a9.jpg,cb297594be5bced1c20e899c8ba429479516e2de129061d84dfd10fb6601a16f,896a556b16d556e1
data/thermal-1-filtered/train/images/frame269_jpg.rf.165152bd55805a55b3fab39d9eb03e2b.jpg,ee11de49beb561b0ddb39d1f864f782f6082ffc7abcba2f66731669b7a77a034,f3cc999c98bce4c0
data/thermal-1-filtered/train/images/frame416_jpg.rf.5ecdbcbdf59f4d8a8b1bb2b0392abb91.jpg,0927685870fd464268c1b058dee61e3d92b65707f6590c4023b4112b000c43dc,ee44c0c0cbdb037f
data/thermal-1-filtered/train/images/001514_png.rf.a38aefb3e7718c758a6e1d91071885f2.jpg,acb456529df43735c02495ab5ca233cc320998fb83d7cc32188a651765337b55,f56a157a1cf10cf0
data/thermal-1-filtered/train/images/002727_png.rf.30d26f60361f25e9bc4bef07c457b77e.jpg,47ce60da438ec1ae0dd14c0c4691276f800e9344acbda85da7ff6e46d97183cc,ad2ad563137314ec
data/thermal-1-filtered/train/images/frame175_jpg.rf.617469b001244c099a558ec9d8081ef5.jpg,d5f0ddec0a7780d0d393b68a4c87a87a39aaacec674670becf194a376d473368,b34ec641d95e4a39
data/thermal-1-filtered/train/images/002783_png.rf.b13e66a134e6631e1c35b48f35e32e76.jpg,39948d63fb55b348254dbb0017b5aa78dccff6a21aef37388600aa7b71fff883,d37f8c07002e1b3f
data/thermal-1-filtered/train/images/ir_2_030860_jpg.rf.9062b179979cda3d00930eb6adaea6c0.jpg,6329590cdb53fde155abe36f8c554125fea29baa57b29a31498c5a59a16c1d6b,852a555959535dcb
data/thermal-1-filtered/train/images/ir_3_034950_jpg.rf.18bfee87a20a85b5bbb7d572f7dc71cd.jpg,797639b6e98a865ba9fcc0e31e10511352c50f5b7c6fabb9e025ae82030c081f,d69f099796810f0f
data/thermal-1-filtered/train/images/frame420_jpg.rf.fc6deaa9569474a64c1afdd2a2a2d71c.jpg,955c3103c42b1c545a4a2b8ab9bebb97202555e918a41d21faebdeb618d20927,b2cad5d3ae954492
data/thermal-1-filtered/train/images/002470_png.rf.f3cb4b9384ae07386da45d0e2a48540f.jpg,5d7332a1589c9686c199ea05d8ed42684ec9c91b33087b2cb5ed2290d121e3bb,d56a557a1cf104f8
data/thermal-1-filtered/train/images/002383_png.rf.20cea1a6979eae9833372f4edf434a61.jpg,014efbd30d36a280e09f5770fb6a5bd36bea2ece4cf73d7fd5ca4307e2685de5,fe2ad44b98c11f64
data/thermal-1-filtered/train/images/003758_png.rf.c025d3924ed7807941cf5a89f5e1e392.jpg,e66c7c1be7b4ad07d7ec5269f7a367509763f2b4b43bd40b722165e14307b7f3,b26f340cd21fe11e
data/thermal-1-filtered/train/images/IR_BIRD_012_frame71_jpg.rf.026840fa9f89d27fd9a76c1ae76938cf.jpg,76dad9ca12f170ea52d6f5669fedbb9a233db28f4e3f286da12f91d4dd0f3784,a49652bb4ba55b92
data/thermal-1-filtered/train/images/frame598_jpg.rf.e358a2655039c74075df231a8e9019c2.jpg,b6216155fc166d42ca3a95c0a5ad0e11819fd1400dd021255246fb54451d171d,fee0d07890cfc750
data/thermal-1-filtered/train/images/frame650_jpg.rf.971ca887aa6c72cce9b64fcfc547ab3a.jpg,f6919023f62e84cbbd86a67315f8d197f98ed81de4812b3b0193243e4d242274,bb9595adc5a9110b
data/thermal-1-filtered/train/images/frame113_jpg.rf.a617de696ecb33602b48a7c93f5bcb5f.jpg,e75106040aaeec3bad57964c84cb9e6081c1079e3583efe6d3ee2692f8748516,8996d4c9595d5752
data/thermal-1-filtered/train/images/003734_png.rf.25ad4d2dddb4ac86cd51a1f00d25ecdc.jpg,b8daa4228be0b653805b611fb3c5a8d20d280b4bfc700d097f7e07586a9dc916,f7682f609e528d61
data/thermal-1-filtered/train/images/002214_png.rf.129a8742abaa0a185458e8fed6f7aa5c.jpg,54229ece135a0f721530acd7c090e6ab91647483b1ee466d2ab5ce0fd9523a63,85d5d5bc54aa45a5
data/thermal-1-filtered/train/images/002828_png.rf.de9a06506e72638400e3344e1a5587a7.jpg,865a6f2686519f1ffd40724d0f67cda580c89a23ebbad6a71ca8e8558f3a9076,852ad56b56555553
data/thermal-1-filtered/train/images/IR_BIRD_012_frame269_jpg.rf.4e25d2251e22fb690a4e9f554f4da523.jpg,366aa7f1c673894a2fb3e4ec65d512fb08991859f7cab70ad142bb4197c57a0b,a24addb72ccb9234
data/thermal-1-filtered/train/images/002208_png.rf.898a191a3c4e2ee29e79333727ed657f.jpg,02f70dce2369b61e8fdea62c10e71beb4b4db30abfbda067018c590b569a832d,ff699e20d226d825
data/thermal-1-filtered/train/images/frame721_jpg.rf.0d9d371ba159e1e815d330bf48d2056b.jpg,23e5ca07037ec9927885e4154ae5c1d046c1c7c32894399df5efc7ccec5e63c8,aeb5fb6b8f028e00
data/thermal-1-filtered/train/images/002446_png.rf.0df223352c6d543c563a7d576a834457.jpg,7bd678ffdc3beb801a87a7cac449ea93eca278e70a8a93e5796c28783bce7d80,af7ffd5fd400a000
data/thermal-1-filtered/train/images/003099_png.rf.f4ab1c66728230fcac65faaeea9cd6f4.jpg,e75319b2b5e6a0c74e9aeb2b290fea2525606a5ca0c0141e902da80b5107e58b,8cd5d1a9daa455aa
data/thermal-1-filtered/train/images/IR_BIRD_012_frame26_jpg.rf.952fedcdf90e24c6ad319a56dad79a38.jpg,96dce8c6b1a36a6745428480b15073f38eda76c90c044354f705a7e560c16665,f1c707c61cf00ec7
data/thermal-1-filtered/train/images/frame341_jpg.rf.c8f9e5fb13232cb2b8cd437439c68bef.jpg,eeff1c3308757d2832c72a907cee55a29ccd733b28eda51252fc372977f334d8,9ad5e4ca72626e26
data/thermal-1-filtered/train/images/003914_png.rf.214cdf58ddd9cdb6cf34533faafebbfb.jpg,9bc3e3f95b663145ecf2625f86f368a3047cace47c640b0ab1f5b65f13a8bd11,f16e3152299b306f
data/thermal-1-filtered/train/images/frame670_jpg.rf.1b4490e41445afba923322c0e939590e.jpg,32157fb33c6d7b926b48d72f0884d432d6e6f12210d9970fdaafee5e3a32bf86,f4e0c071117f4ece
data/thermal-1-filtered/train/images/000002_png.rf.7a46d1eed230dca1b1f6ac6ee6ecb3c1.jpg,7b171b03fcbded9fd7308113acc8cca08be0ae1cd64edd8e09547870fde31029,eb5a94c182e1f0ee
data/thermal-1-filtered/train/images/003057_png.rf.4709b68721c8b5e5d47896351e08259f.jpg,28e140b92684e5fde2fd81773acadd07170e3f69c59998d4b5701a69089e67a0,d080876303fe9fcb
data/thermal-1-filtered/train/images/0_0_000192_jpg.rf.4527774f46e9e79e911d65882803fe4e.jpg,8f86d13020e0ceab8cfb439751561f1f8e7994c3177bb7fdef93999fb8939e79,aad595a50db9132e
data/thermal-1-filtered/train/images/frame482_jpg.rf.3b763344c91a6d171414216cdd1d643f.jpg,a05eea6605c4a2e2c1170cd11e50dc0ee6431fe5f329891b7edcb8556d11964b,a95254c943eb53d9
data/thermal-1-filtered/train/images/0_0_000732_jpg.rf.25c7de0311978f84ee65f8a9ec5daab4.jpg,f40c7966dd335c6f394a519f1536445b2203c24665b2811d819c9a58332601a3,d9c206c5067f5bf0
data/thermal-1-filtered/train/images/frame438_jpg.rf.6f5753e7a115bb86bf412ff2e3c8b359.jpg,0b3bc489b7a0084be386a43570e74f31ba0efc9df4074b950be013f07746ddea,e0e6d40b1d5947cd
data/thermal-1-filtered/train/images/002198_png.rf.32bbe4e67cefbe571f2cfdc09f8f901c.jpg,7fa485efd69b0ca8e4228f46b9553cf6cd9dd3b43e7a2083eecf857dc7be21d8,ff6fb805c016c827
data/thermal-1-filtered/train/images/002828_png.rf.e80ae0c80d951cdf017f029fddaaf194.jpg,7271ea6f1b4afb4ba33cb4aecbc1faf4b840374309fbbc9bd0007ebaceaa95f6,acd4d555d26dd068
data/thermal-1-filtered/train/images/frame489_jpg.rf.610120dff8131ba22aa7758f0fbf3b67.jpg,b59aba4c638467cc7b8c8accd52da432753ff14e5daa344e615cbeea82ecfd2d,fe0386fcb3313832
data/thermal-1-filtered/train/images/002044_png.rf.b569a423775c4d9a30ade158d3a98e03.jpg,faf9f23fe9d49466ee1bd124b8f234330fdd7f8fe8c1925802f1b70000872ea1,ee79b249b649b422
data/thermal-1-filtered/train/images/0_0_000032_jpg.rf.99d25de0b06ba46ba51bb9c71dbfd40d.jpg,e0f4859a07a2d7ef1c5e4504ac46df05b62bdae59bc2345807d3e21b85d2b51d,c49f8c2666c78f26
data/thermal-1-filtered/train/images/0_0_000039_jpg.rf.27f8c392c52190d830579f5a99be0297.jpg,7ca3d2b214c1fa9221d13a94b5d08bde89b29b6ba9fc46fe7bcf7529d0fc3b01,ce6339ee46103af1
data/thermal-1-filtered/train/images/frame1_jpg.rf.664fd4b9e70e463cbff19e8a9b64fe8c.jpg,4c4908502e46e991503dab084dbc1e20806cfc228e71037ff4918195a3d3d2ab,abf41219eff09807
data/thermal-1-filtered/train/images/000013_png.rf.159e9da5ee64d7556bf3c992db904462.jpg,ef8f36ca6e8466969d68de0bbd95a7c97d76db34189c03707f4ee96312246b3e,bee0c143c357455d
data/thermal-1-filtered/train/images/002445_png.rf.d80d01b5d163f64e762452e3a8104dcc.jpg,b0a00d1b64e7a01eefa44c8a58e54b08fd13f2b09e8b84ecd4f2cf461da54b7a,af7ffd5fd400a000
data/thermal-1-filtered/train/images/003767_png.rf.68051bfe6ec6a66961f90c1e78e786e6.jpg,dc4b516f6a09278cab7221facb22fa08648680138ee464aea4521d75db28a0be,f26f683f82728d60
data/thermal-1-filtered/train/images/002952_png.rf.e534dfc407179d62ae3533fcd825a31e.jpg,1c8ecdbc5fcae09cd910e87c36191cc9b6c0c99c1f64735ce4ac94b6cc82fbdc,df8584fcb8b890f0
data/thermal-1-filtered/train/images/frame28_jpg.rf.fc6e19397a63048c5b92c54d4e6e4491.jpg,d203afc0b4a7e16139b954aa27849b5609d72d1aaa7f5eef9e881969b9d685e9,b5dfd495022cca95
data/thermal-1-filtered/train/images/002158_png.rf.617b0f62d3258321680f9367a201cc73.jpg,9a248f0da9a89525761c3161b6caf9e6f4cb850dbdf05104c7cb20ee35d4bb74,ef7b4c114e916e11
data/thermal-1-filtered/train/images/002366_png.rf.413bf532ced31e479f159ab2a781c927.jpg,a98f72bf3e6be69702ace62e2572fbadf5ec047ca3feea7a8744059f6a12dfee,ff7bd8168007a05d
data/thermal-1-filtered/train/images/002695_png.rf.627421c780db54e5e6137e1ed2807de3.jpg,f22ac4e311d9036fa133bf7e5899d59ff3d8c4dba8ec6482580e59ab8aa0275f,f57ca15db085b419
data/thermal-1-filtered/train/images/002276_png.rf.785ab8949aaf25a0a392c8365762a8be.jpg,6b890d9a94c553260363b5cf463654919cb5a1f316a29f997bb8df1cb2eed3eb,952ad54b5af114e9
data/thermal-1-filtered/train/images/002746_png.rf.48c00be255b8a8cd5ee9ac23528a6eec.jpg,8c69f1b29112a46ad6937125afe7dba82e5e584611f24fadbc20c20247e0d2b0,be699c718c13e21e
data/thermal-1-filtered/train/images/frame412_jpg.rf.ba1570129215ae0be7a1eee22b1fba5f.jpg,e13b8ce782877c5b25310b070c91945ae55acc7fafb7a9ae08c24a70ec200336,b1ead56b5461155a
data/thermal-1-filtered/train/images/002239_png.rf.a2aeb40e587c0cf404c6e7fdac3c57d0.jpg,84b8709539b016c8e62e755fc066f56bad718fdb1497cf132e35126fd510a7c9,952a554a5e554b6b
data/thermal-1-filtered/train/images/002440_png.rf.9a014417767aa30cfb1d61334c551bb9.jpg,b3ee1006bc474dea8d506e6b1c832b638d03eeb0eedc978b752d61c201abea6f,85f5d5ba55ac50a4
data/thermal-1-filtered/train/images/frame616_jpg.rf.c1b8e456d2e3318d44edddcc9508dfa6.jpg,42ead6c3db9ef5debd3dcb67e5ec699336898b9d90623cccaa5b26ff0eb2b3eb,eee6f8b8b0868e14
data/thermal-1-filtered/train/images/0_0_001186_jpg.rf.8c8e2e83327e40d3c41bb1d71605afdb.jpg,f9d53003fb52ee604682badd22fea42633a17fb920464a67a5aa284945f4c3f8,9f25237270b8989f
data/thermal-1-filtered/train/images/0_0_001477_jpg.rf.5960e8428dfc46207a8f9f84aa4f5798.jpg,7efd7b51a1223110d6df165070813cb7332e8fff815194a39f6375e8bdf58056,c062353a1fdf8c66
data/thermal-1-filtered/train/images/001986_png.rf.f1406223fb4cf4f5cb441bcd107a57bd.jpg,d007bed97af8b84a1601565d3406a68d9551f0c918c1064b3372cb496426bb5f,c07f04a01f071fbf
data/thermal-1-filtered/train/images/frame461_jpg.rf.ac05ac8a2ae548e109584ddb1e2bdbe3.jpg,e9ac7682b7a29fed3a8abb0131ebf408d26757f95398cc50777094bec8fa9833,f3c00f6c9f21de03
data/thermal-1-filtered/train/images/002542_png.rf.5c4d1cc6b3868fd63be62c052b0af667.jpg,642a9a3bd64ace7e8fd3f339c71d28594422a6aa18f891e7cba7e4372274e213,ba2ad52ad512ed52
data/thermal-1-filtered/train/images/IR_BIRD_012_frame103_jpg.rf.762cdb16140768457471a7e15b8f98cd.jpg,b34fcdd1863f07c6ecf591f8312cef229ecbec9ab22aedc39324e0da6c9c68f7,c314eb57906b14eb
data/thermal-1-filtered/train/images/002552_png.rf.27ff681b8923ccfb5deb6ff5b0099688.jpg,5127cab1eb1ab9a31570a086b1db2188aab1af6398d002b95822fe090c7f813c,fb6084f085fc807f
data/thermal-1-filtered/train/images/IR_BIRD_012_frame243_jpg.rf.8c240e41193fd1922a8e3f316ca6ae91.jpg,a362a61be1b1306c9795655f8bfdef6d532bf623a256a3902b560fc4ec074538,a26a5d97256dcb12
data/thermal-1-filtered/train/images/003097_png.rf.a3bd71dbb103db253eb803c0db131379.jpg,54863a7747d245a761fdb8587b260ca0e226ac3c5b827d93c064bda6d0bcba5c,843dd137daaa51b4
data/thermal-1-filtered/train/images/IR_BIRD_012_frame170_jpg.rf.edc499e77b577f539312c5673690bea0.jpg,aac5148474144a657ed7264b2afa8bff1ffff072c0d8c5096f2ff2af7cd873d4,a9b555ad151a15ae
data/thermal-1-filtered/train/images/frame719_jpg.rf.44f3d4cfa943e6c65aa52831e0696c70.jpg,ad75e313383d1b4ada0976beb33aeca3ee54ed3811b6a9634a4918e7f4b697cb,bd95d5a1d4821ca7
data/thermal-1-filtered/train/images/frame475_jpg.rf.24bbf860ba1f9c3c57f059dc88a3ec5a.jpg,4edc310deeeb5ad33e71edc5dc8b1a868f7d0bf6cfccd644d77accc3c77b5e7f,8097d09f8f9a161f
data/thermal-1-filtered/train/images/frame483_jpg.rf.31f94291e82a8988e5dfa4f198f95350.jpg,391c3d79c00b88e49ec816b60ff8d65711dff4e2e193fe09e3619a90490ff5a3,807fd12ec03fd38a
data/thermal-1-filtered/train/images/003062_png.rf.63911529a81f70d0256f9ddc52b64046.jpg,2421f28847b468a889a3fe5fb06361b3a9df0977d63120283509e94ed972111e,bb6e196e51cc601d
data/thermal-1-filtered/train/images/IR_BIRD_012_frame73_jpg.rf.a64a325515528b89fcd54988e571987e.jpg,2190a16a89fda593c57cdd6dc7fb680dcb1d0a89ba99847b390b59dfd633b606,f7188c7708c57f18
data/thermal-1-filtered/train/images/IR_BIRD_012_frame223_jpg.rf.b09bc8226b83c8225d6b36bb752646e7.jpg,11d8cd46d79147b50427f35b797e1915b71c74d6f28be896cb3c8123e9e83958,93771cb366891b26
data/thermal-1-filtered/train/images/frame438_jpg.rf.f7cefda889024bcbe4672c3b7f57831b.jpg,55123bb2cb9ad5dca6bd74ee157b84b06a351fa1ce8b5fe5aa0d1092b7502dea,b5a2444b4cf9197b
data/thermal-1-filtered/train/images/frame709_jpg.rf.fd92b94627f2a0b2552426228d5803fe.jpg,4cf4edb1111bad6f4c257f6d9d426b9cbb92fedce10b760b2d348afaed392895,fe80fe3580ff2805
data/thermal-1-filtered/train/images/frame360_jpg.rf.7cc94af1bd3b72d30e0b7eb04e114506.jpg,a5eead73f234609a5d1c6ba9ab80f0f762cc37064378f01f3bf1d991e9f34ee6,bce3a3b05a185b4b
data/thermal-1-filtered/train/images/002946_png.rf.6a5cac9d35c41fcbc4d4e672ae21bdba.jpg,1817ef629251fd00b40e1f7fc9b278214f95bc57ef0f7e36188e80131abd4940,903d50b74ba85bb6
data/thermal-1-filtered/train/images/002346_png.rf.5f6f9f9032f7d741922494be9f12e399.jpg,7bb1485d69c0084faf583614150a0345365b433b3be2b0092237fc64d21e97b7,bf6ad946d049e01d
data/thermal-1-filtered/train/images/frame442_jpg.rf.99238d5b3c50d49e7e0443852f18956f.jpg,434b6e1578ae9c27841953a5b6671bc70f2c703e86fcb3606994e3b8715e01fe,e4cf141fdb0b4985
data/thermal-1-filtered/train/images/frame280_jpg.rf.10503322b6267a40b3e1e07f096189df.jpg,537b949047dde6f97fb6fbc52c30cb18c06e71ba71e279b6f795f8522be11985,bec7c3c783a0a334
data/thermal-1-filtered/train/images/frame677_jpg.rf.2b6b9e1e9f1d2775cea3f3379da19ade.jpg,ab38af86783e3fffa1cb1b80a654e2939aed1368cdbf5daba0f2f00de848b299,e5c091c947dd58d9
data/thermal-1-filtered/train/images/IR_BIRD_012_frame284_jpg.rf.376c5de9c464346cb918be3365b4c414.jpg,ff4acc3ec4fe12cf5fe2a45eff99399d53fe0a3a5f55ca8b3bc1813611b72432,c7dd4c38198f0f1c
data/thermal-1-filtered/train/images/frame653_jpg.rf.b1ce222c77f2f711b71cb3886a5c62d0.jpg,5e8f34a4ca3bf76a749b537ccc437e4425e4910dc15704fb8b936c9df3b0cc7b,f5e0c078107f47c7
data/thermal-1-filtered/train/images/frame414_jpg.rf.123104bb563d02a770470878a3c986ef.jpg,83a47131494048ef277d4e029b308aadbd90448ded01ececcf4a48b3d911e8e0,b3dd950e0c255ea6
data/thermal-1-filtered/train/images/003424_png.rf.21a2be87d040db8f4a5f6328134ed6c4.jpg,bc34ba53dac2e30c07f1733117b13d09784ce176d0565bd554477e3bafe9533d,f56a557201d694e3
data/thermal-1-filtered/train/images/frame560_jpg.rf.870eff066d489bdf1cdb914bcd6da676.jpg,8b714117779100c1785dc2e3d8027eda63ae73e8dbffeb8ad5fd3f6034a8073c,eec6eab9b830ac06
data/thermal-1-filtered/train/images/002064_png.rf.1ca7896ed715addb9bf22ad583c088c9.jpg,0d965bc390560cba083847eb2eb2f11e90318c75490ea04e3fba89764a626798,d18787f898e08c7e
data/thermal-1-filtered/train/images/ir_3_028720_jpg.rf.e325d00850b5c1192aac948ef86d90d1.jpg,c6d1f100bce87268aa76a23e8a0b0d79c6791564ffab1cca734dbc5216389984,85d555b552aa54ad
data/thermal-1-filtered/train/images/0_0_000241_jpg.rf.9a3b9610c209cb8936e91f7d4bee58e5.jpg,4934db87de31ec11a3d6e66fb344f4bbb4702ed313adf25b44d22bb2598b64b6,c5424562117f6f7a
data/thermal-1-filtered/train/images/002780_png.rf.00462fcf2e4536279e9acf1da15800df.jpg,c1a7b5939c536ca031b769ab0eeb3d3d8d4419e939539f5a377ea61666dfc488,a12a779c3bcc13a5
data/thermal-1-filtered/train/images/frame65_jpg.rf.031e0782c7ad090e625acbd0df7f244a.jpg,9623822a3a8113890836fc2ffaba43936a463dc8392d41cb0d803891d9eb8265,bfb6d299596e1014
data/thermal-1-filtered/train/images/003020_png.rf.42e0554eca9b5f7d8d046289e2089035.jpg,5b1bd40acdd31efb8f1f513aa7385c678fa811949a86955f22026b730c0ae064,ee7b8458ccb34e18
data/thermal-1-filtered/train/images/002096_png.rf.067e8329614b7a5ba0def47484f6d202.jpg,99ee91c2460b0b1e9bffe27e2e8d4fc661ebf42a799bb6b929a58ed9c260621d,d87f80158f070f1f
data/thermal-1-filtered/train/images/ir_3_034970_jpg.rf.529f314afc8a2a4b80ee676f3ffc0f7d.jpg,35b72132f5b5a4b5b1badb063b2378250840a4026175dbf71e17e6d807ad5f53,d2729668bcf0be03
data/thermal-1-filtered/train/images/frame603_jpg.rf.1505b8b49470824c81594472295a8f3b.jpg,03fbf2b189eeb011736917fb5d943fe476ab126559ace19e5e49cedf527e578c,bab280ece561d353
data/thermal-1-filtered/train/images/002350_png.rf.56ab7f4ff38c32cce934388ab62d00fb.jpg,9e4cafda81133e6396b5024c486e5ddd91f1a94b3723d68a5be74bdf3ac2dbea,85d5d5b44aac55ac
data/thermal-1-filtered/train/images/002204_png.rf.eb0441193ddce8dbcbd8a93ac64e6a31.jpg,75f68efa68d653e5911d9290b3431bda85bffa81dd7562a1e7a30f5cb629d2a5,ff6a9e24c036c836
data/thermal-1-filtered/train/images/IR_BIRD_012_frame76_jpg.rf.1222e0fe0589ddbe5308f2c4d2f96845.jpg,3a986b8267c095fcd5f8ea024032827b7fa75b522b2c88f3612ad0e81ffdef56,f7188c7708c57f18
data/thermal-1-filtered/train/images/frame615_jpg.rf.9312b0b0bf015eb2ec24ad015274fd36.jpg,b8ac2d630ee18dbdfe2d85a3fb85963da3918534ccecdc60dde8a2d3cfa44eea,eee6f8b8b8868e04
data/thermal-1-filtered/train/images/002734_png.rf.24c6cfc3b1d2e614c9bcaf3265bda717.jpg,9023e3759469a61095d25f012118e152df301f0e3148d8ecdc5f3b9bd1065070,d07f003f0f150f1f
data/thermal-1-filtered/train/images/002771_png.rf.320ea95b73dca395f830a59a4a164cbf.jpg,98b71cd1a83fade71a68d4d209053a2e5636555c185b62b2cab7b01484040b5a,c78200fc5cfc09fe
data/thermal-1-filtered/train/images/frame406_jpg.rf.209c2a50f8761cd755ae685f45d86e6b.jpg,010ec3f8f714a55f1b70d012c5d4ade2a933873822862e3e7fff4abd45695919,edbd8515589d9909
data/thermal-1-filtered/train/images/003053_png.rf.7af09d85c69e2e4f5dca8912280ae10e.jpg,7255a99cbd0d8913f2c519f1a3e961c9f0890e75d5120fc7c5ccbc1850a11e48,ba6d826c12dd6837
data/thermal-1-filtered/train/images/IR_BIRD_012_frame244_jpg.rf.70b6c4fff254253b83435fc4f7978acc.jpg,78562bfcbe2e57656bb04f93780c5b260c17c73ec99e08e2c08a8d0539145e4d,937719934ca11bb6
data/thermal-1-filtered/train/images/002063_png.rf.4692d0ec390336ffdaff5f92950bc07c.jpg,b608263324259c923c92b4b75c93c1f210c988406d6d675e71a0ef252e556fc5,d08604f81bff08fe
data/thermal-1-filtered/train/images/003757_png.rf.c500106a436ae142a8a6d8da9dcfccfb.jpg,578f317d43aee0dfcf68f345ad87ad3eb07be0e8097935810eb1c139f9b2487e,f36e257d82728d60
data/thermal-1-filtered/train/images/frame130_jpg.rf.a5b38dd55db5c60290eb9d1fdc998440.jpg,7e7eb76069ad207ed4da0180f7174823afccd0992fc48b3e09509c55514c3ebb,cee1bd0c03f33931
data/thermal-1-filtered/train/images/IR_BIRD_012_frame110_jpg.rf.a8a7de1b16112c0832e46685b4f238aa.jpg,ecfa0595196f181ef0dc9e766529e006eb82b75212ddc3961bb79304d2f5b7d6,c114eb57906b16eb
data/thermal-1-filtered/train/images/001973_png.rf.06a56808061e78cf915c8aa4921ce98a.jpg,e671e96eddbdf5fc8ee70bc878b48807472196b0956a2f10aae4c2904ebd8a2a,ff6e114417ccf209
data/thermal-1-filtered/train/images/frame13_jpg.rf.20a180e0b5a45750dfe9341f0fc6440c.jpg,69950ac966f258256721265724178f45d7710170fad0f7a6b2c157f717a8847e,abd4f41494143777
data/thermal-1-filtered/train/images/frame113_jpg.rf.81b75d83e62e6fc33563e469000fac4a.jpg,58645bb6e049eef58cc936713328542f8bb2303b9d451bc81995146033dbc08d,cec1a1fdf414a0e3
data/thermal-1-filtered/train/images/frame262_jpg.rf.e265f95cd6032b815e4baa639fe28e75.jpg,16f9553641f67bb00b895c4f222034db88b9b380e95e734e01b9f5ec6158047e,b56a95d4586b06e3
data/thermal-1-filtered/train/images/frame613_jpg.rf.3320aa05bfe8a41f400fa5c4d15f2010.jpg,6fa83c4cda75eda6e78b226b0697e1a9ac2b917e0bafcabe348b53ec1785631b,ffe0d83890cfc740
data/thermal-1-filtered/train/images/0_0_000197_jpg.rf.288d74dfc54132df9cc1dc2dda3534fe.jpg,87301a998e71b4261971516d141e074cb44184bccf58dc0d425aec0b25ff1513,ab00e231f97cd64d
data/thermal-1-filtered/train/images/frame45_jpg.rf.98303989750d12aedecd9070676da5bc.jpg,674fc09a78599f139f1fcddf7dbdc2aa21fe4b030b4b37d4078e5ea1ddb8cdb7,b4c8d15b52555b72
data/thermal-1-filtered/train/images/frame608_jpg.rf.e854d452005b9350d3c3b83ee967990e.jpg,8e65a53049f34c8ec0dde4a198db72f3229a43aab91c62ca5962a3715c9fa4d6,bab2c1e9e1d2d252
data/thermal-1-filtered/train/images/frame683_jpg.rf.70269cf5d4cf8233b17996ee66c07b35.jpg,12860e5aba60ed621f221881d5ba44d0aeb1782b859c3b3d527250d039d1abed,eed0fa86f890ee10
data/thermal-1-filtered/train/images/frame564_jpg.rf.fbc1d319ec65ac38e136e6bc94d6c740.jpg,76b2d592e39d3a055b18b8ac24220dae7b4a5f4b3f3b174f32c760b4894f29ba,eee6eab9b8308c06
data/thermal-1-filtered/train/images/002345_png.rf.c94e5f5884a789768ef54e64fe92810f.jpg,6879f71e214c0537de34d7e8758c6c5c7f14fe02ca26bfba3f7afb67d792d722,8d4ad5545555555b
data/thermal-1-filtered/train/images/0_0_000052_jpg.rf.93cc3a5889f1a2d3fcd914761f2598a7.jpg,dcc0ef9321361ec8e63ab2704d3bc7813c23660e868f1bf3638223488e2293cb,ee31bc4619ee4538
data/thermal-1-filtered/train/images/002357_png.rf.8f50583e00dd5870f8faddaa2dff291b.jpg,cc2cc6a07352ac8221f4a4fb2da4ded539ae99b0c95151ed71d91a90de45d8e4,ff2ad55285609669
data/thermal-1-filtered/train/images/frame197_jpg.rf.f3ddf6365db4b4a0aa061d6a1f7b455d.jpg,832d307854ccb44b6760c78f0b4824088fe720436ccb0d76e67fe25542526eb0,cbbd7eb2a47031a0
data/thermal-1-filtered/train/images/frame565_jpg.rf.01b62c4a4119ba370f38f61679da4f10.jpg,579a6a0f8d880a2c16e2255b4e70b8eafd7c2d524b5b0e042a0819d39c68eb49,a85fc1b7d5291496
data/thermal-1-filtered/train/images/001676_png.rf.bcd572351d73f117e9794e9877ee2ec5.jpg,d97657545e8efdaec761bc2213bf1ea9135cd1b62176218154ad40964ab7f27d,852ad56b5e555552
data/thermal-1-filtered/train/images/002294_png.rf.7d1ccd7b60e2538b2a315bb05d19fbe0.jpg,e10117b7f0bc0190dca751e11cbe332a87c92cf1a3b6305ac2f90c91ede4e969,ff68ad508788b513
data/thermal-1-filtered/train/images/002029_png.rf.c1f31e2b74eaa5dbca9ab1dad60530ea.jpg,0b52bb9dc3c927aa6bbc6aa431ecbb91b2e4f36fadade63fbb324db5a48a6963,ff7f8c509e508740
data/thermal-1-filtered/train/images/001998_png.rf.0db16ec9cca1cee22e71a2a7e37a0986.jpg,6b34bac94a3e55aaff5f973f353d6d1e6da27afc6a5ffa3569dfdd14024ace0a,d56a05f30fd00ef4
data/thermal-1-filtered/train/images/0_0_000048_jpg.rf.f3fc9f223d5f8b698c287baf493f3fd5.jpg,2ef386a39052bd20974b976d14ccc43fcfae8463d0f1ec0dd0b8e9e64cc80ba8,ee31bc4619fe4518
data/thermal-1-filtered/train/images/frame411_jpg.rf.ab5ab1404c925098e4f8e3df7f6ddfb4.jpg,5d61cabc14e49a5a4faa4857cdeb3e3b8554417b132ea2fec1850b1ada80d628,e0aab55eda91915a
data/thermal-1-filtered/train/images/002275_png.rf.6ac175aed84101c2118a2c7cc2d00baa.jpg,1db979c9bb1e1bdd4f39ca752bdfa21c201317f5db986be232d5b75f6479869d,a07f003e5baa50bf
data/thermal-1-filtered/train/images/002829_png.rf.6aa7969e6c99db4905c1c9388ad5132a.jpg,c96e981178d41710f8ab74580a0b4124a564d23c89b218bb2942cc9914f0d33c,f87f8055970b15aa
data/thermal-1-filtered/train/images/0_0_000257_jpg.rf.ae0d9af06d2596e5bc8487f88e022af7.jpg,6059c709fa9c29eac4bd1074bc534344bdd30032f92d8a6a7bccfd14de928d05,aa55aa37952ad52a
data/thermal-1-filtered/train/images/002209_png.rf.8fd6fd168263fe57dc968e84510cd012.jpg,246337fd177c5da0f1fb6b371643b59ea141eb7e8d0d57995b5fee14e831e0b7,d39f803f253f128c
data/thermal-1-filtered/train/images/002797_png.rf.0bff1a0277fd034bf4e3ea6f6219fa37.jpg,56ccb193d01aab4058b7ba9a3700806b9adce874383f610663f8633dd43b76a9,c17d1c1f1b0f091f
data/thermal-1-filtered/train/images/002260_png.rf.49edc8ddc19ed6513849f5faf435b492.jpg,043d9ada588079ba7c5ab15a7a2bbc88bffce9aa5fc618c6a9b38a65a2c58bab,ef7ef0068c659862
data/thermal-1-filtered/train/images/003785_png.rf.72b63b710f870886fd63c552ab64b467.jpg,1d9a83ee61a4ae98063b8ef46ea07dbd3ba67848efd16133ceb4e5d2107eb130,f26ebd0c921a897c
data/thermal-1-filtered/train/images/frame499_jpg.rf.3d6838657dc63180644836695e2ed3a8.jpg,be47fd6d8a6d52bdf9dfa99ad514a7d63b8aef3ec99f761e67e50ba20f155ce1,a95489e245ef51d9
data/thermal-1-filtered/train/images/002072_png.rf.df63819010a12ef58c937442114523ce.jpg,3d5f7b653f695171c7e78f7e465c00e2bff028d479e534ec37c21a2fe00936db,d01f84fc0fbd0f03
data/thermal-1-filtered/train/images/frame223_jpg.rf.0b1968f88dcde4e57daed0ba5f3524d5.jpg,50951205e6d111beed551d19f44196337b20ae19d525bdaacc8326ff157a575a,e8b63b39b1383c94
data/thermal-1-filtered/train/images/002061_png.rf.a6103af749ac4ea65c13a39c786a68bc.jpg,b7074eef0ba2cacbe3cd7819e81a0bc5efd336deae2ebdcfe7096b0620b6df08,8a6ad1d4557b5c51
data/thermal-1-filtered/train/images/0_0_000070_jpg.rf.bbff4456c8eb4aa5fd863f65a628aec6.jpg,e901245e8f2f53a0ca96ae093a88845a8a1347ccff34239e65aca26f3e0f2e8a,a56ad56756524a5a
data/thermal-1-filtered/train/images/IR_BIRD_012_frame286_jpg.rf.130a9a27c93ef863b96096fca8715355.jpg,39c61a3f711cab638d0dee14f060513c108677a5287dbaab4b2bbfe7f9b5e568,c1715c261b8d573b
data/thermal-1-filtered/train/images/003770_png.rf.bbfa3064b26bbde2a7b998177d9ffd14.jpg,f1fbd2484fffbd3c8b6a03f1944386782428e50ded4fa143817a43231f935978,f36f2c1d82338d70
data/thermal-1-filtered/train/images/003038_png.rf.ad0944a9b0dae1c85a323c0b1726bd34.jpg,67b46be8b8292bd37cbd39fd515519c0775451f2138db8b7300ba4b9887cf2ca,852a55595a565fc9
data/thermal-1-filtered/train/images/IR_BIRD_012_frame67_jpg.rf.5c53de5d3bc486cf2e96af9943787989.jpg,7768d5cc1659edaff7dad908d15a6bd21d542556869ac2a3d643d5144eea8b9c,a569526c5b6b5269
data/thermal-1-filtered/train/images/frame157_jpg.rf.bc80fb01435abbe1c93e383ed5fbce99.jpg,85593f22cb7d8d79e32df021090c062037d8bf3f5bdbd1d7bc9345ef53acc108,e2c690181bcfdd39
data/thermal-1-filtered/train/images/frame126_jpg.rf.6eec0e96e5e25fad9c5df0b864e6c812.jpg,ef467d347f39be6211ac21b4730b1ade4819f9a47c76ae2da4716f0553811da6,81b6c45957d65a4d
data/thermal-1-filtered/train/images/frame138_jpg.rf.4547ddb021798f99efb8ccda56af94a8.jpg,7a428b5907eb8f95eb153b69917dd98cc69e693d43d9671e615ad82de7f0b9bc,eeb13d19bd0cc4c8
data/thermal-1-filtered/train/images/003535_png.rf.1c47cded8ed72f104b7425601f9ef14e.jpg,38f4a1e79039ab48f99e9906be790354dd10ba89af302bec23fe53f4031a6980,d08000fb0fff0fe9
data/thermal-1-filtered/train/images/IR_BIRD_012_frame293_jpg.rf.6270f5676b3e0b89782b1706c31d85e9.jpg,29bcae06c72187386169a700401c41bee35f4ba72ab8192b8a1801e23f1c0a28,b46559734c595674
data/thermal-1-filtered/train/images/003051_png.rf.f0f79de405956e25d1673e01440f2197.jpg,285f22ee69d19dc65390a15d6edab06cc02303b328f5257f88123bbf4415fcb9,ba7d027d06d94936
data/thermal-1-filtered/train/images/frame152_jpg.rf.7460f3445a801ddb06f94211590d8a90.jpg,8dfa375a6a932b1578b0b455868a4cc3bf2e7a119d7156b430717dd306df55b9,e22801e6c2f91fde
data/thermal-1-filtered/train/images/frame629_jpg.rf.13dc0bf892ffef1555833951a291665e.jpg,726624f14e74f5284ae107223772f3f0ed7784c3572723e656b65c460b1d3a17,fce0c17b91de4c50
data/thermal-1-filtered/train/images/002436_png.rf.f7834cc0bdd32d0e8c206cf09ea41ffc.jpg,1809930427b5198ff5057d6dd44707f54f3a8bc7925e0fd84ab22fcb20b0da53,d07f801f051d0f3f
data/thermal-1-filtered/train/images/IR_BIRD_012_frame169_jpg.rf.3b7ebfb3429075672be380f01f596f68.jpg,9fb8f1d62665ae414eb9b67adf91d9ab3b5f622a8d1f23fbb3d21bcd1183f615,bff8005f017f40f8
data/thermal-1-filtered/train/images/002043_png.rf.2cf51374b8d1863e6a2b5c45fb8d6753.jpg,a707975dd7632e1cc534a739f3aa12e47498d2c0459cd2288d017d4b91414f3b,ee7ba249b24db023
data/thermal-1-filtered/train/images/0_0_000035_jpg.rf.fc2375814b5fe2807d1c00f9c09348f7.jpg,705ab87bec960b53269724e6ff461e9f8e492f01467262f1399a8446fb3de948,c66339bce6411a3b
data/thermal-1-filtered/train/images/IR_BIRD_012_frame133_jpg.rf.75aa809f047bf7dc89e24782248cf3be.jpg,668a28ddbc8bd9c921a47f258299b5616f99dd443c08b8a2e672780be16693e0,ff0f40be412251bd
data/thermal-1-filtered/train/images/002255_png.rf.86dec27e3769f626f123aa663f8242ef.jpg,f0fc42813932241ce12105841f5c406e07d964f8f820b3ae8f78cf78449fff96,853555b55aae58b4
data/thermal-1-filtered/train/images/003819_png.rf.352de3e8a86465e512dbd5ce2dd5933c.jpg,2a651d6a1de6a637a0b1fae44e89881a8d92c742c8804d5840c04fde69a249f6,d0c000f81ffb18ff
data/thermal-1-filtered/train/images/frame702_jpg.rf.27a0b03f5d192adc7cf9e95a01403656.jpg,41cbdc7ff3414f6b1b8fa56ed6c151efbac2859dddb936ba3d2a26fa131a836b,e85f80b712aa55ab
data/thermal-1-filtered/train/images/003910_png.rf.6a7409c59046db2736ab91c244010e74.jpg,8463d0eb468314ef22cae33b3319331f09038d2a62ff960abd45cb35a0666f55,d07f0ca70f1c0fb4
data/thermal-1-filtered/train/images/frame407_jpg.rf.87feb6b51cdf3a8f1f37614b602bd6df.jpg,e0633bf024136d1accb950e1fc5e19763839f430e5cd2ceee17d63cf92b24ef7,b3dd950e08255cb7
data/thermal-1-filtered/train/images/003097_png.rf.e1f10285175277d49a3362ee6276605a.jpg,6a2f0573feb4a4f8b1e050dc2a9288f4129ae7df77d389feab18af592b3c08cc,fb7e9542b986a812
data/thermal-1-filtered/train/images/frame283_jpg.rf.d5ee911523dcf37d1626e9e2ac6d0396.jpg,16cc3cca8885fdb3babe2e32e4c4c23c4f9d7f5d9e4d0ff373a6492d2dea1fe7,e9c2844d075f1f4b
data/thermal-1-filtered/train/images/frame294_jpg.rf.75ab6777e85dd8a4161d437a52cf8911.jpg,df6c8df7504bf44989986c5fb96ea8977124df531c5718ceb4bd350a9cdab794,bce8c1d15555515d
data/thermal-1-filtered/train/images/002836_png.rf.dda807d070e148a845a72747adb94aa4.jpg,f81c8a01383a091a7d8f0ed83c04949a6e3763e10cb340ac541551c08f032fd8,ef2fcd32c8d2520a
data/thermal-1-filtered/train/images/frame35_jpg.rf.9d97d64d39416f847614d7b325c07d48.jpg,e36607f4abdccf246837c9f1b6c707b9f16c4f394f19ffe9e074d9d048dd9da0,e4a484e5567ee2cc
data/thermal-1-filtered/train/images/frame266_jpg.rf.5491a0382ce5d4e8085e8a4eefb57c8e.jpg,17224980ee496926d992cd1ab2622cab5e1dbada039a744390e6e84e6c0a2c74,e6d49a9099f0e9c3
data/thermal-1-filtered/train/images/IR_BIRD_012_frame165_jpg.rf.5bce9a4b3983dab1280741f3af57b0fb.jpg,3f52fabb8433292519ff14848ad3fc6f875b13c468aed4004cc7a96867fcbb7f,eaad551a560a153f
data/thermal-1-filtered/train/images/002826_png.rf.0642496b25c1341c330e9062185a0689.jpg,b51648a35ae49f7fc22d910cabaa8900f532ce5219e8de8b83f9320377ef8e03,c08000ef0fff0ff9
data/thermal-1-filtered/train/images/frame707_jpg.rf.b0c809755ad5b3bfc597b615f2738a68.jpg,cca96904b444dbd2a5f8f6477ef01adcbfb2d16c830ffb14978a232530112928,fe80fe3580ff3804
data/thermal-1-filtered/train/images/IR_BIRD_012_frame47_jpg.rf.304014226b1fd6627a3f70bb924d44e0.jpg,23ea8a263ef6d3d365b41af87f0aef1ec78703b601e5b4a167aeb5feb550829f,f0c307f10f7c037c
data/thermal-1-filtered/train/images/ir_048290_jpg.rf.9e96c3070fb0136772c795cfb4568e0d.jpg,2038610812fb908ab1e5a5ddfb0af9d15a8147dcd7599fee52ae47361095df6e,acd5f698c9a6468a
data/thermal-1-filtered/train/images/IR_BIRD_012_frame159_jpg.rf.3ae35e319b7a0372276437f04ed12813.jpg,e3d12d26dcec040bbf4a50a978560e8abd96a871fa01b43783ebbce725bbae05,a94a546d16ed0aeb
data/thermal-1-filtered/train/images/003715_png.rf.26e0d71456f4df34a6a02928dab3481d.jpg,93782071e1743960dcf313192c7cb14f67f542c934b57441fe597c9c26ea3997,e52a1d7a0cf304fa
data/thermal-1-filtered/train/images/frame506_jpg.rf.ad7782762d6cfae8336b52d9c92ca074.jpg,04d1965f90e41773d58ce7124a358c8784fc99203414bbc1dca9e647e750709f,a15f840e57a956bc
data/thermal-1-filtered/train/images/002064_png.rf.33262b72c8a01842b0fab4b78224abcb.jpg,0e93e4491f144648350303ba9c652e1e03143b96235b3b0242da54af7c58ade5,af3a204bb44fb06e
data/thermal-1-filtered/train/images/002444_png.rf.7f909b65cc8f179913c7d7aeabf3dd54.jpg,3fcc7f9d644ef80217ac9687b1ee8ffd85443e8691c595080f18a4281c31e23b,f46a147a15f705e8
data/thermal-1-filtered/train/images/frame58_jpg.rf.6a0fd337561efeada9dea7af0b0179a6.jpg,e9e58c30c16c1c95ace27201811b3d2e480404fa7480a3c221240bf4fc032e4f,bf96d39966a4110b
data/thermal-1-filtered/train/images/002290_png.rf.1b34b24fedd210f1ee324f9b94129d2f.jpg,0f21854e3c8265ffe731d233c157a3bfb84e94c998d624a0259a04a52ed9044d,813f542f4aa65db2
data/thermal-1-filtered/train/images/0_0_000113_jpg.rf.f09006446d2022dc654a5598adc04660.jpg,de5514d0c7360dc91ad8871258ff269b741c96b2b391fa8b66b41b1dc4db7934,952a15f23b5b06e5
data/thermal-1-filtered/train/images/ir_058630_jpg.rf.e4d0422a927b6a3031a77eb74896c673.jpg,d567be0baf9ad9ba28142c0fa488c3ca2c0950354fce0fb6122752641c4320f4,9b65d12544b651be
data/thermal-1-filtered/train/images/frame694_jpg.rf.d3924ecdbc4b9d53993532f475015375.jpg,e305b0c0cff64149481e3db26ffc68da38b8d2af0aff994f08a054ce79e4eede,a54a95fa5e5500fa
data/thermal-1-filtered/train/images/img_0332_png.rf.c443d3df35ec3df61a9914e4fed7bfeb.jpg,827e578711ad8cb384a7b9aabeb3fce958bb561af59b02e81d23aebdf089d3de,9d8a3d194eb2a9ca
data/thermal-1-filtered/train/images/frame515_jpg.rf.d271229af33c40720c38685b56a2a41d.jpg,999b963ecd74dc112b6aff445d315f2da845ccf87678bc0d7e50e5f081cbaf8d,e0cac0c317f11ff8
data/thermal-1-filtered/train/images/frame146_jpg.rf.b53b3cdb45107d1b019c0cdb2705e41a.jpg,62be9f397ae2f5e2e6b0b6e888b10d99ce8580f4f2d496063b8e381b5e37ec99,eeb909c1e4c23b0f
data/thermal-1-filtered/train/images/0_0_000027_jpg.rf.53b4fbbefa2e461f8f39d5a34993ba24.jpg,7faf23363d09e9e34452fe19337071d2f6623b700c0a9725b149d4ee0c15611d,ea681c9de2621f1d
data/thermal-1-filtered/train/images/002469_png.rf.d760dc438aad98b660a0494642032dfa.jpg,4142e828bdab8ffbd4faaced35b392c7213c9233d5ebebd96643aac66a572242,ba7efb54c912a502
data/thermal-1-filtered/train/images/IR_BIRD_012_frame202_jpg.rf.bad272cf773117fb306c165bdab25534.jpg,f8d487b1da6914a0f77209f2feb8421aef845dbdb63fbb063ec8b394881356bf,c11cc33c9e619ee3
data/thermal-1-filtered/train/images/IR_BIRD_012_frame180_jpg.rf.72a31f43f94ef41b5a93f407388cfb0b.jpg,14c5ba5d6f6c9a26c965ed07fed0bf7183636789af907b28a17de05d195d62eb,bf07009c50bf1bbc
data/thermal-1-filtered/train/images/frame101_jpg.rf.9ca4fce3a45eef16e687a01e126375df.jpg,8d3a49ad844f2afc77592f772ca82cec32ac08d3d9c6cce8543733da28c65bc4,f9dd8e1c86c0cc39
data/thermal-1-filtered/train/images/002437_png.rf.1a81bf0a8c278d4bf482c1106acdc741.jpg,05e6a7b99052569e07b9268e6ffc75f28c82a4b388641bea9d46211249afd12d,f56a147a15fc04f8
data/thermal-1-filtered/train/images/frame191_jpg.rf.c0df9b8b1212e23d52412676c41f8a77.jpg,24a538bd4d3f79398f00c5b3158e78578d2b2aa8356a2117676da5e54fa54c22,942823b71d53d26f
data/thermal-1-filtered/train/images/frame503_jpg.rf.d61bc135da4b00004de54b435e213bf0.jpg,3f9ff75e32b5bb94f5ce8aebfe17383a7597b12b1f31089733fcb49454dd06d4,fe03dcb6a4b09b88
data/thermal-1-filtered/train/images/003423_png.rf.3efdbd49766ae4b7d76e1afb8a10e07b.jpg,d13de0022ef7461597ef927db62d3fc142e0252a54595ccc2f4f7f2a9f607e79,a07f402f50ae59be
data/thermal-1-filtered/train/images/frame542_jpg.rf.b4b435c9bec148c49ec836c55db8ae79.jpg,415482f7ad2e028e900a7b689dddccb7206fccd9528478866e948988b998f17b,f52a95f0c17e01f1
data/thermal-1-filtered/train/images/001498_png.rf.e0bc816651907a1a57953c7395c6bf14.jpg,b69992fc204cfdd4cd20f90fe66474f0d6e703fbcd878c1ad25a38a9e8e73d9b,ff5f802f811b8703
data/thermal-1-filtered/train/images/frame164_jpg.rf.b1dc152a876f478950f171077fa8f63a.jpg,82efbd5790a21d73b2242599924917f3afb7eb197731d07635b383e2396815d3,c4c0c54cc7fb197a
data/thermal-1-filtered/train/images/003774_png.rf.d8d1012020d24f910a6943f50f23d6a5.jpg,1a4d678783d13c0825506afb0921ab5869a058242beded78f6daa15d61cb3d71,f26f2c1d823b8d70
data/thermal-1-filtered/train/images/003793_png.rf.d32d3c3f7c25b93c155382b9608ecbaf.jpg,c2e14a50c896327183bae5251959210843716da608d47dda8d21074a620bba65,f76fb905921b0174
data/thermal-1-filtered/train/images/002823_png.rf.a547dab26949bb9a72e5eac02f88cb44.jpg,5d734f6796945942a1f6c3f26351dee31ae764873a4ed1a07ff44775907b1e65,ab2cf304ed90a759
data/thermal-1-filtered/train/images/frame600_jpg.rf.b9191609dcf4de7905cf069e96bcb015.jpg,46d12342a9e49897e4d924ca11682e4ddcd264f8559bed7561f721ee9d0d8b6b,bb9595a5c5a1918b
data/thermal-1-filtered/train/images/002358_png.rf.2b3620fb06cd4c83b14502f7b5606a44.jpg,544a2dcacb0339a667692e178a82e16e36ce62284ebd2d2a1e1a3cd684eba98a,f98080e394ff01fe
data/thermal-1-filtered/train/images/frame386_jpg.rf.65c5aa4d9ac41130e6f5804ca4d4a57f.jpg,9fff99c2abcb569f9281b3254f5b0c9cee14d269751244bc793361bdcf5b4443,ea92baa12c545c7d
data/thermal-1-filtered/train/images/IR_BIRD_012_frame27_jpg.rf.44655b5a1fed3bb107dd3aa5b01437e8.jpg,0afb8fe476d6fc48df5be09b4d3be12efd46fa4717ac9d1322cd3192b7712158,a46952694bda5ada
data/thermal-1-filtered/train/images/002329_png.rf.3fcef6242d534eff3f5a4bb1f449bbae.jpg,9d7107935067c31f4750d9a9c100801eb068be10331de395e764ad9e2c92910c,aa7b947b88964578
data/thermal-1-filtered/train/images/003735_png.rf.33988a557ee93cd02354b9160fdf3bd7.jpg,c29ff6b10dfcc4c65bc6febca1f14f7f068577056d2229ff9809cedb5cd48f35,8a2af5637355ac54
data/thermal-1-filtered/train/images/0_0_000707_jpg.rf.7ef64da285c89290640793d6719e9953.jpg,105e80a7fb882f26ff70a9f06ab411d7a8a601175e9db0317732166c14fa0d07,b1744b55ab25554d
data/thermal-1-filtered/train/images/frame375_jpg.rf.c3977d576aa0adddcb60abbc774f6f35.jpg,a9ea60031ed4b627ca1a08eb60cb29cdcae55fee3fa86bffc45ff6e6ac1d8afd,9ea5ab8a0355717a
data/thermal-1-filtered/train/images/003085_png.rf.6a27d74f480ee882cb8febaf1db61210.jpg,a8c7d6986843dee9639829e14afab6f8c7e38b6557bd0a7e9cd845db891c493b,b42a5d3344be4d72
data/thermal-1-filtered/train/images/002402_png.rf.43a5d5677ca8e1a43fb246eda048ef76.jpg,9a9fbff75fb099cbc22f7d2f7f6835e1f7e2ed72db08251aeacdd08e56b25e0f,803f41ae4ba659b7
data/thermal-1-filtered/train/images/IR_BIRD_012_frame165_jpg.rf.7935b403a4c565a572dc27bc0404cd81.jpg,c257dc3e1944c66267f11b25724ba1524e26a62e7b3ae525af9c14801ba6dd71,f609f249897609f6
data/thermal-1-filtered/train/images/003696_png.rf.9c1111079549f128cd911496ec035f49.jpg,753598c3321a58c929c618a56d92f570c476c513b2ce6e06d1ac08f2fdd3f1ba,b36e693e13965f00
data/thermal-1-filtered/train/images/frame244_jpg.rf.c0dfc89ec0fbc1bd5fa48f25b94dbe9b.jpg,b4ad9de397d41e7abbb04f45fb764b7ce9658c1d5f3a94ea7caf3515549d3d92,ed92930f0d16b3d1
data/thermal-1-filtered/train/images/frame681_jpg.rf.18b9f495bc4ade5a4cdf24f7d748bfe8.jpg,aecfc3abea2df9be6421e7ec74ecb71832883eb6043ce29caba4669a238713e3,baa0a4d2e9c5db51
data/thermal-1-filtered/train/images/frame227_jpg.rf.e3c6fcd7bdd4ebe52c83dfc6d29c334c.jpg,058819bfb34296da51869e473824a5ed4c881fa53262941b7452212c2809154f,e692291cb83f1e96
data/thermal-1-filtered/train/images/002458_png.rf.6516aa8a5a9478d3d0ab150dde7d7110.jpg,62cafe150698bf46cd8ce0d906cdfae4b7e7d4b1f9a759949ce2e1b476735c43,85f555bc5aaa50a5
data/thermal-1-filtered/train/images/frame365_jpg.rf.addab8bd12d436e4af15c2f544de8519.jpg,50f80ff091c1187b1476c7003b1ad118ca9a6a75bee14dd91e3c9eabcbb4760f,e3bd95860f0b0f0e
data/thermal-1-filtered/train/images/frame478_jpg.rf.88a16e06c174f6c0e9ec629fff32268a.jpg,fd7e6820138571699de7d51507b7f08921731c855b27e5ae42390fb3b333a789,fec383cd90e89463
data/thermal-1-filtered/train/images/frame331_jpg.rf.22371915568f81d4ae00d8f1c530a636.jpg,05305f0957aa21d9937a96bc85af98c87f0d9b4f46d096e0f8e4bd1e1b4a21ee,b5d5953d5a8a4b81
data/thermal-1-filtered/train/images/0_0_000201_jpg.rf.072a4d2c5a719fff13ce420c523add40.jpg,c19e278bf54aa95296b4ddef960017607eaf424a4c8b064dac8f877e2b37f667,ab00e231f97cd64d
data/thermal-1-filtered/train/images/IR_BIRD_012_frame69_jpg.rf.332ecc9c7c7350f547365d3a05bf61b0.jpg,f34859ced40b98896bc1be493fa550dc5fadbbbbac426de06f0624916bf79785,f7188c7708c57f18
data/thermal-1-filtered/train/images/IR_BIRD_012_frame231_jpg.rf.5e1b2239a40d7e4d8570fa0d904ce5e6.jpg,8590f40861e049134a5f9ff6daeb0950f8bf0edeb782c9364e9435e3e331e97b,96624c5963ce5973
data/thermal-1-filtered/train/images/002803_png.rf.8bdc5b6e779a3209a6e7512a3d347719.jpg,7d851252da2de4abaadba2e8b247f9ae5aa76a409163a54df0b33643fb387900,bf702ed42b956a11
data/thermal-1-filtered/train/images/002795_png.rf.f1f9d00c82d3d67df701fa7adbe5c241.jpg,4134def30789801f02ad22237f9fef2338db3a0903e06dc43c6f7a6a253d4cc7,fb542bd00f30cf61
data/thermal-1-filtered/train/images/002350_png.rf.51f806182a2c5e00bc7462d913fa3e75.jpg,c689780da14a631230f002b619efbd282fe8654baeee057372a0a1f0dbb00445,d07f001e1f060fbf
data/thermal-1-filtered/train/images/002023_png.rf.2438ea12788198c7707e516866c8131f.jpg,01e0180165c181c66d60e154cce0b8012cddc1582db1f9102e74e6c30989a85c,d56805780eff1ce1
data/thermal-1-filtered/train/images/IR_BIRD_012_frame131_jpg.rf.b00aa117db0bd2778f6bb1f1c1fc1658.jpg,e5a6934407270da2ee438db8e03d84af048b67066f32f871f116a57fdb6e4c4f,d40af55a8b740bf4
data/thermal-1-filtered/train/images/IR_BIRD_012_frame252_jpg.rf.15f56524088228bc113cefe167e6b542.jpg,0e1be39b9bd558cbcf441c71e69bb9456bdacd8452d4b784b9cc9643292f3e73,a24addb72ccb9234
data/thermal-1-filtered/train/images/frame620_jpg.rf.75dc296397cd60306777f704131cb360.jpg,efaf38116f655911f70601271c9fe4de1a0bedb885a11d436b0d3ff1992a42c6,eee6f8b8b4868630
data/thermal-1-filtered/train/images/002684_png.rf.ce921d3ef64a0dd4143e0772564787dd.jpg,95d7c03076f4312ea5ed42ffab77c503f36390db389b7bdad15872784c76e288,8e2a4050ef7f5f50
data/thermal-1-filtered/train/images/frame672_jpg.rf.b13f2a49da05c06944455b146036305a.jpg,cfe630bd9e795e9581e52b22a252d654645fdc5403da468bfd326b386a934f2a,fe17a8879130c62f
data/thermal-1-filtered/train/images/frame126_jpg.rf.44e75f004683f578a45fcca7df8e4a83.jpg,e47e58e16e812e2fb9b4bc02ac80ac01600c7586131fe74b25bf1001219c54c5,95951536560a1f3f
data/thermal-1-filtered/train/images/IR_BIRD_012_frame151_jpg.rf.d2a4c353c8327caae852dc24935c7760.jpg,46570c5408bfc0664661f51ff255083aee8ebdb34214e1d788fb7f5fff7972ec,d609f649897609f6
data/thermal-1-filtered/train/images/002350_png.rf.91e84985ddf217b3d94ca3bc773f5f4a.jpg,4c0d1a77106a664848a40aa8204a52967173dbf0f85e57ef1ac8173cdf91effc,be2add42d049f21d
data/thermal-1-filtered/train/images/frame411_jpg.rf.45883c7a93ff23e292963b5fe7285b80.jpg,ede848016fc92fa316cf8f97af4fa1845be5522896f5d9d375e3224c9734f0db,c5bd85045e1c8d9f
data/thermal-1-filtered/train/images/frame121_jpg.rf.d034b3a0ef74258b00734eda671c0fb2.jpg,4e06a14f529ef19d4881c277e8e6f810d33a95cc96f23893da38a7db2044db4f,cec1a1fc2c0ce7c6
data/thermal-1-filtered/train/images/img_0457_png.rf.9caae43e83ccd12a79578c46ccee5862.jpg,e2e1c61662976baea4d42da6e0c64c4d37cfe50d592c3a72fac124480d31e58e,90dd408542bf4faf
data/thermal-1-filtered/train/images/0_0_000003_jpg.rf.50ae9baa0e3a2b3032db0bfa60cf84ef.jpg,f0cc3ecc40bb8bc9792c2c32ffc4391bbabb19384e3618bab2a06e11dcf823ca,c07f51bd462a5cb1
data/thermal-1-filtered/train/images/frame391_jpg.rf.472327877b8161dfbefafec9935bb940.jpg,bd597d3ae91c056e3cf03c3b4ce43a9934d5b4804d68c3257030884ed256792c,a1d5552f162d52ab
data/thermal-1-filtered/train/images/002291_png.rf.962a3606608df0ecf471949bb8771c5d.jpg,4814d78b0ceae95b0b18a00abf5e095cf98fc4091575427cededb06de8762b0e,a83f502dcaa7ca3c
data/thermal-1-filtered/train/images/IR_BIRD_012_frame11_jpg.rf.72ca3bbbe9b52a01b0fdc336dc2305ad.jpg,068bccbd609dcb661bdbfad1d4e10a1dfb5aa64f1d20a1f886eb02424b6a5cae,a46856e94bda5ad2
data/thermal-1-filtered/train/images/003767_png.rf.f93fbfb70e8d53d8025e5bcd4ce70c77.jpg,9afbe4090d5c63e22d0b4a8796d2e4d1f16e147d62e0fc4f4acc3407d3060747,d17f00990f071f1f
data/thermal-1-filtered/train/images/002341_png.rf.de16465f0d82533f946615a90a1ebdc4.jpg,4bcc4d4bc196879a94d116aaa87fcab8d049500b1e72f0ebdb2f8ee57f085d4a,a03f40ae49aa5bb7
data/thermal-1-filtered/train/images/003827_png.rf.29351ac1c8e1aa23dae502459d7adf7b.jpg,372e9fe8f5e7cda5ebb2a6eeb941f4c63f7b19c798d80d4435c3f5eab2fb08be,82d4d5524a6be575
data/thermal-1-filtered/train/images/IR_BIRD_012_frame240_jpg.rf.121f3bd6e7a1ba29e0ce84cce755dd47.jpg,91bdd2ef37763b2b91d363d78b5780561b1e15a95a7393120d70e9eff3437e45,807f5997346dcb12
data/thermal-1-filtered/train/images/003753_png.rf.d34c4afbb6b653a7b0bdb5f7151c0ee9.jpg,d20f7864aae54a9a4e6bc62118a8d47b1e22a94504b425e4003c967fcc0b4ef9,842a554e5b555f53
data/thermal-1-filtered/train/images/frame272_jpg.rf.168369deb2c0acf89e3b7af1d87d510b.jpg,7a663f418dfa63f72c807bd67f8c649633ac15a174076a1516b0641cae52f531,a497d50e5c2e5c2e
data/thermal-1-filtered/train/images/002276_png.rf.7205f5285aadc1f8f417be8cd72c27ae.jpg,78ffdab87d12baadc9eaeb1403081bef9902c00434c9582b7fc188f677357c9d,fb7f801f801e118f
data/thermal-1-filtered/train/images/002202_png.rf.37146b9052848a9ca342d6dd4f5c432c.jpg,d39e449bc83e1edaf87163624f8f74b976c642791dab24c6581098405e4b71b9,d08080e91fff09fb
data/thermal-1-filtered/train/images/002363_png.rf.de1a641b6bc4800241917e602f6ad9e8.jpg,0abfaf01217e57837caf03c0db2c7e43e89d6698f9658f783887192eec0d22e2,d08080e11efb1ffe
data/thermal-1-filtered/train/images/002245_png.rf.d2cc12ee16907161918de2e917dcca2a.jpg,2b34911497f77e860e3918bf29c9f9a9a506e815bdcefa59886f6bf8ba60fcc1,a03f003fd53fd225
data/thermal-1-filtered/train/images/003045_png.rf.fe7513393cf309f6447ae30f77dfbf60.jpg,e2a2745a225e56e8be81940cd077656b630512d3921ff6f58cbf4d331aba9353,85d555b954ab492d
data/thermal-1-filtered/train/images/003500_png.rf.c40c2ea45b99e4623f661ba74cd3ed8b.jpg,619a149a8b9f45578554e93b64da86599b3cbd641dc782dff08e712c2628b82d,ff621d4007cc335d
data/thermal-1-filtered/train/images/IR_BIRD_012_frame172_jpg.rf.f14a879103d5a93c1f5c38b8613bbba9.jpg,abd0fa056aaf50c43831b4ab0d9f3db58132b0fafb3abcb2ccec26edc3867070,a94a55d556551557
data/thermal-1-filtered/train/images/002841_png.rf.d2b9e8ceab3164f94f7db12341891c1e.jpg,a32d7d86351a5285752b3c0fbd4b178315c7ccde991b2d20e1c81b88d345ce3d,a72ad5495b525555
data/thermal-1-filtered/train/images/002223_png.rf.07bbb0737d6562611d4902c2c4a2f665.jpg,af59fd5498c3128f589d2aefe3c5868d9d3b32d6c4a10c7cd6a6d5f436d101d2,d07f00170f071f3f
data/thermal-1-filtered/train/images/002335_png.rf.dbc0e142669882e14244b87e4d351917.jpg,5bfcaf5fd68d51f454f555db0b9121badfac8b2be80f511fbbdd0c6b3b7d5cd3,85d5d5b550aa55a5
data/thermal-1-filtered/train/images/thermal_tzeelim_021750_jpg.rf.ec6e19502a7fe7b430b4c5bd814a4617.jpg,9ff54515df1c6fc228e3d7806692d29c96fa74cc117766a23c451631dd27848e,852a555b58555f6a
data/thermal-1-filtered/train/images/002962_png.rf.080a1780fbafa431d62b4f5271a2f339.jpg,48e39863eca3457249e09fedf6b4dadf7d0335134599dbcf2b49b458c811b597,c37f00060e3f4f37
data/thermal-1-filtered/train/images/ir_2_018280_jpg.rf.163940ff1eca3a772a3ce22c674e0a9f.jpg,a9d4394854451012a1090068cfd813357f7f542d54621816064e6cbeffa14358,b468d40e0fd40dfb
data/thermal-1-filtered/train/images/frame258_jpg.rf.8fcc281fa3f5c63cedf1190ad2ce3f51.jpg,dd7b07702a97d9d7781ec909ee6acf3e292a12d26a817101511a6c4dbd16cb8f,edd09292b2e18b6d
data/thermal-1-filtered/train/images/002713_png.rf.bc3b54e21dbd0c94b92e59cc600ff223.jpg,6c3110dd7e1c2365d5ef0fc4e3fab8b87a826f389fa2566f42518eb481dc0437,bf2a95601be1196d
data/thermal-1-filtered/train/images/003085_png.rf.83bf7a8dbc88dcc0974b27c3569891f0.jpg,c6dd9f14e60d8947e647b40dced0ea35635f870da8322e49513eceaf5270f50f,d94e8178b073bd61
data/thermal-1-filtered/train/images/frame157_jpg.rf.6a16878326eadfcd0e10338f0d1644d3.jpg,64780bd00f6c3b9dc28643ae429ff24934c55f8a64f3235f30f9737fc0af0786,ea3984c69fb9c0f0
data/thermal-1-filtered/train/images/frame229_jpg.rf.766f053412b6d44c68d658790fd5ac56.jpg,ab0d4d11e0711d0fb1278648c0dae6a28c03e888227040480fcd403b816c3f8f,d97fada0376844c4
data/thermal-1-filtered/train/images/IR_BIRD_012_frame189_jpg.rf.237e9f3e4ea5a3f851b7d314a41114bf.jpg,b2452eb667b92f56108d61612dae921ac4c4684a48710061f1436c099e794b27,dc33cc23b14ca3dc
data/thermal-1-filtered/train/images/002068_png.rf.ae1e2abd99c8999c58245726f522d63b.jpg,9c6e0daf17ef4bb3a37210bd876de21c76476ca17b46eacf123cca948b80a87a,d05f84bc0f370f07
data/thermal-1-filtered/train/images/frame297_jpg.rf.0ac14cb4d531ea4c912a3573119ab5f1.jpg,2802d44c494938e626743fbb81a078ffd500a229a988a118964c55bfcb3aee1d,f02090d0d5df497f
data/thermal-1-filtered/train/images/002238_png.rf.f2bdbd16533b8939bfaacf6f3ecbb16b.jpg,7cf6bda3543425de073cd7d64fd099803b1254f5d5e66e4b49bafcfe9c760315,d08080ef05fb0ffb
data/thermal-1-filtered/train/images/003804_png.rf.9bc57b2e09377a2af28433dadb858723.jpg,1ef5da563951d500a231732a38ff64123acd3ca56a5815aa02f66369d4fb5f81,d56a106b04ff0fe2
data/thermal-1-filtered/train/images/frame451_jpg.rf.db943d62cca6c15abd1c4af4229d936d.jpg,684f290fe35303fe602981a86c4268a777c4ca255ac88fde01bbfb4c89b3a465,efc43872803ce2bd
data/thermal-1-filtered/train/images/002421_png.rf.2ee687a3a9f62b4108c47a32b2145bdb.jpg,6340c306fd9313d4eaad068532208348e77942637a8cc0a1fc3a72e25abf2179,ef7abc42dd229422
data/thermal-1-filtered/train/images/frame475_jpg.rf.84cb1b0ec709e33b04986dca28c9d1b1.jpg,15a38d69592ad96ca128a7b083facabb17214ba209307aca778354c8d9cb0f4c,feef83e380618433
data/thermal-1-filtered/train/images/frame482_jpg.rf.776e0434e61dc9dd247063e2ad631f35.jpg,d5f5ef9ed4f8050eb8645e823bf5a440acb3856767c1d3973ad7963a92282dad,fc17009d578f079c
data/thermal-1-filtered/train/images/frame203_jpg.rf.0daeb90a5d48bb1ce2fed1ad7df988fb.jpg,1125de3c9e70be9894088c8d4da50d63cd634019116a5a472715412961b27772,c8a552b3b63839b6
data/thermal-1-filtered/train/images/002241_png.rf.8141d5b74886fb5a50837c03aae53922.jpg,cb44bf2b28ce4dffadf582b09b35e12af5b1685a0a631ec0813accfb5c04eaff,eb7ea855807e8165
data/thermal-1-filtered/train/images/frame311_jpg.rf.78948449e92ae1468fff1bd00d92b9e4.jpg,27a9610b912a4996c7261808876b5cef39ad7b65194f7bf620e2918ebac2b9f2,f090e83d3f9db282
data/thermal-1-filtered/train/images/002507_png.rf.5824bfed22012ea85cdfdcb8a8145783.jpg,f040fc6b9a583b312d24bf7828d3e787291bee16662aa9cba3e56f0e3fcb1ae1,d0a080e80ffb0dff
data/thermal-1-filtered/train/images/0_0_000404_jpg.rf.8c859964fb485ecbb40a53a3f8c28d94.jpg,ba71ba8e8b716ab198e8a80d3ab3f35bb9985294ce91307270a64d15180c0224,9d684d5b52465d59
data/thermal-1-filtered/train/images/frame412_jpg.rf.a06865bc2d2fff655f177a3549c4e602.jpg,7698d2cd2f96309f4f52bc2fa5f5c52d55b1cbf8d255cb95eae5df935617aaa9,e0aab55eda91915a
data/thermal-1-filtered/train/images/002344_png.rf.b9e573b1d115343256db170a13f7b20c.jpg,b1952b68237257adefe4aaa2dc98c8003cfaff138714f11763942068d24bbc9f,d56a157a14fd1ce0
data/thermal-1-filtered/train/images/003060_png.rf.46fea3797f92c991cf30c4c7c599f720.jpg,4df75c5bb9bd9fda909d06493c32bb53c027997acd480c90628c7ce517496fe4,f04b87dfb32180f2
data/thermal-1-filtered/train/images/002164_png.rf.003d35e20b8fb6e8fc2dfafdf2fe15a6.jpg,965807cadef742f6257e5387409aae7d5f0d1baa3f1679dfe1aa002ae5202cb2,d0c085e307ff1ee8
data/thermal-1-filtered/train/images/frame232_jpg.rf.c3e85aff68b03da546bf224511105f29.jpg,e00c40a094779d0919062a5d83ebc534705b4f00e494a696b29aefc96ce5de5f,b1e25548c14b4b7f
data/thermal-1-filtered/train/images/IR_BIRD_012_frame261_jpg.rf.ca55e90b212f2fa6443a2db08a2287b4.jpg,418ef8c582e7685d5eecea9f342f3deb3d214071c542816c6b92586d2ebad356,e1ce18d913f316d4
data/thermal-1-filtered/train/images/002722_png.rf.b0aab06d22230f39cfcff0c41625630a.jpg,883f3cebaa1d589c1e2c2baa06363c16a8f9b7af4f3fa69f2af1f66c6395fcc9,956a156f06e70ce3
data/thermal-1-filtered/train/images/frame52_jpg.rf.6cfe6163b6bf43e9aa222bd85cbfb142.jpg,40f5ea1eef55595e0c74c808385d2744bde1a3b2e899203a65e8e717a8169b0b,edf596871c8e0703
data/thermal-1-filtered/train/images/frame492_jpg.rf.b46d590f1da6616bf079c58af3056f99.jpg,96fc6d0e6ce1d814ccfb95e5a12b322529ce49d8156b93c35e06205013c6daed,fe03dcfcb300b036
data/thermal-1-filtered/train/images/frame188_jpg.rf.d86c75874c5d09dff4ca09ade3d996c2.jpg,24cde28768facb76af7c3b57d5b3d34e92bd7def6d9e5367a92af5de1e682ece,cba53438be31317a
data/thermal-1-filtered/train/images/IR_BIRD_012_frame175_jpg.rf.0a01f1476d1edd6732708a7561e8e75c.jpg,37c17d56a2e8e9334e726d0b49c85bca59b478564bc2c0bfff5dc0fed8bfd7a4,fc1f010f50b05f2f
data/thermal-1-filtered/train/images/frame568_jpg.rf.92d16e4031cd41e1a2b14902d5a6cc61.jpg,8df4b25f260d13d2c8c749087cddbc26424e9613cc558e35a76ed1dd39c34e51,eec6e8b9b0348e86
data/thermal-1-filtered/train/images/003039_png.rf.0925ed8877b78b8b208afdc2a37c5da8.jpg,8278e98ef4eaadc7888d8f44c70aa1c56fa2264c61eca2bf3d4cbaca30ea3cb6,95d5553652aa49b5
data/thermal-1-filtered/train/images/002423_png.rf.e663ecb05118ba2356b02bc6f0e8e20f.jpg,af7e6dae9c3adfbcfb05918f959fb69cd93d0f7ff3b526a7aef7f89379b4225b,d97f801f0f05071f
data/thermal-1-filtered/train/images/0_0_000346_jpg.rf.218fa1029e437ee505887362e97d63f6.jpg,3cf10c60e2132c2b0a9256bb1c61916e8d88cb0b71190b0ee819b9250ee32a8e,a25da2d72c52bd0e
data/thermal-1-filtered/train/images/002020_png.rf.3c1a6e018341524b256af36e1b1f45c6.jpg,3b24702a7351cb894921478c61c94d5de224b876ac61381702e4588613368060,d09784850fbfbf80
data/thermal-1-filtered/train/images/thermal_tzeelim_021760_jpg.rf.73fc0edd7566f52f0ebf5e93a1202837.jpg,aa3c5e8a4a4db59cb8c48b8b3bb2b91dfea96056f0b784f7978d91ed5356efb3,aa7be549d125d324
data/thermal-1-filtered/train/images/frame597_jpg.rf.4aecdaa67ac758bf767ab790d9af0d53.jpg,14ce0b266da13e5f94de47be4203a31533da54c617fcadc4eaaece101a5d7866,a07dc1ae552d5596
data/thermal-1-filtered/train/images/003852_png.rf.9c44948b64fb8dabcae464030d958b6b.jpg,5ff2613ba66cd2e0a7fa1309f437e0c03e746c0dd78a227119e5e574f5725fa0,94d555b65a0a5bac
data/thermal-1-filtered/train/images/frame272_jpg.rf.a39248ddc2f27c554e2cf1f7a3921879.jpg,a1cd46d6a3eb63fb0686ccc5773a9176ab33dbe23146cdac9b08203581a34c2d,fbcc8c0c8ca6cd66
data/thermal-1-filtered/train/images/003850_png.rf.a6c3c678927415ca603d1a5ffdca2f81.jpg,78abfb05c30c1bde9561520365d04bc037d958f87abc28f57a82138f2a82821c,f37c27780e41bc07
data/thermal-1-filtered/train/images/002457_png.rf.7be8abaf752800db329b95c805fe8cb2.jpg,88f1fd97dbad71654f40aa0fadc12ac401cc525f49cf1aeb67086113c40ad98a,850ad54b555f40fb
data/thermal-1-filtered/train/images/003792_png.rf.640c973c7cc3961bf0e8770e28a854d9.jpg,b2a20d2d9b454570253ee85f0df03001d385a18ca322c2cbd15fe72203abbe4b,907f402f52b64bb5
data/thermal-1-filtered/train/images/003910_png.rf.004de3508493f65e566548a98420f6e1.jpg,6f657a386722113e09ff9d5ecd692b25df23aa1070aa0ec0a748f31fa124c26e,d96f144b34ccbb24
data/thermal-1-filtered/train/images/002732_png.rf.eafa057901ca212b078aa423a883f7e3.jpg,b9467dbc220f9fd4ca5111cf6ff450e72105c0c2a83e24bb63add08db7528435,d07f001f9f0d0d1f
data/thermal-1-filtered/train/images/002413_png.rf.8814ef934530291bbc130326b72f4a87.jpg,5a6ea51975a313ea7c9556df8c0859cc019a8348a800eca08d3b8483069488ac,852ad54b56555557
data/thermal-1-filtered/train/images/frame530_jpg.rf.7bbb437540e2c0faaaaa6a458f12d57c.jpg,12dfb234701132525c6e091ba5760ca9d5ed3ffe9bd68425d06e7c31d97a5a79,f4d5951f178101af
data/thermal-1-filtered/train/images/002718_png.rf.9acd0ffedb6605158dca64bcb6a31553.jpg,175e371acf48a1fa1c570a33b4c7743ef7049f9b76cb2f6045e042922ff2e29b,ab3bdb04dea44866
data/thermal-1-filtered/train/images/frame496_jpg.rf.ffc3fa8195e0b37b88f01d0d91f91558.jpg,77013b45556972235b2654bb68b5db9a9e0fb1c3c3e709fd205dc23b55113594,bd5f9441a5485aa7
data/thermal-1-filtered/train/images/frame418_jpg.rf.dfd4bf1573d07189be737f079d0b415d.jpg,9972468ffb4261c9d68d425fb4eb408a72a01f9c33120fcee7ef21d65f7d4a4c,e9bdaa5ed891904a
data/thermal-1-filtered/train/images/003832_png.rf.ac4b0a3f19b2309c82d03e019c558b59.jpg,bc9cc58921faf8c601f756587c7abd029c87cb647f92784d72c3f4ef82866358,d0c000fd0ff91cef
data/thermal-1-filtered/train/images/002775_png.rf.f34f97977f72e42b876bbdd83a3225e5.jpg,afa5e5869309ff2cd2f76e0ed4028f496e5288fde3a9cc16502b2f4a33f12ce4,955d52a555a65cb4
data/thermal-1-filtered/train/images/1189_png.rf.9d5432b9908e7719224e9da33362e819.jpg,88a5b912943131b79df8d015b8cab479f3571f2b14030139ac8000eb63ff6837,951d55ad5a160b97
data/thermal-1-filtered/train/images/002365_png.rf.012caeb2cea7bd9d9e485f2b8756d9cf.jpg,7ad76c361b1392c4afb74b1e7bae39d57160a803467cae52a70e2680467226e7,c08000eb1ffb0ffb
data/thermal-1-filtered/train/images/IR_BIRD_012_frame301_jpg.rf.83a2b239bc866b5a8700d73c5a0485fb.jpg,1e796ae3e36e02ee075e0bba4dfd20530bbfa0f64e033a66ac32ed8d76ae0510,805fd1b569ca16e5
data/thermal-1-filtered/train/images/frame213_jpg.rf.1a477ff7a2125ee2cb59cbc619b3ae5b.jpg,1a19c66c7d73b2e3112dcc431e177fdc90ebecaa43406f69efbc3894387c3e1b,cabd7e32b43039a4
data/thermal-1-filtered/train/images/0_0_000192_jpg.rf.01c566b53b83ce9fd8b82f1b1be68b98.jpg,6a01f58728a7f34d1a48964b76a77b9a57d722d9c18b743a71e114dfa2cb1aed,aa3fb51e8d257089
data/thermal-1-filtered/train/images/frame209_jpg.rf.410d9395a3112aaf365eac17c503a967.jpg,9c57e5d16cfc9b4ee93fc6ae35a0f02cfb878ffcd39749f4799472cea396fcc5,8cd52a2b963ce595
data/thermal-1-filtered/train/images/frame311_jpg.rf.12ea3e339b0eb3fa5cd59b18597471b7.jpg,01719b4050d03805ccf19d118bd6d210533b5b293685e053dfc9fd0ed7b39e0d,b2a2eada694a5a4b
data/thermal-1-filtered/train/images/frame727_jpg.rf.9234e4fc128d90028298e2285c108624.jpg,7e19b137b1f2e7acba274df2075418a754c9ba7fd3ded5cfca5082cd48877de9,bd95d585d0821caf
data/thermal-1-filtered/train/images/002335_png.rf.08cd9a866bc75216ca95dcaee8e487d7.jpg,461a604ddba806a486c0409b9888c92814fb4c7f071e0fc1181c51ba66a7ec30,952a554b5e555a4b
data/thermal-1-filtered/train/images/frame704_jpg.rf.af5d99cf9801167d9f653f33614d0f80.jpg,4842a1630ea041603f5b6592db412416516b79553460e2197f2e6bfa75a6c02f,fe80feb1907f0096
data/thermal-1-filtered/train/images/002333_png.rf.5f4d0f3de01ca6a2732a98e845786511.jpg,1dfc859989576376ec1a3012cd2cf751ea9a19cc0a89a31b1a4bc9cee5293d7c,852ad54a5e55555b
data/thermal-1-filtered/train/images/0_0_000032_jpg.rf.b776acf8be030fa476b83fb20414697e.jpg,82c5cd212e53e804f866c1c676daf7a1a9c7bb9ea5840a54f3611e5c9a1bf535,c0770c9b26370f1f
data/thermal-1-filtered/train/images/002780_png.rf.5a412617bf81504a3fcfc8ac4304d7ae.jpg,29824ce44190cf287c110b0c458373c5a47b610e327325c2591b4c95db7ef2df,c07f1c0701be5f87
data/thermal-1-filtered/train/images/002402_png.rf.e0a11c739d12f48e617f71af53983cc8.jpg,db594cb655b0bf6afc88f9e44f7207d1c5b5d4728b5e13fa16b010279f090517,aa7bd608ca94c73a
data/thermal-1-filtered/train/images/frame564_jpg.rf.40e2d1719dbd243a317ced8e50ca6ad5.jpg,74f17f2eaf6ab364b79de986fe92c0146418201c72c7e381da1b132f1d3905d1,a05dd1a6552a55b7
data/thermal-1-filtered/train/images/003838_png.rf.0c29ab237c2c7d1670ec21f8b876fd2b.jpg,2fe62fcdf4c7ad66d767eeb11ea0ead0109d9090313dc130376997037fa1b351,c07f001f1f3e191f
data/thermal-1-filtered/train/images/frame692_jpg.rf.426a0add952427d4c9e6857a44210ed1.jpg,5abd095d558f6a6aeffcc6be751b080d975bf6be411332f73ace3048c96d631b,ba85b2c5bac5aa51
data/thermal-1-filtered/train/images/IR_BIRD_012_frame199_jpg.rf.79ae57e67e81202f7af2a0548115e7f0.jpg,2ca99bfc8007fd2927ecf3f0778acb9b8d626621a42a1149ee00e957817f53a0,fef0030f0f0fe0f0
data/thermal-1-filtered/train/images/IR_BIRD_012_frame263_jpg.rf.f09a933ef40d73f5d8801a62bd8479f4.jpg,deb7a253cb366c3ba055a0419c938900478c7ec9f244f50eb899e6134aaf2720,a24fddb52ccb1234
data/thermal-1-filtered/train/images/frame595_jpg.rf.e8730180748560dd1c99faddfe117c08.jpg,78dfaa1d54ddf6431b3116e270f1abace4a090178689ffb4b45df21f18c4c2cb,ee42c0f991f4c6c6
data/thermal-1-filtered/train/images/frame131_jpg.rf.431a2a54e67337b697140b7b203dbdf0.jpg,c17d1ee7efbdbe0ac15ddeb6bff8329dd34404651c97143cf66e0ea4bcc4f809,946a15ec4bfb1cc2
data/thermal-1-filtered/train/images/IR_BIRD_012_frame152_jpg.rf.2e4091884c27149a1609fb299659618e.jpg,8c1576ca93b0ab3c3def9dcec924601dc092e2cd75599f51f83903defa276170,d609f649897609f6
data/thermal-1-filtered/train/images/frame115_jpg.rf.a5b4d88aae937945fedae7843149e514.jpg,84c313cfe14b405a0df385c51b1d1415bd44aa10e10af02ef3a003f1213a0f4d,cec1a1fca404e7c7
data/thermal-1-filtered/train/images/0_0_000041_jpg.rf.1476323586f6a893bcfb1b303210d8bb.jpg,b2cb547ce12b895bfbb64c8e3a77346adbf7a92e74854108a90e0f5655b39a5a,95ea55645c595b4a
data/thermal-1-filtered/train/images/IR_BIRD_012_frame281_jpg.rf.2c402db9d1cf0f2542e22d64af253d53.jpg,d357532feab9d98067f18437efaf82d5e40f59209ad0859b765a8368cd2d1fb1,a24addb72ccb9234
data/thermal-1-filtered/train/images/ir_3_030830_jpg.rf.811157badee5b06ef1ea3d046d2d2867.jpg,c022393026678a7196daf2420cc11e723f4e25dd7e471eeb8a5d432a4c10962f,8575512252af5f3c
data/thermal-1-filtered/train/images/frame124_jpg.rf.8bcd74dea775410bff4e94d47334ebbb.jpg,2edebbd0a958effca624995bb3e8d51a2e5375d69416a0c17deb6f858fb9a2e0,cec1a5fc0483e71e
data/thermal-1-filtered/train/images/002210_png.rf.9bdd5f3396559e4816de35ba73c93ce7.jpg,cf37de4c2c89c4c19c43f6504a34e39bb522d42b4fe7a40e03efe6b5e6178e28,ff6abe40d228d225
data/thermal-1-filtered/train/images/002512_png.rf.680bbfa1abbbecebb0fdb252782ab149.jpg,05bf252b765ffd195b4cd60c2a70e59662d20c36457beb7d509aee092dbefe8e,fb80a40eaf1e8e1e
data/thermal-1-filtered/train/images/frame493_jpg.rf.432c78ff0db1c3b9bc552184e60eafc8.jpg,9a507f7067c796e1aa4b0116a4e3036b6f8e45c80a2c88d6f85116d5e8905bc9,fe03dcfcb300ba06
data/thermal-1-filtered/train/images/frame422_jpg.rf.d12fdc5eb6487c3cfbcdccb2fc9ee0a1.jpg,a1e5c287544979f6ea575bdbcd4717138c502dfcb8fcab7e2d8f1f7dcfc0fe27,fd9daa494891d949
data/thermal-1-filtered/train/images/frame664_jpg.rf.2db619e1f50981b78e5c84c60483ecc0.jpg,360cd5cb683f7fd8636e8cab39277be4fad0bcdecb7c7bf8fe2c8467528adff7,eec6fa90b884ae86
data/thermal-1-filtered/train/images/IR_BIRD_012_frame179_jpg.rf.9af8feecd14b3ab917d57f0d781cf4af.jpg,9798c5488ba5acca21441ec18dc06d38aa6a546428e0144b3720ec7600414260,fce001f9407f00ff
data/thermal-1-filtered/train/images/003791_png.rf.0cd98c4669cb3430748e8f58775f36b1.jpg,3be4e03a0c183bfe25b6e7f73240f57878dfdd3c34715e11ae53794f7ecec032,f36ebd0d921b0174
data/thermal-1-filtered/train/images/001512_png.rf.ce24341693ef64382eb0f13880dfec3e.jpg,671a4c6f006a53fa9dde58a71f379eb297631de11ca2ad69de9bf08612e7949b,bf2ac54a9520d72e
data/thermal-1-filtered/train/images/002793_png.rf.0b6db6db897839d32798429e1d0ec080.jpg,73f63736455760e57b3c049953a3b55188cdbe2ed85329117376d4a5db5b6422,d56a05fa0fb08f61
data/thermal-1-filtered/train/images/ir_047270_jpg.rf.cc338441297260440ab0e580657af9a2.jpg,74406df53aa628ebf551add15def67af8e7c03ae720c03c3bfe5e5c8d218a747,bb1393266e6a4b26
data/thermal-1-filtered/train/images/003428_png.rf.f26d367f2de1ba85745e1a9d3fc3eb77.jpg,42d695c9c10f984a1faef6473646ff4359c2f447829a50389e3f36f3f19ead52,952a556b5a515e6a
data/thermal-1-filtered/train/images/003702_png.rf.b03b4c2daf5fc650fef872a1781430ef.jpg,90e8ebcb7d8e18569690be449394cc64322ebeb9b27ae5190c0281a783d35ec2,b37e693c83944f09
data/thermal-1-filtered/train/images/002795_png.rf.659e9f9c03be3ba155a0f0f40864621e.jpg,f8cf4a58eb4af40643d8616c01f55231a9df28fd4ed3d02c8b841fbed5748522,c379bc1f0fbf0018
data/thermal-1-filtered/train/images/002285_png.rf.7d5c50636799da29beecbb6b894c8065.jpg,a10a760638bce96fef84e88101e4a68dbcb62309f61c7278bcd6f22b6bca8d03,a03fc02dd2add1a7
data/thermal-1-filtered/train/images/003544_png.rf.0ac531a2388d74dd3e8235b75d062a6f.jpg,ee87eb5eb97f8a6c999ba397324c41a8d249be1c29b653ae62e0293f9adbb11f,85ca55d5595a5a5a
data/thermal-1-filtered/train/images/frame276_jpg.rf.dcc3e2674f3252c941a82ff06ea9dc33.jpg,7ad958204f1ab13e13d13ffcf90656845624f2d32a061e30962ccb88595265ca,f8cfc40786871733
data/thermal-1-filtered/train/images/002727_png.rf.5d0791a016133b7d3ca49e1803ad4ad5.jpg,14d3a9825b84f9d191d494f51d679dfd65bb13a979b5fba7df4a8a9da8674f41,aa2cf343f363984c
data/thermal-1-filtered/train/images/003780_png.rf.8a4c1266566f6da33b6e6ba1745c5462.jpg,68f1341fecc6bde9557ff50449f13b287bf7252bdcc8ca2b3bcb98af64dc4cd0,f26fbc0d821b8978
data/thermal-1-filtered/train/images/000012_png.rf.7cb82ad9e53763487fd5ce73d2fa0a48.jpg,952ca3aaa1ccef41a319b43904af6670c1c94bc6d399babda1ba03e587801bf2,baf1c547c707850e
data/thermal-1-filtered/train/images/001986_png.rf.03f7463bf4f9fb53d907c0e06c2dcbd7.jpg,9cde3d7ea4ce66841c7053e227c8484e9d946f60107fb7296544923f068c66c4,903f51ae4bb44bb2
data/thermal-1-filtered/train/images/frame500_jpg.rf.b00c2f8c172ab2ab247cca538574f4b5.jpg,155eb23694d70c6e6b9b123444276779b67735243a254245aa10a1c6879a3dc2,fe03dcb6a0b89d88
data/thermal-1-filtered/train/images/IR_BIRD_012_frame249_jpg.rf.4f52bd76ee7f2c0045f713628c8048c1.jpg,8dde837b930a3eb91d54eb25b8679ba520d91f5031275f5cde82c67e78343ef3,b248ddb72ccb9234
data/thermal-1-filtered/train/images/003775_png.rf.201f62dd70c1526c6fb3772bea63a9c3.jpg,2709e598efe112bcb593cf83d76c611ae7a4b412505cb6cfdc41f8c119e0f590,813f40ab57a85bb5
data/thermal-1-filtered/train/images/frame340_jpg.rf.af9f38ad096872937d9e6125941bae3c.jpg,7f12177c785975568de12c9a8d1a6ab3551e19beaad0019ef54d144feb5e9a14,9a95e5c252666d2e
data/thermal-1-filtered/train/images/frame219_jpg.rf.0479b1c1ed2d2e634e49245f87d6cf18.jpg,b76ea6ba779aae7009fa1a264144319a82b08b8cd01a6093e2d98585c89bc10a,cabd7e32b43039a4
data/thermal-1-filtered/train/images/003905_png.rf.b9370f3e854711b3cd61a26ba595f529.jpg,579cb3c7ad00de204b78ac96c7fa565e64757671b02c4f08940e0313ad239c27,807f502d738e59b6
data/thermal-1-filtered/train/images/frame398_jpg.rf.8695e86adaa1c9eb3f5fd4273655cb0c.jpg,98b845be18e66f6b3c0143585464d618f0adb74b02ef236a800e5b42d60bfaba,b5e8d0f0505b5b71
data/thermal-1-filtered/train/images/IR_BIRD_012_frame20_jpg.rf.70a116b59a88efaedd1d0254a4558ce4.jpg,3c69cc5a9b54a0af3018a1a37bf16d57d2b24e8570d0e8810ee06fba7a86fc19,f7188c7708d47f18
data/thermal-1-filtered/train/images/0_0_000034_jpg.rf.fd08d6036a01cf64b87a61b01bdc20df.jpg,09b8799584457a8bda20374194a4ff6b154476b189e5ec951da1a8dd58414974,807f10bf1c6ed42e
data/thermal-1-filtered/train/images/003801_png.rf.1968cace8fa0e3830bdcfcf111da0da8.jpg,e8755e157f85e4484749ce2f7c60c7165d9f9b92edb8e4462064b5290c4ed77e,d9b794f9038d0387
data/thermal-1-filtered/train/images/0_0_000018_jpg.rf.3672f4daf137ad0c2863cb30cba28bc0.jpg,7cee565fa05ebddf2151bde101a81a747b283c2a71252d3997dcf9a065b65707,c06f080c1f993f3f
data/thermal-1-filtered/train/images/frame44_jpg.rf.91b1dd8c5dbca58a16c900c237ebb9d7.jpg,d7ae26bc048eb32173de66ea494f79a0f8e08e8812f4824cadebf7aadd11c23e,f0d790370e4ece0d
data/thermal-1-filtered/train/images/002453_png.rf.0c2b61f7ff4a7cd9a59e9471410a883a.jpg,4f8817525ef52b3fb6879f23fe18374a8ac0ccb69cd4acbae5058632df458acb,f56a557a94f804e8
data/thermal-1-filtered/train/images/002687_png.rf.6d8334d482ea6eaf04827268217473a6.jpg,5eebfa23e431451b994632b20c0a86fc821a9d843cb745bfedc5e4aa53791b97,fa7f3242b3d28312
data/thermal-1-filtered/train/images/IR_BIRD_012_frame151_jpg.rf.a2bbca62cabe75bb459613d08eb732b6.jpg,6fc9d8fdb9f2baa05ffb8d66bce35c491f6ecc95fbbd03d212074ae109e71742,a9b5152a570a5d3e
data/thermal-1-filtered/train/images/frame525_jpg.rf.f50cdc66a351e0f04358b5229ae9e398.jpg,30a6bbbf91ec3db81ff14eefe8da4428feedd54b1050125dc55fae466077a9f5,b9ed8d2fa1a1802f
data/thermal-1-filtered/train/images/ir_3_019790_jpg.rf.fe92279c89cbd3c52427d67609f3e645.jpg,a457ff90b6289c2836782df74265c62393ddbbe9337ac1a0814e3529b727dfa7,8d68554b57f74a42
data/thermal-1-filtered/train/images/frame716_jpg.rf.1ed3f88298d29704f0df052916344bf3.jpg,170f647d644da2c2ebfab848868bdc358fb555ac11594b4b600f6e0b4a69ad97,ff80ff34807f2814
data/thermal-1-filtered/train/images/000010_png.rf.4f3c476f1ba1c9a663ec466a8d99237b.jpg,d16b6ef8c3368b49ecff1cc2dc1ce6320805a1faf5ee86e8dc70047b141d29df,ea7dc280902f9c7e
data/thermal-1-filtered/train/images/frame415_jpg.rf.fd4b330452cef72e9a6858114c3bd342.jpg,c21d1e6c497051afca37faba0b06c33bfe934b3f750cf3393c7ac590ae0650ff,e0aab55fda90925a
data/thermal-1-filtered/train/images/IR_BIRD_012_frame10_jpg.rf.2d883f7d4dcdca6832006caf7c4f77b2.jpg,b9924882c7e327726e3062ca67da1ffe86c8097574f95702cce62fa364f91edf,b56d5b5649525856
data/thermal-1-filtered/train/images/IR_BIRD_012_frame121_jpg.rf.2dec2428843bc8c04e9144e574684df3.jpg,ab20df9d3a52a001b228d1f2d6b70e2f720a615f4f009ba31c8cd8f5f7ce9ac5,d51ae55a8a651ae5
data/thermal-1-filtered/train/images/frame640_jpg.rf.4fb96c5037f391be5f0e0ddee9a647a6.jpg,60987075c80ad5acbabd829abf78a31e0510e8fc22293308c6afee1eca0d07d9,baa285e9c1d2d25b
data/thermal-1-filtered/train/images/0_0_000237_jpg.rf.bb1906a7a281c9388a9a3dcd12cdde87.jpg,7cbdd501c9f515c8982c96427e2d514b28c31fbedb50297b653e82845cc4f6c0,f90fe00ff00fe119
data/thermal-1-filtered/train/images/ir_2_032760_jpg.rf.05ffa335d66ac83a2ed2e7ba7c1463c9.jpg,2142167d987c254f90942703dad15b22d1cdcd455f99693569e2f7cb3e924ab6,b17fc0070abd5a27
data/thermal-1-filtered/train/images/IR_BIRD_012_frame118_jpg.rf.dde4747a9eadf35dc819d2239707f61a.jpg,78ffbb73c4f71f9d95a8f9c8574fa462fb5f218d070bd5fdf75993d726510a2f,c51aed529a651ae5
data/thermal-1-filtered/train/images/002442_png.rf.e543e840c7a9fb1e6f6aad30bc9b30cf.jpg,46a7225b3f60f45cb0950b3635e9818af113a65f5a52a53f15c22bf9deaf45cc,d07f001e1f070dbf
data/thermal-1-filtered/train/images/003845_png.rf.f80123ed857d6bbcf4796a17f78af8c3.jpg,56cd38a87d3e909cf34f770bf91cd5ec763948788043595af768e98fe4dcb23e,e37c27780e43b80f
data/thermal-1-filtered/train/images/003789_png.rf.1598494f52c1184f95b5502680ad39ad.jpg,ff19b34ce81b3fcf8b1bc91388416350ea764fe865d87de3528cf88a71499c4a,d08000f947ff1fe3
data/thermal-1-filtered/train/images/frame401_jpg.rf.e2e1b8c171c4686e29c7bab71b7bbaa9.jpg,263cad66246aa4a69e2557f9053f7cd96bdc97c10115b7a33a27d6ec3b73a9b4,e0aaa3575a9ab1d2
data/thermal-1-filtered/train/images/003700_png.rf.cc93c2112f848f6ab3d828d8c6209b47.jpg,5342247d911cd7791447d321b951912e78a73468515d5fa45cf7656f5a4892e9,85d555ac53ac56aa
data/thermal-1-filtered/train/images/002077_png.rf.b3a4a6060522adf785a7df6a98c005d9.jpg,760e313baf7015486a2e9b85e3d1e8db034e14e0a6d5b17f367b05a6d4ad7568,eb3e43284e89b64b
data/thermal-1-filtered/train/images/0_0_000029_jpg.rf.011c2da9053ae195b1b1ebe520fc9d3e.jpg,37065f002267e5b648d6743f2bee7ad3d4e88a84b2f44502d35c45e62ec8a764,915e613d8e6d3c64
data/thermal-1-filtered/train/images/003777_png.rf.b3c2de34e2c70a47a803ab642137ba65.jpg,6e6dad666df6ac2835c95823a79bf4801b7721e2892536a8797a1d89cc189722,8e3ce15257ce4d49
data/thermal-1-filtered/train/images/frame687_jpg.rf.e29c798ab0be3affdbe88dad201ff1c5.jpg,ba66816e4d6d1f0152b8bc0a0bee940867e416b50658f9a6939f2e6c4b2d802a,f4e0c05885ff5e52
data/thermal-1-filtered/train/images/frame343_jpg.rf.6ead011f2fa1f2c11b5502b6b7863687.jpg,2fd68bd6b568dcc22c588720f6437fac78d0af78c74590a98fd00de9ae4d0783,8ad6f6c37a232233
data/thermal-1-filtered/train/images/IR_BIRD_012_frame90_jpg.rf.bfe3b3900ffbaec0f9bcccb05040894f.jpg,7a6e3fb61c9251aa565787fe9db2beb3a7777595060779606cc7a84a7b46c452,d52a94e23f8462bd
data/thermal-1-filtered/train/images/0_0_000151_jpg.rf.978f4608fafb81397ef6924cc10bbc8e.jpg,ea383668cdff9e40bca9c2143ecbbe33a8cb3d71f3201903b3a9d3a5f6fb18eb,c56a157bd5483a63
data/thermal-1-filtered/train/images/img_0257_png.rf.4fb9342c14719df8e85bdd05f0309580.jpg,068cf41bf310a4e30c0bf2e3bb182c139a2661cc1ed7362bdcd1230867cdd863,8537518e53b946b3
data/thermal-1-filtered/train/images/frame659_jpg.rf.8eba173e599f6a768b87d19df53fa48f.jpg,89edde13d87dbbd4deae73f28737428edc3a33ea8395811e6c329242ed0e418b,edffc09d14860707
data/thermal-1-filtered/train/images/IR_BIRD_012_frame262_jpg.rf.c9325aa876f5a0d9ec0b5348215fd23b.jpg,683f73b772d8fcc0abc566d630e87504707373744479cc707029bedb21fa410d,b4931359495d16db
data/thermal-1-filtered/train/images/002073_png.rf.07130d8419409d296544fb832bb38713.jpg,1b9387bacb35337b74e432a04a3dba57ad8562c70c655d539cbb51acdec63710,ef3a6b084ec1b24b
data/thermal-1-filtered/train/images/frame71_jpg.rf.c3e149f64ba119d931e86facf56364d6.jpg,1f17d560cfa9cb2b4b8b72b2224db922565aac410f59178d2c2a93bb966ffa1e,f060046b3b9f41bf
data/thermal-1-filtered/train/images/0_0_000039_jpg.rf.0153e3c207ca42049cec23effebfd98d.jpg,b66440147617f73b8e8a9ec98794f0a7df7340d2620a22d73bd68d28868be23e,91ca5566565c5b63
data/thermal-1-filtered/train/images/002780_png.rf.390265d12d6d7993577b28b29f157d25.jpg,31b3cc68ecd09968a330d98f78e138de687add78f028aee4522af75c2de4221f,fe6b22c82e9107f1
data/thermal-1-filtered/train/images/IR_BIRD_012_frame295_jpg.rf.a3e7fbb7da9ad46cb587809f21e307e1.jpg,fdfa98e7c9d6e71d3ac1d3dddf4b74f16bc672fb124c00d669e9d11cef69c2b2,f71884e2799cc761
data/thermal-1-filtered/train/images/002428_png.rf.9aef953c033cbe8e27576470ad2993a5.jpg,f9377dd0c661420e8959c7d31f5cb8653426cac60bbedc8b55f3ff9e1a4278ab,85d555bc5aaa54b4
data/thermal-1-filtered/train/images/0_0_000081_jpg.rf.52d39fa2231d6a7b58d67e9fbc3bd1c6.jpg,e3d8958a297d476b2aeca89628129b4dd6bddd1bda9c870b747cfd92fcc67306,f54a807f4aa015fb
data/thermal-1-filtered/train/images/002787_png.rf.52531463873762577f3cf2760e7af678.jpg,a722875cde6ac80bce2f9159a0684a6b3b6a0a83e10a49305d788aa9b9f5d56a,922ce95a54575d55
data/thermal-1-filtered/train/images/frame367_jpg.rf.8c2fda482d0a9d2591771085d17f429b.jpg,2e3bdf635cf874c3d346019164faaa4f8298bd5785ee9f013c918c81d0c6b7da,b3e240d15b515f59
data/thermal-1-filtered/train/images/frame543_jpg.rf.5b833bfb8691e7b7dfb5aa031afcb4ca.jpg,399bed83db0e8121446fb31b1e9d4e9240011be881af93a0db9458ddab9316da,eec4ee91b131b40e
data/thermal-1-filtered/train/images/0_0_000249_jpg.rf.a69a503df4ae9a396dbafbef18fcda94.jpg,e1856bf6b84797d8f33877e083a95300a766016378e083468564682d9bf3ff06,d4a1005a5afb0aff
data/thermal-1-filtered/train/images/001669_png.rf.fcc6f3c7b41d2b7beb17f3f0855cd055.jpg,81665aab690fa3a5a6dd9cb22aefccf74f8a966878be56f959c6ac1546ec9940,ff7e81178887c807
data/thermal-1-filtered/train/images/002731_png.rf.cf065f92fb3299d0218d55a6490b7a53.jpg,e71da3e520d43658bb29b457796fec53605ddfe0ed6c096d0adbff780e341757,856a555b47475d58
data/thermal-1-filtered/train/images/003692_png.rf.407c811eae1decf95ca7e0205de5531c.jpg,81015f3a0386cdcdb7e446e62596a1d62c6eed8fd6b3dae05efd1f49b18c980f,d080847e2ffe0bd9
data/thermal-1-filtered/train/images/IR_BIRD_012_frame151_jpg.rf.53c4ccd2dd14592a3bde520a8e14864c.jpg,5d5fb202d3d00d0fd5a8163f3a8d276bfc364077459f97da7e0da5a76437faec,d4a8d429d47b857a
data/thermal-1-filtered/train/images/003812_png.rf.a7303846b245527117e791a90ae51423.jpg,95ebe9305bc2e873260df0c1bddac149c807f842c396107266ce96dd6d47a7c3,8a2ed52bdba44a56
data/thermal-1-filtered/train/images/003773_png.rf.941ed526e61707a0b2257d7668943465.jpg,60bd61d00459b6ba73e3da1ceb999002a2a30ac387b2642356027797afd0a6ad,d08000f107ff1bff
data/thermal-1-filtered/train/images/frame323_jpg.rf.5c396c0a25450a644f5fe936faa9e87f.jpg,98a6b9d0b04ffd56890771bf2071529e69ef92cce9928a365f10b99dde1684df,a582d55a4bd154d7
data/thermal-1-filtered/train/images/002506_png.rf.b6fabd6e82e39dc6bc707f2a0d1a0cb4.jpg,6dca903acc5960c431830f7df30be127cfc49cfa0c762893cd49934680ffc9aa,f8df80170f17070f
data/thermal-1-filtered/train/images/IR_BIRD_012_frame36_jpg.rf.b9488933545a9f24af7374c9941463cb.jpg,1253048ce360796f596fe0ad723c81398bbb50391b016204298adc28fd8c3091,f7188c7708d47f18
data/thermal-1-filtered/train/images/frame259_jpg.rf.5e58865441f43cac06468f5c8c9a7b3c.jpg,68f68ca9ae9a387d4769b5f2dd7c0aad901a5db891f160022621c64b55f5abb2,b080c5c7c5f4c7d6
data/thermal-1-filtered/train/images/002830_png.rf.c743e6c8471a44f5f5c46b746e5c5c41.jpg,5519393c7d4af926bd5a0792973b264108ec739a57f950624abe36b44b6580f5,e92add2a0bf009fa
data/thermal-1-filtered/train/images/002741_png.rf.29da85881d3c369ab266521a230c56ba.jpg,dce3dc0a6974ff3f0e1d50668a7850be2354e9e073c382f2a755ae55dd6748a2,be699c59c01ce31e
data/thermal-1-filtered/train/images/002041_png.rf.5bdeb4b2933524fb93e78bf9e7338ea1.jpg,d7874dbfe1d0b4715084154a599b55183573323d6362b9038bd04894b591d041,ff80bebe80d1fc00
data/thermal-1-filtered/train/images/002664_png.rf.7c6554bbc26727f0f6209a3c75e737ff.jpg,e2dc56eb979715b73ccebfbb5d47b192691ed9df2033ecd225b86ae97cca4234,d16000f91cff08ff
data/thermal-1-filtered/train/images/002254_png.rf.af5a15e06a57aea952c21eef924da4d4.jpg,c52c13de416f1ee85e495e026d9cbd1da0a455355e26a37b4abea27088b56576,ff9590819f9f8481
data/thermal-1-filtered/train/images/002589_png.rf.c5d72bc3075709cb1bc989c6bb8c1b69.jpg,18d6f4f4fff7df63cb092feed9b4e7b0e25042ff125953fb613d837d60e8183d,bf6ad52a9512a552
data/thermal-1-filtered/train/images/002045_png.rf.6b5122666c7fe9a1fea4d35987fcd6dc.jpg,e1aadfd213ede45c98bc2877f4bce2cf72364886934c1c639bcdffda6b2a3143,d12a15ef1af50ee0
data/thermal-1-filtered/train/images/frame543_jpg.rf.5a41faa80a9e4aa715141b678c30633e.jpg,eb272ffd8c9afeb2b96542d628feaf49618832b034fa5ee3e0d3dbd0f7d24400,a8a0d05ad5f5555b
data/thermal-1-filtered/train/images/IR_BIRD_012_frame97_jpg.rf.9c099dc9fcddae49b416fa304962b553.jpg,e2911954b59facd2c8ccc90ab6c933b8cff2dea4a6e644e5a3bb86385beea9be,cb14eb47906b14eb
data/thermal-1-filtered/train/images/frame118_jpg.rf.b5c258c3835231afeeeebf456a40745f.jpg,989659cb8d9571c3ea6ffda8e224a1da7023aacf55ac5226095902b155bacd22,856a551b5d711ec9
data/thermal-1-filtered/train/images/003038_png.rf.f85e93265645a1e85464e9465b7bbf5f.jpg,bc8a4443ac15e8e896a2248be24ee4d536e95ee4be305fe489c25bc59e486ddd,d07f809f81011fbf
data/thermal-1-filtered/train/images/0_0_000116_jpg.rf.9ea7b92b973e1bbca3f0f75394727c82.jpg,4b5df95ccab4e3287cdd8b519c344acea0b598dbf7d95e23c2a51318909a289c,ee75a196235ca750
data/thermal-1-filtered/train/images/002056_png.rf.04c9f12db96830c8bfe761b2e8f0fbce.jpg,9801dca47311300b2d93eba72f59a9e412a27866a93bb1102e504a2e4302b637,ef7ba049b24db068
data/thermal-1-filtered/train/images/frame467_jpg.rf.cdd0c0d8ad841e1806ae45a778b97b64.jpg,1d995991522dc53dbd7fa301f81a5a167d16336a986f03775c19ddcf8455b869,abb8d576944594d1
data/thermal-1-filtered/train/images/frame121_jpg.rf.4df17b5200d7beab51a7ecf597d18cda.jpg,8c2d8d79e2f28581b390471309a14610b5a4e93381721a523cfeece717b6ff48,d0f711941f93071f
data/thermal-1-filtered/train/images/frame260_jpg.rf.fe7c5689828cbdec8b78bb675d66db75.jpg,201a5d736d25839dc462b2f438f101e26c4a0ccbf20861bda73479117c8d852c,edd49292b2e1d361
data/thermal-1-filtered/train/images/frame36_jpg.rf.f009373e787ff9160869f446e151d7fa.jpg,ad86a4ecc4faa5a1df66ebbe4c939e61ad0ad7b36d415f7741d3dfacd9907003,a4c7819954ad1b9f
data/thermal-1-filtered/train/images/003830_png.rf.964cce845cece545f022a1c88f458fc8.jpg,7d45f21042f33ee99804a5712d032cdf136d328df0ab5387611dd48319f2b152,a07f403a4fa35ca7
data/thermal-1-filtered/train/images/002364_png.rf.6ebb35ab6a3891d87b8f61b8a02579ce.jpg,7950f5be6b66cec6f73b082fe247359b2fc8897341232d07cf769067e247022e,aa15d52fc52a55aa
data/thermal-1-filtered/train/images/frame321_jpg.rf.cc776d5320383ce61271b027cf04eae2.jpg,11ecf934eb00654fc2246fc8f7cb5ec87d8a876464be9b18d808e701f189d4f6,b2e2ebca69485a4b
data/thermal-1-filtered/train/images/ir_046670_jpg.rf.df3dc7d8d3df32001ff8d69cbbf4d7ca.jpg,0e3a0a2194f4295de3757d51b3397dcbd6a5e103dc86f4a92963208d631a9b79,a59dd19c52ac1fa2
data/thermal-1-filtered/train/images/frame317_jpg.rf.97c8ea5bf2fc1647b06c5a29b40ce94e.jpg,339d467f3a050c00621e91953d81eb529ebdd1aff29521e9a32f1a1031d5eff9,f0c0c0600fff1ed7
data/thermal-1-filtered/train/images/002443_png.rf.c92de0d125f8be596f16c7982fd992be.jpg,715549607e806a6184c2681146e08e8f70cffc2efe62183969bbce3afb5d6eaf,d46a147b0ef70ce2
data/thermal-1-filtered/train/images/IR_BIRD_012_frame299_jpg.rf.e3b8fb48c0ec5987377791754d796c98.jpg,a7474bd62b004ddab4d7a37adfd0d666425ebafaae64b59e9cb065396844fc74,949b4da446a753b9
data/thermal-1-filtered/train/images/frame328_jpg.rf.a95af9d7c7c531734693a3c6b77190ed.jpg,c3aa0864deca0dd49d08486765e4bff90eb0844050ba5efa1ef5593bb33b690a,a0c4bd7469e8ebc2
data/thermal-1-filtered/train/images/002807_png.rf.ec4ecbd9051ccca92f9dd93f681fcfd2.jpg,f5ebbe430911dc66a5c586daa4327af28b04bd35d49b6985cbc24f8f892cef1f,8dd5d5a454ac54b5
data/thermal-1-filtered/train/images/002511_png.rf.7de4d4433f50169788aa04779daccee1.jpg,9a2eaeab4622ce14cddadcd0dda1055635563b7795a28c04834504ec6ef2dbdb,f37f8431af810ea1
data/thermal-1-filtered/train/images/IR_BIRD_012_frame84_jpg.rf.9988f300348547c706badc9d4ca12b60.jpg,9d56eaf45b39bd62ccac175f6083f0485d17b60e70263d454cd361f08804c022,f1c247e30f784770
data/thermal-1-filtered/train/images/002376_png.rf.1ee2f7d3c9aa6584bfb8c9503c142049.jpg,33d9d756eaed82ab5d791552fc2377bea6979cd56c606491fd5ace4f3ad2cbef,ff78944f847f8600
data/thermal-1-filtered/train/images/0_0_000070_jpg.rf.928772f55ad98fb8e7e89fd54612fbc7.jpg,c60bfc698ba749dd72baa5c4e1e0b27d36ef247f59fda31b82ffd23765869fb7,e91696695694eb46
data/thermal-1-filtered/train/images/002360_png.rf.fc44d830c46359f1f7e86a6567299939.jpg,f4623b63a83a7f0afd01fa9be03c2443d715b2b9c287bed647489fb91681894f,ff8080e794ef80f8
data/thermal-1-filtered/train/images/ir_049620_jpg.rf.1e148053bd7dab4d828a673227903a96.jpg,6e7e1e57f88f3c440a964e3af085b82175e1f5aa220e87b95550187ce746855f,b63c8f6bd2948568
data/thermal-1-filtered/train/images/0_0_000101_jpg.rf.a5540036394ee33377d7e866681354ff.jpg,544cc987fdd21d90ddbacf1c7c044c2dd89fbb65736fbe9433520ebb81c48523,d52104f10ff91bec
data/thermal-1-filtered/train/images/002264_png.rf.d09cf7d25f4b5f5303507e5b64ad26bc.jpg,c15d9bf0a481774cb67b8b00ad8a2f5876d0f6e051f9601ae82d17b2f4f869f6,e56a157a85fa8570
data/thermal-1-filtered/train/images/IR_BIRD_012_frame72_jpg.rf.79ba153b8d86df91692a0f9da0ac61fd.jpg,ce061e0cf32b003dee91c2bf0d49ef737766c87eb79cad2e654709f4384d1f2f,f1c307e20ff807f0
data/thermal-1-filtered/train/images/frame226_jpg.rf.0c37016dec407333eda5f23854ae0ea0.jpg,a81ee312bc469a52d09ff91b7ca7a361306cbb848e8b0ac8e3b9edfa0e2e50c6,d07b84e01f7c43d3
data/thermal-1-filtered/train/images/001511_png.rf.0dbd55b0f24fc7902282dfc0f2bfc2f8.jpg,e30b0c07581157e65a0813abc2e0b48d6afa89e7c96411c35048cef3de457619,a83f403fc0bf422f
data/thermal-1-filtered/train/images/003023_png.rf.5b24259a32819da6974b8d3e3bcd2bc1.jpg,07122489af55e5ba49f143721633696d5d090edfed04698dc507cf2df55ed646,d0a081c09fff03fb
data/thermal-1-filtered/train/images/frame615_jpg.rf.204e2aaef6875a2ec109460681f03d3e.jpg,acbae820302900743dc7c4a3202f9dd40c1a9c837794abf6e25efcbea420ac1f,a17dd597442d132e
data/thermal-1-filtered/train/images/002348_png.rf.c09d7c9da71376b857fbb652c62f8920.jpg,54de6d5984f36abc45a1ded2fb25b6071a83e72f41e7b05041908b9420951644,ac2ad54bc4d25575
data/thermal-1-filtered/train/images/frame514_jpg.rf.f219515c650609fa728ea00c22c3ffa5.jpg,cc4f34c0214b71263bae330b5bf49dd1ab2aa56740559b7f2edc6b6427ea0a53,e0e0c45c55f70bea
data/thermal-1-filtered/train/images/IR_BIRD_012_frame8_jpg.rf.ce5a04e5a91bafe82985e240d255f54f.jpg,c7dfc610491d9dec2bbc6f993377cc35909ce1d8e173bc33640eb69c3b29bb1f,f7188c7708c57f18
data/thermal-1-filtered/train/images/002822_png.rf.389e84809abe1cbc6d7d299addd3f579.jpg,dd229cd263023f631ca4bba86fb67c5252faf3530000641b8cc5ee47b47740f6,84d5caaa59ad5aaa
data/thermal-1-filtered/train/images/002075_png.rf.1eb3392f922c68121078ab02e0bc348b.jpg,8523a0e6611c0faa9b922cd63ee32a6530f025e068676deaa7c89b75a23af80d,86a5d252d98aeba5
data/thermal-1-filtered/train/images/002074_png.rf.cfa3226b88d44569c420514b7a5615cd.jpg,ef1550ade4b537790c3006cc656a2fdc2280aef9c57f9ded41de35574f8f82ec,ef3e4b084ec1b24b
data/thermal-1-filtered/train/images/ir_2_021310_jpg.rf.0086107ce2a90eeb017781e0565f85b6.jpg,a20f6f69130a6f6f569b9671c9e0c096d0aa48291d72d11d9985f57f07e4bd3f,fb39931e93569242
data/thermal-1-filtered/train/images/001513_png.rf.4d5e82f29af13236a769ddfcc2cec4b1.jpg,e977cdd5ea09215abc2f8ccae7716a3e1c7c1f7d823c9af9aa25fe913cbbf41f,bf2ac14a9562917e
data/thermal-1-filtered/train/images/IR_BIRD_012_frame150_jpg.rf.5017951955a08dda617d61cced87ba11.jpg,28993032f459abbea4a561e69678f5c9fb7d5bb5e2c2cea5906e9fd5ec15c2a2,d428d46b957b15e2
data/thermal-1-filtered/train/images/frame268_jpg.rf.130e389e51fa65fffddd6cc76cf05189.jpg,ce91fc97ccb769e9e665c40c5b91d8af6be8b36394328c69b9856876e308ccac,e2c5999998f8ecc1
data/thermal-1-filtered/train/images/002048_png.rf.83e349857e86cac84edce5829fe7ad67.jpg,18d917052c77eb9dbd963d885a5a5892ce7e100da3dd95f21e38678bc1f80984,ef78b248b748b720
data/thermal-1-filtered/train/images/002361_png.rf.6d228cb6669cb567f6c7d9ef5ab83a67.jpg,7d3ddcabb51c378752839451e11701be243c8d5f9461e7f8422c44174a5f7124,ff7bdc568103804b
data/thermal-1-filtered/train/images/frame512_jpg.rf.3d0060b2e863be7224cf024e413001ba.jpg,1866f3f62f5860d6e5793766119749e95f40f876b2cd101933b6d3fad8998fcb,f5fd9415510e1ca5
data/thermal-1-filtered/train/images/frame13_jpg.rf.ec39a0e4b62598f0bb79d6069e079089.jpg,01da8589a1366959b372e69013ebafcd8719c89f5af8c97b73004f58c92e79c0,e1e0c17ac47a97c3
data/thermal-1-filtered/train/images/002288_png.rf.b65635618642cfa8826f8eeaaa21f11c.jpg,9a82825c2d693315796561562bb745059a49b576f93233b89778adf41424626b,d0ff001f0f0e0f1f
data/thermal-1-filtered/train/images/frame509_jpg.rf.7253f367163b28de5c8faee1998171e9.jpg,8bb68052ae7d62048aa09e3516fd7ecee1e8125fe196304902cbf2765c20464a,bfa09cb5a1adaca0
data/thermal-1-filtered/train/images/frame360_jpg.rf.f76310014006b0e3334ecde7b894312a.jpg,eea4dfa431e046b95617e593ab2e981c982a882bc751032c4949119c701d97fe,f143dc9f87c043e1
data/thermal-1-filtered/train/images/003044_png.rf.f9b2ef9524fd7d8800126ddb21932210.jpg,cabd3d2470487cd07ec003171c9b85851117c58376374c6587f99f535d964a15,d07f001f1f171f07
data/thermal-1-filtered/train/images/002354_png.rf.e0aefe579d71d07b66f2e8175ea4ef5c.jpg,bcd10547aef014e5be9dd0ce6bc2f2c8d18cef6f491859164ca3d302053c99a8,faa080ea95ee00ff
data/thermal-1-filtered/train/images/003860_png.rf.e721af37cb51b285d034efefc6a470f0.jpg,947daeac9a8d5bd0c68079946af0cf5960798067bfe01959f2292e525e9dd766,84d5f6525b49a9aa
data/thermal-1-filtered/train/images/IR_BIRD_012_frame98_jpg.rf.5d8a028a5fbcf255fb9a4fe51e02c20c.jpg,be3807555423736d14b4926c4eb7315712471b9fdca935c8bedb2c6c4d569acf,cb14eb47906b14eb
data/thermal-1-filtered/train/images/002773_png.rf.8c4ceb9a6a3bc8231e1bd3cee801fa91.jpg,7827bf748e43c117099edf0348bc6c3ca90d4ff06b8c011d2836d30ed366a738,946d511542aa5dbf
data/thermal-1-filtered/train/images/002614_png.rf.aa1b04be998b6eaa4a8dedbc547cca52.jpg,3db4021e362d9f13572d4c8053afe4c72c001ca15b076bc90ab21e848dc4ed8c,ef7c83259887fc02
data/thermal-1-filtered/train/images/003102_png.rf.594209672be6ff593aec6317810b3db6.jpg,bb30d2eddebca278ac350613c1bff16bdc1717ed2492edb9f5097f7eabed8b3d,ff7a8c54b285aa05
data/thermal-1-filtered/train/images/IR_BIRD_012_frame177_jpg.rf.e6d92f37b442a45f8e4af09387e226e9.jpg,9ee095a66f932e2a7e50565a6ef3dd3278bf61a4306ff5ea1261179802f29a7a,db24db45845b24db
data/thermal-1-filtered/train/images/frame248_jpg.rf.579c4276edb1d78579b12c7f86335ad5.jpg,ce174e127fd8bfdff120706feb1e012b3728ccc87098f9baf9eb1fdd2f3f40e5,ed92930b0d36b1d3
data/thermal-1-filtered/train/images/frame301_jpg.rf.7173bc046fbd2d774acd82c1622fb09a.jpg,3d9f59533f8870af7c24533cef7c73374fc635643c71b65b0479ae9da6926887,a57dd5a751865186
data/thermal-1-filtered/train/images/002705_png.rf.9b6cd0ab3b1958d2006d09973603d877.jpg,69b58d450afc6667283daf58e4161985b8ecc406266e30c79359b8b69238bd38,d3c280e80efd0afd
data/thermal-1-filtered/train/images/frame696_jpg.rf.1643a2af284af7b8e61eef62c90a39e2.jpg,515c1ec798cde160abc890a2a7c3dc4a0a3fdaafa0d56f180b6f0b7eca85c868,a5f5d505dfbf0200
data/thermal-1-filtered/train/images/frame188_jpg.rf.8991a0ab9e985f2e30d736bd4a0e5312.jpg,726be192fc0595415c375ee3be0b85adf43c2e00dfbb0fe7b22a122322038522,c06a5fe1e893c65a
data/thermal-1-filtered/train/images/ir_3_030880_jpg.rf.65255630cdd284e04d1f04817e929efc.jpg,1f68bd40b56fbeefb4e7f0ce936044c66be529fd3861778a82cdc284e1b49924,ad7f4440821be77c
data/thermal-1-filtered/train/images/0_0_000008_jpg.rf.6d1aba7b6b2e731f859a892da1643119.jpg,7ec874f480732d37670670a942a457f0378cc526f9e160029a888538c121de69,b90bfee42c64213b
data/thermal-1-filtered/train/images/002739_png.rf.c7711b62e3c0a1bbe7b3a5aa7ab7264a.jpg,4e72c1d91997685794fd68855d3afd9da619fe962fc7e52a11c0d6e5c01e8989,85b555b5c01f57a8
data/thermal-1-filtered/train/images/003522_png.rf.eaecedbc94f5ce63d95b58ed78c67644.jpg,927f35690a620416827e05d79a5a2c1c295cac6a1109600934fd6c06dc39b1cc,d17f00bf0f040e3f
data/thermal-1-filtered/train/images/frame246_jpg.rf.db22aa9d8f41f58a1ac67a4d337614ff.jpg,5f0130e4093b0d6dd6e0500e2d631ea140d9a13f7921083133373d5b95955576,e592934f0d3693d1
data/thermal-1-filtered/train/images/frame630_jpg.rf.a92fc7b06c35e881ab4d2e9afe5cbc8e.jpg,23b2e0a81284084c4602bb521daa4c49ff7164c8de8327921587a4036dc7bf71,b52295695753525b
data/thermal-1-filtered/train/images/frame717_jpg.rf.14a2c11f1058204dc741a6f5eec75f35.jpg,2ef46aaeddc82fe08785683c2fe36f6b415d6613270dff732cfddea4d6ba5b04,ffc0ef34aa34ac04
data/thermal-1-filtered/train/images/002466_png.rf.4470a48ccf06ec8ce42f5a2d0f63a0bf.jpg,c0a41397a27a4f9adaf4b87d07191a536f33d8b059154cfd828b9ceae4436454,d0a000e91fff15f5
data/thermal-1-filtered/train/images/frame606_jpg.rf.9a85afb1f1ff4ae40c5c7a334a588702.jpg,00807d3dbc8549b1dbf423309d71d23271003d13986381293dba0270c146ea3e,a0a2d549d5d216fd
data/thermal-1-filtered/train/images/002274_png.rf.90bf7eaae387410a3a6d77c4066d5f2c.jpg,8b7698c8e14d1b234f1874876f8f51c3cb3b7e35c8b6a220dc7bf2f6252fdaf4,fb7f801f800f818f
data/thermal-1-filtered/train/images/003058_png.rf.ff0d5ec329512455e2114931c089d524.jpg,bbe67f5a8524d508473e450bba1faa69123d2d5848614cbd5248fec819addb8b,bb6e196653cc7310
data/thermal-1-filtered/train/images/frame337_jpg.rf.b37520cd55f951997655d552545a821f.jpg,66dd8bb70ee8f775e5ec9c5587a0cb9d3d3d42fc6954ecdc904718209f289092,95a2e0d554d559da
data/thermal-1-filtered/train/images/001670_png.rf.9ee21c444ddd86ed7dfc464dd2c7d91c.jpg,4063b9bd149218f6fc9048792dabd423268a666b1d4557135ddb59b08504f624,ff7e811788874827
data/thermal-1-filtered/train/images/frame667_jpg.rf.3f2b26a9980b0c8ee7cb104f127311f1.jpg,61237eb5852dbdfe68d6e4028486c8d16706ff798cb7537b7da7035aa0ca6ce4,f41f80a79138c72f
data/thermal-1-filtered/train/images/frame500_jpg.rf.5e95e59320c094594d501b4b441bf5eb.jpg,09cfaf8da6232b3c3517691c20d7089cbdf024ad339c4134926b5d68180bd8ea,f01fd03f130e0f9c
data/thermal-1-filtered/train/images/IR_BIRD_012_frame164_jpg.rf.6c61823f9f645fcde5db647d0acb6f85.jpg,bc4da3a776dc2b593fd42b201a907037bf303b8ec51843ec5e1ebcab5e7b99f0,857d853ec13e4897
data/thermal-1-filtered/train/images/IR_BIRD_012_frame281_jpg.rf.309576b0b443536832f100b964545b09.jpg,d11d1948ef6c4a4a679df84147d9e8591a67270f5355d44b0d93d4c689a52c84,b66619b34c3916b6
data/thermal-1-filtered/train/images/ir_058630_jpg.rf.368f30ccdd5e38c7f179d0353cc936d4.jpg,dad0ca8ffc86ec5ded5f6588b96b7228b694559c602e78e82ebefcfd9f305c62,aad9c9cee46a6911
data/thermal-1-filtered/train/images/002840_png.rf.705acc7e1fca77227dc0527b4fe506a8.jpg,5a1dbbd6637f5cbcebe2648002464b5c8adae8febb51b833538b231fb8ebedf5,ff6e98749144b10e
data/thermal-1-filtered/train/images/IR_BIRD_012_frame67_jpg.rf.f7d5c1186a8b18c8e9d12db9d2c66fb4.jpg,1067271e628759fde7df4ec634fd871463d6924fda4447f915711cde7a2c1318,f7188c7708d47f18
data/thermal-1-filtered/train/images/frame100_jpg.rf.de4398241b248eb686bf026f35c1f7c4.jpg,e6376c3525d39bcf378726609711781b1cef96a98d266f6d759cf8a8ac0be865,8c9edb49cb95990c
data/thermal-1-filtered/train/images/002807_png.rf.0651feb945d18cfef9b7bb8a9cbfed43.jpg,364998646954794349b03fd2593f2262eddab0c5284a60b27383b8d70e12191e,c07f001e1f070fbf
data/thermal-1-filtered/train/images/ir_3_031420_jpg.rf.8bfadb437ba0114863996a50d7fd9ec1.jpg,616d6f24eb29a91cfeb99e2fd99a80f2f6759320d92e7095c497a901c4e14207,9939586c666e5333
data/thermal-1-filtered/train/images/IR_BIRD_012_frame7_jpg.rf.19d0a72f0e054d1f5a845bcd1ec8c35d.jpg,9a59cb2ce6eb7c4f1b24aa5207464e23a205187da73417c609a47d72223e6ebc,955fd03718a57718
data/thermal-1-filtered/train/images/002469_png.rf.47836eba36f2c67a7c6972160a1616e6.jpg,9dfc8f4e1c7ce666ea8dc8da976f8cb156858e274ce7cdeec54fc7a8977e5325,f9c085ea85fa84ea
data/thermal-1-filtered/train/images/002253_png.rf.77e0a6d8613e1a647188d28ef2c30034.jpg,7c6d9cb86dcb5e87273473bbce9fb615512779e5be62adaca565bd6ee04f9b4f,aa2fc12ed02dda27
data/thermal-1-filtered/train/images/002273_png.rf.f3c58e59a027d3dfd62e6be87b9ae0f2.jpg,b3f86a9dc8a2fb51206a04bb2665f74f58b40c88632dd002b1ff3a205db43d77,ff8094ee84f881f8
data/thermal-1-filtered/train/images/002232_png.rf.6dd7ed34242b486b7781fd37b3bf5aa4.jpg,37ca8590cc4656792cea837895c5d20eb38e6d949f09fac79e6ec1ab2597b159,d07f003e1f0e0f1f
data/thermal-1-filtered/train/images/003860_png.rf.0d68abf00d07010df022aa79ac9230c5.jpg,99995757665f30945cf4e63d7df18d7f89524397ce08320e7d319f3dd281c998,f37c27701fc0bc03
data/thermal-1-filtered/train/images/IR_BIRD_012_frame199_jpg.rf.d9213dc7f9ff3e4c62bb376efd9cc553.jpg,4761469b43185ee2cedd1bf7638c538f13483536257973350117648551dc90fe,c31cc33cbc43bcc3
data/thermal-1-filtered/train/images/002681_png.rf.9c0eb6d90b42fad89004b4b623ea3426.jpg,9d8d6e63b839bfb78e92abfb812cb2e647ed53ae0efa18d8e19ec7bf1aea1458,d46a14621cff00ff
data/thermal-1-filtered/train/images/frame310_jpg.rf.5465b2f586461127ce2cc7221837aa4f.jpg,5c2d2e380d245771c4bace2f8f0491502745ff225ebeb9804ebc6f0c7be05486,b2e2ebcb69485a49
data/thermal-1-filtered/train/images/IR_BIRD_012_frame170_jpg.rf.0c798c93064e77495e29ddc7f9026f21.jpg,b5eb0d8ffc0dcd1ca79dece716bd981316dba9f720c70d5aad96330510061ce1,fc60401f07fce0fc
data/thermal-1-filtered/train/images/frame651_jpg.rf.8589012eb7e71e915abe0c9f86abf489.jpg,96c70d6d4f441fd42ca89266cf7ff54a80fadf3549f18613d789d9192733a26a,b4a2d5495753564b
data/thermal-1-filtered/train/images/ir_3_021970_jpg.rf.fd551908f9344fd30df328da1fd921a0.jpg,acbe761161fa8f2731ec40aaeb900aec8551430de1ef36cbd399531f64e29925,f095919d811f959e
data/thermal-1-filtered/train/images/0_0_000255_jpg.rf.ccf8310e93a1f022991ab71dc66352ce.jpg,8296ea6405e8b8976bca2cc700e777494333d1e816b676a891b8cb2b6dba18ed,fc03fc03c936817e
data/thermal-1-filtered/train/images/002766_png.rf.dd04a25e7460c3aeb2c25a1e60ff9056.jpg,67c85721bba6ccf82666d757ee7dea56e81daadbea53ab1bdfc1e17ef56b88ea,bc6318e7388d708f
data/thermal-1-filtered/train/images/frame435_jpg.rf.a15577ac61454d5b9aaf3e890708e554.jpg,72393eae042a5c875a1713f5f6852f780ef5806ec420f3daaa5232f3a4d543f9,e4c0191ad9f685f3
data/thermal-1-filtered/train/images/0_0_000078_jpg.rf.ca6a4552faa8ca0637a74725fcf87913.jpg,442ad60dd3a7944862c435960714e76799703647ef21328258b63c63b29ba9fe,e0c082ee0ff31ef1
data/thermal-1-filtered/train/images/frame362_jpg.rf.307db17e5708c7377f8d4b61e5f86087.jpg,27e14a9c476068969372e9a6fb01ee205248336f2e5106cff265253be969d94f,bce383b05a185b5b
data/thermal-1-filtered/train/images/frame495_jpg.rf.a5d6388ad5c0c672b21a2105337c2af7.jpg,2ba0f13748e43c5f680850b345d489f2b4f6e8d61cc3e7d16b59079d96c26ffe,fd8080ff02f751c9
data/thermal-1-filtered/train/images/003842_png.rf.7b2483abb0eca2b3b3beda96276b4f02.jpg,43574f55d4a00f2d692d894ece8e52cea039b0c6a127248cc0c65971a6e7993a,e37c07780e43bc0f
data/thermal-1-filtered/train/images/002552_png.rf.2d9043070db15f7d24370414961e6f9d.jpg,44148ef7df5e6e839a46db8c01fc8d333276ade1a35de0b2590ac4ccb66c55d6,952a55e34ad54be2
data/thermal-1-filtered/train/images/frame249_jpg.rf.36d5dc5b8a1c3671be09be0016ce7aeb.jpg,90e329cffc06b0a30ea82445214e1be4d6b4af8ee1c992699699d14b1e6ff147,c17fc49c1d317827
data/thermal-1-filtered/train/images/001501_png.rf.cef5efd2ac3a7f6f4ae29a1834e69007.jpg,ac547ce3669417b460946c7ff7cd4fbd1e98e9a5b3d4bd42f3828dc3c5c3a62a,af0ad55254555557
data/thermal-1-filtered/train/images/frame605_jpg.rf.e97ff39f97e11660b3ae385561eb8164.jpg,e05d863d2ddee9baf4119ce0d38da6c9a01d8c6921d6e16adba9a252189c1884,eec6e8b8b8b48e06
data/thermal-1-filtered/train/images/frame395_jpg.rf.5b073cbdc11aef9cbbeb7004b93f8488.jpg,8f076460afecf69e7cc622ff098de3a8110d5858308027e3c6c10d760fa6577f,e09f811d4e3f403f
data/thermal-1-filtered/train/images/002962_png.rf.1583aac64aa03892874dcd30cd63a666.jpg,df5b0ec6479784ab9c32e4015acc452d5cbc52301aca0160aeda35e9393db63f,f769205e8138867f
data/thermal-1-filtered/train/images/frame640_jpg.rf.111709df14a51a0e2ea2fcd91200a7c7.jpg,8f983e55f34a9acbcdd819a594356a3656815768d4823dd0874f0af53d11bccc,eee6f8b8bc848606
data/thermal-1-filtered/train/images/002739_png.rf.6198edcf79339e0e234a06869f3c67c6.jpg,4166c3688230da9cb5c035c903efce22ad1f2f51c6395152b84daee98484d56e,be699c6316e3e212
data/thermal-1-filtered/train/images/0_0_000255_jpg.rf.9209242039a8ccfea1a5b3d55831f5a0.jpg,073b52066ad4c4e411ae51c63c6e5ca0658060da43822593b8c9dde7d19bac95,fe01fc42c83f807e
data/thermal-1-filtered/train/images/frame72_jpg.rf.7b4e4699e4f6a9207046110be100c980.jpg,20a3b1cec172499db058e745858cdf569d2e2e7273bae0d06cac0ee33b4bc7c7,a53550153fea4d6a
data/thermal-1-filtered/train/images/IR_BIRD_012_frame143_jpg.rf.2bff171f43febf8f0154008400ac7c3a.jpg,1c93051a0de996a3f103de422873c50f25773df06c662989408bc48159fdab37,d40bf45a8b740bf4
data/thermal-1-filtered/train/images/frame572_jpg.rf.4a49a9379033166b90352eb4b73b3881.jpg,6c8e3d63a0c485a5bdaa320c382e7e5240924b17f0f10ba58b740ee6b1b2eae0,b50a95f3c17e40e3
data/thermal-1-filtered/train/images/003727_png.rf.8fc953122323e8fb4f2f4d31f021e630.jpg,bf792a865fb6e208c4f5361b4e71de46d67d3602748023fc4f03338da2977728,d07f003e1f17191f
data/thermal-1-filtered/train/images/002213_png.rf.bc96b14abbca53d924e47cb87ee5fe84.jpg,749aa7595e9f35a1c39e91669e97b3a284108da9ccce3cd3d6f4c501714b0d88,ef7abe40970a9065
data/thermal-1-filtered/train/images/002049_png.rf.2d4b3237da8640151dee3871639586fa.jpg,1a237874b264bd5adfd7089cb100f747b33f28cd6527da53ebc72520f5e3b0a8,ef78b248b748b720
data/thermal-1-filtered/train/images/IR_BIRD_012_frame137_jpg.rf.cb95355d9c3d53d502af7b0436a9a439.jpg,f97403179059e56c93d7a6e103cea5f40fc73bdc1d9db957f9f46cb3ec92d65b,817f817fc02fd027
data/thermal-1-filtered/train/images/003822_png.rf.bed33bb0a90f6a24cc8dc0fe7141a60a.jpg,c6eb386916ee727f0f4b2ab2f6ec422896957cefd8bd14a7b849c447e00a5eaa,e27f04311ea3dc27
data/thermal-1-filtered/train/images/0_0_000008_jpg.rf.6033f7dfd77cd05ed2057a44150d0a09.jpg,b02f9dce4117c73d20fa85d9b7f1a2fab6b3cec828e165ead5ee8540445e3b44,c4c142d41ffb15f4
data/thermal-1-filtered/train/images/frame473_jpg.rf.54da19e615cae5bd8996af5646c6a3eb.jpg,bf6b663cc375d290031fbcad195116d090472329b0863fb07cf952e60a4c10f7,feef83638421ccb0
data/thermal-1-filtered/train/images/003017_png.rf.4fb9171ab1ba54b25e36a0d5e984e6a7.jpg,18314afc081a5eab65f0e397c3039c5a00dca8590223d1df27e67d694ff6c932,ae3bc538ceb18718
data/thermal-1-filtered/train/images/003764_png.rf.82c77c7df0dec56ebf2764830ec6e37c.jpg,010ad220618060757ed30c1177e0feac1aff4d02e276c2801861d078d39a8c24,d08000e107ff1fff
data/thermal-1-filtered/train/images/frame478_jpg.rf.fda975d7ae5f91e3cbf21a1a1448305c.jpg,bc45f638a3d6eaa43c761e7999ecf94c728cd5fd8c434d681d2e58c44a2a1e13,c1d5d58d099a1e1f
data/thermal-1-filtered/train/images/IR_BIRD_012_frame135_jpg.rf.bf49410b9f8ee51b12762596791ab2e5.jpg,8904af3b9c47889d9f67670106c5cbe10090d1adf7822bd2db33507ee315edf2,fc1f408f0fa10fa3
data/thermal-1-filtered/train/images/003968_png.rf.c1ac6f14f443db43f63e2767a8935f01.jpg,69353fc9eca124d67bc1268e01152549e8ca22b2dc4fe0e89b67da086730158b,a32e610669d6bd66
data/thermal-1-filtered/train/images/frame237_jpg.rf.1c42f2922e91e9cc8cc8a8e6812feeff.jpg,3b29e3a90868bb903bc8cb13eae56de16a377c702e772595aef2792291e228d1,e492034d8df3c3e3
data/thermal-1-filtered/train/images/IR_BIRD_012_frame241_jpg.rf.d1bbd1b2cb66cb75cc5c3861563f7581.jpg,013c54c6bbb0a620d2fd206574877794da00bfa6cf54f0e1bb49febf1a62dbd9,a26859d7356dcb12
data/thermal-1-filtered/train/images/IR_BIRD_012_frame100_jpg.rf.4355da14a4a4b4fd51708f0a95efee38.jpg,5069aa02d8758084f5ee27e2909742c863bed172e8d634beaa46d65235215437,d52ad56a956a15ca
data/thermal-1-filtered/train/images/0_0_000027_jpg.rf.5205025b44b3c82b4ee48e40aeea310e.jpg,6129bd98cc4a500602f1e978874aa30177eb0c3975f7a3dd1899d1accd26c603,c16a15ae6af005fb
data/thermal-1-filtered/train/images/0_0_000011_jpg.rf.c804215fbc1abb268d498d0e9cead912.jpg,1a5d4ea745d779c5593adfdb00d9d651111050234fc31aeb73fa8b4c568f44db,953addd858cc544e
data/thermal-1-filtered/train/images/frame604_jpg.rf.003dc381aaf3a928c9525b51f09c441b.jpg,b6862f1a62289c1e799360b5b83918b05ca547b46172cb152db74ed8c73d50d0,f0e0d058d5d74778
data/thermal-1-filtered/train/images/frame236_jpg.rf.325df51f58b976e45e7d22ea3a6d3aba.jpg,92073a3433f23cd27470087c91d9a2d021ff47123fe78ad0ff2078bef89adf6f,e692a30d94b0f32f
data/thermal-1-filtered/train/images/0_0_000407_jpg.rf.9daa407aa5c64d2edf9e5c177d0ead8e.jpg,9d8dfbeebb21813809535fc72be2c0ce124c19a0afe84a26d02a483e766811f6,9562cc584f537366
data/thermal-1-filtered/train/images/002469_png.rf.9331d7d606b52305adbaeb557d4b51b6.jpg,8cba6f19efcde1f0a15bdafe0c667bb8103afaa19a57c7271a86bc895d5b27b8,d56a15791fe10ce2
data/thermal-1-filtered/train/images/frame295_jpg.rf.39fc415729021efbfdbfd8dcb5c077ca.jpg,ffe79af8ba3ca823e092a43936e49287c4e015c1231d5810d64bc74685db6923,f468c094d7c5437e
data/thermal-1-filtered/train/images/003766_png.rf.87e3a477245ead245ec0c837813c4a8a.jpg,7c8e99d11628e8c12af0fc94caef04bcd46051a3dbac98bfd82ff3249a43381e,d17f003e07901fbd
data/thermal-1-filtered/train/images/003968_png.rf.c564644a256da45ee1d0960214fb60ab.jpg,4cbcf04ad96670d2d07bcc1c383673d66a0810d6ecc88ad611ff94122e6c078f,d56a15ea1bca3278
data/thermal-1-filtered/train/images/002782_png.rf.44bb81ed4547b029941346cd576376c8.jpg,819a2f2745df8a9befa23ba0b9fafc5a6ada94c2183de523d4e8d9abd449dde7,94d253eb5552554d
data/thermal-1-filtered/train/images/003797_png.rf.602998ac8b88099cb88712a09b6af84d.jpg,bd159f372ddfab2b8810eaafbc5c4db474132eb8ca3d21d4f956f49555d8f0a5,d56a0d6293ed04f9
data/thermal-1-filtered/train/images/002203_png.rf.abdaab8bb91f0848ec685d1887306f06.jpg,a8b90bd741936f656bebdab07b9658be3d5b3ce26c36526a0df6a3042cd419e4,85d555bc52aa55b4
data/thermal-1-filtered/train/images/frame686_jpg.rf.5b0618a47da179d046a11c0ea23fe8f1.jpg,939a1f8822415e1fcb13eb38980d2099a31567049f502a7528f95eeb8c4855d9,a5b5951f40a01f3f
data/thermal-1-filtered/train/images/IR_BIRD_012_frame111_jpg.rf.128bf1861e37c6aea49e1ab45b061f3b.jpg,df37eaac13ad606ced315684a56c10fdea248aba69742848480c402d999e9d79,c114eb77906b16e9
data/thermal-1-filtered/train/images/002806_png.rf.ad5830d58fb7588d8fb66ca3d5bd0d2f.jpg,66bcb74120fc5d6a07be339560dcdb6030129590266922c934f70951fad1b7c7,ff3ac51883dc0374
data/thermal-1-filtered/train/images/000004_png.rf.8d9ec8d06275e5a3e20a5ccd39d2cdc0.jpg,6ebfe748e6e0ffe4bbd7df4e0f5cce7d4cc56cece39dbdca0390d93a4de5b802,eb7fc080802f9c7e
data/thermal-1-filtered/train/images/ir_3_022220_jpg.rf.641ede848c8ecfcffc2f95f3bf0e8b35.jpg,e89cba2d935299ab32412a05ea418540a55ed0f70ac81e8e8bc09950fc8f4d85,b06a556ed0f81376
data/thermal-1-filtered/train/images/frame538_jpg.rf.84c03749f8c306d08cccb623488414ce.jpg,a7ecb2b443099ff90e386d0de445ff216217ac96a7d28578529da256e0b792da,e577c59d1c0c0f07
data/thermal-1-filtered/train/images/002027_png.rf.c4de34b8d4dcc3a34cee92a2af951d27.jpg,d3b8a5d892db473c139a2963be7a0465d45465e0f5c403fc92e012a7e6dda402,a02f5827caaf5639
data/thermal-1-filtered/train/images/003914_png.rf.0a0b00b13a16366a6675ae0c2c76b9e9.jpg,4e944602b99dddfe288bb7cb79457a826eec6a4c357657814c9107ceec95b29c,954a55d649574d4b
data/thermal-1-filtered/train/images/002373_png.rf.b7815dd96e75782d801e0998bf38e0a1.jpg,b0f9bf854760b22064f3529bc78bdb208390921288cd32149c29c0402268ac8e,85d5d5bc54aa4c9a
data/thermal-1-filtered/train/images/002731_png.rf.859e3aeb24918d71f0903f2b87bb1aa0.jpg,7abdb93071b4231dfd0d9e8fc78d2b6eef9cdfd3534301e47706a57ca5dbd7cb,aa2ce313d30ccc3f
data/thermal-1-filtered/train/images/frame619_jpg.rf.1319e150c10817bf62c27bd3e4290bed.jpg,8b0c01b126a4c71c14181afd61f66026d22ad2047c8d3d6aa43861aaf0ffe983,eee6f8b8b4868e10
data/thermal-1-filtered/train/images/frame563_jpg.rf.27b50e33f286ad1accd781fa7a76c5d4.jpg,ad23b321dd205c256be6c45b8532b37f6a0110c08cabb92101a5542aad51137c,a44a95f2c57d1279
data/thermal-1-filtered/train/images/IR_BIRD_012_frame76_jpg.rf.3034ea172a82d0bcf6d7d804b8d46dd3.jpg,58ae7671555bbcdc2a2ce33c0266f3c6da294695fc377c97d5cc237f12fc6b93,a59653a959a95a8b
data/thermal-1-filtered/train/images/IR_BIRD_012_frame203_jpg.rf.ac59f3a5f9dbf7ad83c096dd7f0cc375.jpg,9cae3974afeb81b76761070aca0ebe97c55b0257b74d828057c6f832df41b4b0,a542b54bca35cab5
data/thermal-1-filtered/train/images/IR_BIRD_012_frame86_jpg.rf.49ff37216d47cc4a2e621223bb17cbb9.jpg,a93c5ab7b165b6d87c7c72f40a49fe6355fff425d6e3a6a3c45a3e03dcf90db5,a5b654b45aad5629
data/thermal-1-filtered/train/images/0_0_000004_jpg.rf.91b1867a68ed4f4bca89c4ff56361793.jpg,b8afffa8896fe61c75e87f07adb2c7e3a90e6a541e080c160e9ec9c9369903f7,ee711dbce2001d79
data/thermal-1-filtered/train/images/002367_png.rf.de7f0c4b99f4f2c470bf78bf1c8cf791.jpg,107bdd20002dac58dce3b5d10dd206cf793707887ea0f50f8e149164f6148d44,f52a157287f70075
data/thermal-1-filtered/train/images/002098_png.rf.8fbdfe4323c89006ceb246192406070e.jpg,6b63a2613290eba29ab722b8a78937ba57fafd7e0c0cf78411948bc8e0bfdcf7,d08080eb0fff0fe3
data/thermal-1-filtered/train/images/frame121_jpg.rf.7ef4524361502fc985a61c0d393cd6a0.jpg,e9d2705bca80668adaec5db05c7bc193f2bd4310fb3d3aec2cd1936101105ed9,84ca55595bd64477
data/thermal-1-filtered/train/images/002014_png.rf.ad3407467b54cee3ffe5fb38ea5ccdf7.jpg,0323161c23ccfac69916d847c1dc47258a0583152e748a967b119670f0605c1d,ff7c04701e619867
data/thermal-1-filtered/train/images/000007_png.rf.03e4f721f0c399efc81bddece31a4ff7.jpg,d88d447de40e6c193d523707b2d623a3f856e735d42e591e7369023a3b3ff914,e87fd58094879c35
data/thermal-1-filtered/train/images/frame667_jpg.rf.c596c90d10c918ea9529c6c08478e255.jpg,8a2bfe20f54916b01c39f870c28f769dce32a76bbccc1e92ed097f8dfeab5d98,a082d55957d75569
data/thermal-1-filtered/train/images/frame597_jpg.rf.00962b500d7dc8d9d054be1a6aa986ef.jpg,ffc1e3ac84fd10aed8ad0aa8fcaf66c3054afe42fe369b32e8a53b3dbb024b82,b197d5b444ad118f
data/thermal-1-filtered/train/images/IR_BIRD_012_frame41_jpg.rf.863cd4539418e7d6acb31d10fd297ce7.jpg,993dc749527a668f94a61410a8334557741d3a727a1d7562c03962cdf6dfd288,d52a957a05d37a85
data/thermal-1-filtered/train/images/frame172_jpg.rf.a0b52bd966bb13b6d8ecec5690c4d64a.jpg,1ad1ba87a27063871fe626921d825995c0b429eb6f670b1c9710d2b28e4e747b,e92ad4ca33c5cec4
data/thermal-1-filtered/train/images/frame443_jpg.rf.dff1e6423fb7079c817015ac57876631.jpg,ce77069815320ca755d0ab98de5b296fc9942b4140188aab072ead0b12ef045d,efcc983ed8a03d42
data/thermal-1-filtered/train/images/0_0_000631_jpg.rf.961baa2c92c37b163feb3c739a22d0cc.jpg,4271535753b39cd2ebf5e2f11cc09369c589f56bc5c899ae7a388dee178c40b4,c42ac2c51d678eee
data/thermal-1-filtered/train/images/001503_png.rf.079148bfbb5a4def8054b0a591c0dc2a.jpg,01c327e9d3bd66ab1554b61899fb2bb92d8508058cde47389224ce8cf48e975f,a52ad54a54555f4b
data/thermal-1-filtered/train/images/002405_png.rf.d5e7f525886ffdd4f365d18d647568dc.jpg,021f59f4b0a8bdfda89385a00a913726611ddbeb8bc2318599b298c68ca5242b,aa7bd708ca94c732
data/thermal-1-filtered/train/images/002396_png.rf.db97a729211a9b7d8cb0dd102539f97c.jpg,7ed112d7d83c7fc0bea6afa24d90cd7bae80ddc758854d4e763b5ed300798147,a03f402f4ba659b7
data/thermal-1-filtered/train/images/0_0_000358_jpg.rf.34f538d19a08647cd484ebbaf4073029.jpg,3c2b24698b3dd6db9151348fd5099ff3a70a73ac1bdfd1035657d8111ff58738,e67f00060f0f0f3f
data/thermal-1-filtered/train/images/002228_png.rf.c41211084f154348f6b66ac97bce986d.jpg,50ce0ff5b94215b3ff8bc65b71d9fad0003a5fef6ac0f672f8561add54b42831,85d5553552aa5e9c
data/thermal-1-filtered/train/images/002461_png.rf.eb9fd9abfcb4166352efde6bcf7e7f57.jpg,6381793b1cbb19a2cc755e76a9cb435b6ff8673fc48f4cec6773bd3d4c43bda7,803f052f5da555b5
data/thermal-1-filtered/train/images/000008_png.rf.8987de6059b5607e9de7cd7c36b2df62.jpg,bb18ed92907d79c83c57fb7c5b514e4968ecbaab6da86cc16021c87d6b23d2dd,ea7dc280902f9c7e
data/thermal-1-filtered/train/images/frame637_jpg.rf.927582918818055838dbae3bfd41ebe1.jpg,924690c00a17ccd392cf8843fbb24c2c15b034b046696e1890fe7563814b74a2,eee6f8b8b4868614
data/thermal-1-filtered/train/images/0_0_000241_jpg.rf.8d1096ba508ec8c365c434c764adec29.jpg,7bd5af23a42fe8270a0ee361232d966f8a009a8118aa7259d5f6698160b099ec,ef516d001f3e6e0a
data/thermal-1-filtered/train/images/002795_png.rf.701e9a64341366246ac93f36df79ce47.jpg,623c706e38919ee684c4352efc79513149f48541d26de24883d2f552486f9509,962cd56a4ae95a4d
data/thermal-1-filtered/train/images/003099_png.rf.1cca0e19cb1532b367af99be964f8157.jpg,bc645b9043dc5cc0a8f378d7d2202500d36fdbe3c0344a5e01267aae8f8ba715,ff7e8556b984a810
data/thermal-1-filtered/train/images/IR_BIRD_012_frame117_jpg.rf.189c67773df26267a9fa229fd70f0108.jpg,7302891d119f48b13aeeb8ff4761bcd71c20944279a465b81e7ebef8ca1ea096,e51aed509a651ae5
data/thermal-1-filtered/train/images/frame660_jpg.rf.dd4ea3e33af1a036c0db4d65c15cf58f.jpg,7c0463f6e25ce5145ce27c5e6a622a2556ee61ca223b10d9c89128b50a6c84e3,eec6ea98b8948e86
data/thermal-1-filtered/train/images/003839_png.rf.30904efd0aa2d3fe419e56e7df9b35da.jpg,702ed6f690f970f54c51dde58401c2707d253ae2a4df41ff89e4de4f7b34f88b,f37c07700e639c0f
data/thermal-1-filtered/train/images/001999_png.rf.69d3ad407e922f4a2b6d6cf3b251ea4b.jpg,d28d30698ee753ae08b86e8bc650acdff6f3ec9316f33bbaadae8a8736a0fe0b,c07f04160f1f1f1f
data/thermal-1-filtered/train/images/IR_BIRD_012_frame86_jpg.rf.d7f8144034f29fe88abee749c1c953be.jpg,560d20195b602ae67ac0c46b33d14d68d837f3a038a394f95f15d6c57aef3ea2,f7188c7708c57f18
data/thermal-1-filtered/train/images/IR_BIRD_012_frame288_jpg.rf.892b97be1cdb9b692f44f8890078e28c.jpg,d2769a962278a8af3769dd660299046dfef4b3ec10d38525850c818f9ee7d616,a24addb72ccb9234
data/thermal-1-filtered/train/images/IR_BIRD_012_frame150_jpg.rf.bc015c13f7fed369294bb0a98868e34c.jpg,d531378471196632388a916050beaa461bcc8824f36ceca35cc3d027526c4279,d609f459897609f6
data/thermal-1-filtered/train/images/frame498_jpg.rf.02d8958d29de8085f51dff4e31c31176.jpg,5c940c427588709ec54c240d8e716319ffb6c43ff17789b24d69a296bd105324,fe01dcb7a2b0bd08
data/thermal-1-filtered/train/images/IR_BIRD_012_frame29_jpg.rf.25c7d4ffd7648148563722e68e839bad.jpg,edfbb89c21eeed6e7c74573ba9eb7db98a53d97664f50ac54a26546adf09be69,f7188c7708d47f18
data/thermal-1-filtered/train/images/002393_png.rf.835edc9e74e2051eb5c240340c637bda.jpg,9bc257275655fc9d53ed89b438d0e112722e721bbba639ba0ef976b0eadfa007,fb7ed34c8154813c
data/thermal-1-filtered/train/images/002274_png.rf.26a5509b4671a49c31fe96c3d61a76a7.jpg,41c250b53bf27ee565af0dfb96108f7d0aab305f89e4235c19a3bd667e553bc2,fe6bbf50810fd028
data/thermal-1-filtered/train/images/frame459_jpg.rf.ff049346ebd1642bce60d700f368439b.jpg,12546af600c7db5a7bc5e36258f84e604dd45560fb40bba05e89ab526492907b,958a505f477d4c69
data/thermal-1-filtered/train/images/002703_png.rf.880957a1f7206193264fee44ee67c434.jpg,37e99c83cdfc768576d7bd9e00222d35bc8102cfc5ac8ceda196be92108c4479,fbf7801c90af550a
data/thermal-1-filtered/train/images/003853_png.rf.c1cc0643b915d320c50bcd4418ca6957.jpg,d92d9a5a216724b8b2ca17e61b89eec3020252d50067b9942c7eae14319c5f26,d38080ef0e7f18f9
data/thermal-1-filtered/train/images/003849_png.rf.2bd54189f158ee76193c6756f631cd56.jpg,ea2d35a6f36951256ca120b81ad1fbd97caf4c058f939c13ddf994652448dfcf,f728116d4bf60972
data/thermal-1-filtered/train/images/002230_png.rf.f9e42e807713a759297ab38a94f5fc8a.jpg,22854066fd4242bf72ccca858d76b973de31cde183ff59fb35163a79ee899b44,852a554b5b555a6b
data/thermal-1-filtered/train/images/ir_3_016490_jpg.rf.d26c0c3035e95ea6b78c9267f5e855ab.jpg,ca7e1a1d5eb55013ba4202ec5edaf5329c97f4e132c071e7cf58b796c342bd59,8074e5b55c4b0fa7
data/thermal-1-filtered/train/images/frame202_jpg.rf.82b9482316592b980181f7f1de783c67.jpg,f3672ec83fef538d606048d7b50db27fc28c644ea7d8c5bfcff088244c11474c,d17a1f88c0d744f9
data/thermal-1-filtered/train/images/frame495_jpg.rf.125ae498f100d4ad8e528299de03cb13.jpg,d07b6776d38b174727461a26890a44e171d7d181d9a3b82c272d8056ac822ee4,ad5285ea46d5435b
data/thermal-1-filtered/train/images/001506_png.rf.82fbba1c1df23bde1b23fcc9989abc0f.jpg,a6cbb77f9a012bb84d0b65d112521b6b00479055b048b8a082d4c9b5888ba3f7,bf3a814c95009f77
data/thermal-1-filtered/train/images/002224_png.rf.bcd5df43de1bd12304ae9b6015f18cb1.jpg,764be568254d9d9ba632d828e2bbac78e0e8ad7b1c45147a23b8ea0eb8e99e08,e72a5e2dd0a55a25
data/thermal-1-filtered/train/images/002158_png.rf.d79f6230a8754c57f4c83bb89b704623.jpg,7ccee77fe79c840ce927fa1299527ef87a66140f123ec75aaf305984afe775c8,95d5552e5bac489c
data/thermal-1-filtered/train/images/002837_png.rf.90d4563ea202b0ff18d5822690d232e5.jpg,0fb19e7df2c3828561658f3ddbaa597cd82fbe8edebba9611fd2eddbe4382168,ef2fad128a52d252
data/thermal-1-filtered/train/images/002382_png.rf.3e362d7a6237f66fb1f0fee3d0bca8f7.jpg,58df578247ea84ba6788e7cea1d2be0da47b72b1d58307e033b0fd967cfbd2ad,a07f403f4bb442bb
data/thermal-1-filtered/train/images/frame633_jpg.rf.89f37f512f0fbabadfe7bc89a89ca7d3.jpg,69af3b27d03d979dbc2c392fd28b41c23fa5be585bcf8b4350e0af9960100245,b4a295495757526b
data/thermal-1-filtered/train/images/002233_png.rf.39f3497f1bc5db75c4a98ac6c833e077.jpg,d63ecf5eb493a106e3dbca995ec35929e587ccb4299c702b542aad75e428cf22,be2a157e80ed807e
data/thermal-1-filtered/train/images/002286_png.rf.fe1d975d2d9c333fa70852fe8234667b.jpg,b3a760807a3caca2056db9f55fa1e7bdbefbd3c55ae8da45a643a26f65301d67,ff7ebc5182708462
data/thermal-1-filtered/train/images/frame413_jpg.rf.f7dfbe50588d42994d37f338d8dea5ad.jpg,8f6327fad0d9c9f643bf4a9458d3e308f5af689f85fd12fd1a5d55a0db091fc2,e0aab55eda92925a
data/thermal-1-filtered/train/images/003768_png.rf.de7844da392632fd125772a0e50840d7.jpg,b8678fd984733d8d71d4e8fc70966f25eb05131c0935ec307ca32d1455eadd6c,f26f643f80738d60
data/thermal-1-filtered/train/images/ir_3_036060_jpg.rf.9dcc2b9ea53bf7735714db35f8f7aaf9.jpg,e99665d81bb09d5ca07db3efeea63b96ad656c03ec1a833c9905d51a0f3e02b4,d028947b07f80ff3
data/thermal-1-filtered/train/images/frame661_jpg.rf.cf0938b813e25cc7dfe24e780dbc7ed9.jpg,0a2d865b6bc2488c5f5ac339a8cc9e682d6de4d857e3e867886d3451db720f0b,eec6fe90b880ae86
data/thermal-1-filtered/train/images/002244_png.rf.3a05eb123043cfdd6062e1cc93d7f08e.jpg,4580d66a48702a4281914f3739176d129a5fb3d1f2c4b6eb768b06677191d08f,db7f801f150f038e
data/thermal-1-filtered/train/images/0_0_000066_jpg.rf.4503034648872a3ee75cef46dcea602c.jpg,74baaf39f27bbe5abc3c51925f895274ff23bd4730760cf2d8087cc51f302982,f11a857a17e80aed
data/thermal-1-filtered/train/images/IR_BIRD_012_frame79_jpg.rf.9e69becef11d73ee8d8e7bcf4455d9d1.jpg,54b4e0ad9e1efba61a59f6c1dfac9f59cac85b886baa937f5475da823909fb75,b46953695b525a5a
data/thermal-1-filtered/train/images/002340_png.rf.8c34854e5acbca1773b72ffcd7b0d089.jpg,791f1b81448c24772b10cf82c5b1ec661683afd47a080320f4d2e50f104c92a4,bf2bb609c512c635
data/thermal-1-filtered/train/images/frame366_jpg.rf.0c55e528c799ed6c7ff80f865dd0d430.jpg,761652234975b15b756be148e894c5f01d02e656f4259b0d3d913cd80183eaf9,a41695ad4ad9cd2b
data/thermal-1-filtered/train/images/ir_3_034970_jpg.rf.f5600a58de90bf8064f33ce9e6137401.jpg,1f2178afb95f5b8ede508b55048efc37373e3388a2203368c4d97a2e6f074a4a,d28402d26dff02fe
data/thermal-1-filtered/train/images/002437_png.rf.835203626f88ff8c4a74ea11a79a3653.jpg,21a2aa00b430764c010bb0bf696b1316df2009bad1f1fc163eef3f1ecdf37cd4,ae7bfd4ad50af000
data/thermal-1-filtered/train/images/003764_png.rf.2f1f5c097256428804b687f0f8d652d4.jpg,70e29766ca9d0255aba754aa361d1631cdc48d3b4117cc79ebfa9cbeb03e9931,866ad5c453535e53
data/thermal-1-filtered/train/images/003092_png.rf.6e37109bc2aed54a9cdc6a29a6448df9.jpg,1d2e7a4374397d83a318e3aae9f83427f335f297c96c93d323a91071e05d8a0b,803f513f4ab25fa1
data/thermal-1-filtered/train/images/002385_png.rf.36253f592278d810a0ef8e1fdfccc61d.jpg,8d5630a763d68861b43fb8af829ee85ddd5dfa914264e3c68c640a4b397fa1e7,ff7ab75885108531
data/thermal-1-filtered/train/images/003745_png.rf.4ca1a2cd668add7b2893c5c1c647a7ec.jpg,99fb803369adce2156be0447a0fe24ac22ab061725e289c99e0475e0caa119a8,f47f483985b4ca70
data/thermal-1-filtered/train/images/0_0_000214_jpg.rf.be708a77ac41587d2fc2870b74a31d89.jpg,5da4d0d3a2292cc31ebbd81f70e74f04ba3aaa923bca789472aaa49bdfa213de,fec0e0f001f807fe
data/thermal-1-filtered/train/images/frame417_jpg.rf.bb2b92e4adb34325273c2c7617c6703a.jpg,07d3d77346135031cf26beacee960b15a729f98d9ad045d9d9b45fb1bde973e2,90e2d4695769576a
data/thermal-1-filtered/train/images/frame680_jpg.rf.e17d1c8589bfddb6a0fc43fe071cd179.jpg,eeeec0b3fbbb03aef449241dcee7ae26ac2bdbafd1fdfc6dbad065dddb78b008,eec0f884fe10fe06
data/thermal-1-filtered/train/images/002305_png.rf.22ab14cef8e3882a5fdef824fafbfe99.jpg,1a76aded77ed04aefcdfe92b66137ca1434753d80974b72914f3bd3a97826fe9,fa6fb00cb3c49b21
data/thermal-1-filtered/train/images/frame641_jpg.rf.4eea9c36e58fbaeaa806a7d6a5fbb2e6.jpg,6ade7577ac5c7d322fa967c7b70c7ace51dcf474e2a79cc5ed780e609c7a7803,eec6f8b8b8a48e06
data/thermal-1-filtered/train/images/frame666_jpg.rf.e45320f6173a2f9bba6a441c4c5b8783.jpg,dfb9e383751fc9429aaafba556e62b7516171fe28e3a53a83a544affe9a1bf7e,b197d5944694179b
data/thermal-1-filtered/train/images/frame648_jpg.rf.5524350c8c40b0076014cd4d8e9ba0e0.jpg,94bc77585bad211cf8675edf1c8c3dc9e0cb126eb9733bcfde29512247c7073c,e0e0c07991df47d6
data/thermal-1-filtered/train/images/ir_3_036060_jpg.rf.754bea608e690fb7d76f50cfebcd07b2.jpg,db0b5765004a8ac78cd569e3e02e97a00aa0758cab8003da9dee39a10ee1f427,ff68b65d07c12e10
data/thermal-1-filtered/train/images/IR_BIRD_012_frame121_jpg.rf.039f7e64c7890cdd129a7241dc392d66.jpg,a7f6eee1cb1f0e80c7911a663cfd2b100e46b5b49702a967d7c25f5027e86e95,817f812fd02f48b7
data/thermal-1-filtered/train/images/002443_png.rf.ffb0c358aa4648fa6f0693778290324a.jpg,4aff65e6cb79fe82548da6027ebe026c7713582380fd36c0c779868cf7a2bd7b,852a554b5d515de9
data/thermal-1-filtered/train/images/003424_png.rf.8cf6d5b8d514a1a998bd1195b0ac0c36.jpg,dec6a6925d72bce0657fdcc1c5c43df89dbbeaf129e3887c045cfd96c604d6b5,eb3aed02c80fd827
data/thermal-1-filtered/train/images/frame245_jpg.rf.4da0eee6c2622d79c28d4d33de5f4cd9.jpg,a785ecf9c5c0684cdcd734ff8d07c3678b56af15b521bb5bf4f00dc188fe357e,c56a84f1597307e9
data/thermal-1-filtered/train/images/IR_BIRD_012_frame3_jpg.rf.47c1298369549333e578673e8d87532c.jpg,257f59e7c2dd36517cff8c70f8b3d81809c8166f16bf072677e39986cbdec08b,f177431c1c874787
data/thermal-1-filtered/train/images/002162_png.rf.117e6bde4e0d5f2badd25dbca8321213.jpg,1fe26cd4c27d253d78a91c9e133ab1ae30b1a623b94f50fa6d277c556e83240c,952a55564a575dca
data/thermal-1-filtered/train/images/frame101_jpg.rf.9784303b94d306b380b6fc22d1984f62.jpg,1c573bf9fef45c9638c55fca6b8a2c4c5b1cad3c5ea963735316502aefc9ea27,c67800669fc7617e
data/thermal-1-filtered/train/images/IR_BIRD_012_frame2_jpg.rf.551ce7706af4ae0b4b981535036533a3.jpg,f33dfe7e782829fb6b4f30e35b4c9f6a8ab6e4bd300a17426135aa2f1646d7ed,f7188c7708c57f18
data/thermal-1-filtered/train/images/003035_png.rf.6a3dff751c77264fb5581333c35a101c.jpg,9a3ddb318aaa0ced75da24ea607db3f4533e8aa9050c485e9542ac0128094c7b,d08080ed0fff03fe
data/thermal-1-filtered/train/images/002783_png.rf.ad69431fc6cf38f1ae9bf14e880ea46f.jpg,d455694c603a8691a0151c4a42765f5cdb5b8b176fbb87ca530d8fd642f1c1d8,ff6a1048349bc4bb
data/thermal-1-filtered/train/images/002507_png.rf.f2bdb65202aa4dc5f92a8abea2f52649.jpg,29cab75b9853da27b7c060de725f017a3ca9642a6ed52cf6a1a3b8b265a5a8a1,d07f001f0f070f3f
data/thermal-1-filtered/train/images/frame435_jpg.rf.7107b1620cbb16ada9e38bc839d21fd5.jpg,ae804d14a175f948d5418b55342dc2dd7df2201be6e0d2ba39ab5ef735af234c,ffcc832878c0e539
data/thermal-1-filtered/train/images/frame671_jpg.rf.154b97554e4ee717a0e80b9aeffe2aeb.jpg,d13bb5ce855c537ccaa0a3168c1f75e1454fdb1d5287e7d7885d5ea98fb401a0,efc0d190f994c786
data/thermal-1-filtered/train/images/001670_png.rf.cef69ef85b286cfc2a7877bdaee9313f.jpg,26e4515a4888f398b3e016b788dd6a1c9cc618ec2510d193a4bde2a4f19bd393,a82ad542ddc69d72
data/thermal-1-filtered/train/images/frame600_jpg.rf.8d744ceba5b44e6ef3cb5363dfe4bb8c.jpg,7bc604405cb1a0dfb6f8114e5f7cdc331edec1152c879b976864e1b288dde0d7,eee6e8b8b8a48e06
data/thermal-1-filtered/train/images/002386_png.rf.ecb2a2843422cb10409dc3519c136618.jpg,984f4845cdbd9c77b9114c885369d965c71916125f6b53667f6e4598633a5784,ff7ab3588510c531
data/thermal-1-filtered/train/images/002276_png.rf.3a0ed0552b90eca050eafd2039793b34.jpg,40b79226b9794d55e70f9266b2ef5468172660f5aaa10f46dcc75f58bed1a320,fe6f9e5c801f8068
data/thermal-1-filtered/train/images/IR_BIRD_012_frame179_jpg.rf.f1aa1221d92d22c97bc1200df429993c.jpg,63caae6d9f6eb0e9c7e3450ca819a46a3cb9a2c6d9ad1faff2f97010f18261d0,a9b5552a55ad15aa
data/thermal-1-filtered/train/images/003857_png.rf.b8d95dfb39ccf470796603b0c6428102.jpg,3e34f75db6ca27af5f04ca47583f2bcf016d18a7855d8ec8f7036255a7a14937,e37d03780fe09d07
data/thermal-1-filtered/train/images/ir_3_028560_jpg.rf.1bf3ecb34d88ad364177c5176b0cf9cc.jpg,439883644d911ae31a9fc09368072951e743021704fa400a7906d306ca10b44a,aa2bea35ca2ad529
data/thermal-1-filtered/train/images/002226_png.rf.fb2ddfc34ae2ede514192037d92393f9.jpg,857873563da83040880df387de7b9f3674734f9cde1265263514af250dac6b73,d46a05fe0ff00fe0
data/thermal-1-filtered/train/images/IR_BIRD_012_frame291_jpg.rf.d378fe7c44352ac83724a077acdf6c89.jpg,7b7bebb7838c1c140af6d0aa222a8cd28a9f4d61d8799b89fba1ac8eba8461a0,a24addb72ccb9234
data/thermal-1-filtered/train/images/003730_png.rf.ebe93fbd9bcdcd4b9152c422db3ac9d3.jpg,92ae7b844edf517cc25c1c9fc53fadc06e00ae28b76a43e3c7965577cdcdb50a,852a554e5b555d53
data/thermal-1-filtered/train/images/002804_png.rf.866d736c0bb69b1b5ccfbe383314c601.jpg,266c97b7b07000d621364df7f43e8d823e73e42acfbf14d10d7cb9b79000cbcb,ae6b3c4528d73847
data/thermal-1-filtered/train/images/ir_3_028560_jpg.rf.958c6be829c85c72f8aa2609f0d67281.jpg,a8e48d39ea437ab13e29f33ee5c1df42eb75da402790b13cf4dd2e67e2741aa2,d0df041f0f0f0d1f
data/thermal-1-filtered/train/images/ir_049450_jpg.rf.96c1c330e90c6e2fe8b503885a1d2e0b.jpg,e027bd59a08e13ad156e5b491b855ff669f28fb2714a29605846c70df5063c5d,d8e2907411fc07fd
data/thermal-1-filtered/train/images/frame190_jpg.rf.ad6d56bc8ba5408089a2670aac0b81a9.jpg,de12d13f1829eb2a7bc4f7c2dbef63221b420623a36dec7f41814b9c8adb972f,9ee06125ef64660f
data/thermal-1-filtered/train/images/IR_BIRD_012_frame114_jpg.rf.0737691b362f40a04b59dfcecec495c2.jpg,d23604e07589062b11e1254a6ec805339fa4c7d5b674d2af8b869f1dd7765583,c512ed539a611ee9
data/thermal-1-filtered/train/images/IR_BIRD_012_frame263_jpg.rf.138ddb62a60b2ad10c37950a54e182d4.jpg,cc35d192f29a3571c06ab21bc45ec11295d2f03e2acee6ed578acc66fc38bf6d,a24addb72ccb9234
data/thermal-1-filtered/train/images/002041_png.rf.3a77a4b7b08c3fd31fcbd9eb5544dde1.jpg,76e4feaee5a1ef7f8b685c41b4bc7682529469eb9ec6b5cccb48c6759dc6992a,852a55555d795d54
data/thermal-1-filtered/train/images/002727_png.rf.bc23ca1b0fdf06251be4905e1e8e8264.jpg,8b9d10a013b1d7e36487f9588efba23d03ffe290470d27ae61a6b021d7c8e1e0,85b555a642be5ca5
data/thermal-1-filtered/train/images/frame453_jpg.rf.0f08b052809b91de5981bce2d2029167.jpg,aa3c1cc8969a4cfd4bcebb96b1ba622975ba2b0f473c30ba483d4627c309d087,98956597f42ba529
data/thermal-1-filtered/train/images/0_0_000078_jpg.rf.a21c53e5bd6839042008c8b86084048e.jpg,f99e863a62911f10d3ead5b7d98709c10bc07b3a10e57dc6c6563842d9e17b30,fc5b8a3c43aa3543
data/thermal-1-filtered/train/images/002031_png.rf.f4c4122ab408340e87c34cd660ca0db2.jpg,ccc4ab26718b24ed73579390339baad1c44182aae1a088b4888e18ed777731bd,d37f805e3f090738
data/thermal-1-filtered/train/images/003109_png.rf.32ae47f6f10f88b73fb7f965e886eeca.jpg,c6840f89f77118098fa383df2811a544ec1fc07e9d0f352d3c9b4d1dac221a88,ff6b885d849ae20c
data/thermal-1-filtered/train/images/002837_png.rf.eacc8d0cfbb370a59594a5d519e6fde5.jpg,42e8039701e5027ae0a076780959b4da4add38e7c46ca130f08df50de93bf3fb,aa85f007f80ff80f
data/thermal-1-filtered/train/images/002207_png.rf.6ada8a5cb1d17dfe46891bed8e2efb33.jpg,3b911d704e8771783ae9a2878e8f1b13878a6270d3f3c0b56eb5da32b15a211a,d08000eb0fff0efb
data/thermal-1-filtered/train/images/002164_png.rf.7c833a6e90dada893c9854f782d2fda4.jpg,0160d4f919f5cd6c7a8d4ff01c9d9169e281f24d058888f0ecceb42ed279aa41,c08204fc1fff0f63
data/thermal-1-filtered/train/images/003745_png.rf.456f3e963f8f310b2bc30bf15e2a980e.jpg,f58c2a349b3568834cd3687c4b0923f9a82f9a0929541453b4e297d131d97943,84f5d595563a5ca2
data/thermal-1-filtered/train/images/002433_png.rf.9bad5469c3606f7025d208219387d415.jpg,ce7e389218cc05adca10105a767efda6157cfb49e3491a6bf5f55af1242f6864,a03f003fc2bbc23f
data/thermal-1-filtered/train/images/003797_png.rf.227ae7d301bd7b036c96b06ea21dbfb1.jpg,c8464ee08274c7337a5963b9063c7c3ae84400967c9c74d8670aae9195ca1430,d07f0037131d1f8f
data/thermal-1-filtered/train/images/0_0_000346_jpg.rf.34c92059b945d78ac859c36bba40b49a.jpg,b29488f321ed3f65c4f88a0fae2ebcce8d05c3d6c34c7e61a24aba396f435c91,b2abaaa94b24a9ad
data/thermal-1-filtered/train/images/002541_png.rf.9124b6d6538ecee0b4a4a05ab88ad7eb.jpg,f5fdd5a4529743e9a02d547578171b0d3a299a71c9516ab49218a769ce1e8853,ba2ad52ad512ed52
data/thermal-1-filtered/train/images/002240_png.rf.5791027cb889afeb08d4f59d9db61c37.jpg,3f1f0375209c4693a5b275ec8e8e1e8926f14c416b63dfc0bc0ebb5207184eb6,eb7ee855805f8065
data/thermal-1-filtered/train/images/IR_BIRD_012_frame65_jpg.rf.97690fcd6d942f32db56a4113dce3d93.jpg,94e4412b1f47cee6a865ee0c988a40474b9a037163253e5a53a3ea8cce17afe6,d04d94225db26fd5
data/thermal-1-filtered/train/images/002047_png.rf.26f8ad3fbdefeedf49afe3d7c857380d.jpg,216c59aa88c8b89dacd544b559e0147456f7707c1f56ee4d138ec4734900139e,ef78b248b748b522
data/thermal-1-filtered/train/images/frame19_jpg.rf.cacc0da0fb5cf30bf4572f61fa5b90d3.jpg,f24d94c92a988a50297c6563e9c8c98aaff970a892afad0cdc7a0c1963a5fe87,addefe11ba141113
data/thermal-1-filtered/train/images/003085_png.rf.07658eeb9368b95b8c4349358fc629fc.jpg,fabade6fef261c776a3a9a72b6b1fdaa6d0c73100d1c11fe264b111991a214b9,ff7e9944914ab045
data/thermal-1-filtered/train/images/frame717_jpg.rf.9fe44ed0b698842068011f12f7e02a35.jpg,4469700e96a69e57c7c41cb3352b19a09274d250fa01d5022ff19997e3afae4d,bc55c1bd47a815ac
data/thermal-1-filtered/train/images/002237_png.rf.a746111e46660417f1c52bcf86cafedf.jpg,4986f9ccfd7d3962d8c3120cef9154a6d501dbeec703435887d785708f1699fa,d87f801f17041d3f
data/thermal-1-filtered/train/images/002741_png.rf.50a9b0d6eebadff182f446219bdd8f3f.jpg,ae59a8c410e0173c96b75c26999c777a6d860182fa0e824e35a2d4bbfbcd980d,85ad5554ea1757a8
data/thermal-1-filtered/train/images/002059_png.rf.0916b7714efdfa5f5563d15b2b35d10b.jpg,b41b0cbd5f06018c39bad0d21bbc216d9c92a44a2a03a58629ebae8bed954a93,b07f403f4b9a453a
data/thermal-1-filtered/train/images/frame110_jpg.rf.21e931b7db264db6ad8b424603ceb911.jpg,c624f89fdb63b85937858c588c5a4146baa8702086e2262dd514d2e6ebe5209d,dec6830787e2e30e
data/thermal-1-filtered/train/images/frame39_jpg.rf.d694ee383b52ac77ea2705ed2d6e5b8c.jpg,324132a49f787638101bc1824eb544dca5cdf7c54eb287a6ac28ce2d84b08468,f09f90971b0b4b8e
data/thermal-1-filtered/train/images/0_0_000070_jpg.rf.439b54b4e707736e8cd07a2043869cf1.jpg,50667af482c5c7980478234fb180098969e1f7d869d9fa89342a816ef9e26742,d56a05fb057b0ce2
data/thermal-1-filtered/train/images/IR_BIRD_012_frame272_jpg.rf.55a709bbf2b552de6bab68777bc87069.jpg,484ab0cccce2f7784ca424671be2afd8f21548708c5171260761083d2b09197e,b49b598c6ca6538b
data/thermal-1-filtered/train/images/0_0_000042_jpg.rf.16eeadb39c585689f29c727b05dd66c3.jpg,a4dbbae7dc9ba439c58b5feec150317d0b45226accffe6654532ec2ec25abd9a,ee71b9ee0538b105
data/thermal-1-filtered/train/images/IR_BIRD_012_frame265_jpg.rf.3d3b68f6ac00ec0d96ce81f5f1c407af.jpg,86be3ce68cb737c7d0f675213303fb58a49d1f5b70e6c496b7d97eb3984466d8,a24addb72ccb9234
data/thermal-1-filtered/train/images/frame405_jpg.rf.906ca8938072d08ed5f05bcf08e09e3f.jpg,54a8a03870fcbfb4a5ace17bc7042a9c4d2a22c364a70f88200f45e24edb5496,b52215eb1a5b5e49
data/thermal-1-filtered/train/images/IR_BIRD_012_frame188_jpg.rf.697b7259ed08fc2f3ed34653b486970a.jpg,ac5284cb2cdd2e49a7a0f7706a308178c54f29181053d135effcd197973bd6ca,dc33dc02a35ca3dc
data/thermal-1-filtered/train/images/003690_png.rf.c2e2f05a7b5a0915fa3b5f9d81ae9083.jpg,2c7d3fd73a4ee3253a04338e9553bff38731d375de833d13b6d3dab4ccf48814,d46a14fb16f30de0
data/thermal-1-filtered/train/images/frame623_jpg.rf.a7f921365de1d98172a89f18c72f0095.jpg,bc746d67319babd774cd7b7fe55dfe3bb6323d8753da54054de64ad27f2355ea,f0e0c15353df4cca
data/thermal-1-filtered/train/images/frame172_jpg.rf.c6e3faeeb29adf9fcd09fb96a72d55f8.jpg,48cbae69167a538b4bc76e529750d4af8db4540405b281151e750567ecdc6944,a79d44a751ac5f03
data/thermal-1-filtered/train/images/frame660_jpg.rf.56f9916afb9fdcac54ad5258378187e7.jpg,fd9363f4ecad33f3aa9f98d628dbb63b7e277dd3c18ca6b5ceac3ea053fe3942,f4e0c078907f47c7
data/thermal-1-filtered/train/images/frame483_jpg.rf.26e41aeb450699d0d3c04c513c0b2ee3.jpg,e680ecc5687b1ae2314960e9d7fc6d28dab4233458193d576af1f937427eee2b,a9d7d08da1aa54ad
data/thermal-1-filtered/train/images/003743_png.rf.9beff572b597ee773fc28a09f8675193.jpg,6fc8880f9a098f578aad18a76cb8f34dd27858cf0f6f8697e472043c896246dd,d56a157a0fe30cf0
data/thermal-1-filtered/train/images/frame689_jpg.rf.26de939f548030eb2482c8e2375c193c.jpg,172b81e4955ace34dcb9b3f07691a51e3afa4009173b93901840a5e11ed3cd0b,f4e8c05a95ef8552
data/thermal-1-filtered/train/images/ir_046750_jpg.rf.f99765a02d9954e219b3c33b758b2ea4.jpg,ac86307f0ca6e1e9b2e2089e3cd3d55ec498f418d7f37c7498b7b918aa4c1b52,f44982b549e685db
data/thermal-1-filtered/train/images/frame210_jpg.rf.a422d55625ef3325df34404747f600f5.jpg,02a8acbf47bfce0718de52f14e12a2fa65b6040728fb26cedd37a5d06982e1b3,842f4add97c255ac
data/thermal-1-filtered/train/images/IR_BIRD_012_frame227_jpg.rf.119de487a70da5d14a892dd200706ba5.jpg,bf3a13480339ac3b15ccc7e1c2ba8fdbce33283f38dd04f27ca08563c41952e6,a22a4dd1b525e9cb
data/thermal-1-filtered/train/images/IR_BIRD_012_frame69_jpg.rf.d676ab6fb83ccacb11b2331c6d63d460.jpg,e89343ac1561591a14e50fef8558ae10f6f7f396cfa52c89dc6828c41e778ebc,f13c071f0f870f07
data/thermal-1-filtered/train/images/0_0_000282_jpg.rf.f8b08d009ddeaf01d69a81c174ab976c.jpg,9e4c3c673bdc83ff5ba7f45007c387011d89fd35f1ec89fd7271e44c59877b98,aa6dedd4e4a84136
data/thermal-1-filtered/train/images/frame44_jpg.rf.8cee5e05eb63c716b08a10e035297217.jpg,c4663b37e8d94deb5113152586bd592ba5e637e14bebbc84f0918c12460a5bdf,b3eac1854a6e1d55
data/thermal-1-filtered/train/images/002260_png.rf.84df3e5c4f0f5427117402144f5e57c3.jpg,b0d3e27d1f80963e97e29a850e99dcfa674f548860ddba834ab1d6f41b6106ba,ef7ff00794419862
data/thermal-1-filtered/train/images/003487_png.rf.3114536d0bf5f641772a1fc1fdea9413.jpg,edd0e5b637d7cebc251f7b1cc302dd9ef9752512f0b8daa4c1f836820f99c2f7,ff623c4027dc225d
data/thermal-1-filtered/train/images/002715_png.rf.8bc7954ff76f3b9c234d2f46f734780c.jpg,f0dcce6105c6bffa33e67c478b03633d90839a42e1385b68e8e8fe8053f25cc0,d0ff801e0f1f051f
data/thermal-1-filtered/train/images/frame104_jpg.rf.219c280bd6e2c5e9abf3af7601827785.jpg,897051d66ba0862b66ad26c47182b373be27f8e5c4d4270a6ea3ea27bf2ff8ab,9962556b86d16b6a
data/thermal-1-filtered/train/images/frame342_jpg.rf.f80ff80db8a86b830fc280f1f3c9e8eb.jpg,aed2462bf7533f459f104f5077c192736886f5c3128a5332b347ee240b837cf7,f57e25689f609f00
data/thermal-1-filtered/train/images/frame422_jpg.rf.05fca7d363e8c47960481683c7a7c21c.jpg,f3c8b2d356404244465926cb81d7a041ccf44447fa6e101e0b63a1e67c2628d9,e677803f1f0310be
data/thermal-1-filtered/train/images/IR_BIRD_012_frame105_jpg.rf.95b6a26270bfcc9822cab0e84438175b.jpg,544eef86c15b73f25f1a3baaeba1a044bc493b3cef8c46ef526ea1efab0fd0de,aba5255a255a3575
data/thermal-1-filtered/train/images/0_0_000236_jpg.rf.09b0f65bddadc8bd3d14483afa21402d.jpg,7b50ad92e75bafc9f3dd0370e22c27f5930f3890657f73a2a9b365e6f7605775,ff9fd79f000001ab
data/thermal-1-filtered/train/images/002325_png.rf.f15653eb5f00c38a23b04a25c25a2308.jpg,cd13875455ddfb42d2fb71fa3dd3a6c762413ad938fbbb79f8524f244f0ce77e,ab7a9d7209f61164
data/thermal-1-filtered/train/images/002327_png.rf.2973bf9715a6ae2a87050e9c513d87e2.jpg,ea663ff21b58961f8495fe8daf335f059f59433d0669dd28a962300c474a7e80,aa7f955a88970578
data/thermal-1-filtered/train/images/002067_png.rf.ee1edbf7899d12a439d31d518f16681e.jpg,153c4911c009910ae6cc7576ae4637954c3f4f2d6f09d7db3ff44abea130c4cd,ef38ea018ec1b44f
data/thermal-1-filtered/train/images/IR_BIRD_012_frame79_jpg.rf.d9529822534e05b9d6188f8264d94a93.jpg,40826b14cf762c4dad4b41c64c60652fa4f699f38188870a185ba4ddbd596cb0,d42a95724bb44add
data/thermal-1-filtered/train/images/002684_png.rf.b55fc606900d256529b663790b653a5f.jpg,c6fe01cb061c4aa2005f31241dcaacee519323899408cd4baa8439c58de17733,fd631941999b9951
data/thermal-1-filtered/train/images/002060_png.rf.eb53caa49757e51b0a7f19b99ce6e3cd.jpg,6804eff4b68aac3fc7b7bb3db0722e019f8bca11c8324563b8e5d0944674cf36,af3aa249b24fb138
data/thermal-1-filtered/train/images/frame532_jpg.rf.151d7650dcadb362c8965c9778f663c5.jpg,f0fbfef8189ab2b8097c4ca8960e9bbb5b013b124757d20f2ca697a5809da777,f13fc0879c01d73c
data/thermal-1-filtered/train/images/0_0_000066_jpg.rf.ab15011de3821b44aef2244e137f86c6.jpg,57d960ef955bb7c832515602c5a413b43dea260b083ae9130d0e08b503813aa1,f02000e71ee787fb
data/thermal-1-filtered/train/images/0_0_000257_jpg.rf.f69538424d021e8ef4f5ff3f381ceffe.jpg,c28ae8e7b965ef01579e0d86b61c6b62d8e248d16feee75ffb46dffb912379c4,ab15951689ab55ab
data/thermal-1-filtered/train/images/003694_png.rf.e469fc6362d2bd67de34e0f5cf7e7319.jpg,7970bf8b744175363a68bdf1c9e8577e2e89790d48feb2c3ba5e2bca6549f887,b36e692e17927f00
data/thermal-1-filtered/train/images/ir_2_020230_jpg.rf.4f74558b5491a0edf83a00c4034a7496.jpg,449c8024a4c59515a58f3a739647a54f17fda9f50e5d6ebf286b984e28337d83,a699c7c358831fa3
data/thermal-1-filtered/train/images/0_0_001478_jpg.rf.6a3d9964d828321af6bf705243921dbb.jpg,e54ea44925c634f9be93353e7d071ffc72599ea1d938d983c907c4e3bbd42851,e07f1015e0cddeb1
data/thermal-1-filtered/train/images/002457_png.rf.444bcd27e83088df73d449547cbd4c23.jpg,445372f9aec6e7adb99f984ec71c0a66a5cadc617de4c6c4c2d20e6f541f100e,bf7eff5ec400a001
data/thermal-1-filtered/train/images/IR_BIRD_012_frame166_jpg.rf.62613d7287c59b97d936f79fbf779bb1.jpg,494c8a9fdb475a6b3306bd372e2c891c27d97d1e6f94c5a8e2467eccc99744d0,d60df249857609f6
data/thermal-1-filtered/train/images/frame494_jpg.rf.7952a92e6749f115466d9158c189092e.jpg,930a60c9a61e5e9e2e0d4f96d2e070af67445a829e210570ea7537b534ad2265,fe03dcfcb300b20e
data/thermal-1-filtered/train/images/0_0_000268_jpg.rf.1f19b4a084e1f0a85b590681cf652399.jpg,9fb7c2683c5383cc786d531c8dcef3ba3a0bf6770e82e8bace337c8dfa37b3c7,fc3000e60cff01ff
data/thermal-1-filtered/train/images/002790_png.rf.053f1d744ac56a22150be6d799376c5b.jpg,0624c9c86090767471eac1380cb900dd78e70acefd760ce6d13880ff5f9be569,fd732cd12a11ce61
data/thermal-1-filtered/train/images/frame470_jpg.rf.7da14ed557712053281a7922bd308e0e.jpg,bea8f71785c0fb14fdae32c93ace5173b60fcf0163a62e1ec6fb8b76b1767946,a98a54755c751be8
data/thermal-1-filtered/train/images/IR_BIRD_012_frame8_jpg.rf.f6a7d0761948e4243ca762ee6b848121.jpg,7d7430ea015994dfb20a0ae5d2411e7fb0b590e64fabc9cc2494dbd1df1d0a70,f03d411e1f874787
data/thermal-1-filtered/train/images/frame252_jpg.rf.b34180547b53bde776048cdb7d60db1d.jpg,06df62614bfb618c652eda55d4b61c6c0df845121b04d4c8c17acf0c4fb30c9c,b0c3c7565a5b4ae1
data/thermal-1-filtered/train/images/002770_png.rf.dae2d6b306a8e78e2804aa1a5a0871fc.jpg,7cb6217af12fb6b7cb8122b7ffda737aa3232db9c482fc0b73964b5977bf0baf,f92e48344eb49a6d
data/thermal-1-filtered/train/images/003776_png.rf.44a7b5e7024d5813885242232b32b3b0.jpg,ff9512e54004a2941f7a844d44434bc2a39c62160c71e95cdc677d60c0e84add,c0c0006f0fff0bfb
data/thermal-1-filtered/train/images/002416_png.rf.b5f43253f1712e7011a84f2459b0cec2.jpg,2e0519a0512b445589f069432d902647b2cb941fb6686cad502f9bbfe79a53ad,d88080e90fff06fe
data/thermal-1-filtered/train/images/0_0_000101_jpg.rf.45e776d2266d54597e9fac54cdb74f3b.jpg,db454b7867f0c22a8de91656aef5803477cabb8f64efaf2f8e1000f659de3be0,b5464d3d28575a2b
data/thermal-1-filtered/train/images/002819_png.rf.b4d43906c00d3c1accd44ec210143059.jpg,1899b8010f1808c9726dafaea1652dbeaa4713cd5da042a4d4e2953fc7550770,959555a45ab652b6
data/thermal-1-filtered/train/images/002495_png.rf.272d3b5741c12fd525eee388e9d93575.jpg,144a57faf77efedea6bc2ac4435a7ad8d2c396950f389ada569339ff6352d9dd,bf6afb5cca15a200
data/thermal-1-filtered/train/images/frame714_jpg.rf.1e1e628bd95c52bdfc35d1eb206712e6.jpg,a73e7ef2e1bcd0802f246568465a066c2f9bc7b6914ce0dd584f60ac17839be1,bdf5d1b4d4be4100
data/thermal-1-filtered/train/images/frame649_jpg.rf.a07ceccbfac22e3e347c47511b49faa3.jpg,2d4a8b8c90b1e8908237a0274514999be5634fcbb948ef888c98cc7ac2c24097,a54a95dac475137c
data/thermal-1-filtered/train/images/frame725_jpg.rf.356221aeb3efcef33b633c07f9d8b897.jpg,53e2ddc9745acdceb200fa4d2e3bbc6f1776f2e2ea226043f314bdd706cdf98d,ac6ad153d5551e58
data/thermal-1-filtered/train/images/003778_png.rf.0a18d1ccd94c14cffe65d739a1caefee.jpg,8b68df452a8394915d905abda3dc3249682f27242c17fd01650227ab7a80d389,d07f0007033f1bbf
data/thermal-1-filtered/train/images/frame390_jpg.rf.d1cedad6a6f0333a4e1006000e77b91b.jpg,3df1b779ce1c347e1ee97ab3d97ac2a7c5215543d2e16a285272ca3edf25eb5d,e08aaba52d4b4b67
data/thermal-1-filtered/train/images/0_0_000022_jpg.rf.7ef0d046b96e2521e0af12547c36fd2b.jpg,c57dc91eefdac55693c8916943e78ee040bad99a659e05977418d52d0d6f1c28,eb791495eb2a0655
data/thermal-1-filtered/train/images/IR_BIRD_012_frame180_jpg.rf.47bc9f4a57b7f14695c19d787803cee6.jpg,daef435b3270c55a3d58f623175d823192f7b9274847d3806b6c95ee10876039,fe9f05b8510f51a1
data/thermal-1-filtered/train/images/frame700_jpg.rf.3f3301334d68a6a1baaf068c5a7c81e1.jpg,667d22b11dd35716e5fdcaf0be3d7c160581499806c370d24afbcb7273793231,af42f877da00ff00
data/thermal-1-filtered/train/images/002358_png.rf.3699ce727cba4527aaf59a1a9c1d6573.jpg,fe33d6deba89c663a2fb39b23934e733187edeb7ea77955f15688a5c5f2a9402,d07f809f1f07091f
data/thermal-1-filtered/train/images/002261_png.rf.3beba1ad7486401186504763aafcf04a.jpg,fc7bd732f7f7a99859c5eccabc715d24219a7e6bb3a3164ac712a9aea0b24a4a,a03f402fd1ae552f
data/thermal-1-filtered/train/images/frame401_jpg.rf.6bf11e53a5d1a7110627b0fbb004d0c9.jpg,1dee22ba1d01ea376b6abecc3a51e69fd4c975c678e408937268b22a9d0ca715,e788e05f4c3059f3
data/thermal-1-filtered/train/images/frame365_jpg.rf.f531115a0c04e9e2ae6c1d8eb8641695.jpg,06af5b3c9ca3d6513b3c3b4d9e3cd23af745bee6023354354a853f9763ab8df9,b6f3d1b71b050f80
data/thermal-1-filtered/train/images/IR_BIRD_012_frame272_jpg.rf.5dab7ff45651da6164530e7dc689c3a2.jpg,977f969b07af85838f135d37f68b235bb51b1029cc40725460129c7ccb1dec83,b69b19494cdc1ec9
data/thermal-1-filtered/train/images/frame611_jpg.rf.6bdc29705a1f4aef23a0d9339adc7282.jpg,eb513d675e1d63989a648ecdb22da4b840cca431de2beeff8942c9953f3c9ecf,eee6e8b8b8a48e06
data/thermal-1-filtered/train/images/frame252_jpg.rf.e39fa1a2f5a588711da012eb01df3abd.jpg,5a357e14201930ac7cf542acc3a915585725eddd299973d862293b76f9665ff0,e59692032f0e1f97
data/thermal-1-filtered/train/images/002819_png.rf.becaf7ab4a414c1c73757b99681623b5.jpg,f47d3c40dddf2dc10b5e0fe3a75e5727f5008250ed4baef4b4d5bf50bf39ea18,c0c000fb0fff0eeb
data/thermal-1-filtered/train/images/003781_png.rf.fe8a5543c30471bd1502ba1070815940.jpg,92482676f81af8ac594151098245d80c00132f16b1f86513a4d08b461d0b4427,f26fb90dc21a8978
data/thermal-1-filtered/train/images/IR_BIRD_012_frame81_jpg.rf.097c5dd191c340b281b850e5ecec4657.jpg,50868148277b2b977d7be0a0ab1b79f5cb6ec0a7a726ff05d90cf1eecca6de52,f7188c7708c57f18
data/thermal-1-filtered/train/images/frame254_jpg.rf.699223ccae425e6f36d75f6b8a24e2aa.jpg,1337bf212c46e9fd82551e6f1552f269af9be2b7fde758e5d436f25ea3509cda,f080c17007c75fdf
data/thermal-1-filtered/train/images/003809_png.rf.af6339eb6164ab61dc4aaf9949a55c0e.jpg,f0f547f1baa854efeff3c42c9821bdb843882b566e7f1240fa8ba00b374924de,ff6fb05e83109621
data/thermal-1-filtered/train/images/003833_png.rf.d82a1912b9e3544440c1f445d6ab590f.jpg,47abfe2054b36b6c825a812c46f7a04ee396682e1ad25236a4b11e59dce90391,d37880780fe0f8cf
data/thermal-1-filtered/train/images/002353_png.rf.b1c83af63e8a1213d804956c731c6334.jpg,d604fc1c0f71092c972651cc6d4a11a5183506d8bb034dc8c943a5d00f3f8c5b,a07f402f59a653b6
data/thermal-1-filtered/train/images/002495_png.rf.2f6b3393017f3b1ae3994d81b6f12873.jpg,daccdcb075c69d13576b536ea65ce66aee578cbdc58b003e07a4f7ba9ef881e5,a56ad1f459d449d4
data/thermal-1-filtered/train/images/002045_png.rf.1e3bc72fda6d3003b5f79609649eae6b.jpg,24db0bbfc4d50b023e8c25765814505ffe22fbf26b302b51451d8040f9b3b8e2,865a514b54eb5e5a
data/thermal-1-filtered/train/images/002130_png.rf.829616ba35942cc44d60cdc70cccd91c.jpg,a6ea173fd3eb2c344832afed319bd91125fce2ed4cc8a7021d97fff97b1be1e7,8655f15ab5b5584a
data/thermal-1-filtered/train/images/000010_png.rf.e7c792ea4c973e86db759e8694a0b5a8.jpg,f3fcca34db0bbd2b257a3bbe6f13faaa0f6944b30346aa0dad1d592ce94e784e,b8f7c50747064727
data/thermal-1-filtered/train/images/frame37_jpg.rf.37c46fb4196c95f5960982a5f630ee4c.jpg,19f2bc82d098c843f6a521cdda8ad3bf191257a797d861d9216c6703add17f65,a5e2c5c2466717d9
data/thermal-1-filtered/train/images/002695_png.rf.566917f0daf1834e5d8bd1b73c2aca9d.jpg,1b9d623496164c0c3eccc01725aa1c660486dea3c16c34fdc8faf2c93bd5efae,852a55765b565745
data/thermal-1-filtered/train/images/002361_png.rf.547d94a1f9784616f03cf6dee7b2bf77.jpg,12698674bfaf49ee0b1bee84b12dd011fd9bf198a33073f31feeb37bad71b141,8c2ad54d4b5b5556
data/thermal-1-filtered/train/images/IR_BIRD_012_frame156_jpg.rf.b7f9239e61be90b7481626316d5b1c7d.jpg,fda7761312b4a89a1a9a2cf7ca8a75fb468bd429c29d83361d692f39846c5291,c00a407b9f6b1fea
data/thermal-1-filtered/train/images/frame265_jpg.rf.0cf8655418a061234b9a27e0d63f3daf.jpg,703b513103edfaa3a060c077ffc74122d4e7fb7caa1f2f85a681ed2ef6672050,e6d49a92b1f0e1e1
data/thermal-1-filtered/train/images/0_0_000092_jpg.rf.31485d6066a80991a57e8faea64ef7ba.jpg,a81f20c18c643ef4c7bb500b54fe11460cdcecbf6b308b1a046300f8df880738,a01fc12a5df148bf
data/thermal-1-filtered/train/images/002709_png.rf.180cf9d9dcb7ee0f770a3c0746c2c16a.jpg,ea29d51c54b7a04e46620595c5661b5b57d894c45b53eef20ad58f0fe9f1ec0d,be34b4059869db2b
data/thermal-1-filtered/train/images/002397_png.rf.c4b4a7d7804bfd62470ac686c35fd883.jpg,3618581721c6ca84da26bce13a44a56f68c32c86d8ded6d725fdc27fd4f1c170,aa7fba1ccb14c330
data/thermal-1-filtered/train/images/IR_BIRD_012_frame6_jpg.rf.53da2784dcd0aec509bb64618123af70.jpg,b81439bbf2f5d4790c61e55e1f846f5ebe31227aae8a5e406c5b2b05991f64d6,f7188c7708c57f18
data/thermal-1-filtered/train/images/003046_png.rf.245c9e4f86eeff529d5a2ee60112ca0a.jpg,480825b1637735edbc8d7b55006f4903b4e54a4a3180dcea90356c10b6ad64fd,a47f002f56a95ba6
data/thermal-1-filtered/train/images/IR_BIRD_012_frame130_jpg.rf.4cde031c8d99da9aa51867bc33b79e69.jpg,c57cee065ee30ab0cd785505aec367c5c3486a1448f6f1fe5626eee33ccd9c38,d50af55a8a740bf4
data/thermal-1-filtered/train/images/frame515_jpg.rf.09bd0804c4080003c363eeecb62d8f32.jpg,315ada2eda79e9dc1cee5d7b0aab95f4402c6b054a581b36a4cdd7dc6ed28d82,eb4cc39fb3239c04
data/thermal-1-filtered/train/images/ir_038830_jpg.rf.eb0d3f576cc7d968ac93ff00471d66ad.jpg,0b13d865cf5ec4a65992190679087263ce48717a6b1677aace6f7aae2884bdab,a62696379794f41c
data/thermal-1-filtered/train/images/003855_png.rf.032d2f42c1fffb435bb0988d28312f2f.jpg,9ea7a8c096ac1042697535a3186f6e4dc417145201914e6c1375eec4bc05f321,c03f001f1f3e1d1f
data/thermal-1-filtered/train/images/frame421_jpg.rf.0f8c7d7ab03d21ae21f8d1012c679c17.jpg,3839564f92532b97786d3ff965aebcffd953b68be975306e08476fd0f552c708,b6ddd59548aa4925
data/thermal-1-filtered/train/images/IR_BIRD_012_frame289_jpg.rf.5e95c31975b7d2576eb885f8e36afc14.jpg,92fab6dc2edcd64d474e88112ca7d012c2ef52d71b922ea3c5f5aeb7b43ab9d2,e3ce4c991993439e
data/thermal-1-filtered/train/images/003026_png.rf.1afe4a0315a4dd1dd33e7fa3116cff08.jpg,f6651be70462e37cbaa20f0e48a925070361545db159aa5285a73ce121c1f32c,d08081ff8ef801ff
data/thermal-1-filtered/train/images/001506_png.rf.0e93ae9c9af885f2c8979ea1fe980c38.jpg,e96194a7fbe4062ace704612e282f899c720915bdd03f1ad366dd7a7eed34360,c08080fb0fff0fe9
data/thermal-1-filtered/train/images/IR_BIRD_012_frame68_jpg.rf.04cff866ffb405f7fb50fa7b62911445.jpg,e12134278060dd6394b9ff11e72766276f82ce3efdc5ecfcfd8562746dfad17f,a49756b65b2d122d
data/thermal-1-filtered/train/images/003794_png.rf.7c6fccec467b14864786af7bd897f975.jpg,b1e215e4082a2905ef70f110e59de7d6c79a19c336ae88329f681267ddfddbc4,f76ebd05921b0174
data/thermal-1-filtered/train/images/002550_png.rf.4ece2cb0bfb6ef0173728e73775c6ea9.jpg,b179d959c2168e31c381bce85c055242923e6751e653071b016d8856306035c7,803f403e4fa05fb7
data/thermal-1-filtered/train/images/IR_BIRD_012_frame291_jpg.rf.65a1f152bb09b336e0243c3981726db1.jpg,97c32acf9a5a720d8662546515b7e2a55d046c2d608cb32a603a13f50a282029,807f51972dcb1ab4
data/thermal-1-filtered/train/images/0_0_000024_jpg.rf.8182243950a98395b23756d6816ef790.jpg,d9a1609d810d45d07616110eda80db85b0afa3430e81096960cf616fb3211ebf,c49989762476c9d7
data/thermal-1-filtered/train/images/002000_png.rf.f45ad4d6af70e541c4852773b02de8a0.jpg,ffa25fa2b639a1d3f463ff7c0843f1ac8a4641a9c460747b972d3bfd6d0cad48,ff6c7111059be40b
data/thermal-1-filtered/train/images/frame101_jpg.rf.39561bf6c720c1d66a5fc17ed2e51a83.jpg,79a10e54d3cc7ff46f6c2579128ab720e4d8e8d7ceac929e89be4232ae6e00b2,ce7800669fc7607e
data/thermal-1-filtered/train/images/frame610_jpg.rf.99d4d9f6f2324c59a5e5a1af9e905e4e.jpg,c83076ccaab0918079a5af7407ffc4cc3819e143f8a7dd16e55f21debaec45d1,a082d15955d75f69
data/thermal-1-filtered/train/images/002027_png.rf.5a99bf2de3defba9f8db6c7f00996387.jpg,ce0d7f469c98914a63e4823ee0b38c7da876731f6eca6a0af51297f2b1ad7460,d07f01bc130f57a3
data/thermal-1-filtered/train/images/IR_BIRD_012_frame171_jpg.rf.cddda005e01b6ca1dd922c642ee8c5f5.jpg,7c87b10cee27280054cfd9097ecb64ae89218ee5972616b9678e978c793bd0ad,d324d27f847b04f2
data/thermal-1-filtered/train/images/frame260_jpg.rf.b2c66e6d9072984cedb0b44f254f7e03.jpg,48f2c37faf0af857d26135df2a6cc11a49c1e31c311af00b81ee4f46c26dc3d7,f4c0c07f05f3174d
data/thermal-1-filtered/train/images/IR_BIRD_012_frame194_jpg.rf.58acfb97229f61737af9426af85ce137.jpg,bfcc6e419f07d406a51e7b43768a487d2e24723d20796e7d98cd22ca6f0006da,c639c639b846b9c6
data/thermal-1-filtered/train/images/img_0306_png.rf.b367ee706e067482a09691af38aa68b8.jpg,ef31b1d43b9126085055848e3b42d2c8098b0c21dd0df4b868027fa19dd67874,d1adbd28390e39ca
data/thermal-1-filtered/train/images/0_0_000123_jpg.rf.33567592c6267570a55f81d4ab5943e3.jpg,4c51958fa92c511f31a6478688a4b6550899de2de12f870b9448d9e62bcfed04,cca0026f1eff094f
data/thermal-1-filtered/train/images/frame681_jpg.rf.c4ef1fb31d23fc1f681d19fdb6be2853.jpg,75f6496f010741871ac4cd17f6c21de19a5b84be031f97bafea29d111a3d17c0,eec0fa84fe90ee04
data/thermal-1-filtered/train/images/002764_png.rf.b8fe8b9c5a49938f66a45253c40e14c8.jpg,08c43f5c1f5ab7e5739527b46b8aa04f0ce07eab234ece0fdd1cccfe3f30c553,bc6b1c731897608f
data/thermal-1-filtered/train/images/002694_png.rf.2dec67cc932a682d6c99d4bc944c1409.jpg,d751d586a04d9605ba3621585113f609a70b29270b878f8e0f1354ee1b245f3e,95d5558d59a95a1a
data/thermal-1-filtered/train/images/IR_BIRD_012_frame291_jpg.rf.1c9d1250f39a06719da11d3dd23410f8.jpg,86afe859d8e80f4596b09ee3bee0b1cf9ca9c47fad906a524833dde870d59e59,b26699336c29d734
data/thermal-1-filtered/train/images/003723_png.rf.49442979b3d3e1c7d392ef1ff72b91ce.jpg,58ab99cbf182e4c357e76e9de224eab25cd46a63d1fbf8bc19fbc679511c1062,803f402f43a65dbf
data/thermal-1-filtered/train/images/003814_png.rf.dba9b45a798f10cc11a0bbff60337f4d.jpg,153bdd248c4f864d9380f14a475f849a4a59f5150bbdd58e1ca52ce28ec03f95,956a55525a5b5d49
data/thermal-1-filtered/train/images/002257_png.rf.64cd55b5a985ef8bbe017ed497c9130f.jpg,e43650e35537e4d150a88a980dd2fddc6a100dbb7685742772a53940806ac825,ff7fb04e9f608200
data/thermal-1-filtered/train/images/002378_png.rf.c595c31a1a4c78563fc819d8eb660fe1.jpg,693f0e4b6b5ea91db8c7968933caa3f79b0c3b5cf3c489d42770991a715415fd,85d5d5ba58ae5834
data/thermal-1-filtered/train/images/frame451_jpg.rf.faf918739adc2a4a5b21824d50f486f1.jpg,8dd8b53c51283d64bfc7ac123b32239946a4a1813b23488ffd02867c5ba47a3e,9a906d17557f026b
data/thermal-1-filtered/train/images/003697_png.rf.7ff02d390f7ecb8efea6a5b9d7d88115.jpg,1c8e724927df6f6d4551d946997ce8d1254e0c6797c927b0f45113cb3ae307ba,b32e692c1b965f21
data/thermal-1-filtered/train/images/002818_png.rf.cca6335cd648d3704551d5d12bec4c7d.jpg,32b69219ef80a1c8790e039fc85db6f83192a401a6f38af0aecaa82403c744bd,d01f80070f3f1f1f
data/thermal-1-filtered/train/images/002744_png.rf.37d7c11b6c690cc7f8eae795bb64f545.jpg,265ef60239462e43bebfc3736ae5db56b8552336ac92cc2fe13e33c340ab4e30,c0e000cb1fff0fea
data/thermal-1-filtered/train/images/002164_png.rf.b14fd3c8b365ea2a75aaec45f2edbda1.jpg,2e68da1237aed8ec32932b64bc8115223cc763915ff7fc73490657b77111aab0,ae3b6c114fd03e4a
data/thermal-1-filtered/train/images/IR_BIRD_012_frame298_jpg.rf.70e3cab8c9a749bd3800d47b20db1cdb.jpg,da334ed40f2975391be6f12b16a97a2c92428f3fc8a643d927b9f0265511abbc,a24addb72ccb9234
data/thermal-1-filtered/train/images/002688_png.rf.325b0fe1740e11feb9225b7f9c042f37.jpg,506d60a06d259f5fe4cbd8f46d033c9dc8e4a48fd61d26c96b0df9687f6e0d97,d1970d9f1f1c180f
data/thermal-1-filtered/train/images/IR_BIRD_012_frame112_jpg.rf.ff589dd54852137bca23329abb4bc5c4.jpg,216e99979515d18dcd5c4ef7fb74417c348753c1056a8ecb50b31d609e1df7f4,c114eb57906b1ee9
data/thermal-1-filtered/train/images/002681_png.rf.12a093337addc51d063e23a5c7e39a1f.jpg,dcde8c43a1d506073ba720be37207f0ccd0a4ea36e220f8314766efb1241c867,fd620c52ad98ad5c
data/thermal-1-filtered/train/images/0_0_000129_jpg.rf.d4c55418aa5f2f3209a900e9604c469a.jpg,d4fbcd20b33bfce6dbcab2b1dc21f48d9e47ecf66c56ab3ce395891905600ecf,88dd45ad5e1155b5
data/thermal-1-filtered/train/images/002355_png.rf.4f978976d232231f51ba1e88a513d4c6.jpg,5e27ea16000d7a3b9f6f36e1fef06a42492fd6394d7355b1f19e740f5bb6a0d1,813f402f5ba253be
data/thermal-1-filtered/train/images/002342_png.rf.8951b50a7635912ee32ccde7fea9cedb.jpg,7d2eef8690e9da68d3d7cfcf1d0275ab9081a16a2d7b6c407af8cceb42e3acee,d88080ef03fb0bfb
data/thermal-1-filtered/train/images/002838_png.rf.604d5a14abc8e98d11e8e60617b41ced.jpg,5fd0a837694d9f686ae3a0553fb34c59cd90dc16aea3d1a0df0a1d75c4a15328,d0df801f1f070f0f
data/thermal-1-filtered/train/images/IR_BIRD_012_frame219_jpg.rf.49b934f7a267635b5ca1609e619cdf7f.jpg,55665118d279272a3b8ed3c1ed18133b3e5bde3304d0bfb35f48380ce7523b5a,a22a4cd1b525edcb
data/thermal-1-filtered/train/images/002428_png.rf.a502607433f2655b84b6e1fd14559759.jpg,cc5b8cdf0518b7f2f6f75a6644a4f8d15c05531632371b154febac69df4d50dd,803f402e5baa5db7
data/thermal-1-filtered/train/images/002708_png.rf.63a7b110bf2589ac6af334c1db865dec.jpg,968c1d9658f2d6f7ac59ee0ea0c8382c6b227c744153ced5b792ba434a93a887,f56a157a1ef20272
data/thermal-1-filtered/train/images/003028_png.rf.4fcbbd6b3c6197c03503aff0aaf675a9.jpg,876dce74ad6321926e763ab933008cdf57e211aaf95bd3aefce4408c76073249,d56a146b19f601fc
data/thermal-1-filtered/train/images/002683_png.rf.8fc8d75bb40d260a3b1b5af04ec6c1a0.jpg,3438878c4a719a4ef946cbf60b1eaf1a2659817831204b2bd063913790bbae36,fd6219439997a951
data/thermal-1-filtered/train/images/frame419_jpg.rf.1843d12fe87f18c7dbc331e1962ae2a7.jpg,41919b40b9b720cd2706fd69233625b4fbcc1c4eb26b375c4645c697b99feece,fd9daa4a4891d949
data/thermal-1-filtered/train/images/IR_BIRD_012_frame105_jpg.rf.bf1fe56cbd874309a906908ae1026d8d.jpg,bd6736ea05e13a28da8f57d22de2b19524aaa3dffc0a0152434e6eead5c2bddc,ab4a15e555d55552
data/thermal-1-filtered/train/images/0_0_000003_jpg.rf.c40d7e23b1b1dae3b292ab2ffb6a94bc.jpg,a1f80fab7e0cdfb482589bb2a73b54161e11eb511e56241224bd644d28c1e6c0,ee711dbce2001d79
data/thermal-1-filtered/train/images/0_0_000070_jpg.rf.3146e6ee89d69c443f46942661db6928.jpg,556acb2f4a3cc1d165fb9549af15a38da441a9552036c46be14697c0c0c1eeec,d56a15fa017b89e1
data/thermal-1-filtered/train/images/003050_png.rf.174e8b4727afe72b2603fa5cf950f661.jpg,7cceef15bce09046dfa4d7add8588d9a599ac7217420116935f4030e8a77cbbb,d0c084ef03f307fe
data/thermal-1-filtered/train/images/002216_png.rf.f8e8d28df35178c4733d4d87d1ee4c2f.jpg,97af2c2f28f1acfd195e9db0ac271f2b8d0bef11c6f024bc0e7e95c115702938,a03f402f57aa53a7
data/thermal-1-filtered/train/images/frame593_jpg.rf.dd27dd61125784930948952cf2b4cc3b.jpg,ff04f80da18e28e09c7cb0d7bb0390c2a3d0419a36d146b392a1d7d7e2e65fb5,eee6e8b9b0868e06
data/thermal-1-filtered/train/images/IR_BIRD_012_frame70_jpg.rf.94dbba340a69a85a64fa1d2fffde1f32.jpg,15b3b9dfebce4af6ed9aad0f1798a114bba18763faa8d77b2d695114662db945,807fd52a5d912e4d
data/thermal-1-filtered/train/images/frame391_jpg.rf.90fd86ab6a2f8c19f0679ee8968bfac0.jpg,11a62b6419592036138d26521dbe75a40670b1699c3a9ad7f6d2e63a81021308,f4c0017b43fe03ee
data/thermal-1-filtered/train/images/003853_png.rf.7a104f2cd5650c286554a4cffb74d3e9.jpg,ad08a39ad4c33a5ec6caecb128de60bfebf377941aa1bf323828b0ab0516f746,f37c27701e43bc03
data/thermal-1-filtered/train/images/ir_3_030880_jpg.rf.ae907021826cfb6514e2272ed9eb3ed4.jpg,88809233baa83c5795728c9853b40ecb9df7294596717c7925cbbbf2bade9277,953555ac5ab259b2
data/thermal-1-filtered/train/images/003083_png.rf.c1a33060ae83121acce66806eb5851b2.jpg,4f511578fcf53f881ead4650fc2814f33f943134f10ceb7c51938773dd4e8bd2,d0ff001f170c1f1f
data/thermal-1-filtered/train/images/002398_png.rf.54c469d90d9fa96d1df14af334bc8841.jpg,f0e9ae5fc6e1748d0150b73a24bceeb7e242b26500d5610f689ece80c2f04fac,aa7fba1ccb14c330
data/thermal-1-filtered/train/images/003091_png.rf.8f72af195a91f54b6977cbf0640637a9.jpg,7a956a833afc8b5e6f11b9f4db68a07816e0a5d45977a079edf09f07fbbdbe0c,95d555085aac4dbe
data/thermal-1-filtered/train/images/frame419_jpg.rf.f29d0e09e29a09c3f3b28bef68734a79.jpg,63359fde2b75f5d41866d3b991f71294247ffed13c0fe93a50d82e9e5e6de535,e077803f1d0b58be
data/thermal-1-filtered/train/images/frame152_jpg.rf.09ddb6a3b362e684058d0c118ecaf049.jpg,61c8317b8ba0356787113ac54de2108249d9aea0368554d5d8506a635c80c4b2,ea390de68e3d8dc0
data/thermal-1-filtered/train/images/frame539_jpg.rf.1026cffc19f78150b5f2f75ebe33349d.jpg,af8a74d644d9dad87f610a25662b70737a373aed17740d9465c039e48caa21e0,e5f7c49f100a1787
data/thermal-1-filtered/train/images/002471_png.rf.631117d16526a213c173941f8ee8a5e8.jpg,90a99e8bbf96468fa4c1a861b11a431565c6a0130eba93eee4f2b1978d445feb,d56a557b0ef10ce0
data/thermal-1-filtered/train/images/0_0_000340_jpg.rf.c3c921d0e0e8b40f91d932327d253a2a.jpg,d82ccc2a285205b88d681ae11d355208ab6ac2a759325f95a90a22c187b5adcc,e0c408f90ff91fe1
data/thermal-1-filtered/train/images/ir_3_015040_jpg.rf.6543f9dc25df0ecd2ace1755abdb5d92.jpg,323a7d07595cd329345085a83cda1a18c2be1836ff669e89ab741e57b678b3bf,85d555871d8e531d
data/thermal-1-filtered/train/images/0_0_000107_jpg.rf.63f3acb2bdfc9c0c0291e7245e9e0cd0.jpg,94439e0ba358bcb3746e364deebb6ab8d30e52a23592979695178fe2bf2afb45,946b4457aab5536a
data/thermal-1-filtered/train/images/002034_png.rf.5e50d26d7dd8d524726117067fff80ed.jpg,9bfa0102aef1618ee6138c7b04bb1e205b7086e49700bea153a2e53f4eaca14c,ff7e984788408f61
data/thermal-1-filtered/train/images/frame19_jpg.rf.5f0fd4d40fdec19a2b31b6a66f457ef4.jpg,3a956d24c0c07dfd47973b33be420d69271811546d3b3e5fce7b8955d2e00dad,f07f853fc2ac408b
data/thermal-1-filtered/train/images/002349_png.rf.666fd1c9431484c784b0199f505de81c.jpg,da85fb2afdf1f8692e0183703ab8def69737f5906a2fc649011a6c44e0513e67,d56a15f904ff0ce0
data/thermal-1-filtered/train/images/frame552_jpg.rf.f04d8f5f8e0e26fa7dc6daf541b4d183.jpg,94c81e8c8503c3aa43ba69097aa6b46e1c7fdfec0b24df24120e16b581174f87,efe7c898b8389c06
data/thermal-1-filtered/train/images/002235_png.rf.f2fee00c919b07450cd34b3805e4f257.jpg,6deb4e56726090f66a44cf4b6a2100fbcbb56bf743c58121d0b34dc0e7801a8f,85d5553452ae5d9c
data/thermal-1-filtered/train/images/0_0_000061_jpg.rf.e20388393f41976edf193a5ff7205211.jpg,7d5881079aa28ae991606dc4c814c9d81f12b5451c7a7a2d214ae609620f2123,a56a55926d5b1553
data/thermal-1-filtered/train/images/frame112_jpg.rf.3bd9ddd797be4777b85a4fe67bf8b096.jpg,cce7d7fecefb2bc488b24efc5d44de9f58f83dca0b7a5d8cf8605ea8865fae95,9b96d4c859595556
data/thermal-1-filtered/train/images/frame145_jpg.rf.789ab1b561696a1a27539a9a30a1c345.jpg,0671ed495cda7cf1920ceb750d51f1a4b52d9e34b22de680811f8222c70106b0,c6bb19c1e4c63317
data/thermal-1-filtered/train/images/frame650_jpg.rf.3a296f3d430b007f9a997f70f4561d0b.jpg,dee6b453cc365a70ceb6749dbea556f084a7ddea33d3e686c457f525f41e5d9a,eec6f8b8b8868e06
data/thermal-1-filtered/train/images/frame580_jpg.rf.f1b066540260d1cf18d319003d013e93.jpg,c4c6c1444ec4bd908154ae5c010c0e23989209f04068aadc989f1c59f88f85c3,aa4aa996c26d96ba
data/thermal-1-filtered/train/images/003851_png.rf.fd7aa260084e050446cfe7d767f52b1c.jpg,987af778868e6a5260d14554c05fef27494aaf9f66edfbec1427cf6aacb31af3,85d7d5a952ac48b5
data/thermal-1-filtered/train/images/002809_png.rf.66123e8c051117ef0cc2aeba2bc2e6f4.jpg,b18f7b0f1f2b61202045f02d4407bd4013a8bace1f00a58a3f2de079b4685ab5,d0c080ff0dfb09f9
data/thermal-1-filtered/train/images/002748_png.rf.7d6abbdafa87f2bd8ce0ebba579330b7.jpg,b94c4d9f97a5bb37b1239c6732a33b9557b813aebebfbfeb80e40b91e55d8098,ff699c611cc3e206
data/thermal-1-filtered/train/images/IR_BIRD_012_frame94_jpg.rf.f7ed01f66aca2104b0c1886a8042ec65.jpg,0a286d2284e503dc356514723ad754fd6870e834d8c19413e4987a79b0045582,eb14aa63946b14eb
data/thermal-1-filtered/train/images/0_0_000272_jpg.rf.429b72fa46270d12b094a8a662c0cf3b.jpg,56e44a3626d7ea334bb48998e19f78db7b8175487c3c41576dae33496a7bdc9b,aa95549d55ac55a9
data/thermal-1-filtered/train/images/frame140_jpg.rf.922daf2635527caffa26bebe375eed2a.jpg,4fc1d478d34d13ba4a3091e39680633b7e7498f4df9541db85fe3e11f166ff04,c13841e33df394d6
data/thermal-1-filtered/train/images/002206_png.rf.7f2fa72d1a36c722d58d42aacece9741.jpg,f64ee72c6e9067cdb70fb4625e465821141ad3440931972ddc356a4a9a723fd6,854ad56a52554f5b
data/thermal-1-filtered/train/images/frame643_jpg.rf.ad24cd4bd91b784c1edbe3fd46c72b27.jpg,0d1b8cbea68b4d3f2105f9ac667f8b58b94c278dcd1ffdb779bd1ef472a07bb4,fc0894e29178c1ff
data/thermal-1-filtered/train/images/frame474_jpg.rf.531f8d9d80fc54aa69f4a8bea58507c1.jpg,5cf090ad9bcd6c52c3c6fe6af467574a3f4f590ec49cd7c7aeb9eacfa93a72c5,feef81e384208cb6
data/thermal-1-filtered/train/images/IR_BIRD_012_frame221_jpg.rf.a797cc1be9c30c17efd221f1a4665812.jpg,7df62de351e2532ccfa498f08e545d0017d93bfea8adae0a2e16d20a72568707,906a4dd1b72c49db
data/thermal-1-filtered/train/images/frame224_jpg.rf.6932c6bc43158bd003e1387876fa6265.jpg,0f2ee6ba457f7c1cbb30f4d37cecba2306cf3da5259f850418c776d5d23aebaf,e49201b9b17b1c9f
data/thermal-1-filtered/train/images/0_0_000107_jpg.rf.c735810fe3fa04cd2076c4ccd25c5149.jpg,22544bc1c283c19c0e0e7557c7fa7d1a9968684250802825e7a9c72a806242bf,946b470e2f574b29
data/thermal-1-filtered/train/images/ir_051080_jpg.rf.ac9ecc20babc53e7f0fe56459deeb32b.jpg,e94af10b6c1b8af2bf59f88ec358e1e71e05ae78aa6c0dc5696bcc88e5aae5f9,b6348d6be85ad650
data/thermal-1-filtered/train/images/ir_2_019000_jpg.rf.f4922f0eaa899e68d26102baefaa7663.jpg,25877e0e9715e5ac3a9c04786f23aae1b315a9265d60dc0eb73994504e863b53,9d2a41ff43415bc3
data/thermal-1-filtered/train/images/003430_png.rf.f742f6d530eadc61029c1aba108f017f.jpg,3960402e8ad19a966f9178e6097eeb0680867129121a9692b7569e645d02d166,ff6fc8058ac0bb44
data/thermal-1-filtered/train/images/0_0_001477_jpg.rf.f34d5c86fcfd636ccc98253aeb30ed55.jpg,d6d35ef9159820757da4822cb1ca4dede076d1cf69c9957e48d2eaefe22c9236,e0743f142bc5c6e5
data/thermal-1-filtered/train/images/003486_png.rf.d738ddaaf98f12613d2a85cafaca0fab.jpg,d5021d2b69470bb6450107f48aefc04496bae1eb4ba4fb14de0ebd9056207b7d,807f502f6e8956b9
data/thermal-1-filtered/train/images/002707_png.rf.0c50d92e2b0e1079281a213ce410aa5d.jpg,fa251b53cf0f5efcafe417c2e772e8c3ef7850e7270a167a0367d619ab0c32bf,c18000eb0fff0bf7
data/thermal-1-filtered/train/images/frame551_jpg.rf.08490e13b30c3b7805b3cb4735540909.jpg,47eab073163b3daa22ddcf35f5ea0c05ace4497beb0e76afd2a7e05f0c30f085,e9f7c49e140e0787
data/thermal-1-filtered/train/images/frame552_jpg.rf.fe0a6d812d72acb5b63bd402fe5cd007.jpg,91f433251c64b24a0d6536a2a63eb84891c2bf91da32618ae47060665b0fce8f,a582d15a55d5556b
data/thermal-1-filtered/train/images/002725_png.rf.ae81f20b59c6a0e7f6d93318d1d8debb.jpg,57ab9156b9a09f478b73939333575c9b01cc7aad96630f81854515ed5f8de60a,852a557f56d5486a
data/thermal-1-filtered/train/images/frame679_jpg.rf.e121e5a1a3c568dfac3067ce6a43b482.jpg,d3861287a1158de2d6d5945a5efef6b182f6f5b12e6b0fcd848aabb36e31d881,eec0f884fe90fc06
data/thermal-1-filtered/train/images/frame540_jpg.rf.390586f7613f3899f2f15798631e3eb3.jpg,5c5b3260b7481376945c555c86180045c719e0ed654a14e7cc500c1a83110832,e5b5950f4f961407
data/thermal-1-filtered/train/images/frame328_jpg.rf.2f57543fd87a665dea28854772033291.jpg,dcfc61f2b03168b1b5a8ce1740e70a3a4448d16753be504f5e51def401f6fbfb,d07fc0be1f205ba1
data/thermal-1-filtered/train/images/frame65_jpg.rf.e8cfcd43a65b0aeaedfaf4f90b76c469.jpg,041a9cb5d6e3e8208b7629620009645ccfac2e8ba7a12c16df693aa5a10ce5f6,eac387cc0e3b4751
data/thermal-1-filtered/train/images/ir_048290_jpg.rf.d5dbed7950ab9990b27be145cde6915b.jpg,7a9d72b79578aa029efd51afc8046a57b7f652a87938297c81b9693bb6367e3c,f969b3329c0cb364
data/thermal-1-filtered/train/images/frame106_jpg.rf.d1511acc36820fd20762b634f44bed5c.jpg,50f18b1550b52e2a46c8815c41a2f8dd56bd45f6bb35b1374c24882ffb7b2c5a,fcc4830f87e2a70e
data/thermal-1-filtered/train/images/frame563_jpg.rf.480d55f929c68b2833ad0e84ff8f1faa.jpg,e884cb369d90bfb2dcd1e961c246d554996cf4be0f34090a38c93dc4977fcf05,bc2295c94d7d52d2
data/thermal-1-filtered/train/images/ir_3_035420_jpg.rf.1a6006fb5e2de6f631fa3df022d0febd.jpg,bdd9e8950db8a8b603c50d7138488692e25bc79c32732852fe9ea58e62495cf6,8a2de9585837eb62
data/thermal-1-filtered/train/images/002210_png.rf.881618b0afd0e16fc9c8c58a2c90c87a.jpg,ccf40be83bf323dfbaa952df15693b152a78e2b47e7f3765bf9ec3045c56d53c,d07f001e1f0c1f9f
data/thermal-1-filtered/train/images/002562_png.rf.546bb45609155bca252f9af794e64d78.jpg,86b5594f7aab852746b255b31fa1ddc5c305680ad7735790c4a200a5535e9dc5,856a55535d53594b
data/thermal-1-filtered/train/images/002283_png.rf.3dcd04378f861cfce026f31350f3e961.jpg,97823fc50cd8f297b9e18f55fd87c6a3d5e7b94995a58a901e0f99aa543be0c0,fe7f9414813e8728
data/thermal-1-filtered/train/images/IR_BIRD_012_frame153_jpg.rf.80a5524de679131b2cd5b57763bd600f.jpg,c9c6dcf39e625393eae14bde85317da819c68e3def281906c8433a0bafb22030,835ca35e9563dc23
data/thermal-1-filtered/train/images/003069_png.rf.2fa1ae690585efe4ef81f1003d86e9c7.jpg,1f5e66c0a41986d1ec14104997bf43edaf9615855117f16389796801155cd627,bb6e9d2651847d11
data/thermal-1-filtered/train/images/001507_png.rf.c96d8c83f90fdb26b2df8c2400eb746b.jpg,6fcc04a08e8aad24b9d4254d0f2e18e74260023d8d48af30715f50a7b901c220,852ad5435a575b5a
data/thermal-1-filtered/train/images/ir_3_028680_jpg.rf.da3a0749023a94c19ef3915e651a7356.jpg,0506d0cc083c6aab13d5b0a68b23295a0befd6dabad1068a1e2cf7cfadc87143,be6bd029d50fd320
data/thermal-1-filtered/train/images/frame670_jpg.rf.4a843e65316fae62c33051aa6af224ce.jpg,c3a0c0fdf45b0dce3dd8505ff01770dd9ec79f70421a42eb3c49d3cacb0ca46a,eec4fa90fc84ee04
data/thermal-1-filtered/train/images/frame599_jpg.rf.c63107f4b9511d6997b1665d8f2eb596.jpg,de4821108964a302ec9d26ee1ae2e921f88e60d73899447c5f4ffc84aca39b7e,a082d55d57d74d49
data/thermal-1-filtered/train/images/ir_3_020740_jpg.rf.480a6e54656fb4bf58cb0e760a40e91e.jpg,b002eefdcd4520e6df16e75d9f0766182a9f1ecc70b0ee83fd269c8c6b498910,94d5d5b94d3c298a
data/thermal-1-filtered/train/images/0_0_000018_jpg.rf.79381d0004fc7d8901fe1869aeeef718.jpg,39c2e5c6fea990f549e389798d68812ba584d0f9fc83f219c63ceb1eff17cb88,e97d1686b96b4216
data/thermal-1-filtered/train/images/003070_png.rf.d246e5fe281e5f689fea15c316364530.jpg,79905784eca9fb827a3ab728f011517972bdb921cad5d956d7d668fb634828c5,d56a157b0cf30dd0
data/thermal-1-filtered/train/images/003747_png.rf.f112e43f765e8e9dcb8ff0316224dcbd.jpg,db11c3d11bc85205cb88dd13456e88348d07d4161b978fbefeddd0631856f267,f76a2d7886728d60
data/thermal-1-filtered/train/images/IR_BIRD_012_frame37_jpg.rf.dcc81abcefa98252eed2b14f38641727.jpg,f1c706ae590a375e6df46235c70d7dcf1dd424ed0657a4f923603ff6ed2df3d4,a4e9122d699f4b2d
data/thermal-1-filtered/train/images/frame384_jpg.rf.212172aa695f2b9a5e06d1c9bd9f962b.jpg,60be29ee7fb7decdf4adabe1059ff6929eccf03503b5cd0a3c798504af3da576,f06001f9197bd17e
data/thermal-1-filtered/train/images/frame671_jpg.rf.dfd316f1b9d50a956e3371f3d6585c69.jpg,1a617de383e3edea93e6aab32bac28ab886b0f5c30815db8d239c88d76a01076,f5ef881d85878139
data/thermal-1-filtered/train/images/frame527_jpg.rf.25f0f37e0bbe41648edad00494ed85d4.jpg,b9f31c6466cdf6a68d0a2d08564bc8064d1024d067ccdd48d29be482a63cfa09,e4c885d353735173
data/thermal-1-filtered/train/images/IR_BIRD_012_frame66_jpg.rf.3e967bcae3d983389d512910d94c1d8f.jpg,4d149406d7f138d220b7790aea3267842147a74d34f01a6b3ba4222b80fb3f48,f08843e31e7c477c
data/thermal-1-filtered/train/images/002765_png.rf.a3a0eab9b342c9e15e197d49c0c5fa5f.jpg,15d912c783cf0afbc9196af5d890d4279c2b15547f81bc4fe7fb07614fbd6ef6,bc631ce7389d700d
data/thermal-1-filtered/train/images/002832_png.rf.e60d31fe3b7560a50df478fbcc031fea.jpg,5afd5b2b2070b9075b0779523eeb00c818994b0442bc6bfc67049e6df6b3cd45,856ad54b5a5159d3
data/thermal-1-filtered/train/images/0_0_000004_jpg.rf.6ac8416ec6f33bfd7868e95a84f3fd45.jpg,2a0602c5da70ddef3968db4bfa960f5bc90e25bf34cf37e92313e799596e657e,90ca5d7373724e52
data/thermal-1-filtered/train/images/002765_png.rf.0ed21095847a9bd598a7d095d83221af.jpg,754a5d75383ef38af74ed80adb1ed7974d47f3ccf0c9ae59d87af338a5bc96b4,c0840eff1ff840eb
data/thermal-1-filtered/train/images/0_0_000091_jpg.rf.a56d35ec785a19b52ab34b25ebf5c1d3.jpg,261bcb1b197ec76caa97f4771d1acd61ec87070e2cc0b3da11f5fa6353dca575,97817c53646dcc6c
data/thermal-1-filtered/train/images/0_0_000103_jpg.rf.bfdea5cdfb61f44fb57b77c458fae965.jpg,09deaca281cf037f6df8eff08d95503f6a48d145277bb107e8d47c6602697fba,b46b4c1f2a554a2f
data/thermal-1-filtered/train/images/frame161_jpg.rf.96c658808e3f9ff90b965c4623d53b21.jpg,c9af80a3b384e87cd2e8b87b2866c6feb6b946d28a5b018235a4eeecbb343ff3,ea3d80c61fbdc0f0
data/thermal-1-filtered/train/images/frame432_jpg.rf.cf5205da0970e9d57f6e53fa80c8fb8c.jpg,5a4d870cc9abab675ff61ac9310f0351bdb080dff09a85d40a7a1e3f142d2360,e6311b24d07ba0fe
data/thermal-1-filtered/train/images/IR_BIRD_012_frame278_jpg.rf.1cffecdfacf6cd7473a5f8d36408a48c.jpg,6e9916e228bc6c44163a3168a589e81d376b10dbd09e4bec5cd839c8404ffd61,a24addb72ccb9234
data/thermal-1-filtered/train/images/IR_BIRD_012_frame25_jpg.rf.a2ced9fa3e2ab60d769c111f843b9e14.jpg,9b872f4bd25da15329ec2580418f22920c5cc83d2264af94e55ee4da6e7f3fcc,807fd13e4d952e49
data/thermal-1-filtered/train/images/frame297_jpg.rf.2368ace0c4b8097fdd91838f67817efc.jpg,ab0dda350d8afab6efae55acb410832b30044aa0c3aff537069f0ddb14a84354,bcc8c157425f515b
data/thermal-1-filtered/train/images/002229_png.rf.f4f3e85df1faa388dddfbcc7236b8bb0.jpg,1a72d5110af0248868d8164df359968cad83f809acd32a5652724f91b7d88f98,af3a3d28d52ad42a
data/thermal-1-filtered/train/images/frame627_jpg.rf.9b981bf52e76b61445d59e909e4a7872.jpg,cb0455194a88a1ae3c96de215e0a2ffc4f67353006ed1ae762f40b24d27955af,eee4f898a486bc38
data/thermal-1-filtered/train/images/002417_png.rf.c7102a4f998b27c5a49adc7f6897061d.jpg,1b877b8cde1473594ac90289ea44d2e051f32b684dbc86361a13775c1d272e06,aa2af542d455575a
data/thermal-1-filtered/train/images/frame689_jpg.rf.359c53eb7aa0a868cc26d566134554cf.jpg,902920524987a6e54b59d376241a1475f08a4ceed4f378e5c0f789ce06d0a578,eed0ee90fc84f806
data/thermal-1-filtered/train/images/003024_png.rf.e5a5c081c3deff10eda6dbaccfce3c27.jpg,fb868ec9a1818f9cb031c296ce3eddef3c0fce9216e105a8a6b35eed4d8e4977,d56a047b0cf146f9
data/thermal-1-filtered/train/images/frame153_jpg.rf.47851dfb741741a912c2aa32432965ae.jpg,f81e294d1201dbbd2c2d0d9561000dd939386ef15000bfea3e3ab19d19bd079b,c63b15e71b7009ce
data/thermal-1-filtered/train/images/frame627_jpg.rf.eb1c08cca682dee12f593522df0e24cb.jpg,bfa2849e5b1a0fe958cf69a84e06647ee40637d327f2ad5ca163f183dbb30dbe,fc2295e8957380de
data/thermal-1-filtered/train/images/frame712_jpg.rf.0790088b57c5bb9cbb4c6e64fc9ec92d.jpg,762f8a84ed8715c113055b64a3342979855308fcde988e576ad0867e21e0120a,fe80fe3580ff2805
data/thermal-1-filtered/train/images/frame619_jpg.rf.740001776cb1d2f198fd4be03961c9a4.jpg,cb1fbcad6be23569d1e5142b047a1c10ace10e09df12d8f616fb0bbf64087a53,be1695cdad929292
data/thermal-1-filtered/train/images/frame696_jpg.rf.db0c32d979362ef77921f19f06dd3524.jpg,260ac5b2ed6c0404d3fe7904de1b8c4cc72de59c34f66ac1f48f8d57b426740e,af00fd20dc00ff5e
data/thermal-1-filtered/train/images/002679_png.rf.d1a3ee57c25e1caa2d81e4386e7e0fa7.jpg,a7a20dc782dc5ec2e8c4332f78995390523c3cfc1308b5bc1d9f94f67428e63f,ff680659a798a15c
data/thermal-1-filtered/train/images/002198_png.rf.46341c2dfde37224f891ea868d1b9e38.jpg,63bda987be00e34445e481de1dfa2549254589c728b04c9a2d64aec8e98df928,d97f801f030f183f
data/thermal-1-filtered/train/images/003759_png.rf.23d4b0df7360082c9d18ea1c80bab26c.jpg,cb315cd2a84e4c7ee19e231010cb01ffb75ba0d3055521b30845538a0bb79c6d,b07f403f42b6492f
data/thermal-1-filtered/train/images/IR_BIRD_012_frame191_jpg.rf.05b9f0a84f7c9ebe36f14cd7fa7c8565.jpg,23ca81e3ea9013a8e539401829c9c41f242c5b9cccbbd26fb439cf2d26dc5b4e,fc1f00b05fa8593e
data/thermal-1-filtered/train/images/IR_BIRD_012_frame290_jpg.rf.8fad7e42edfff7b216bf8375a6c51280.jpg,3d01bed4fe58838ce057200c253ba77751b4f0e8d7d0c6766e28966b477d9171,e3ce4c1c18b94f8d
data/thermal-1-filtered/train/images/IR_BIRD_012_frame257_jpg.rf.b36060b5d789f4a887ca3d1018c32a9c.jpg,82d4806bbbdb1a547d9fc9e654ded3ac28bf18e9559e7f29a6ca9802234b6c23,e1ce4cd919d303d6
data/thermal-1-filtered/train/images/IR_BIRD_012_frame81_jpg.rf.4bc3ed08acb36696af784034f49d5105.jpg,4f61739a04b8bd2e760e2201e077d872ae5e24be3aec61c8aea79fe0a558184c,d42a95720fd56a1d
data/thermal-1-filtered/train/images/IR_BIRD_012_frame239_jpg.rf.6ac187b2571f0121a6382315e6841450.jpg,f12397a64b5265c1948943b0ec13348f7f6d25019368d18a0f74dd1ea1e84978,c777192c36194c3e
data/thermal-1-filtered/train/images/003029_png.rf.1fc3bb1245f0836607b14e3dd151f60f.jpg,bb41f5edc411dd7353d8b6b338cb88a6ff35e99fe8e7929f273d39c036d96c5e,952a55525b5354eb
data/thermal-1-filtered/train/images/ir_3_030980_jpg.rf.1756c273239169403bf092c2e9f518a4.jpg,d348d0d81255881d368f5111f3fda66d4bd8f17fe24aedfa9a35a76eb68c7c28,d01f001f1f1f0f1f
data/thermal-1-filtered/train/images/frame704_jpg.rf.19638d12d8a9c726137448718c7dc17e.jpg,1f0ada100954a0e2046c7e3c3c6798b2009173470950a2674638151dd1bc9419,ac5fc1bcc12e501f
data/thermal-1-filtered/train/images/frame63_jpg.rf.2d6d035aecf2c4db6562ff70e6e2ca3f.jpg,808eb877b1fdd74dd406708930a503d792206d32c2d55ae1ae9d2a494b1b6837,bf96d29953669025
data/thermal-1-filtered/train/images/002732_png.rf.df5f5387adf380480d7f519b0c09b297.jpg,ba9ed237e7d665bb356dbd9ff1563fde5f9fb208527b7f4e745d0cce1dea366d,c07f002c1f9e1f3d
data/thermal-1-filtered/train/images/frame553_jpg.rf.117cb8492e8418c2dbb5d4944fd087dc.jpg,128b844b79cb13a63a2a83a1bea2d0fd7067b5dc10ce410ae71537a2d6e30ac9,e85fd0b5c12a952e
data/thermal-1-filtered/train/images/003053_png.rf.bfd808cfa9433fe9c918c05cd1ac144a.jpg,d68695251a9eccc2873ff889d835bd3dd80b6def791f392ef764e5fa472067ef,d07f071c071f0f17
data/thermal-1-filtered/train/images/IR_BIRD_012_frame53_jpg.rf.184a8fc4bbe9804802397ac3b110ddf3.jpg,7f42f3af48431b36eccd46d5470e2e32baf2e49f3fc553b7860169fa7f40b4db,f1c307e30e7807f8
data/thermal-1-filtered/train/images/002271_png.rf.fc912f01f4f6d1443ff81acdce8728be.jpg,327ed9bb2924e9643eda8cbaa703280a5d1e80b85c7f41b92c4893d1974c6f9f,a13f402f59aa53bc
data/thermal-1-filtered/train/images/002064_png.rf.faa5f02e4d0bf19962bdb563dfdb6888.jpg,553925972202e142c7465fa8b495592e2efe1c992386feb5c55db52fa7f8d8ec,84f551b555a6552d
data/thermal-1-filtered/train/images/IR_BIRD_012_frame60_jpg.rf.46f9284b83f1dbabd4bd2516fd08c648.jpg,070cb2166c92f36691420026186a2248cae3e0e326050ccaf18122a807e9d7af,a49653a949ad5a9b
data/thermal-1-filtered/train/images/002794_png.rf.556963e1bb00c6f9e1ec7feb2b7e986a.jpg,126c272d64e09e1558d860a7b68c8d1825331a791816c8c80b5e78a31ef824d8,c360a0ff1dfe18e0
data/thermal-1-filtered/train/images/0_0_000053_jpg.rf.326b62441d70837f2ef1269480ef7937.jpg,b3c2acd0b559074447c9292405ed919cc65629190b6a196a4b6346a9d3a1735a,f1c0003c3cfdc0ff
data/thermal-1-filtered/train/images/ir_3_034990_jpg.rf.3f7b308b5b53597b4c0e9f0424cb844d.jpg,f220f869e96750ccfc586bbc9f3556ee6f5a4038e3728c272b42c8c5500d8c57,f66d9a495407b43a
data/thermal-1-filtered/train/images/IR_BIRD_012_frame216_jpg.rf.8de18d6d7ef50dd110b0061c9f054c41.jpg,dd547d6aa0db2b086c7d72c8c406e6bc471ce5d18d156c67513a756809fe80c0,a22a4cd1b525edcb
data/thermal-1-filtered/train/images/IR_BIRD_012_frame247_jpg.rf.8ba48919bbd3d6b5167ba15c03486e91.jpg,3067e0433378a2d4e97b56fffca339ac82bf4dd42fb494d0d5b64f36fa14eddd,a248dd972469db36
data/thermal-1-filtered/train/images/002827_png.rf.3fcea4c6e113632d0b0557996d3bd950.jpg,f755585a2ac012909e6eb683806c1012625dd16f6eac19e954d0dc977c518148,d98080e807ff05ff
data/thermal-1-filtered/train/images/002777_png.rf.528f9aab8f4a39763a66db638a687349.jpg,0a6c3554ca66d34d34fb208819587e5dba774a34b2f7cee256eab4afd6156ab1,853f55b662a85a35
data/thermal-1-filtered/train/images/002225_png.rf.132c37fcdfc6c51a598e255a14cbbc1c.jpg,713f17142b9e697fd04c535ff65d84e9ef1f9bb750646b42c1f14c20f2260015,a72a5e29d0a5da2d
data/thermal-1-filtered/train/images/002257_png.rf.7e2f570cb3fd011eed64590378272b59.jpg,f522b37ddd785b2359cb29d96405bae2516e1cb049d1a587fb744a77deea48b8,ff7ea0568c708e60
data/thermal-1-filtered/train/images/0_0_000029_jpg.rf.f397fea6587c7f9d67476494b636a004.jpg,f8e271bcc06b5412b1a31ce7ef70f2642709dee8554a498538f516c41c4889a6,e2701dbfe2601d1d
data/thermal-1-filtered/train/images/003500_png.rf.e99a7faea1677cffe736209b47b0007a.jpg,dc4de3e51fb598a2d8ae54d47041977d26408f96478f125be164f27850903699,d17f009d7f0f1f00
data/thermal-1-filtered/train/images/002245_png.rf.77e57b2ccdb774a99eafc342d956f519.jpg,83badb6a4ed23ffd9c482e7ae2d3dc33011224f74f9eb6a8cd970055cd2b7e31,eb7ef855805e8065
data/thermal-1-filtered/train/images/0_0_000272_jpg.rf.62f347cdf192f1897b0fde31dad7f1ee.jpg,ad8acde08d5b83b4c0c4c6b609007c8b28e69bf06a123d4e6d98051a329975d3,8077d12fc03f59ac
data/thermal-1-filtered/train/images/002839_png.rf.83189f8407ea36b13c20def5473b890c.jpg,3848f3df310c0e0116d0219c14743ee1cc24783e86e8056036067936db2be595,ff2a985595559407
data/thermal-1-filtered/train/images/002023_png.rf.5428fa8fef2cbf59051f16e374d06b12.jpg,59ddc7b04343c64d03a5004fc2d36daf0aad165c012a0c0c6ba5063589343555,ff788e710fc31841
data/thermal-1-filtered/train/images/ir_3_031530_jpg.rf.3d4f34c275e3ddf6c262a8ddab4b575a.jpg,97b13d7d1f668761196d0720c4d524f3fab7242b8e23a6a4714dbcf6f2426893,d4c000f50f7b17ed
data/thermal-1-filtered/train/images/003839_png.rf.7c61ca8f91c191dd7550459ef19d754a.jpg,73dcbb98b189361fb3a29c19a3a0ecb648c303f21830f8da1432e455b55e4585,a629562d5b36e91a
data/thermal-1-filtered/train/images/frame249_jpg.rf.3c489400bc42a70503001c0cce7b3386.jpg,b247fb6174e8e621acf64fce18f4f8c7cfadbf47360dd9f6cca5675b53a3ee5d,b6d4d412c9bb6552
data/thermal-1-filtered/train/images/0_0_000204_jpg.rf.2dda71bb383e1aa654aa562c1809c5f8.jpg,66c8caed1a0c9cd744ddc4ddf6b87a8b2d8f79ae05ddec980a92b3a2d80531db,a25de03ed52ad5a1
data/thermal-1-filtered/train/images/frame633_jpg.rf.0f6a1620f6fc313f11aa9ef3b7441ed1.jpg,874b271ee25029b665cc1702ed03692a5f398304bb7a02c839e40754d7aef8d5,eee6f8b8bc848e04
data/thermal-1-filtered/train/images/IR_BIRD_012_frame68_jpg.rf.c2451b4e011c83be0459870619819e27.jpg,d9d2d52c792cfc3827549a3175593ede2f67cdf2050988e3bbf5405c3792f272,f7188c7708c57f18
data/thermal-1-filtered/train/images/003796_png.rf.c419609346f9cdd9ab8281b7ef85b6fb.jpg,65aa06de226c604a3a9a0d7a87ae06e1a293d817e4fb3e00e7a9a58ef4d40a7a,f76fb905923b0074
data/thermal-1-filtered/train/images/IR_BIRD_012_frame30_jpg.rf.ea35776d0c6716783b66b32e0eb6e62d.jpg,c15b1c8668e9dd87505f74102a741d3a7dad5d171e7ab3a225b68fc50fbcc130,f7188c7708d47f18
data/thermal-1-filtered/train/images/002791_png.rf.0fc800af540b586b0592cf6dd8a3e8ed.jpg,d139b03052c135ef2469c8f90067f9b790db5d15ce32a03a3ed8a9ec9448e491,fd722cd12e13cc61
data/thermal-1-filtered/train/images/003812_png.rf.19897901f8e56c01e83321ad36e45783.jpg,47423c2f2ffb6fe7523ed7141e98708c99cab4e3a8c40bbca28f3850623643cd,fb7e017c8f208467
data/thermal-1-filtered/train/images/IR_BIRD_012_frame235_jpg.rf.e0abdfb100b6affcd3fcef4404d745ce.jpg,0da519913fcb69c5aa8a2edfa8c2a2f8c349935191839fb443244fe83c5e532a,a22a59d5b52dc99a
data/thermal-1-filtered/train/images/002324_png.rf.f9e0a90de053f4740a4a6c0f285af20b.jpg,467acf318435f440e90412eefe63a69a4f508c523b790fc1ae8191ef108dbff9,852a554b5e525e6b
data/thermal-1-filtered/train/images/003839_png.rf.79e0c17a9a0000468b6a32ca94527cfb.jpg,cd94480dc75b14c311a92eed2b0cb34d09ff91cad8b1a1014384592277724134,d16a05f81ff10cea
data/thermal-1-filtered/train/images/frame225_jpg.rf.6f1da91409e7e53b217c6c1380ee3e75.jpg,5c0c96c1c46428fab300e8264dff1c3f28d0267bbb7894179a088e166ca8f2a1,e692293db93e1c94
data/thermal-1-filtered/train/images/002017_png.rf.2bb6eaf6d7f86bc0c2881f43beb6a443.jpg,44aee8018ec7b03624f87b44991686dcdcdc5b519e178b85ee18f6e50fb90063,ff780d710cc19c63
data/thermal-1-filtered/train/images/003711_png.rf.6ff22aab3605ff3f045ef8348ec170f0.jpg,9808a4ae86748e6083a6bc2bc7fb1b310ec82296aa5a87ac85aacff01b5cca5a,ba6f7c0790827d0d
data/thermal-1-filtered/train/images/IR_BIRD_012_frame202_jpg.rf.63661ae4dd962a68813921eab5c2fbe7.jpg,1601f3d27020f677e672594dfd29f5338cd60cc4ea3c104bc65ccf49b35c17fd,817d813fc02f5ca7
data/thermal-1-filtered/train/images/frame643_jpg.rf.a3a276f9528ae87409cc9db8361b9941.jpg,c382af0afc2efd65432b22a893bb8112843929c767e49e3a58a9a7cf15faf210,f4df941d0787013d
data/thermal-1-filtered/train/images/frame618_jpg.rf.06409f04a1fbff0e4c1e568aa524c48a.jpg,c383ea9a55502b66ac1f78f36a8c7fe42e9b743443650bdea5a762d6cd28ba22,eee6f8b8b4868614
data/thermal-1-filtered/train/images/frame104_jpg.rf.31c966ea5262d496dac2361db56c18c3.jpg,0afde0f01cdc82b41501d51ada2eee92cb77b0e4113aa93aeb07baa6437605f2,f9dd8e1e8ec0c41c
data/thermal-1-filtered/train/images/frame351_jpg.rf.9e027a2ba76e1cfaf70205aa58d0d6ca.jpg,c4626215f1b8e12ff76785ea7d1109ca1f1dadb199ec660831dac920ad132dd7,95959137152ece2e
data/thermal-1-filtered/train/images/002050_png.rf.13894530240db603bd210adfc11d16c2.jpg,b0f53d8b6e8edec302c0f79ac9d0082402c8f50a93bae68e3cb4a48322664712,df81941781df9907
data/thermal-1-filtered/train/images/002694_png.rf.28e98f27cd0fa791173f099f20a0d655.jpg,c0f1dcfb7677f40b774d667ed9c5724dc5b7df6d31724d96f28a0603a72a28f3,f57e2157b085b419
data/thermal-1-filtered/train/images/frame47_jpg.rf.81d80aedcd3a4cc0959dc3d21bd8bfb1.jpg,fdef2f1739151d71276f77b3aea100e1ab77a1b94e20d92f4b879ffbc71b3179,e480c17a1fdd497c
data/thermal-1-filtered/train/images/IR_BIRD_012_frame276_jpg.rf.4330f5e4a65acdc3204fe002f4711cec.jpg,24fc7d83e10167626d4229127d1a696666b9e188dae469985c687d9149f04636,a24addb72ccb9234
data/thermal-1-filtered/train/images/IR_BIRD_012_frame223_jpg.rf.918086e73837a3c9fe598ff418e23dd2.jpg,e9b78334d81cd3aa71552ee37fe51203a3d4e569035e561a1df38acd30035983,99734e99632e4933
data/thermal-1-filtered/train/images/IR_BIRD_012_frame237_jpg.rf.05feabcfa4c71c30975d677df365fc52.jpg,3fdc7a43f69f2260b5a8428787baea0afbd20bbe1f439c210ea092006fbc5323,956a45f32249d9f2
data/thermal-1-filtered/train/images/003748_png.rf.9d4e71b3c62835a4e5a1282babfb98ae.jpg,0fba8693ed3f094c14aec67b4a639ebafaa99e9cc667b22a3a4704f61ec15f7e,d3c080fe06e60efe
data/thermal-1-filtered/train/images/002356_png.rf.2de474593e8c51df7e46edf4a7a0c43c.jpg,db1ce6744efc0921a5aae2f73622cdd4f79e8fffa0a8c0652f97f3dc57d8ca12,be2acd42d149f615
data/thermal-1-filtered/train/images/002216_png.rf.8df5b05851164d7d8291d031227348af.jpg,ae3202178f7782d8dbf9e67dfdd745b1a1989121f9a393deb05864ff78a2cb56,ef7abe4186489465
data/thermal-1-filtered/train/images/frame604_jpg.rf.9bec4a581f52d06fbe424c33674af57a.jpg,cfbeee99010c4bfd8cbfc87c8e15d483e239c6fa90aad61e21325d670c1ddc3e,b99595a5c4ad518b
data/thermal-1-filtered/train/images/frame148_jpg.rf.749c3b4649a5f52070e62920f62e6c6e.jpg,8fa6c26e484e87bb7161c787a31880acb54ee185f782ba0ceb6f54a3826f5783,ea3909c286b73d0f
data/thermal-1-filtered/train/images/frame192_jpg.rf.5ebd622950761e78fb3c562c75d24fb5.jpg,7579133b636ff0461ab9af4ae9e5f8aa92c32bb981e961a5b1341c4ed85b0384,95c02a4aec3dcef1
data/thermal-1-filtered/train/images/0_0_000017_jpg.rf.63d306878b0315e6f0393199360b767c.jpg,1a79caeb757ad22dc3aa1d4593f670bd78f7c9269dba27d7f692439626282aff,c09018f31fed25ed
data/thermal-1-filtered/train/images/003818_png.rf.672f268065da64c087aa40f2f19599bb.jpg,eaa3c0caaae5d7a36d245ecf8048cccd87060ccc9c01b4380ffc9b491ea05fe3,c08000cf1f7f1ff9
data/thermal-1-filtered/train/images/frame716_jpg.rf.22f115fa448fb3344c07b95c02ec57cb.jpg,dc03dac3703c8c5662f5a98f5d8b9062ed1803e11f19873b388de23531e2706d,aa95a2e9d52b49c3
data/thermal-1-filtered/train/images/003812_png.rf.2e5d2ec7daaf4f3ac2abac1da9147a8e.jpg,7865c5336c4779407d77f65f4c5d9976d3c784dab53885158829d17afa79739d,95ea55525a5b4b49
data/thermal-1-filtered/train/images/frame20_jpg.rf.afd80c03b4d47d8c824bf054478981f8.jpg,16954a3bb0e18f50cc06d43df340f9160ce1efc886b44cc51aa10a7c9c788d31,addeba559a161511
data/thermal-1-filtered/train/images/frame719_jpg.rf.e2f8b1fe8ea2025f064dfef54eab49a7.jpg,b90fc751ff4c901aaa6aed55b2a8e5981e49247fe9c483ff520c5eabf6321e67,9595d13452ae5b87
data/thermal-1-filtered/train/images/IR_BIRD_012_frame174_jpg.rf.2059774e4fafab2eb692d3e090d32222.jpg,f74ea2fc1662ea628290200acba929bac37b8e9f6b4a6a24d13d9c261b6ebb80,db24d34d845b24db
data/thermal-1-filtered/train/images/frame484_jpg.rf.fbcd5d3bd8419e00849549f9dcb89368.jpg,8f5057bfa515e2f95004471633954a3d5d965194b8701928597080d4b81442f0,d52a847b956a14dd
data/thermal-1-filtered/train/images/002696_png.rf.1b5fe85ceb52b44ebfa95e38e8b70d9b.jpg,4050dc4bf586e50dd7825751675cdf7d465e2966d4d12ad1c11bc3ee5cc12d83,a42b751a65d6e14d
data/thermal-1-filtered/train/images/003834_png.rf.b72d3e9c5fee08117329657fd1680b28.jpg,aa12833a80e41814cbefc1bdba629be72d1d3b24e726b7f11b9676ed3583c3db,b728566d52f44972
data/thermal-1-filtered/train/images/003773_png.rf.e0ca98e71b4cd32b73dbe4b01d87b57a.jpg,e3c0c2367db54ac7650653c79c9234ecc32638a9a69bcdedd39a34af926f7be7,d07f001f039e1f9e
data/thermal-1-filtered/train/images/000004_png.rf.92d8ad9f5a46b37112d43a0ac92e1f58.jpg,b7f0b1f84681d4e944882af5134fc827b74c374816f0c6e35fd4b11d897a699b,e97ac1c0908f9c7e
data/thermal-1-filtered/train/images/002381_png.rf.e98d32801dbe508788dee6f488b84282.jpg,7bc2e82dbc35e2729ec1b3f39650872c46e5683f2689d644e7e2d7c7c6f3477c,fc2ad46b9ec11364
data/thermal-1-filtered/train/images/002331_png.rf.e4ac1d64de372ff845d0e44b608bedc3.jpg,a408a5aae890fa7675e7c18acfd1f2a03013d9204cf933205fddafb0b316a6e4,d56a157b0cf30ce2
data/thermal-1-filtered/train/images/002826_png.rf.c424cdaf5df8c1d5830bebdd4d4a362f.jpg,ededec23487eb0e484ec083026a240d81e02c610e31f9dfb0ac7402f888f5325,d0c000e11fff0feb
data/thermal-1-filtered/train/images/003429_png.rf.8baba70d8b5142fa6eab71756a156d8b.jpg,a2f3ce61791289cb8cb374d36068a5e0694a708dc790e50917dc127eafaadf7a,e03f403fc3bc512e
data/thermal-1-filtered/train/images/frame146_jpg.rf.a1b908223cf842b8c55d9b3954def646.jpg,aa6f600d6c66403b3d7bd67ba71867fa08dc1cba112505d450e7c987918f6c4b,89c98b1737dcd226
data/thermal-1-filtered/train/images/002839_png.rf.e6e947cbd8d5ecff9ef887b47e4afbf3.jpg,68ccb861ff5ab1ea935b62fe08be233128427d519a3e17d3aa3b89f3d180b847,d08080e30fff4cfd
data/thermal-1-filtered/train/images/frame120_jpg.rf.3cb046a974dc98945694246ca5b7ad71.jpg,ff112ddb04a752cd58bf59fef9642b38f503ced0bca385b3604efad3148cd245,cec1a1fc2c0ce7c6
data/thermal-1-filtered/train/images/frame647_jpg.rf.189f30a0ce2ce5428c92d869054bf700.jpg,6729825e032576923c4540f1b17e08f34fd303ebd63a3641837878a500b4e3e3,eec6f8b8b4868e14
data/thermal-1-filtered/train/images/frame509_jpg.rf.755b6e85ad92126b7c4ddeeb1149d680.jpg,61686b8e6a1d35e29f4c6f8a901f202f677cda4b16201a076468222faaa2aa52,ff00dfb2a63e808c
data/thermal-1-filtered/train/images/IR_BIRD_012_frame99_jpg.rf.d056a138c532329689c5a95b865d260b.jpg,39544761064f89af117ab9a7399284fbd8365168da3bd2d7999a139c4056c419,c114eb57986b14eb
data/thermal-1-filtered/train/images/002215_png.rf.aee7f80add7a732af6233ceb74141bde.jpg,fe976f538f2031157b3997a484f30ba3f36d88647b4d36fff1db45b17413e9ad,f46a557205ff04f0
data/thermal-1-filtered/train/images/IR_BIRD_012_frame171_jpg.rf.0bb92fdc945413e7dd173fb04cde2136.jpg,7b94d081baae730ca48aa2b3b24306d2761391e9c9323c562509aad436f15226,d028d56a957a85fa
data/thermal-1-filtered/train/images/0_0_000020_jpg.rf.4d2fde0180b1deee24747308d3526c00.jpg,5ce4a1eb1bb94034eeec2d521a064da8440adb47d6608e6b02640f07862c10a3,c06f088e0f9c1f3f
data/thermal-1-filtered/train/images/IR_BIRD_012_frame129_jpg.rf.f3a65f385be4d0ce5d200082ca51d27a.jpg,d4b277a1b1a552177f2954bc626e6afad1b945f66f54213f8f659761a5cf9daa,d40af55a8b740bf4
data/thermal-1-filtered/train/images/frame704_jpg.rf.56908931eabe5e21f892f1e98b8ecf54.jpg,599b2dbab75ed40dce32d6c706afab7819075578541d7c04abfeebf9c6bdfc56,a81fc03fd10ff00f
data/thermal-1-filtered/train/images/002771_png.rf.ece61f028b6531d1e3b549654a7081b2.jpg,7ee3c3c37cd8e459958c07573c654abe7e589f780bbc9005655a39bc81769c70,ed224db64cf60b64
data/thermal-1-filtered/train/images/002269_png.rf.cc2dde93848bc5ca3a14acf726f7dbcd.jpg,105b93f9cff5400b2ebff30b3c21be6f3f7dc7d421bf3c4fa0ca258444fff946,a13f402fd0aed12f
data/thermal-1-filtered/train/images/0_0_000044_jpg.rf.6d5cb2f237a8499eafb94e55afc9f04c.jpg,6404070f77a24d73cb1025ab18b7a67614b1604a8d7145afe17a5482ba3ad1ca,e06001cf0dfb0ffc
data/thermal-1-filtered/train/images/IR_BIRD_012_frame217_jpg.rf.8d7022288a1e068da4b488af8ebb6287.jpg,049995c469ae9e5d516adc1ef1a1218a491931450c4490f4977806845341374b,a22a4cd1b525edcb
data/thermal-1-filtered/train/images/002014_png.rf.015765b7a5da4bb4ef9d211e9a15d16d.jpg,198399e22b6eb439bef274461b08f62ecbb6a613c11032d10b33269f9ec0433b,852a55744bf44f72
data/thermal-1-filtered/train/images/002772_png.rf.3d8175c3255da198ea4f8f7fdeeacd7d.jpg,d2898bf260f66f22418096f9911fa1bdee3868bd8da8e24fe07e3b91be575e5b,c38780beff170a1c
data/thermal-1-filtered/train/images/frame210_jpg.rf.7f904632a2b3ad0086424b28f28b108b.jpg,8419f31e94fce16d4d14aa8fa21ea4cf697281cc17f5ae941d0807305e5fd626,cabd7e32b43039a4
data/thermal-1-filtered/train/images/002395_png.rf.8c6d51c1263e5d35cd437c3c597fd46b.jpg,10f6d7cb243dd999fdbe75eb9a1b7a53b1937878b0f0c18d1b941fc86ac06013,bb7ef24c8114c33c
data/thermal-1-filtered/train/images/002382_png.rf.65c4e1a14d05827d35487f2884028541.jpg,fe8a36098c8b2974e800948c76662287bd97d0b159f24eeb887c45f6aee35d81,bf7aab508d908e31
data/thermal-1-filtered/train/images/003059_png.rf.e0b994dd2d9a74de36e68683531bede4.jpg,94b51ea61d17f4bd785c8420a9c818bdb7bd104eb956ec6e7097d9ad7ae0081c,bb6e196653cc7111
data/thermal-1-filtered/train/images/IR_BIRD_012_frame169_jpg.rf.5923952761ee2e76335d6e0ba009afd1.jpg,e92c2c0e5f5a99267f1dda9ff9632bfe97130d65caacabeb8d6bad830f8915b1,d205f25d85730df2
data/thermal-1-filtered/train/images/frame359_jpg.rf.2ecfc1e2652bd3289e8981946354c4ee.jpg,4373e4145ecc2d364aab4a26a2450db504b5449b237f7c21b414aece19ec5feb,8455d5af558d1f24
data/thermal-1-filtered/train/images/frame692_jpg.rf.2000212f12c561f1a4dd06a2fe9fb257.jpg,d3ce2e0d0fb3e7340027ebf2308211a47448592451f00e1a87728fadd0c8f7e7,eed0ee90ee90fc04
data/thermal-1-filtered/train/images/IR_BIRD_012_frame89_jpg.rf.cbe1f1f34ce3aa5eda20925d164b4eee.jpg,21d9a2f17574224653e6f90e3245ec8959742eaae3e5d6ddcbb2b3d3e1826bc4,f1c347871ca34787
data/thermal-1-filtered/train/images/frame717_jpg.rf.f1c9c0887b62697351b168272569b982.jpg,5282d35249f2123c323f54c0fd2205b523d5db69234b389aef0b8a07e099b009,e9ff9417121e121e
data/thermal-1-filtered/train/images/0_0_000058_jpg.rf.7205cfe85f18aef113ef1bc6216c9de9.jpg,e6d0efc9ee114137924a34f651a16c5c8e7617665208fadaf68e94bb1eb84120,b595542d4ca655ad
data/thermal-1-filtered/train/images/frame115_jpg.rf.71fca4302d5460a298d205bb37bfc9a7.jpg,3a045dd6498823a722416ac01224f9910173813a33ecb1b573034a334a06a625,d03f40ef19a64b9c
data/thermal-1-filtered/train/images/frame505_jpg.rf.f4d91bfb94e1e42ac0e2d15b86002345.jpg,762645873158638e7a2fcc0a29f64e10df06437dfebc8e2f504064d7c368e6ba,f40ad17b04fd0be8
data/thermal-1-filtered/train/images/002686_png.rf.453be6cc39d741902b815cfc7f163224.jpg,dd988801523354a66f0325dad4561d7cc1409315dbad5f263d3d3c12cc1c0a91,952a5572075b54eb
data/thermal-1-filtered/train/images/003848_png.rf.2e7207fec8fcfb9addc9e28ead75ac03.jpg,dd11a2c717992f576e7ebba4a97e46ab3351c5ee771ce35bbf9d1ce1005c040a,f37c27700e43bc07
data/thermal-1-filtered/train/images/002544_png.rf.ecce227174c2d3b9fab6d271bc8c2898.jpg,6ce7edaedd6d2783d746dce6a0c9ba332b13f4f49e1e1c573ca99b3384cd9b68,d46a556f1af502e1
data/thermal-1-filtered/train/images/frame445_jpg.rf.f07d81911030cf216c3821eb7f1b1cab.jpg,d42a8a8583f0e265e64da7d596330d8301d84550d4f89e32b46fddb96010ebcf,c0c8103517f71bfb
data/thermal-1-filtered/train/images/002513_png.rf.5b5a3a31bd2ecac5c2a3e9fe1d077687.jpg,5c3b84657b888c192f07b050176e4f010045b93bdedcee42035c5e488b04b8d3,bf2afd25ca95ca00
data/thermal-1-filtered/train/images/0_0_000187_jpg.rf.6e41f97e2fb654be423ada560c021937.jpg,a8eab6d3676d8873313bba2843592ca8cefaa6035d7c2515993c6ede9709aa5b,a13f15954ba5548f
data/thermal-1-filtered/train/images/0_0_000062_jpg.rf.1ea086109a3e772eebd9711e7a40f012.jpg,dca1b0df40dbaf4e312239695d32bf4680fb7614430e7310313c77686308765c,e21d9d621deb601d
data/thermal-1-filtered/train/images/002840_png.rf.164953c3395ab23174290bdc36a1ae2b.jpg,54cf26342908ca3b3507238ffffae6d84f1c8c28ae4f1265dc7b93314258b415,c08000cf5fff58f9
data/thermal-1-filtered/train/images/003865_png.rf.b3df9adb340705dea1682ae34d25e4f1.jpg,3bc4b5bc498dfa1889e9a424df8f2c7070242d4d3c6e819e7202d3930832dd2b,d06a80f01ee37df8
data/thermal-1-filtered/train/images/frame602_jpg.rf.8f2aa7cec154ec0e8d4ed30bf21d7805.jpg,b8da3e4b87f03ceeba8c702ea909a8cac8de477e6da543a7ef7eb806d6608dd0,eee6e8b8b8348e06
data/thermal-1-filtered/train/images/002057_png.rf.a2ca8beda087250d72b8671c1851a091.jpg,5247ff26befde32c5942f9da393f900e4ba87d73eaca69555706f51056e501fd,df7fbe81802e8838
data/thermal-1-filtered/train/images/003055_png.rf.180c78c16579a63beae48675ba363be5.jpg,ff444c5e3f40982b431f7a9b64ca45e0dba6fd098e63dfc100cc49a00e2e0b3e,843f40bb4db05fa5
data/thermal-1-filtered/train/images/thermal_tzeelim_021750_jpg.rf.5ee94a456c8162722871723d17ac6c2c.jpg,88cc86be95030ce962af6c3a4a5389d1724bca64664fa34e7e7651b382d70be8,aa6be549c523d30d
data/thermal-1-filtered/train/images/003823_png.rf.3b9b591ff333c3155d57eff16cdb33ea.jpg,3309014a77f08645eb060d2c63e39ec0798016cf4468be0fa37f21873be5087e,a62b522d5b36c936
data/thermal-1-filtered/train/images/IR_BIRD_012_frame42_jpg.rf.32e83f6d291bc35000c65dd9c7218a22.jpg,ef3c4068b4756a8a883446717637f9a2f9413c1a7fd8b4f00a7f5fb9fe3b77a7,f7188c7708d47f18
data/thermal-1-filtered/train/images/002237_png.rf.2628b4c15551092294b725f2a5a224c3.jpg,4d8bc1c8b39f25c3f18a9b313f5b5f44f80035ce1a841ed53f8ff3812fa78349,eb7ea855805f9065
data/thermal-1-filtered/train/images/002256_png.rf.9ef81c05d0914e5e0c3a3d1401284729.jpg,5f85aae5512c67d012d051df857bab94133022745fa186b75cfa313f424da15d,a03f512f50af58a7
data/thermal-1-filtered/train/images/frame695_jpg.rf.fe147ab65ac0555011edacda388a7e2d.jpg,dbd8919619bd9056d34796ba096c7fa78e93ac627ac4d920ea23b87c7d00ef25,eec0fe90fe10fe00
data/thermal-1-filtered/train/images/IR_BIRD_012_frame108_jpg.rf.673dd7f13862ccd41a9a6cb722d053b3.jpg,1e1f7df90abdbc379db813f943125ec9bbeb3e53b04ab07fe4fae3905c6f5319,d42ad56a957a05da
data/thermal-1-filtered/train/images/000010_png.rf.5398d2fe0b2581a828c0dc4de9913264.jpg,6e79ff2c321a719f3bc17ee36e1555c0d367986c15ca0396b0a5d3d7cb4d2139,b86041f943ff02fa
data/thermal-1-filtered/train/images/000007_png.rf.421a106204a182474fd767be46217e8b.jpg,83b6e9cd4349d9a1b0b2e183c570bf052480cdd6da9501381765ebb518174948,bc2f9595c15ec123
data/thermal-1-filtered/train/images/frame19_jpg.rf.422921ad822b7a8aef8afa6cd088d082.jpg,d034b7b716e741a8ee2ca68d6afda09c9b28a5e1e2c951ed02399faab6efa5a3,e8718c7fc0ae6983
data/thermal-1-filtered/train/images/002773_png.rf.82858ea45d3e83a07a34e30825125e4f.jpg,bf514ba8c5eb62f7fa81544280b8f7274ff7edbc63e210f857fc051317e93faf,c37a8441fff428e8
data/thermal-1-filtered/train/images/frame333_jpg.rf.728224f81f7c39e53b826d2942451bc0.jpg,03bee514f10545a5b0aa2d2dea1113f53172fbedf9c491bb4158ab62d07cdeeb,b2e2eaca694a5a4b
data/thermal-1-filtered/train/images/000009_png.rf.734a8ac9fb7270d90117e78875c626eb.jpg,0c6a8ae19b829582b39e1347cc13232a5b0c2cb6fbd43b097324b65d8b5a2a0d,e9a0945e56575553
data/thermal-1-filtered/train/images/002057_png.rf.91d640e78f90f55d3470de97c8944cc4.jpg,931db4a17c97c7c9b041d451856b41e477db32a7b83da5729c52a6830ee90052,ef7ba049b24db038
data/thermal-1-filtered/train/images/002340_png.rf.3500a21f1bbba77f839fcbf9ce7e34dd.jpg,1e521f2402e80c84977218e5f4bb76d8f3bb5ff706471a46b3e58301e72ee8e1,d08080fb01ff0bff
data/thermal-1-filtered/train/images/frame103_jpg.rf.5683b7df7046e02611122f5671d4eaa3.jpg,a961295abba3be06adb7d0522cd0b05afa75bffc9d45c5a39859d242be101ef0,99d255ccc86d35d2
data/thermal-1-filtered/train/images/0_0_000015_jpg.rf.a9fdef92eb9fec154449fec0c094ea25.jpg,c21f2ad24184c9c3cf4f4b0d456b629ddd123d4cbfc560ca75691aef0983fade,f56a16a729f112e4
data/thermal-1-filtered/train/images/IR_BIRD_012_frame70_jpg.rf.a9ca81b621f0beb7ef76e2c23e9c19d2.jpg,fa59a21a21357a14e5454d843cf390a284e6680c45bf2927fd3b9455a190b2b6,f1c306e31e780f78
data/thermal-1-filtered/train/images/ir_3_022200_jpg.rf.59c3d27dc35677da1097f8bde99752cb.jpg,8cd842ce447fec6c73988d641958daa178b09eee8a9d35d4ab878692c2e67dfe,a57f552f41a250a7
data/thermal-1-filtered/train/images/003036_png.rf.93371af0afedca7febbfa990a736e7e6.jpg,c69f7a74447a8b9e8951d566ecd81a627ce93878b9272f1c1926502bd46df0a5,813f41ae5ba658b3
data/thermal-1-filtered/train/images/frame655_jpg.rf.f75d810c4efb892ac855574b23617f8e.jpg,ad13fe2fbdfaa8d291880b003c974a16369d1090e5cbea98b356ba4e3e4feec9,b995d5ad44ad118b
data/thermal-1-filtered/train/images/frame433_jpg.rf.f61242e0f9a2002a5e3ecabcff56df91.jpg,711a68182af10e4f730479e06b2f2e8d2f8aa518cae672c6c1b16df4e4f92823,8595d4364eba1637
data/thermal-1-filtered/train/images/003858_png.rf.324c29e80dec90f7ef3f5d4095d27b4e.jpg,0e3924e217c45e8217f9312697227bba5311a43dd9ee1d013b689ed1a04b45e3,807f40b95fa059af
data/thermal-1-filtered/train/images/003029_png.rf.14b818620a33c60faa27a7f9f832f209.jpg,bb54591c83e22c70d05cc0a39b04d2a99ad13134768762345039af44da534fda,d08000ff8ffa01ff
data/thermal-1-filtered/train/images/002405_png.rf.aefb7397273bb4278237a369e21dcf1c.jpg,5b8f5ee3c58ababa6ec8e0a48bc8efa1dd726df321518770d47d1a25d36b3e39,8cd5d5ad51ad52a4
data/thermal-1-filtered/train/images/0_0_000240_jpg.rf.576e928e9c18fe67ed26181c12b31c93.jpg,0189d42fc4273de86fc323e160ad690a08d5ded64d2b3b4962edaffd2affdec0,a157813f51ab50af
data/thermal-1-filtered/train/images/IR_BIRD_012_frame66_jpg.rf.d0597f75be28f80f58c5ef61765c2055.jpg,7b41476620907c6adfb588ef4469e308e694824a5d81d1875c4e1c813dbf2d9f,f03c0e231ca74fb3
data/thermal-1-filtered/train/images/0_0_000021_jpg.rf.26f7a79dee7df5394d6c8932e890a63e.jpg,d1d3653b046c12a892a8e8618fcd5b8269ddcc5b5c1033d54c0db7a9d441757c,c96f998b999b1906
data/thermal-1-filtered/train/images/0_0_000055_jpg.rf.47215e9980fe52afb7e0eb804fc2e29d.jpg,88fddc0bd5bd98b6816417e8e3d705487143e1d68c647957d895a1016cdfae19,e439bd449bec007b
data/thermal-1-filtered/train/images/ir_3_020740_jpg.rf.07cf2e68532e6f9254204d037fc0fa20.jpg,1a372018be1eb1e4970ef0030697572a5129ca18759a5cb62d75f348eec9db25,c07b123e1f3f0f05
data/thermal-1-filtered/train/images/IR_BIRD_012_frame147_jpg.rf.23543d1b51ca25f50e904d43a4917fbd.jpg,0191e92aff59eda94ce49a106f390899e173c9606095900da39b0364d7ae31e3,f40bf45a89740bf4
data/thermal-1-filtered/train/images/002063_png.rf.0dc7409b2a913adb9f4991f47f6bda49.jpg,d181a282283f4a62ff08725cc079c5029673ce77a968daa1b4df4a2fc28eb238,d56a157b02fd04f1
data/thermal-1-filtered/train/images/002745_png.rf.cf05ec873e42477ac974c9bd72b69245.jpg,f9eaf029e52d4ef59a42832e650a0a1fbdba624b7e4e19327dcd9c13b77fe4cd,855a55a86bed5551
data/thermal-1-filtered/train/images/002097_png.rf.7bc2a9acc78a6088e40ce8ea0cbd2712.jpg,3cd69ac4a03a60407af90fa17afa188167a55b1c66e54a7a4b1bcf9a23bffbf2,8d2ad54ad3545575
data/thermal-1-filtered/train/images/0_0_000276_jpg.rf.21daa44c6bcf37443eb02dbf2a4a8b89.jpg,c584e6eee8a88bd41adbb38964b0fe1c972f7ee25a16d7ea7eb5c103e5640183,f5228d7a946b8176
data/thermal-1-filtered/train/images/002076_png.rf.a376994d4390e9d4e2515f5d935bf204.jpg,55b81d219a05b960a6741c9ed08420f25d904bf4ace9166dbb1603c068694f46,8652d2add5a5ea52
data/thermal-1-filtered/train/images/003772_png.rf.e9fc84c2e4c3a313f4fe411c1c337c6e.jpg,a97f49f5a3a83a16b42cf563968f9bf3985e8738b35d6c54488a7610d23ec4e2,f36f2c1d82338d70
data/thermal-1-filtered/train/images/img_0332_png.rf.564999ac653185fa96efa796822bf116.jpg,d81087449211c3f8536ca2658168a1aa5e5532d4d35f904599e36227e4b9daee,9d8a1d394fb08d5a
data/thermal-1-filtered/train/images/003786_png.rf.ce058a82fedd036111cbcd56e5e988c4.jpg,ca4aede9f5f6456b678667064f1cc0a762bc7898eaebd8b7a778bd838588f30b,d1e0846706ff00ff
data/thermal-1-filtered/train/images/0_0_000105_jpg.rf.29121e6c75b4ac635483c878f0740192.jpg,9a6b9b3928e6b614eba810c8112e6f9d5a684a1f268e6ebeb74067e8f4833733,b46b443f2a554b2b
data/thermal-1-filtered/train/images/frame574_jpg.rf.8e0c00d32a96c8552beed8d07c14388b.jpg,808428d45921cb8704567e89795f03c3ec19a590fbe0baddad77a4323bf83d4e,b1e0d0581c7f47e3
data/thermal-1-filtered/train/images/frame50_jpg.rf.d710ebbb31c25893d03789493dd586ad.jpg,5f58ba94cfd514031cbf1537ef6c3d349334003290c162037029ea7c0c0c5812,b195953dd9886347
data/thermal-1-filtered/train/images/IR_BIRD_012_frame63_jpg.rf.2186f3c51dfb5fa3969cc1b6c44e6716.jpg,242e590a4a5c45c9779cf6e73953ceb25ba0a0c1a4302f0eeb534cbaeb0cc961,e1c7478c1c8747c7
data/thermal-1-filtered/train/images/003039_png.rf.ad4bf32f8b5b42e439e2fc7f8b365d11.jpg,76b9e9903114d8c6f9d90cfe2f7b289aa356daa8a55835a2d16ec8ca49ab34c8,852a554e5a5b574d
data/thermal-1-filtered/train/images/IR_BIRD_012_frame252_jpg.rf.e5d23e4871953dc1946aee8ad9127e5e.jpg,cd056c50c8d08d585a8128a4a4757ec98e7650d53d019480bba33ca73bdc5591,e3cecc191913c39e
data/thermal-1-filtered/train/images/002810_png.rf.699a6690a555d3e312fa752a41078347.jpg,778853c1f0a3b87bcad4e7c06c7d7b9840f2e66229cdb8c16c295b835c501e0d,ff5f8077807c8838
data/thermal-1-filtered/train/images/frame323_jpg.rf.7de9436b4722fc926d5ae27372335e58.jpg,5f692494950667e8fb7b6f934def3b259f67bc98f3143c13d7d5018dae446bec,b2e2ebca694a584b
data/thermal-1-filtered/train/images/002454_png.rf.2180e70dc3ea09c77e5ad50a60e32615.jpg,2a132d4d081553e2842e1a21d0c2b456f49ef620eeb9b562667ce50e90a21484,ff7f8505a50d81a4
data/thermal-1-filtered/train/images/003814_png.rf.9666a6e375cd85f340b3bc22f28f2260.jpg,a4f4441c6f7b9bf20012315cbae5f83f6b40ea7f5ca13079d7c35636ff677eeb,c08000d90fff1ffd
data/thermal-1-filtered/train/images/003806_png.rf.84270c306020698a05ca131d8f435f38.jpg,44e9829ed7d09918b55320aa3b6d0d8764d087694538f53d81e94bc703297005,c08000fb47ff47cf
data/thermal-1-filtered/train/images/IR_BIRD_012_frame44_jpg.rf.9d52893b9af841addba9c33465225fc0.jpg,b88739bed910d7f7da02fa77aeeff61600e66adcd8bf536a6b5f55360d1f1979,f0c307f20ffc0378
data/thermal-1-filtered/train/images/IR_BIRD_012_frame286_jpg.rf.fdbcfc71d76f0fbd25ef9c70db062a9f.jpg,6ffa39a83cf7445d98098d4570654ad476f8124e0d363a44e277bae8c151510d,c1ce1cd913f306d6
data/thermal-1-filtered/train/images/IR_BIRD_012_frame192_jpg.rf.affef57dc5085c0e1ca4b2cc66309bd5.jpg,0e897ae749e336a757a2f673e09408bed11eabea02899f77ba47323d8b04ad53,9f0100bf5ebe00bf
data/thermal-1-filtered/train/images/0_0_000064_jpg.rf.75ee439634ccd655163991d507fec497.jpg,ff802128b6be22e7fce4cf524d8ee0286a96f590048b434c16781fa5e453185a,e23f94225da46aad
data/thermal-1-filtered/train/images/frame61_jpg.rf.ee5ce20e51790ddff7629237ebeb6eca.jpg,ea8245c36f2624d629df2be887d7414883be9eb3cb9a45f7c96e35881ce04fe8,bf96d39962269125
data/thermal-1-filtered/train/images/frame668_jpg.rf.7e1f04ee4b85c55409be0228bb6b8683.jpg,d1ff2fba10c5a241047698fd4e335d487403d6dd3059187b49fcd9a15354748c,eef7d0b8b4860694
data/thermal-1-filtered/train/images/ir_3_022090_jpg.rf.a30d3bf1a7e41ff6e180d1b86e234297.jpg,527ae31b1e6f82b9a39400bd13c3dc8f4bfdda392480a2a8878664e1bd585c53,ff8090a55256a5de
data/thermal-1-filtered/train/images/frame237_jpg.rf.400c32d62e4acd29279f5da42da058dd.jpg,7d9d951637c3b9dae0465af28c5c75bfa69840ad6b4ffa97639f37d13a94d1a3,b5e2457949d7425a
data/thermal-1-filtered/train/images/002790_png.rf.c964eaa59e0b70e7e657c09cdb576855.jpg,a8a1153056a0c5a4905f428aae046fb72677fa7a58f88cf1cf73b01536c99325,c38fbc801ea70f9c
data/thermal-1-filtered/train/images/IR_BIRD_012_frame21_jpg.rf.329c51ba8e31653ff3d2776eb26e2327.jpg,44cee34f17f16ee957f820641880a559d6228e0ecbd5f4875db70c6c5958ae75,f7188c7708d47f18
data/thermal-1-filtered/train/images/002392_png.rf.5c01892302a2bdebce7a1549a52c3682.jpg,af7e02d1790e5047fca66a8d65a5720474e13d9700a7624ae86dadb24b619475,f56a156b14f700f2
data/thermal-1-filtered/train/images/frame419_jpg.rf.da8c42ab20d515f0721b6f1b92ec971f.jpg,b5f1e3e387ef280a84f5c1d4ae50dc7a5b23daedf201d7d33854db876abc4d17,e69f8086fbc033cc
data/thermal-1-filtered/train/images/0_0_000151_jpg.rf.58d893258820079d31a78b331a53acef.jpg,8b4144892d4fb53fa6cfab19670b62eab024a885e795c8e20ddceb4b5d0e4c83,8826b3cd55574b47
data/thermal-1-filtered/train/images/002739_png.rf.ab89f498dd1133800725a602def62675.jpg,38a1e3070835c3206ece58e9433e342c33c62464f77bc6bc8b4b051d2d38b0b1,807f50275ba35ba3
data/thermal-1-filtered/train/images/0_0_000044_jpg.rf.61c9c5e49426cead688d3abbabf372c8.jpg,ee8773266883d411361c35d7816c5c6ad6d21aad4fcefac1fb22a0b23c960bbb,ee31b9e601b8e705
data/thermal-1-filtered/train/images/frame568_jpg.rf.048906faefcdcfcb62ba7347556220a5.jpg,404cdac70dfc598c5ec8a8123c32d383490bade29851d0bef3d656007a19e6d4,a0a2d14b55f614fb
data/thermal-1-filtered/train/images/ir_3_028710_jpg.rf.9298821fca03b45f825807615cc92ae0.jpg,9d5a3c1a0a11d2a31a12c8569ae14ec8c7560f74daa1900bf5dd22df17ff4c29,d87f80171d071d1f
data/thermal-1-filtered/train/images/frame106_jpg.rf.77875cdaa90e3ac288a53e2a705f79aa.jpg,3ffaf54b19690ad7d4784c5c4c5a6ed087de182d9f95eb8c7c32d2774809d121,ab9951d1d48aca6b
data/thermal-1-filtered/train/images/002365_png.rf.46aa8a1fb703cd53dbcd5e3ce582b11b.jpg,29cc574f6b779d2eb45d32632dee11e367cc52f45d8d0882fdcd8f265f3f7e65,ff7bd8168007805f
data/thermal-1-filtered/train/images/002357_png.rf.b6dd59761e3e78cf26ae76b285419dd4.jpg,ae1bba142a6fccec1b106078048b1932473343890c6ed4845a9c269dcbe2f8d4,fb7f809f95070511
data/thermal-1-filtered/train/images/002460_png.rf.ad24ca202d06f0551c7654c98aa0e1f7.jpg,3f38e9ea91a6c096fc1eef68e01cb27406a19a8867a488b2e29254b549589db4,ff40a55eadf0a0e0
data/thermal-1-filtered/train/images/IR_BIRD_012_frame228_jpg.rf.cff4b27999cb4660752dbe35e9851fa8.jpg,3dcb04d324762a9959666e2dea9f482793fbb7ec71a0f7f27976e598d15bb1b1,a22a4dd1b525e9cb
data/thermal-1-filtered/train/images/frame523_jpg.rf.aed0971abf8715a90295bc4cc1c9cd1b.jpg,80a10a8a435cdc05cecfdb3fb8ee310549420e56283df0a357d00e54f858daf9,b44a95f249ff0269
data/thermal-1-filtered/train/images/IR_BIRD_012_frame196_jpg.rf.80c4fb22b76468b69bd71a368c243536.jpg,69cbe2d3a8d760d556014efcd0d01a8df57ea3efdbe3d7159b0116e7d663a599,aaad552a572a15ad
data/thermal-1-filtered/train/images/002835_png.rf.a00f5729aae33c851d52c8cefb999d00.jpg,5e705615fc210e9063e16b824fc9ed7aa89774a5e885e1ed8d22a87f804b9962,d03f80be17040fbf
data/thermal-1-filtered/train/images/002330_png.rf.f24d37c63f209caf0b3c78c1d924bebd.jpg,bf7432ac2a9be216155e0d7cca41920d203da3a1d8e98a82d040506941136833,aa7f847b8896453a
data/thermal-1-filtered/train/images/002369_png.rf.c4cb52ddedabb2a1cfcd3a2bc6e1cc03.jpg,1924e596d8c4f65305f570982f940abc106ad34718343a294350945c7364f9c6,ff4a9453b038807f
data/thermal-1-filtered/train/images/IR_BIRD_012_frame287_jpg.rf.d31a5f3bf04b8f771f36c285016be264.jpg,4545bfdd63e575c9c179c121ec4eb5f635fb1a6bd0bf4eb43d65a9c435ec8b6c,c53f10a77f188671
data/thermal-1-filtered/train/images/0_0_000059_jpg.rf.1648c6cf33e031f57c999b124bfc773a.jpg,d9a804c193942be165aaea436110a275cd66ddef6fb21bc43c826632dc43ca30,b595552c4eaa15ad
data/thermal-1-filtered/train/images/frame312_jpg.rf.bb970e152adc8d59bf8d3aa9fd37e553.jpg,f012e6a2ef789b82b9406670eaf8d470cff6af48a5d292fb025f6397230deb9d,a53f95b56825532c
data/thermal-1-filtered/train/images/frame647_jpg.rf.c1a0cd4ce9486ed82ae133032844e8fb.jpg,d5808628a51608a78c93fd333240b3f2066ec5c5d5cfa207352a8bafc408e3ad,a9b5952dc5aa9383
data/thermal-1-filtered/train/images/frame612_jpg.rf.f96b301e831e045d813c70c91f97f9d5.jpg,52c29ef642fbb994ba3fa9b2cff6e5e601450be30e7cc062d068ce13dbcdec65,ff0a84e29078c37d
data/thermal-1-filtered/train/images/0_0_000707_jpg.rf.2d40966617cda33e24d4b267290985da.jpg,012f5fca6cbc4e41736c9782cf27c11197d6744f537381eafa8c879fd2bac1e2,917751845bae5e94
data/thermal-1-filtered/train/images/frame613_jpg.rf.17225f1ea900c176c388a92fbcac2a8d.jpg,db4a57be4859b0262f9f5f91f59f00bf95f2172887a87357596ad61648d97267,eef7d0b994868606
data/thermal-1-filtered/train/images/002422_png.rf.39835710e42e5e99e9719da9ee985c4a.jpg,6d903463ef31e23907f99540696ddf2ee8c929cc491cb4d42929e7fefd75615e,a03f402f53ae53a7
data/thermal-1-filtered/train/images/frame654_jpg.rf.e2c316e970c573062814bdf9f0498369.jpg,3f7fe56dc1bca960583f0d75ce622d8c7ee600b818f332cc732c70bfc22c4f8d,f5d7841f1787013c
data/thermal-1-filtered/train/images/002664_png.rf.f42e867eda244af6918c2368b720ac6f.jpg,926e98bd2a9ea4281d13475942aea92e606d2f2559b53f1076acad0152bf5616,d18000ee1eff01ff
data/thermal-1-filtered/train/images/IR_BIRD_012_frame207_jpg.rf.f0a674734e14b18df30848f18cf03c58.jpg,62e01cc2fbbab363c5361ee0933f5d9a762d741ef1ae648ff15889ceb68717e3,d56a1d9f47e31148
data/thermal-1-filtered/train/images/002282_png.rf.2368eb9cfe1a94450921303ff9e84175.jpg,b7e0488fbaa267df3f79e7d627e7df156c324adbc6576ffd055ff53671c4ff1c,f46a157a80fe0778
data/thermal-1-filtered/train/images/IR_BIRD_012_frame188_jpg.rf.01953aad03e52b69fbc9a90bc4a07266.jpg,44e5c4fe5857dbc73fd4f26424af2d1f646c6a4424b67c82a635c679ad933cc6,c122d56a957a97d8
data/thermal-1-filtered/train/images/002708_png.rf.11332f3786dd99beca64ffa4e707de83.jpg,1e6184ad47744d47c1a62521fd616d326db3a7de9a2e44ff55c6f61571e8a1b0,be34b4059869db2b
data/thermal-1-filtered/train/images/0_0_000017_jpg.rf.4c34160fc047de13cbae7a9eb672c133.jpg,6d76d188e06310ef7abb41f03fc9702656481170025f14d183c3b57cfac71b64,e97d1686b96d4216
data/thermal-1-filtered/train/images/003049_png.rf.43b2e089a1a0020eefd26801e61e13ca.jpg,fcdfce054fd50c8dc11a73820fd5004641af94bdd79eaff59f7087e42ab5dd25,d56a15fa17e912e0
data/thermal-1-filtered/train/images/002697_png.rf.3e3691b22809f18e6a5bbbb972a878a2.jpg,6a09422ec6d92d7ede66c958fd9486bf4f53d4b17637c72c959cea1d31d6f648,f57c214da18fb413
data/thermal-1-filtered/train/images/IR_BIRD_012_frame228_jpg.rf.e857d9defec5b81dce5e2f181042d918.jpg,090e8b7d66ec41600242d8ec9fd97ea727d10bffd1b3e06af2ed7342f0b999d9,cca219cc13f11cef
data/thermal-1-filtered/train/images/IR_BIRD_012_frame195_jpg.rf.91c5f381c3225bed41eae7baeb06167a.jpg,7d3d504b96450d870a40923a246f430da8df54b64c021363c80c82accd26ca61,ea5255e54af50d4a
data/thermal-1-filtered/train/images/003093_png.rf.2f726b74eff5bd22fe44b53de91d888d.jpg,baece9c631f063d2b94b91e1c10fb231dc47ca18e0c30e1f59b8e5daedca986e,d52a557b1ef308e0
data/thermal-1-filtered/train/images/frame118_jpg.rf.20bbeff229996e902d4734eced165a88.jpg,25d3e2e9b0219a82e9ed3d4c02cedaaf5d052ecdde1f837aaf05d94846d0576a,cec1a1fc0c06e7c7
data/thermal-1-filtered/train/images/IR_BIRD_012_frame74_jpg.rf.f90a4dbfd5582fb77dc1354a2a08fea0.jpg,ac5c1f66ed9797eb82ef60892e6c2cf23f2037212b50da38a895a465f425c414,d52a94730cd47b9c
data/thermal-1-filtered/train/images/003069_png.rf.479dd34e5e375167658a6cdc2bbc0875.jpg,bc45e5ac2525893c301d5c1a6a5d6ee6b557d341a8c0414a92928a4d64e2305f,852ad54a56555d6b
data/thermal-1-filtered/train/images/0_0_000016_jpg.rf.645b04bcd40eb4f5e23e80451743f908.jpg,5102c59b8c559385501902053a5efc945e411c16e0300680efe0756734d06596,e97d1682b96d421e
data/thermal-1-filtered/train/images/002230_png.rf.4938359f8dabb2598f27c5afd4cec82c.jpg,39c53e4f4936c8fdbf62fe5c17dbe2a948d4430ebfdf8b3264da3b890275b105,e56a146b856f907c
data/thermal-1-filtered/train/images/frame711_jpg.rf.4a5db4d0708d5a39f9cfd99377f9709e.jpg,ccf40553ff61f1c84b8fe37f43c83475173d13ca92a115bcc284d9beebb1a1e4,ade2c1c2c1f1d1f1
data/thermal-1-filtered/train/images/0_0_000041_jpg.rf.dcc12bb2507aa14c482b1880608e7f0b.jpg,ca1c2a836b8b4f3bbf57f9a9a63157044435cd223f8367b3931d05fe511eca34,ce71b9ee4518b0c5
data/thermal-1-filtered/train/images/002054_png.rf.2ad13a5073c96927d21206d350e688ed.jpg,d78beabc24640cbea4df460408b0d223ce87b2828a47ccfd3eaa9c2781426791,d07f001f099f0f1f
data/thermal-1-filtered/train/images/003696_png.rf.bea496f432fea3a46e153c272f2d575c.jpg,d8dd9da106ed6adec4c1c41613a5275cfe1048f0de383979527d788eb15e2fd3,852a554b5b55565d
data/thermal-1-filtered/train/images/003687_png.rf.c257e6ce2b3c95d616b28c12de9502a8.jpg,0f8ece0774e8a2cb97d9b87e2f1e910fbd9d96ecde6e2366e02636dc1f01ccaf,b36e6d2817d27d20
data/thermal-1-filtered/train/images/IR_BIRD_012_frame87_jpg.rf.0515a5e24e54bca8fb12902ab29c4cea.jpg,1a6fbb7e9556f07bbc053bc90fa73bc6f1167888a75bf299961256388c85a309,a469526c5b6b526d
data/thermal-1-filtered/train/images/002712_png.rf.e6b060d3c9d49ecf39194b0d2d623c0e.jpg,60294bb60a877284f2595f0bc131515547e5b1e5479fc57534869a3ace30d620,f900b0bfd0add712
data/thermal-1-filtered/train/images/002303_png.rf.3e9bc7f940782b08608517d33187fbc2.jpg,a906cc4214d421becd4ec77c5db49b92ece6dbfb779ebdbcac06b1b5bc3bea28,803d41be4dba55ae
data/thermal-1-filtered/train/images/frame166_jpg.rf.1fe5d288bdc7e1bae01561a6a1918d2e.jpg,e75b44da452f76e16c778040eb9ed16cd37a9aa8841877dd02b04bd0a1c5d552,e917d2f80487d05f
data/thermal-1-filtered/train/images/IR_BIRD_012_frame87_jpg.rf.c34ae2cf863e0507c4d80d2198416902.jpg,4ca4dc822099d4cf8b5359a07d2e61ea669ad7b0431c61fb9981e826fa52d5b2,b49253b949a55b93
data/thermal-1-filtered/train/images/ir_2_034570_jpg.rf.ad1223f43ddbc07ef8bf80739a6d4c2b.jpg,47c06144fbb522d94625316a6f5931c2894d32fece2b291f5d55179ac512199b,952a156b0ced0ff2
data/thermal-1-filtered/train/images/003807_png.rf.723614ff460dfd1d8c733740e61d400f.jpg,b6e05347b17451137713a4193aa4f256ed8f438973a08c99b2cb3002303ca36a,ff6fb05ea1108f20
data/thermal-1-filtered/train/images/003971_png.rf.ba69aa2b56bed9e6dce43deb2fd850f9.jpg,56d65cd0b6d8ae62bca3e0fbf8578ea44f408bbcfcbaed4407a35726e9ce49dc,a32f610779963966
data/thermal-1-filtered/train/images/002459_png.rf.9b65e2e2b9222c19de819006647e4d26.jpg,7df39a1dbe4323b30f541c81e9a2acc0e1d9d0cc56c147419b3b50986a2ffbc1,856ad5435953555b
data/thermal-1-filtered/train/images/frame525_jpg.rf.a69683c7acbfae10ff8d13f1b6171c09.jpg,955fe5d717aaee6cbdcb7eb284f63dcc1183bc010a4d2be4403d713e4c6ba736,eec6fe91b830940e
data/thermal-1-filtered/train/images/002827_png.rf.6ea81878972732be1288ea20c4d7a2cf.jpg,6d08c5c12993fc1affbdc3399e1d05f53e7bb59a13f569fd7ee726e775cefe27,f56a057a04fb0ce3
data/thermal-1-filtered/train/images/0_0_000049_jpg.rf.de36fc1ed72c053e428387d82e48c5c5.jpg,0b3cd6ffa8cea6a772bf2110ff39b124f81cbcae21a8de94d648632d15ee09d8,b575559653a950a9
data/thermal-1-filtered/train/images/002215_png.rf.0176543d13f738b34a1f445255721bb2.jpg,9a9d14d79022471d1c1b362df3728d512345d4ca9de13bd6c986189c75573db7,ef7abe50874a8065
data/thermal-1-filtered/train/images/0_0_000202_jpg.rf.788d65cfb688849a193032c501e4cdc4.jpg,b6253883e5fb6e4ee052334b08d4e3474173d8f6718194ab6663595eea1d2625,aa2ab51a8d4733d9
data/thermal-1-filtered/train/images/IR_BIRD_012_frame76_jpg.rf.17c1645c37a7ed115e9b69ace898db84.jpg,93f412b0f86ab61a760dbd058ea509bad4e6b3c6f74e837f0096a225a5855143,807fc13f4a9734ca
data/thermal-1-filtered/train/images/003811_png.rf.a227c07343c2fea0321a3ad47a0ac4c7.jpg,b32640d3a2e25d759e6d95c908242a67b1d53ba4b147059218624b6cbfbc11c6,84c2d5d6555b4b4b
data/thermal-1-filtered/train/images/001499_png.rf.4d5f4b5a6b5c3804c7ad272b2c04f80f.jpg,6cce0adf249e94fb346568ba4ac89dea982f9514e53641d85f5e4e91aa7373c7,bf3ac14e9030cf74
data/thermal-1-filtered/train/images/frame490_jpg.rf.0e728cc30bf275a32cf7c52b1e1a69a8.jpg,5f559bf5263a27f93c8f1f14d4332d16cff7725fe100d47d0b48523b75b01e2f,e13fc035c13e5ca5
data/thermal-1-filtered/train/images/002836_png.rf.dd361f02b1ef386bcd1b1f92d38cf385.jpg,bf4ffaa9f6615d80125f85a5b03f56e96e6ccfcde536facf68dc8e985cfe8e01,8c95d53dc0ae50af
data/thermal-1-filtered/train/images/002728_png.rf.37306ddab000006e0b07ba153c792381.jpg,133f129672801920f92361f1290d6e50b932010c454280789aa3e63ee713cc0b,d07f001f171e0f1f
data/thermal-1-filtered/train/images/ir_049160_jpg.rf.28c593a5f7af6f2ef0db5ceec67f3bd4.jpg,cbaf1d11add81f8fbf8c0c5b4d57d89843dea3f694e6ba1cca4cb877f78a203f,b5f5f38d551b0604
data/thermal-1-filtered/train/images/IR_BIRD_012_frame65_jpg.rf.610e8f3bc7b29f6c4bdd8b254e4d058c.jpg,9bf46771b913e672ad124da2a4509b414969480aa520c3d5f4e47a505295263d,d52a94f23f84623d
data/thermal-1-filtered/train/images/frame62_jpg.rf.123df8919a788cd2c251fddbd8e20e3f.jpg,29e559654cd53da221f99cb41985b59116fd818b1b11454da3950770b96fcf06,a57d502fc194d29d
data/thermal-1-filtered/train/images/002028_png.rf.b849b7a8c22fcd2c3fb3d4a09c3af3ff.jpg,d78f2f88663e370b8d97c07c6fa6d8ea27bbc1e04b2d6f5c565f0d90f0946220,952a5d7209f606f5
data/thermal-1-filtered/train/images/frame693_jpg.rf.9e27b03436bc761214b3a60e8ccb0a00.jpg,45b792a926e26456f74eb1a5854b8df7cd7600b88e2dee33808c50178563abfd,eed0ee90ee90fe00
data/thermal-1-filtered/train/images/002767_png.rf.27b30d0351e847ffe06b7f09464ce67e.jpg,4bda8df037b862fa87b7ed1b79a1451f8808422816d6605f76807f3542101285,dc8207e81dff08f8
data/thermal-1-filtered/train/images/ir_2_018310_jpg.rf.053095af8ef5c879b68dab0011a70c22.jpg,143af1173aeda62258e572850fc0dd85190fb3f6dd4b3ce54a367353f0a82101,b5750304d1be5e3c
data/thermal-1-filtered/train/images/IR_BIRD_012_frame126_jpg.rf.bbf386ccfc52af3530897355a661a251.jpg,91d0830c11e2bf92ed805c364716f0d28118fa3cc5208562ac0c6a034bbb25f7,fc1f40bf430749b4
data/thermal-1-filtered/train/images/IR_BIRD_012_frame254_jpg.rf.ca0aaa039b5d9e6b07ec79ce13726ac7.jpg,6e151bba83bd3b2cb7a5a825d7814e9842fe08912b9c8ef78fce02c8fc48c723,b56d19764cd34459
data/thermal-1-filtered/train/images/002217_png.rf.7053b430509a30d2268a1391fa43cc2b.jpg,c4f859b5cf9d7812a350448f383f5b9a03a21ac1dabede49e53b91d827ce8ed4,ef7abe4186188565
data/thermal-1-filtered/train/images/frame250_jpg.rf.f322c0b93fc02e30cc903e8179e7e094.jpg,c550a9721fb944bb15d0499a73170af156aff20a0fead312f18a27e6a5c45769,e0b7110b0f2c5d9f
data/thermal-1-filtered/train/images/002663_png.rf.7a8acf5f3f4bcc29f9bdb006a42be69c.jpg,f0a86d8780de730fe1b49535728688e90db0c15adc59f3ef98f54a982f5fabdb,ff78ae10842bd03d
data/thermal-1-filtered/train/images/002805_png.rf.fbca63cb1610d31b5dcab45e63107a38.jpg,ae4df542e3b6b208ed4737a347b269a6f6b5547be139f6fd662425ffd368f41a,c07f003c0f1e1f3f
data/thermal-1-filtered/train/images/ir_036940_jpg.rf.1cc373d96414e754df1cdac0d106eb52.jpg,ea9e5220a6a9f2063cc73c4378307757ac7d8f5fbb9fa68d1cf6b4901750e64b,85f5d5354b2a44b9
data/thermal-1-filtered/train/images/IR_BIRD_012_frame148_jpg.rf.fa247a0eb98e117c3192ba93fae0e289.jpg,3aa61f58c07637103976cbec0d86cd6f94d7cf2c0cd25768c2ae4a3b150a48be,f409f45b89740bf4
data/thermal-1-filtered/train/images/003536_png.rf.1fb9c8320e8b656632eccf83c97415b2.jpg,b58aee3c82af37cc26988c892e3cd93186848e19aaf3059fd2a0e5a349233045,813f41ae5ba04fb5
data/thermal-1-filtered/train/images/001656_png.rf.5fd8041fb4837066be3f31dfd1fb8c1e.jpg,e83c55f3f75be4d9197343f3fcb049288629ffe5f01c318fdb1cca137785ceef,ff7e901d82d10e31
data/thermal-1-filtered/train/images/frame39_jpg.rf.f05f8e68140c5c656c7bc12e4551caed.jpg,20b0c497769b3a55789cb0b900594a75b7de1fdef3ad87cfa3d97dbd30e19273,a4e6c1a3062efe99
data/thermal-1-filtered/train/images/003030_png.rf.0079047261f96121f5ede6dc1bd37ae2.jpg,386f587dce6bb2c9d3d20460cba738e659b19bee860fcdd2fbccf8871ac0a946,ae3bc43b4cb38658
data/thermal-1-filtered/train/images/frame623_jpg.rf.d375b1973073539cc7ea3ed0ba17ae87.jpg,d8a0bbb1b878942698d0f5e0d8c691ce55295dff996e66b94bd5a2871e9d7f5c,ecc081f3c5fc4479
data/thermal-1-filtered/train/images/002830_png.rf.41f838831efa1ea06d3ece9828573586.jpg,bcd460892875324b2fae913ee55efc2bcac2360f3ceea398c5c193a71f37b3d2,ab2dd925cda1cd30
data/thermal-1-filtered/train/images/002410_png.rf.f842521449f3e59d3c590cdda08bfc0f.jpg,713dcb9514c7f0f0723717b2d0b9c7c3e32f68d1e7466b771babacb52169df40,a03f402f4aa759b7
data/thermal-1-filtered/train/images/frame432_jpg.rf.0cc6b513be5e53f09d5be139365553d3.jpg,130c0166ddc322bbae6ef84387509ab0602be16c9bf49c09638f35175f4a7fe4,e420117f0cfb1fc3
data/thermal-1-filtered/train/images/IR_BIRD_012_frame181_jpg.rf.4dbad583187fbb902a3c19a66239def4.jpg,89517bc7215b4d17237a5fa43a9ae049ee97a2088e66d82decbdb6598cd8f1dd,d1a25926d92ec17d
data/thermal-1-filtered/train/images/frame721_jpg.rf.4ecf6c79bfed781910947aeda84e3176.jpg,cfc2039b4794acb446f5f004694677915218dc9dc38ae7efff3f6cc86b967113,eac2c07ec0745cde
data/thermal-1-filtered/train/images/IR_BIRD_012_frame60_jpg.rf.bf385482b86d104895431300da5b2b2b.jpg,e125da1f91a5b897ceb081e6a8169127844a26f879e428702608458678d9166c,f7188c7708d47f18
data/thermal-1-filtered/train/images/003423_png.rf.5f8e0cec9fdb13db664262091717e9cc.jpg,b14aef26551a3bd017c369367231af72becc5378984888f33862a86e033607da,eb3aed02c80ff027
data/thermal-1-filtered/train/images/IR_BIRD_012_frame105_jpg.rf.246cab6a9df359a31a7aa3a53c1a9d5c.jpg,b0171d4e4533da6c004b1b42d03097be28ccfbe65af22d2ac00c9667d9b99746,c114eb57906b16eb
data/thermal-1-filtered/train/images/frame289_jpg.rf.17cac61237e4d8171a8a6bd81fea0640.jpg,1bb14e607ab913c1090509752ef0e5ed5e9fe2d24d84b6bde3b84ed762f66da1,a1d59535942e559e
data/thermal-1-filtered/train/images/frame693_jpg.rf.2cf9ad70afdd0d68604105470cc821b3.jpg,90467cd53152a4e562c964ba8a39b8a611d3e5f556af6fe591fac232a65e27e4,efc0c590f59c545c
data/thermal-1-filtered/train/images/0_0_000106_jpg.rf.9b2a051f4fcc1e8e065886353e24b544.jpg,9fa964915fa18ca7d1716bc2ca407067b8a85a4fd3e03e5a3d048b19eee097dd,809a5b7b52565e55
data/thermal-1-filtered/train/images/frame251_jpg.rf.9b3f5d58a5c3964bad4aec643eb6dde6.jpg,8b3927558dc592275dfc9bb2149d79d607dca50ba85a453c685ca18db6d0dff3,e592924b0d0e1df7
data/thermal-1-filtered/train/images/frame503_jpg.rf.31c587a8649fb088f4ffae8c1ba352c4.jpg,2382253838c1288b9ec905ef76363a63ae727cce334ecd55cee5dcd6a9dc96e4,a952816255f35cdd
data/thermal-1-filtered/train/images/002719_png.rf.25f21917219c80d032cd7dcbef3159c5.jpg,c771d1028c18c63eccd8a60cfe2b124068da76df6cbcbe40c8e6c778b1216e55,d08000fb01ff0fff
data/thermal-1-filtered/train/images/002505_png.rf.5c9429e8bef2c97add540cdb9e53840e.jpg,7934386826b9e0a280657711544915c91423542e0d4a7a9bd94390829b10bdbd,bf2eff05ca95a200
data/thermal-1-filtered/train/images/0_0_000067_jpg.rf.59b91c509863e0b176382b7a4ee7292d.jpg,071a69b592a35d38a38f2919999f55ba284b128908c67e2f4b98d03fad6d655c,eb14956b14b5ea4c
data/thermal-1-filtered/train/images/003858_png.rf.7c07176e7135318618cd068d2db12388.jpg,8ae3df59abd53f72cad0172503f10feeaf21ec6ba452e2a9dfcc457cd444467c,f37c27780f41bc03
data/thermal-1-filtered/train/images/002226_png.rf.a9b96c89019c74266e8f6924ebc40777.jpg,db29e395727e24736e01f4e8978717b3e827558968984aa65367409c37a49040,8a4af56a552a73aa
data/thermal-1-filtered/train/images/frame339_jpg.rf.9c5f9a3b7a020e6dca48ecb03c2dcd10.jpg,162b7f5ed14b61b194b4a7e61ae41b8b5b8d01f984164e2d6d707acbc1c12023,9a95e5c6566c4d2c
data/thermal-1-filtered/train/images/003855_png.rf.8e2c622d64ec09f3fe33aae1a0268657.jpg,9b3ed099d57fa9c7c91350784f6417284309e94949352ee42e6c3c43d258e09a,f37c27701f41bc03
data/thermal-1-filtered/train/images/002803_png.rf.c5abdf8fcd01dfe875663cf3746741b9.jpg,2dfd6d3219d8a782bd71154c0fe72b9ac1f827ef90c52ee26f8e877894b3d6e1,959bca3955aa4aa5
data/thermal-1-filtered/train/images/002445_png.rf.9acb50aeddd9e73b37f828b8dd95b4a3.jpg,e23d2f79cf7f52adda997ab9dc768ae62a43d3e12d82930703b6ef51dc06bd8a,ff6ad57a94489068
data/thermal-1-filtered/train/images/002765_png.rf.be40d69cd55fde448328c026025906ec.jpg,f1bb76286af86d6179f605a360c33f34a4a43fcef2b2c70b293e1eb65210c29c,95add213a96a5555
data/thermal-1-filtered/train/images/ir_3_022090_jpg.rf.b06380d43ea3c76e20d2f8b90f9ff73a.jpg,7104385ee9012401f0ce98d74877d651adc9f1ba2fef24fc2cdcba661d0eef46,f580d0b54a53b5ab
data/thermal-1-filtered/train/images/ir_3_031420_jpg.rf.bb6c9d2bec6b630ec6970d9747c0a050.jpg,aeead5ece273be9d4b2081703bb4ddbeb8baa7c85e44e40cd2c29a21eba64094,a9f0551ffef0800e
data/thermal-1-filtered/train/images/002334_png.rf.6864bd2a79847ae202a5efbbe9d8026b.jpg,cb7816ab4f9951fda99817df96e2b976f82036ee4b2ee11d523d27fba5aae86e,a07f402fd8a759a6
data/thermal-1-filtered/train/images/IR_BIRD_012_frame153_jpg.rf.099fcebeaf8ca6453ac83b479bd3c7ee.jpg,7998d4db3149cb900de2c4d699592640dc464831c023a1828f2619170249ee79,fcf050f00ff0511f
data/thermal-1-filtered/train/images/003813_png.rf.26939287d1627236f36b6dd853193025.jpg,b6cf9602cee8dc1f8ef4aa177264844253bf50054eb5b673c35f0e63f0fdb440,f56a147e01f80f74
data/thermal-1-filtered/train/images/IR_BIRD_012_frame286_jpg.rf.dccac45f600374960266965fe3d266cb.jpg,c48d1e628007883fd197deacc6f1adbb06071e834ab2cf1f549dc546404b19d0,a24addb72ccb9234
data/thermal-1-filtered/train/images/frame368_jpg.rf.cdd8fa563baac3193033be05786a3217.jpg,4beb4569c2e2ca602a2fbea83ef15b2d5d72902f1653b69f4d7c7b642461f6ad,e2accdca4c5a5959
data/thermal-1-filtered/train/images/002730_png.rf.e350851a1be07da0ea476283a5743dc2.jpg,af54f8475b3d3bffa651628f5313e9189722488b768cac99beafbc5ad30a8f28,ab35d53cc583543c
data/thermal-1-filtered/train/images/frame242_jpg.rf.1ed82be4b672227687bce1eba4dc77fb.jpg,39a883325188d2b51dcb99b834b199980d07b24f236de2ae166d4c83ba105c8d,c380c4631d5f717b
data/thermal-1-filtered/train/images/frame595_jpg.rf.82358b4e06ffe021d6a4b72c550437a8.jpg,cf89d7e79c8bba191d1c2d44bf495815a6ebefe9bb0c86f50e069e15a8338ab0,eee6e8b9b0868e06
data/thermal-1-filtered/train/images/003694_png.rf.290bd8f21432113bf84c6b1f9e525e8b.jpg,625fc54649a3e9b232e26c50cbc70436e5ed34d76ec35cecd84e8fdf4a363b43,a43f142f50a75ab5
data/thermal-1-filtered/train/images/002242_png.rf.e1de0607fdf4bda3c1ad6566e1658cb5.jpg,4995c4de5ba54145ecfca33a1253538f591bd00c57577256be39095d878a405b,852ad54a5d51575b
data/thermal-1-filtered/train/images/003680_png.rf.6e1bcaa3e4aaefd886609768723e1fa2.jpg,e7a04cce7c62eec6ff1650ebf72234e7517a8dc05bdbda17b09bb15bf46d36b1,f16a457b10f30cf2
data/thermal-1-filtered/train/images/frame32_jpg.rf.0cef40115bae4ff5c187a2a7fd946c97.jpg,42a25e29834053dc12e6281a759893406e1094bf356cd0f2965ba2a54899a11e,a6cba959d5259545
data/thermal-1-filtered/train/images/frame277_jpg.rf.2a52e7dcc42bf73b5746827b7b13173a.jpg,9138be449134a0d6b87ada0f91eb7f9ad1c2ce87bf628f9c8ffd5133c14f5ebd,acc81054577d4f6b
data/thermal-1-filtered/train/images/002439_png.rf.5f01ac3878ebe1e7a751b65572eb323d.jpg,512ea0e3a83718815ceb4979909f81fe2875e28f4339fb702523ab40ade7d24f,d8a080ef00fb0ffb
data/thermal-1-filtered/train/images/002334_png.rf.0285ef958dab6936a9037f00178a6957.jpg,bf6f97a6d32ab66804ce738be1fb0e5167a28b0649367c8509e1afc8ff647024,acd5d1b5d8a55524
data/thermal-1-filtered/train/images/003086_png.rf.2a7f4459a0d0601a4698da26d0ed71b8.jpg,8d11bf13e0c54994f3d469ed4334d48e423b8c5362aa6aa61c736f598f6dc0d2,b82a5571d29f6478
data/thermal-1-filtered/train/images/ir_2_034570_jpg.rf.da3d2e9afe28307417f2747902235d2a.jpg,089a7d51552319f2f8ff65b1114bd5eeb6f1ce008a66546ecb0879e7294a78d4,c56a147b0ff314e1
data/thermal-1-filtered/train/images/002794_png.rf.c438068bae39e586fa327c964fbc5103.jpg,e83f41e8606114c361ca0f2129f798c15a93133bf286c24ae1f5409141581804,fb742bd00e30ce63
data/thermal-1-filtered/train/images/frame203_jpg.rf.469bd99112d940dec9393a99ac585083.jpg,a80ea981bccd4b0f4d6190b08de1eab8a3ef65cc45daf5dd68264d9b0a0e6ed0,d5d5096b1b3d4c32
data/thermal-1-filtered/train/images/002810_png.rf.6478bf485544ee4edfb69ae4f66149ed.jpg,b96da8d44068bcbd00ecad3f7b6dea0c00d544ce9be2e4f8761a7658f397a278,ba2ad608c62fe22f
data/thermal-1-filtered/train/images/003823_png.rf.c18ebbf47f25dacb15b7f7f354af6172.jpg,66ee4491c91d56bbd03aab597b282d071f224e7953396ed2a8091affb5f28137,95d555965b2a4da4
data/thermal-1-filtered/train/images/003826_png.rf.ff8c9c53c1d7464274e830aaaaef0063.jpg,ae8f6cdf34b7a280e1b0a424585d373a4e19a7c5c641904ed83a9b1c7fb4b391,e37e07710e639c07
data/thermal-1-filtered/train/images/frame551_jpg.rf.cb1dda388254db43c40e053a2cfc6d3e.jpg,b90e22169f67751ea824f9a6ea79c786800ccc5346ddc5372c890d1daf0a3e6c,e11fc1a71c871cad
data/thermal-1-filtered/train/images/frame673_jpg.rf.8d755fc9c2f6877b9f407f2761ac0971.jpg,d49e326fcb377ccf996502ff22415d7b88a09e190e29cc1f839702753f904ee6,eec4f890fe84ee10
data/thermal-1-filtered/train/images/ir_038830_jpg.rf.8fe721e30daa1807776ba558026e66bb.jpg,c81d54d0adae09a5384ab85f869a8b2bf94f3574d7270a4196dfe35bbb2c0314,fb16036a54a58ddc
data/thermal-1-filtered/train/images/002231_png.rf.2baf12ec3898927944f5f1a704ce8e3e.jpg,6af9037b5101b93890bdb6547fcc20f6580072794d48f9c42acf1932acbd9794,c07f001f1f1c0f9f
data/thermal-1-filtered/train/images/frame343_jpg.rf.305fe10097270f93502d7a4a1a4d93be.jpg,07c5e52e90f881e3250b72229438f70625e4b7990fe9a682b83acf623540493b,d8cf009e1f3c1db8
data/thermal-1-filtered/train/images/002353_png.rf.66fa81a5573ec530f1b97aed4194966e.jpg,77c232b06b632490aa2f2e356cb7ecce24b555066cdcce4f232185957dd9c010,be2add42d049f615
data/thermal-1-filtered/train/images/003849_png.rf.ba1d8df55f6449025b965c6687c16976.jpg,95fbf652a3f35a5956c907bcd23839c22f706bc81e54cb7af05d2e6531b509b8,f37c27700e43bc07
data/thermal-1-filtered/train/images/001981_png.rf.59acaba645b5847f1bb104cd23514647.jpg,00b5210435744e71433e16a7575f51847ab7140436e133c44852f50430298065,f96e116c310ef31c
data/thermal-1-filtered/train/images/frame705_jpg.rf.0c769a2bdca86b8fd06d82c8215a5b6e.jpg,b1f5153a1804ccb3d13d5ebcb0c1d370a70321a10fba23dec23b1b30ba506ce0,fdb4b4b684a58585
data/thermal-1-filtered/train/images/frame306_jpg.rf.088c553cad51c2c714534803cbfce420.jpg,4003d8b464ab1a47b3461c18873a5523754a36fda9bea9b6a53635342f3fa263,a5d595155e8a1f83
data/thermal-1-filtered/train/images/002063_png.rf.7706c6af591c2c6af822081c7b979d0f.jpg,76649a24c5b00a304b0688cbb7363ee8b33fa4f96b0c18d1c9f6ed891bb11531,af3aa04bb04fb06e
data/thermal-1-filtered/train/images/003789_png.rf.2b0de6871a624e661caa9873c0c1229a.jpg,44c090bebad9ad02a0def700e99a0d4887e34bddff42fb083d47d696b7742cf8,f36eb80d921b8974
data/thermal-1-filtered/train/images/IR_BIRD_012_frame67_jpg.rf.c390269bd42097fb60235dce304d1d02.jpg,bf77717bdaae67ddcd7cce11b564f6e27b265e4f72d2a6ac4f3001bb7319927e,a569535659565a74
data/thermal-1-filtered/train/images/IR_BIRD_012_frame290_jpg.rf.2fdd660c1d26c208fca5ee028592a08e.jpg,ec2f6da8042215521035a1edf6fbdf1791275b2dff60aca87e12eff966ce65ec,e138ce7318e6c176
data/thermal-1-filtered/train/images/frame149_jpg.rf.afa54f90f64edc86ca6f4514306599ee.jpg,16fae433b25a45d8b7436074d3acd89edf547ebebac71239e8efb8ac74875830,916a5c97534b4ad9
data/thermal-1-filtered/train/images/003798_png.rf.2874740488f165fa6d810ded3bc4fed8.jpg,21c9216880ca6c48e5667b74417cbbb5227904d80bdffb93c66ec6b442a7eeda,a53a5d7881ef15e0
data/thermal-1-filtered/train/images/002377_png.rf.9d00a115cbe29a6751adf0b1f94455fa.jpg,be164e845590ee6677b69a3be3dfb8f3e61ad1c8e2700abf730fa28b44ddac56,d08080f901ff0fff
data/thermal-1-filtered/train/images/frame227_jpg.rf.2945a90d9df04f07525d5e78d4c779db.jpg,f5f812d97772a9c2d15af192ecf9cd22c7109b4833f08d1a5df95b1a52a7a96e,b1c77cc9ec284bc2
data/thermal-1-filtered/train/images/003826_png.rf.476e8465553076afff87b6e7a111bc62.jpg,157cdd5b2fe90d1d10bee1dcb7f4857da4a492255dd60bb6302362fc579929d9,c08000ef0f7f1ff9
data/thermal-1-filtered/train/images/002248_png.rf.c8f73f578a71c651a4eed9a00dd8771d.jpg,0387a705ab739f694d9e92661f6215c8f35fc2a5f5bd0d58e8264c3f7e67ba5d,db7f801f051f038e
data/thermal-1-filtered/train/images/IR_BIRD_012_frame260_jpg.rf.44a97010a4b50d4fd5090d97b65577b8.jpg,4c70cb8aa2c9ddf1232c0a80e88b4ac28acf4fa263b4cd266f3c67e987b51360,f70884e3799e4761
data/thermal-1-filtered/train/images/001512_png.rf.5aac2dc61ba33b83c5d93fb04f69a46a.jpg,404a1c67d09b0aa412525b11d290d5b9b80655c04a7d84cefbc867ef05073189,aa4ad542d5525757
data/thermal-1-filtered/train/images/002818_png.rf.2186a5dd5966c9c94aeb5dd2e59b0e69.jpg,bcad3bd7eea551abc72adeeb7388b6afdc7f2755d048b05e3faffaf4145c2f92,fe2bf3022cd22d52
data/thermal-1-filtered/train/images/002410_png.rf.bbac98a4bff10cc54e51f1320b93b504.jpg,0b315ca6dc393ea495d52fdb6017c9e5be4d2a2a850265113dab3ee9a08a02d9,aa7bf708ca15c730
data/thermal-1-filtered/train/images/0_0_000362_jpg.rf.6dc1b680bd2b67052023cb95ec765cff.jpg,675944af5de96d07592d043583c0f7a023b10cd31bc02150b1f04b5642bf2ed9,d52a15ea2fb784e0
data/thermal-1-filtered/train/images/frame643_jpg.rf.c00e4dc4b24c6a25567bd310edb71f78.jpg,6f751b4ada08db2e78b7c70e31c6038d7916c061e858ba7a2c74b095bd6adc86,eec6f8b9b8848e06
data/thermal-1-filtered/train/images/frame449_jpg.rf.d116c970910a30029ce51b73a46fed94.jpg,7a39d9c6e5ee8fc6cfd15c627b782f8a7cd23d735e4f15c5290d25e02505da45,c4c8107bd57d0fe1
data/thermal-1-filtered/train/images/0_0_000351_jpg.rf.3c678b320622ccc6a40702a3d50876cc.jpg,bdfaa605a848ec2cba7ccf45c7bb0b8c67e296a211cf0cb18ec91f79a8ed16ce,b25da2d52758b50b
data/thermal-1-filtered/train/images/0_0_000038_jpg.rf.676dcb87081da76e30c08caba57a6e9f.jpg,6a2ce97698a39658008948da7b27854f36fadcb7197de809149a60139cf2662a,903f44af1bb057a5
data/thermal-1-filtered/train/images/003024_png.rf.5151ed6d6c52709b961437885436fa0f.jpg,abf9cf73087a042ded5554e90753a45dfa011562e718dd74711af3e3ac63cebb,d56a156219f603fc
data/thermal-1-filtered/train/images/ir_2_022150_jpg.rf.59ee6ce7f9360965b3da4db782783f18.jpg,111a8c8282259480b1c7a467e7affe33d1fd1fe659509c5ec21054d179eefafd,f63692529a4b4d65
data/thermal-1-filtered/train/images/002680_png.rf.e2e211dbdbea5869d661ca27d66e32a5.jpg,0b91d582a7c3e4eefbbfa2c70a6dcc328961727cba35ae718d4e4565da79c750,ff6b0c52a59aa11c
data/thermal-1-filtered/train/images/0_0_000032_jpg.rf.1286bb9934bae33a1e20ce78067bc7f5.jpg,463e57206cdd8333d9e91bc2c9e5185d6bdef8332dadaa1fc527d252220cffc5,e66239bde6401e39
data/thermal-1-filtered/train/images/002841_png.rf.be8a5e82e76a359203f69ac804a238cc.jpg,d5d131e0897382728ae91f30508edb0d63510e45b859e521c123959325932803,ff7fb0758044930c
data/thermal-1-filtered/train/images/002826_png.rf.8d9564510205163fcf9ede0a5dfeb568.jpg,c749491006de3d0ad021c95c1b647d05daa078aca5bfa5194c0bb8cd5030c92d,ab2ed927cd80ad31
data/thermal-1-filtered/train/images/frame625_jpg.rf.6205715bcced29ec645831a7edd6b481.jpg,d77d09b06db2717648a19ad7384f5e4b58f9f00b1c57ae032cf6ebf250c10043,a87fc0bfd5245183
data/thermal-1-filtered/train/images/frame270_jpg.rf.80323a59718660f19c2172ee51efe1d9.jpg,b8f2ad17cb88ef9deaaba91a56aca47eb03f806efeaa29dac1b989568289b2a0,fbc48c8c8d8ecca6
data/thermal-1-filtered/train/images/002460_png.rf.9e35625e15d812ae5f8d5525c395b6dd.jpg,f32eb03287e2635cdedf41024cc9c72a5d6f50dad74425a9750a691bbe15a749,bb7eff56c502a001
data/thermal-1-filtered/train/images/0_0_000580_jpg.rf.6faf653a1299941738164be487d7e071.jpg,ca19890d56266aa7da3ef9698c03886dd807b4359a23ab5485494a356cd43b06,e6183f2684ccfe92
data/thermal-1-filtered/train/images/002688_png.rf.059c29598e14b6797371b38540b54a0d.jpg,e58bdb5f2627eddc4d581971d691aa81c71991ba1e0a7f5c8766ba376e148a5f,f27fb252b2d08316
data/thermal-1-filtered/train/images/002020_png.rf.b0534d08cea176f575a6a301fbfe6e3a.jpg,65cf1d4ced060dc12bb58ea410c3c92630879eb996f5f6c375d41d3fac3b292f,ff780e710cc30c67
data/thermal-1-filtered/train/images/002403_png.rf.c0657be8949a89d2fffb1824ba75cfa3.jpg,cb3325c3ddbee300318622aa5b81088e64afae51247fa7f76141c34b8391be09,ac2de315d512d59a
data/thermal-1-filtered/train/images/frame618_jpg.rf.e3d607d585977a43d41998212a6c5b22.jpg,619d802202a67b2bb0eab9e1904b01ab9a907bd06abc5ccc3ec36eddeaa48ca3,b4a2d5c952535b69
data/thermal-1-filtered/train/images/frame575_jpg.rf.63c9294b8623357737e76a28560e5769.jpg,c120df4e863a5fb32907a10e2bedbdd56e9dae210d6bb619254f3c474961a77c,ffe0fc1cb2c3c110
data/thermal-1-filtered/train/images/frame41_jpg.rf.5536bc5082df5bcf259bc91ef0e48234.jpg,3e775a2f63ebed0d44e28347927436980c07a4dec771c4a1b304a89d6f51d84a,f09394f51333e38c
data/thermal-1-filtered/train/images/003692_png.rf.5958511a0669e0baef09d9683000313e.jpg,845ee44ff4b7d299da222cad56c6d5cad66e32f07da4d9dab29eeded37da7068,b36e6d2e17927d00
data/thermal-1-filtered/train/images/003680_png.rf.9ed9dc03a35fbf470fad35018e472ee6.jpg,2464d69c0994b28035e6f69b994fd80b6fc4cda2c93333ecf6bd917fdfbf8c5c,845ad1636bd5ce4a
data/thermal-1-filtered/train/images/002367_png.rf.c1e2a640638517c1d28b08134a6168c7.jpg,8343e0374f09ad8c5a088035a37768ae2ec9902664dd110260334271eb1636e3,ff7bd8168007a05d
data/thermal-1-filtered/train/images/frame379_jpg.rf.4f6012406887f30e2dcff5c0e70eccb1.jpg,144ac3470c10986871091969c1ea24de6740aaf9f6a137606387628cc8f54c58,e0c04173d4731ff3
data/thermal-1-filtered/train/images/frame256_jpg.rf.4e264dd1199b20f83e35a9182c0520c3.jpg,cec4be67764cd67bcedf59b73dae3cdbbe04ef8856c03ebc1ed575801279d938,e5969293e3610f2d
data/thermal-1-filtered/train/images/002073_png.rf.1cc6ea8c6e5268e6ec62a2a7c3adeb38.jpg,95561732137a0cd6ff93cb9b7eb82904d18c61b006c9ad4994d324589d2bc518,c56a05f20ff50ae5
data/thermal-1-filtered/train/images/frame476_jpg.rf.dfe63849b1310f13af6d25ad96bf88c2.jpg,0d8584a7127b97a3083bacbb425b8e91558ad82ee5c0e1710ceb5d8a1fd2cdc1,c0d7d58c0c1c1f3f
data/thermal-1-filtered/train/images/002387_png.rf.af828b529a41f13d6bc641e374ad47a9.jpg,5d9cd7ac883643e6687fa231c2e8b944be6710dffc0e943684103213deb97a77,85d5d5bc58ac58a5
data/thermal-1-filtered/train/images/0_0_000280_jpg.rf.2d7fe8142f7cc338bb1b456d308ba97c.jpg,5f4e0624f3078708a3a358ee60552739825bc85e38ac8f2ebbf3285c50078679,a878ef03e83b8f60
data/thermal-1-filtered/train/images/003054_png.rf.2e6aadd304a000d5733b54eacbc508a1.jpg,9fb0b5c3c3ce1857bf4078c89fa9de682c0a6cdc6d0795f5774ac6e44f92046f,95d551ba52ac58ad
data/thermal-1-filtered/train/images/frame405_jpg.rf.2cddd298ac0248a1feede80063a53cc8.jpg,d79d326ab8f1841916b8ebadb2e51ccca9b6603c340283e320021670aa86604f,b5d701045ca61fbd
data/thermal-1-filtered/train/images/002712_png.rf.3f20f828cd4d4b55f777cc1a52a42a35.jpg,f54bd8e7cae004589b0f3bb5e2cf9d6ec613a8ab579a1c5a0ba8b64dfbfc3d4a,852ad56a555b5e43
data/thermal-1-filtered/train/images/002025_png.rf.94eaf9ab73f0f60ac22849463efd2bb5.jpg,ce323516ef9bcdc8a2d2acd532c021c598a0d53faf2b5cf91ca5c36fbaa61edb,fe7b8e710ed90540
data/thermal-1-filtered/train/images/002559_png.rf.68b12f039eee9b853af4d1e3395ffc28.jpg,53ce990c026af67ba1a9bd7c1369698d1f0ec43dce962ab19689c5551b123a07,8c2ad5655a555a75
data/thermal-1-filtered/train/images/IR_BIRD_012_frame176_jpg.rf.68b62b5c128d977e443684f634d31455.jpg,c4fd48e26d7eed29a1f2edf1fafb64d0c8e1adbe8449739a9f58db8d8f4ce3f1,89b555361f161a37
data/thermal-1-filtered/train/images/frame243_jpg.rf.0c1f3b17c4181765783f1b0a57983f49.jpg,a2c1de0037cb770d460fc591b9bd9d0c972409d4b27c568600b94ac1dd7e753e,c07fc19e0db151a7
data/thermal-1-filtered/train/images/img_0291_png.rf.5a1eb9695bce92b7f4b608dab55d55f1.jpg,c9930f501a644b21161be95177fb855a4da93f71af215ec516fd5f3ffbde6923,a6f16628376c1bac
data/thermal-1-filtered/train/images/IR_BIRD_012_frame173_jpg.rf.69732703a722f0a43821b37d4cdb9b3c.jpg,7e7a192d1b75207b1280cfb8349b563ca8e479c74c91f08b7a6f512ee5cac236,db24d34d847b04f3
data/thermal-1-filtered/train/images/003827_png.rf.7440fb6146c2258387ddec157a1f4604.jpg,88184f54e78e4db0e6ec2d7a3ba852c4a5d5e000b2f5a3577faea1c572e6f8f2,e37e07710e639c07
data/thermal-1-filtered/train/images/IR_BIRD_012_frame126_jpg.rf.46b2509031ba94778bbf1e5b98e2e45b.jpg,76fb6b9865e0805a98c8fece8378d54e880e54ea57b93740de53bf05a6f332af,d50af45a8b740af5
data/thermal-1-filtered/train/images/003815_png.rf.51d5236ef85ca64823cf5c9004b76b3f.jpg,af017de89b1f569bd9a82de81c92b3808a403e9833b3f58f6a001dfd7762c54f,85d555b45b2a4ba9
data/thermal-1-filtered/train/images/002793_png.rf.e3aa38374df62a5998e2106d8613a2c2.jpg,bff6f970a64ead9b176b5b5775c17362e22c8170ae84bb9b680d44c5bd3ab6f9,9625e52aaaabaa55
data/thermal-1-filtered/train/images/003781_png.rf.bdb4182970efbd43f0f83a541b206706.jpg,494fb5169819d95d11363b42f86e2bc16b793204c9d9c0d05fbb14a7b1283ad5,85d555ad55b04da6
data/thermal-1-filtered/train/images/002766_png.rf.89b16733a0c3b2bd0d63f80fa637bc84.jpg,66db3dd0d54023b2a190f3df4f3366fd066c558faacd9570260528d25081d542,c0060eff3ff001cf
data/thermal-1-filtered/train/images/ir_2_020230_jpg.rf.5686fae51241f6b76819bf85b94beff0.jpg,d3b001a0467d47ccaee167653b329f756690e12282f96e1a33ec76f7e8b94b3d,854a553d58f9185f
data/thermal-1-filtered/train/images/0_0_000043_jpg.rf.181d36617694f47268f50680d140dff3.jpg,9a10e831972dfb5a841d77f551b3307f7c9f8dc5972ebe08f0c4bfb1a509d74f,b735549954a65ab4
data/thermal-1-filtered/train/images/002741_png.rf.1e105ff25ef7c06813e1018e980b622f.jpg,c4197188311e50f8a9a769b5e315af9a3b43d66f8b9034f3b654278fd74780c2,d56a157b14da407e
data/thermal-1-filtered/train/images/IR_BIRD_012_frame251_jpg.rf.80857a6d0acdb7b956cc6a7e1e4f2072.jpg,f24c5a920f705bf52eadafc28d4cb74cbc58ef433cec9254334c67c9956c1d1f,e3de4c1c198b4f1c
data/thermal-1-filtered/train/images/002055_png.rf.53e982d31114c1488a02d84970a2cbc2.jpg,a52911add05b6eac3a35d85ca04ec5ca32135f820202655a05ce2708f049a694,ef7ba049b24db068
data/thermal-1-filtered/train/images/002304_png.rf.c9f5f19b22e51f4a5bdeb47ae09264cb.jpg,87f838d21657901a485b44853944f1fe83e1b1660620ff314bc2bc29190cf2ee,fa6fb406bbc48b20
data/thermal-1-filtered/train/images/002324_png.rf.176bc922e8fbc013f9f99416765b1cf6.jpg,21fe8c592d433bb97bbba5dbf022e7e8380dc3ace2d3112c844de9fcef2777c0,af7a9d7209f41164
data/thermal-1-filtered/train/images/002540_png.rf.4eb761f96b37fb18cbb9545a38a7d96f.jpg,3fd4e177d58dd1e81754b2e65419b108afc4fc3d60130be40d80198a5b1b9228,aa2bd1add22ad52a
data/thermal-1-filtered/train/images/IR_BIRD_012_frame74_jpg.rf.675533c47e355c5c63be2adb9ca67fbb.jpg,ddacffd6a34b602995c1fd1736e3ad7694f6fa09265a019095cfe58c16fedae6,f7188c7708c57f18
data/thermal-1-filtered/train/images/002303_png.rf.8cbd81e69bed8442cd09135f94ebfbd0.jpg,05a0c51e3d99dc92c8811f0fe8358284b69afaf73be88019ef68a0bd414a3862,ff6fb44699c48130
data/thermal-1-filtered/train/images/002465_png.rf.801439d8a24d016ece2a4b6ad6c286dc.jpg,1317fc5e721176086fd55ff9c681981538a19daa2abb51658844ff7c89c9b984,d56a157a1ef114e2
data/thermal-1-filtered/train/images/frame398_jpg.rf.82f012aea78e268ebd24b3e83d59ece2.jpg,74e6cda062b5339d005468d068d20d76d75dd2254f1631716cd5c32a30580aeb,e177d0b745850d8e
data/thermal-1-filtered/train/images/002672_png.rf.e438f23ee8fd67deb921ee4d3d5472cd.jpg,120895a7cfabbb7a78432c2be76e50c99429bcf96fb70e9d6acbda5fae140590,d07f0027583f0fa7
data/thermal-1-filtered/train/images/ir_3_028720_jpg.rf.228ce4621331be8e16c4b90a65f7e424.jpg,718b3bbf982559f9d03ce027cbb45ea8fd9011d1034f8652c8ee8dbf16bf1f87,be2bd209d601da3d
data/thermal-1-filtered/train/images/IR_BIRD_012_frame3_jpg.rf.ccd71e666f42c5bf958c112ce5bf9edd.jpg,bef79b13fb794e3943f4cb26c3b3ed7e2dbd208df4cf98d85cb4b5f5f4b3f030,d52a847f08c47b1f
data/thermal-1-filtered/train/images/0_0_000081_jpg.rf.af1889e885205605029e684b02fcb612.jpg,e2dfd815d8c409ca5525751952998d55920f5b7c41feb44953c80d991b67268c,fc4b8a3c4baa3543
data/thermal-1-filtered/train/images/frame331_jpg.rf.670eda1e2112532c13b55503e859c98d.jpg,ccfa9fd0515d145258bc69f38171d138811a7cd56957a811fb98290e0e4eec0f,a1c2d55859d352d7
data/thermal-1-filtered/train/images/frame621_jpg.rf.06bbcc51e56430556f34e306d13ecba4.jpg,1bc99129a14904f6885da00cceffba5e311151afcb1340ee2c72e1feafd30bf6,ab77d09cd487070e
data/thermal-1-filtered/train/images/0_0_000050_jpg.rf.ffdd74c545466f5b92a23189b8520682.jpg,6cba8701fe41f4fffe3759851069bb901fa3a10cf60a64ce1abf14a5db2ba79b,c07fc02e53a758a7
data/thermal-1-filtered/train/images/IR_BIRD_012_frame110_jpg.rf.d0c8b3e2e916d1f82709a744fd96973f.jpg,2c2351e8665d94648ad7ce1b4fd4d0658d7d409a6d1180ec6834fad427e35bac,ab48155a755a1577
data/thermal-1-filtered/train/images/002828_png.rf.2ffdd316dbccd5eb98ef763adb7ddc57.jpg,9edca1ba7535b4a3099d1e0e45625508d9ae21f46e5085a9e9168eadbe500909,ab2dd925c5a1ad31
data/thermal-1-filtered/train/images/frame725_jpg.rf.7f0ab09c38460fc9863ceb8ce104be13.jpg,0ceaf64a8cf2386616cef96f1c40e4e7b090bbde6acd4078df96daab7b24a3e4,ffc2e916a856ac06
data/thermal-1-filtered/train/images/003098_png.rf.0f390e83307f2263f58bbbe74bec8671.jpg,7a84de348cd85e9a3a6ef16273b108e0b73a2623c7baa79eaed85be9f8c094a9,ff7e8542b984a912
data/thermal-1-filtered/train/images/002287_png.rf.86dbde37ab266f3f289c6e3bf1a3fc1d.jpg,763c3cebeac9088d28c6b006b6899007788e61ae4681ff50e1149b48c46827c0,a83fc12fd1a9522e
data/thermal-1-filtered/train/images/frame422_jpg.rf.0100886aac786ba2cee2562df03706de.jpg,494d1750e8fce1301ae7701c2844c8b0aad79819f14e8077a13073b390dcd29b,b322d56e0a5e456d
data/thermal-1-filtered/train/images/frame289_jpg.rf.3443feaeb01d360a948126952dd23515.jpg,dff75b23cea03d9616015e9dd8f0c9cfeeceed6dbe97fdc29050f38bbbc67623,beefc39555541414
data/thermal-1-filtered/train/images/frame286_jpg.rf.cf7d452331cc051e9e7e029d316a9053.jpg,3371c7f997a67f8427b99427b36e890eb58f58443d01396a6a5027db9fa1fc17,e9c294c91755555b
data/thermal-1-filtered/train/images/IR_BIRD_012_frame225_jpg.rf.031538a877c9d83de6e3d5ca2a78f316.jpg,4c50df9f12ea322924ab16754aa624666ee73834d141b5b568b7ecd360f0a254,906f49d3362dc98b
data/thermal-1-filtered/train/images/IR_BIRD_012_frame230_jpg.rf.dbc69bf7bd4d76ccca7fd0588713680a.jpg,7053fe918a64509339f92fb42d5344d10cf90b4f03f025523e9afbb7458d09c0,906a45d1b26e4fd3
data/thermal-1-filtered/train/images/IR_BIRD_012_frame246_jpg.rf.b1383a1ab852e3debc16d2ee0dfc8d10.jpg,06c506786066642e502b2eba9200b61ace0f7823d0450bbf38753257f749ce5a,a24add972469db16
data/thermal-1-filtered/train/images/003024_png.rf.1d663c71224d5ad84115907ec22c856d.jpg,184f86192575290f3961639abec5bfd57b4b32bff307ad35b6220dd91b79091d,ae3bc5384ef8a30c
data/thermal-1-filtered/train/images/002233_png.rf.5a14b2b9ff7336eb1ba11c0356defe33.jpg,bd15fc9ce70ed8db32d1a1c48652708601d0b1aac49bce96a4419c2cc3186b03,8e1ac54ee549c6d3
data/thermal-1-filtered/train/images/003715_png.rf.4b362042bbfb44837257835908bec50e.jpg,206b2f624548196e571404e86b0044230f3353a9357f567afcbafc62e66682b3,a03f5836c987d83e
data/thermal-1-filtered/train/images/002354_png.rf.3a5e41e50c0ccb439904b048ace04791.jpg,d647233fd75c7654d061e72e298480358fd9d6007c12ff23faa0884a7a7cf7b8,fb8080e991fb04df
data/thermal-1-filtered/train/images/frame31_jpg.rf.0e27f916de43cce876c52bec5d6c5540.jpg,fae284db0f704ec4e72a1242808f664213c926fd02a0aacb10577c7333c1b4ff,f19d840fce8f023b
data/thermal-1-filtered/train/images/000007_png.rf.4e0be2dec73fe3778da06b4028b6d4fc.jpg,3676a1a287673bb8290f9ef3f63396d12753bd06e4f309f472e1e6e68dff180a,eb7fc080902f987e
data/thermal-1-filtered/train/images/frame133_jpg.rf.858c3a20bba258feae57305e5f9fbc90.jpg,65646ea7a3e9b400fde622341d05ebaa638a42a5b277197892ef3c2decc05feb,cee1bc0c9b393985
data/thermal-1-filtered/train/images/002295_png.rf.d58e9b6d88c34066eff41dd59d036c1e.jpg,962a6a699dbf9a0532356124eb48adbf50afdf71e20a2d89f64883366c92792c,ff680d76838ce017
data/thermal-1-filtered/train/images/frame718_jpg.rf.41851e3a6a67cb48b2f8ca7d691c29c3.jpg,2ab8428e79880120c2a5e40ddc70abb8a71f4c0e66a5d55924874800f07899f0,edff949790021517
data/thermal-1-filtered/train/images/003768_png.rf.180748b9013f01451377b69b6f969d5c.jpg,b2d6c2c757f8b6188f735ae1f983add1632d3c155882684d269917c3ff5959f6,956a55465a555e4b
data/thermal-1-filtered/train/images/IR_BIRD_012_frame171_jpg.rf.f0a0001c70b718d5cc38f3ccc446044f.jpg,f77c4c0b2a811cdaf4d25b4b57533dc818da0453cb8a3a810acce414c9afccbf,fc1f000c50b85fbf
data/thermal-1-filtered/train/images/frame47_jpg.rf.283be385e57fda8f4cd17276113602e2.jpg,3585d0786b7b2c32c9c914dc97415efc50825021ef513ad37b1daecea666a370,b3a5c696492b8e56
data/thermal-1-filtered/train/images/002380_png.rf.471f68662084aa1b251da152ea99bb9f.jpg,dca3033dd274a619de30e4fe6c93a7d5db62a18f5492c2cee7e47b57e3ffb303,aea5f1aad831d254
data/thermal-1-filtered/train/images/ir_2_021930_jpg.rf.0ca296f5d210bff9ad3660288c9b1e4d.jpg,91e38c540136a665ea866165f0872addfaf0a5648748a123f82662d76f327430,fd359550da83a1b4
data/thermal-1-filtered/train/images/002395_png.rf.ad0ae18039d0e81998fc680b156f200a.jpg,c31e8111071510a865d836292612272be646a2bb9699556438d5cd2d2c250e00,8e2ad552d5525357
data/thermal-1-filtered/train/images/0_0_000672_jpg.rf.0f1586f5ce184e62d7dc9383b2fc64a4.jpg,d235410686798a437335f700160931c68d6a2716de2cd699baa4aced41e2a5cb,c4220cd10eff0feb
data/thermal-1-filtered/train/images/IR_BIRD_012_frame121_jpg.rf.692e3237905ec1a431a3662e8f6285c1.jpg,e60aae88cf72f3cb1cd706d8a07d31886f0bf7ba2cb95729faa6e4079fed3d2a,d40ad56a95780ff4
data/thermal-1-filtered/train/images/002719_png.rf.b85652c4c57ae52d21e9bfa9bc1e0939.jpg,c6b8e428819d8e4912695eeab180d671650a022259a22e059c493a0be952a8e8,ab3bdb04d6244e66
data/thermal-1-filtered/train/images/003969_png.rf.2215c9d6e6b0791e3ef1bdce25a7ac06.jpg,30ee629abc2488092ba785ba60e96e1d37809ce24a42a8b6f5ef5bace94f9826,c19f101f1f1c0f1f
data/thermal-1-filtered/train/images/frame59_jpg.rf.3355edb74be6d8e3dec82fd4a5050734.jpg,46a75cee1cc29f47a4cf943bbacd83749b2d809f634fba9e03a51060625ff825,b5951dcc862e1c3d
data/thermal-1-filtered/train/images/002387_png.rf.267a59f0d2c3e1e80b00e91c1050f2b9.jpg,0c10d030cd175c8778ff3c400f1cd85598ac063990f58839dfba1293028df851,803f412e5bae59a7
data/thermal-1-filtered/train/images/frame28_jpg.rf.37231c5a94fda0f328023d360399d8ac.jpg,8c33c1e6315089b04f82f08a52a37002c2dcf43a460422ce4f05813e5f2839b4,c077813f579e3d20
data/thermal-1-filtered/train/images/frame387_jpg.rf.b52cd710f8b3135a26574a9e3a7e32a7.jpg,2e1fa21fc8272ab492552b77d9816d9d2da6cef011030dc9987ced2e8e3d98bd,e09d91a5b5875b1a
data/thermal-1-filtered/train/images/frame166_jpg.rf.f3c6ab99605d1d48007bade758759048.jpg,b0eb1b577f4525f6f0835e9d11725d74f888cb0350c8134b913e05d187ca72cf,b84751ac539355bc
data/thermal-1-filtered/train/images/IR_BIRD_012_frame83_jpg.rf.f9405d5f723055dfd13a9ec092022b78.jpg,f2cd1fb85ab1a35cd0d1258010ac667e5c8a41ca1db46a7fe31b4fed81c804b0,a54b566d4a5a5a69
data/thermal-1-filtered/train/images/003490_png.rf.f64d3a0ffe1dd4ad3259f2abf224624f.jpg,cec3d650b09988a8c79007a60140a742efa3e6b928b3738208596bece6414178,85f35a9c35124ab7
data/thermal-1-filtered/train/images/002065_png.rf.fb3a210515c54f64945d35e0c5b60fad.jpg,d4652d1b337554f56f97cbb9ed28ea9392af0368bfbb6b5703a8054eece33a66,ef3aa849b84bb04e
data/thermal-1-filtered/train/images/002377_png.rf.dbfda237213ece7f9f5e011e9f4349f9.jpg,c5b06a8796183c21a3085ec132a00953798cd2728f86e2ac167a799d534a26f3,ff7ab3588510c531
data/thermal-1-filtered/train/images/IR_BIRD_012_frame28_jpg.rf.b23f16de324972cd09153a1d7425ed60.jpg,013349e31059fd9a85c4de5e907a4e98edc2d754206ac8c9391b4e24de77dc7c,d04a95724df64acd
data/thermal-1-filtered/train/images/003021_png.rf.2899dea08401f25d5626577555098616.jpg,2dd91e7d057a88bc698fd291bca712778c08faafd3bcfa1e98ef79e0c13d2ef5,852a554b5a555e5b
data/thermal-1-filtered/train/images/002222_png.rf.df3a7b3ff2c1e54cdcfb21c54f45ff22.jpg,ad2f7b55ca682962b63ab621b8458e6f06a2e319fdb4c92f13f9d15ea8fb92e1,8d2a554a5355575b
data/thermal-1-filtered/train/images/frame125_jpg.rf.4f80df62095cee2ea52739e3720f48dd.jpg,3dec06d23ad4f649561dbe7fc63e983c22f9767217b2c3575face0760d8d0cac,f0d710181f9a9737
data/thermal-1-filtered/train/images/frame700_jpg.rf.80ee9908341f4b52c328572292aad958.jpg,3689dfdfab25f9eba9cce55bfb21a82ac1c1d8661b17c73a7f5fd4ba3f4bdf76,bdf5d51f5f2e0000
data/thermal-1-filtered/train/images/002370_png.rf.260ae5cee15f20e343741944649e8d59.jpg,296281374e0c06c7550c17f6e7bfafcf130cbe4ef49d162822f67d81cd03e2e9,d87f809f9d07090f
data/thermal-1-filtered/train/images/frame724_jpg.rf.d1b7643e70fcc256c4dd3b883996b94e.jpg,5e7686494ce64f4340febe1dd42d8cdf4eb6eeb1920634aa76b10d12336ff382,e83f842b95285f2d
data/thermal-1-filtered/train/images/frame593_jpg.rf.4fc0b7c11a23ba18d38d891ec79d1d5c.jpg,d28797044187242285ee4cc36f4943159a0d02a9b80e7b32b136c60a107446bc,fdf7941d85870138
data/thermal-1-filtered/train/images/frame353_jpg.rf.c9e5884a2724baf2ca240cae37557aa0.jpg,f17fe8efa75f5d396b7c96a892a28d54da0205e0ce155335e8ee3869a7d11cd1,be97d1f350624383
data/thermal-1-filtered/train/images/0_0_000362_jpg.rf.21901c14dc913caf14a06715ce978a52.jpg,5a3effd6f97787439d79aa522d86f50ab9563f142f3bc6e1d5ec7f1e115d9cca,e7bf3c90e8c41c83
data/thermal-1-filtered/train/images/003055_png.rf.6251a6a33eed02d3da750975596dea4e.jpg,c9e2642d6e5176209754d489ab354d385b3fc16a02a97b0060b091e20d8cc2c1,d07e8701b3ff8e04
data/thermal-1-filtered/train/images/002401_png.rf.ba6fea5a6157fb4168ea925c54c6cebc.jpg,d1366b88663542f1607e48f05169a2dc5e661c2d9eca0701a61c3a7ae74dbf24,fb80a4cf8cfcbc40
data/thermal-1-filtered/train/images/frame207_jpg.rf.4557e186eb7acc20dbe89a7ac5066ec6.jpg,931f59a92b2444f7cb0869e76be829d1896b799012c8365d0fb6681efee24a41,9d0a0a9d97c66dca
data/thermal-1-filtered/train/images/002777_png.rf.039c12f1e85f7147319738a5dc14fcf0.jpg,11f43a7b44857e7f56e31e3ee2c97cf2a365bc024cfcd6450e86fd0267173fe1,c03f00bd659d653b
data/thermal-1-filtered/train/images/002097_png.rf.98d37c49acf709adadc9ef4cd0ce4795.jpg,557d8f628b3fa9b8322e66549fb89a0573ebe5c2d5d42734204a687557a1ac24,eb3ee81ec910e515
data/thermal-1-filtered/train/images/002027_png.rf.3a048d5227bee42abd9cabd655e3de16.jpg,e28d071fe57054d6ac9311896b5633ff2ed49847212b7069dee61482372333f6,ff7b8e708ed08340
data/thermal-1-filtered/train/images/frame354_jpg.rf.4d65ee1611d4e2efd976f8814eba0fbc.jpg,cbb7259826b6ac62df2ce9e587b06115857a193e0a4af6bd81fdb5110f773133,e9e686a715135656
data/thermal-1-filtered/train/images/IR_BIRD_012_frame295_jpg.rf.deb3b657d09cebdb25bc182341bd7db4.jpg,a900a3cc7b60c52e23a3261b2d144afb9a867b6582b1e7472e6a3999544917e0,c3dd4c1c188d4f9e
data/thermal-1-filtered/train/images/003733_png.rf.6db651ab44ca060ac3fadeb1ffb6b787.jpg,a8342cc6dc7dd7689506ab07862ec7e26808bc65dcf25f0a90d831a6a0e8a32f,dbbe809937d91704
data/thermal-1-filtered/train/images/002386_png.rf.165aa4e42829cc52213bf227f5630b8b.jpg,d69c60df3eabf39cd742070d795f7694dbbba8ab9315c85cd200cbf7f48660fc,f52a557a96e11469
data/thermal-1-filtered/train/images/0_0_000230_jpg.rf.30cc73b8ae5896f8db92dc017b19b48f.jpg,1cf5029b4a53890cbcf3ef6e3fb7e95850ff1edeae21c82abfa3ffac87afa31b,a557953e412e52ad
data/thermal-1-filtered/train/images/0_0_000030_jpg.rf.f20a57f9fd9a993a93f05093430f4e39.jpg,e3138b340620f8fbebdf3880949cad20e6ebb664bd42dc9afc8d39d217c32aeb,e2621dbfe2401d3d
data/thermal-1-filtered/train/images/0_0_000129_jpg.rf.eadbea52cee47af23bfd4de2f9edd8c5.jpg,4ae55faf8490b03d609444496a47173aa540cca2f9a010f35dbe29300f5febba,dde7310e1ef04319
data/thermal-1-filtered/train/images/002221_png.rf.89bacc4f4e65879a448f3475a326d6be.jpg,13704894badf77ce45c44848c47dc9c4237395c0875498b556ead412d1bcc253,d08000ff0fff0be9
data/thermal-1-filtered/train/images/002331_png.rf.b95a4e24ed9a2b7bf7a51c60ff14471d.jpg,861bff1d248981f7497090743a3d32817e4841801db46387d27d88756ab92b44,aa7f8473c896453a
data/thermal-1-filtered/train/images/frame164_jpg.rf.2b903fb2c800f1786b4dd97f352bade3.jpg,091ffa3017988c5afb0c7ae9e20831e49099c1d5ac70e1f3c0b098fdf2d9dca0,ea3dd4f3098cc718
data/thermal-1-filtered/train/images/frame185_jpg.rf.b5ce740cae3a51c32ce94bf0b9520371.jpg,cd504e7b55c2cc31a55aec023e8408f8057c9fc166f299853fe3004f7874c44b,bc63e2e8ca686c1e
data/thermal-1-filtered/train/images/003800_png.rf.37c06b502152a5a9ea71487721e27ae9.jpg,d29f7ebfa95c9bd23c167ed30c5cd8cd580e2bec3ce2ad34c17d3df83b99cd2f,8d2a555a75754d49
data/thermal-1-filtered/train/images/002272_png.rf.cb1dee26dc845bedb7daa34ac9be8e26.jpg,be8d8604882486a82414525ae14ee3ddf6e0c37846d2f9926d3ae85bc880c93b,fe7bbf50810fc028
data/thermal-1-filtered/train/images/IR_BIRD_012_frame276_jpg.rf.66b0f8e5f4cf5ec8bde4514a71ae3f7e.jpg,27236c15fa5cc5d1d533f9006e31020910d5602ffc227acbccbe7bc217c6b460,b4ed12a449b654af
data/thermal-1-filtered/train/images/002332_png.rf.7ae14fed5c08c0f7d5d619be74e5dca4.jpg,aa945f5d67e6d051d68762a74bd772acc115ad75c399c0e7d193ef670bcaf662,852ad54a5d53555d
data/thermal-1-filtered/train/images/frame517_jpg.rf.7664295d5713900d7dbcdca09dc1d567.jpg,a18de58895f54e47ee4b24ec64c7d28b5d0293abdbdb20ef1291cba67553d8ce,ea4cc19fb3339e04
data/thermal-1-filtered/train/images/frame694_jpg.rf.c3b875e371d2701aa38f0e3afedaccd1.jpg,bfd1d07fb900f72dd5a39fb6d5da2cb9974c2ea21b300c0c73357968a5839027,a54a95fb44d55a51
data/thermal-1-filtered/train/images/002746_png.rf.82e15d6e5226d089bfaba89bbe5e07d2.jpg,8b6608c04f5fff585284da6cf64036acb9531f64f1ab02247c382d7a3b166a8d,956a556b5a555643
data/thermal-1-filtered/train/images/003751_png.rf.9d2fa903b7a555c4402235bbc4b7d169.jpg,47fd2174196bde506edbb28b235fb6ab4c8215a65b44725eaa61773951ce69b0,d940b47703679b59
data/thermal-1-filtered/train/images/002693_png.rf.f667301cc5ed043660f0efdbeb47199a.jpg,0476836b9b97b054f895f631767f23bc862a4afda5a27a7b2264e5f624014eb6,f57ea057b081b619
data/thermal-1-filtered/train/images/IR_BIRD_012_frame97_jpg.rf.39f04d6288e2035d2aac73d56f9f8a3e.jpg,067b7b8af6ffd75daa38c6e4120121338437de79ee3693a3df4ac39b46df987f,a9b554ac55aa15ba
data/thermal-1-filtered/train/images/0_0_000055_jpg.rf.a32e66c4e28a7b2060952913788a76c7.jpg,60c9e8f8a2b2a85d73aed0c3989e6455b2e9b26f9be78f7451abbaafd4c37645,ee31bc4619ea453a
data/thermal-1-filtered/train/images/ir_3_016490_jpg.rf.496716ed3dc4f4aec1ff043ea66ca2e3.jpg,ef7112f73e185d62e38ff4a5724785825748d913f2228ff62bdec695c43bb19a,942875f15aea155b
data/thermal-1-filtered/train/images/002250_png.rf.2b34b226dd9e1c9ed3729c3c518e0a2e.jpg,82fbc798d58a07fe2a0aa52ec8c0c043d0bb98e9ce376daec19748977890116c,ffbf9011910f8686
data/thermal-1-filtered/train/images/002822_png.rf.391c1637a7e66d97ad6bd4745eb873cd.jpg,498e997d0dcff2f8e5f1202f383955b9cfb46442f6d7e3d858ea1dd0ae230869,ac29caa5db14e6aa
data/thermal-1-filtered/train/images/003500_png.rf.cca2c7ea991541fa3249c8a39da439c1.jpg,68ebb41c56c68c6330d127ec64a03edf1ebdaafa9100e14c9c11e8f1c4b7bb29,d52a05741bdd03fc
data/thermal-1-filtered/train/images/0_0_000030_jpg.rf.cf5cb548c895ea23cebcff9b16371bee.jpg,3494808609b8a254d15e68835ee450e81d5c7985e876833ebf012753a1e46ea3,c08800ff27f90fed
data/thermal-1-filtered/train/images/002745_png.rf.4fc97b6f71c800d6803e77bc39ee1445.jpg,2dd18d04996c3e9db972a9de9491aa2d184b213fb3ce8b28e3005bf7a1fea941,bf699c598c10e31e
data/thermal-1-filtered/train/images/002016_png.rf.d66523cdc7d642d931c55e35faef2d22.jpg,f568b5724508c892f086f9108654dc248bac75d07d0644a0ef14bd719e443662,ff7805710e609c67
data/thermal-1-filtered/train/images/003420_png.rf.c35b2e15f8ed34e839c9ae4edf6e6e46.jpg,a9111f93a514348065f6b456df7a8c0d682ea0dff344b7cbaa4bfeb75b31e1b0,eb3add02d00fd827
data/thermal-1-filtered/train/images/002820_png.rf.4b27f733b3b602d09624ee3993dbb056.jpg,f741aedb89648c52a105e6b9046a4e1d4ac54cbb339b039d668cfea4b3ad0925,fe2af1022dd22d53
data/thermal-1-filtered/train/images/002328_png.rf.3d36df0ee3ef8765c449aa69e5380c84.jpg,22e23fb6ee496a3a5b8644e692a5ab9d58395260f85b0ac1641116e0b0d6ce1e,aa7b947b88970578
data/thermal-1-filtered/train/images/ir_3_015050_jpg.rf.1ce832ba79401dd77b06bf0527046668.jpg,277c7d5e0a3a7c527bd47f24dfd810427950b436167b2a4036c9e8cbf78983d9,8c6ac47a19735367
data/thermal-1-filtered/train/images/003832_png.rf.bfda99f61602026537942b2cd2c08059.jpg,b3d1495c65e9bf2cc01fb3c4336f843ae01137ddac1889cada55b5e1c68697f9,f37c07710e63bc03
data/thermal-1-filtered/train/images/IR_BIRD_012_frame211_jpg.rf.bf633eefde4f3253c53e6cfe3f94351b.jpg,92461c0a557fe98e12fda2d898fe9498bbb519bc87d9cf86c5f1aa4fdace03d5,a22a4cd1b525edcb
data/thermal-1-filtered/train/images/003036_png.rf.5ccdddc7c00b4d0025562c2d44e49201.jpg,6033a218a7c5118e1abff95d84a4f57fc4340a65737cf766b9f5e4fe2d507c40,ed3bc43b40b3c619
data/thermal-1-filtered/train/images/IR_BIRD_012_frame90_jpg.rf.6724c5908ae8501b0e41ae5d93b90bf5.jpg,66dafb0a39790e65c2764ed0e6febcb11bb7bbf362fca6b8fcac6b4458d00f14,f0c307fc0efc04ce
data/thermal-1-filtered/train/images/002433_png.rf.0e9071b7fa60c88821b6a4d076e2293a.jpg,5f2b6571d0b361a1d3dccddb431608e9ad38e9e067e833e740781834b2e41a8f,fbff8080801f1f0f
data/thermal-1-filtered/train/images/frame379_jpg.rf.778d6c32d355f7278ca1958dd2c4e0ff.jpg,d533e380b36f640b564cfd0446801362f7edf7bef3ecf64c12c77a0ac3c6b1a8,a15a35da85c16e5b
data/thermal-1-filtered/train/images/frame174_jpg.rf.da6c9e4f58cfc0c57f4e74279dcd532c.jpg,2112e76dc58450d8d14a007504e67285d0c3964de94ebfda0ec155532644b0fb,d42ad4f813351bcd
data/thermal-1-filtered/train/images/002069_png.rf.b4ea150ce4e830f5cf01fd9f17d0b23b.jpg,ec37ff39ed9af8f09a0f10e93df80b00358a045ba423b8a74256f4004be1a554,85b5d5165a895aab
data/thermal-1-filtered/train/images/frame563_jpg.rf.0f3341df3b527bf549116dbbf7961a82.jpg,79e73f4b983ba7ea374b193d040f23402c8495aa2fff54427a0c2b9b04ef5cdb,eec6eab9b8308e06
data/thermal-1-filtered/train/images/frame372_jpg.rf.07e22889742d6f95e73cc788b5491ed0.jpg,935c25582576768df5f66f0e97f93df9e275efd12c42716d5cd9a218f3d808ca,f40362d1f07b6761
data/thermal-1-filtered/train/images/IR_BIRD_012_frame133_jpg.rf.448ce337ae5d365d283038889d92e5f4.jpg,e10f78fe59d50e9aca5a0d75e5389fa59780ec93b60547cacf70fe0f7470ace7,d40af55a8b740bf4
data/thermal-1-filtered/train/images/002726_png.rf.840458888d24c5e4bb637cc95aa401fc.jpg,503741648e4653d0b7e3a8bd5a4e36da5cc8a0018278d54a1771ffeca07842e1,a1cad5d0c15f5f41
data/thermal-1-filtered/train/images/002717_png.rf.d2be79440cc935c3deb8c59a0b01b263.jpg,494a7012e82af3c46dcd741bb6cdec501d0a33d7aa6741e4e4e97ffe811c6508,ab3bd705dc645864
data/thermal-1-filtered/train/images/frame221_jpg.rf.48b6860e52fd190301e7b44f1c134280.jpg,1229b69e7e327419b3c4326681dad9d3b3acf5d939f4eb6e472e4d9da4e92cf9,813f54bbc7954a1a
data/thermal-1-filtered/train/images/frame616_jpg.rf.0987605d1ebad4168623d69e5303c665.jpg,85c0500c6a1fe111f8176a9d8b4df34a8717e7c18a4c2acb11fa424350d18097,bab384eca0e1d3e1
data/thermal-1-filtered/train/images/IR_BIRD_012_frame18_jpg.rf.f9feb440f2697b9f4f9866f1380a5cad.jpg,819889902f3c611848ee4f3bbeb6e524e7fbd3e44dd68ab77ca95cdaf8782dc7,f7188c7708c57f18
data/thermal-1-filtered/train/images/002958_png.rf.74971385db9f3a397c8c0a6927a927e9.jpg,6203682ab1e1df35770858711ffc35f86eb744b4306245e9b1f142bc96370ccf,d67f010c1b8e0d3f
data/thermal-1-filtered/train/images/002572_png.rf.353f0f590c7a27013787f7fcee426996.jpg,ea296436e241ff79f1425fde955ead7150795d377117254f904aa33b3a7e57b4,959555b45aaa591d
data/thermal-1-filtered/train/images/IR_BIRD_012_frame35_jpg.rf.b145b9fcbb8326c5fedf7ccb33867e2b.jpg,21440bfadfd7a2e033cb8da49a7909a2b9c9f398802d0fe90c0dd0dfdd7b703c,f7188c7708d47f18
data/thermal-1-filtered/train/images/IR_BIRD_012_frame285_jpg.rf.8f007e3dd18a7d3ca3c0292d096726be.jpg,5400275cf09832e3c6cf1beda05fc91cc9df0a407d9c55a1cf674c789b63b8cd,a24addb72ccb9234
data/thermal-1-filtered/train/images/0_0_000237_jpg.rf.82cbb4f12915f4b9e5a770131358a1c3.jpg,149c7ad109bd56df87d3eaedfecf869e17cb9e705c78b3c7f54b7e5e0726d1ac,a157813fc12f52ad
data/thermal-1-filtered/train/images/frame706_jpg.rf.02b4e022a9beb53821eaf54e29a96c4b.jpg,f0c4643748054c120c315b17d9d0ad5d8e6b4a8f38ce9cab17ef5163b51ce652,bcf5d1bdd0a80507
data/thermal-1-filtered/train/images/ir_2_017470_jpg.rf.c3a4d4e9493ac7dfed740dbb9e0a8e6e.jpg,c9cfe2553d88700331aea468a6a7329b9c22e5194f889d2b9ea654a6c7f76e19,c08000fb4f5f5fce
data/thermal-1-filtered/train/images/002074_png.rf.94c204e9fb3883787ec8dc41cb43a0c0.jpg,3727c7dfe957b92895c9c749c90206ecf76ad4a92d58cb2aee9870ab5a15b7de,852a55565d4b5d55
data/thermal-1-filtered/train/images/003753_png.rf.25c251ebcf9d69c48208bb3a30b30278.jpg,de9ee92dc245b2c6f34bceb362723ebef261408feaa942d4f16a06074d6ec1b1,f36e2d7c82728d60
data/thermal-1-filtered/train/images/002382_png.rf.db7ef46855f3f09d05493b76d0ce8a2f.jpg,5eb637f5dae1ee263051b29b138960e457b21a8d1f4179e90f789aa53ec3cd1f,d07f001f0f0c1f3f
data/thermal-1-filtered/train/images/002822_png.rf.3a9dbe728b3d52ceb2a03c2a7aa6a7f0.jpg,ef1717ad565a1d1e7ed8c1b83bcda611f8e76605ccac1c03189a3b81eb6ceb07,ab28f310edd22759
data/thermal-1-filtered/train/images/002744_png.rf.3fe218ef84b04bc417646c8c3cb9ab67.jpg,745d5cb3250bee2d9ad778b0f518265a0cb9b8de0329818236409cb8422a0237,bf699c598414e31e
data/thermal-1-filtered/train/images/002079_png.rf.234b5c78aae46596919b798eadecac2a.jpg,dbf6185cb31cf2ccbf6034ec898766e6c14948063cb796f2bcb7a3b01a522e06,eb3e43285e89b64a
data/thermal-1-filtered/train/images/frame223_jpg.rf.ac276df07aaa8c14cd811247380f01e4.jpg,18983cde72456bcc0506907c3616bcb57063922c167bc49b9c469905363d6e25,91df54a66624692f
data/thermal-1-filtered/train/images/IR_BIRD_012_frame9_jpg.rf.e942747cc0782ee78c4e5e24d9b8959d.jpg,056317910d631c0b87975d75943bc54714f78bf06e71602f07af82260311cf0b,a46856694bde5ad2
data/thermal-1-filtered/train/images/ir_2_032760_jpg.rf.a84c9b0de2cbce1a900f9aa0e1f1fdf4.jpg,416ce47d8ec25fd1d1738d8e928f37097bb89f17622b704cad2d9bfa0127495a,d1c8806c13fb16fb
data/thermal-1-filtered/train/images/002676_png.rf.23ff0aeae058d7c34ee58dffa8947e9a.jpg,c603b188ace2f7dec52a2173a3fb7e29cf7f8cd9fd4915b3ed9f1a15c7999395,d06a11e21fe50fe9
data/thermal-1-filtered/train/images/frame596_jpg.rf.5f186d40f97416063833793b0066a18e.jpg,e5a9e7baf4c4010e4124e14bb9d88827f3f0fdaef1c5150f77d573180887ab7c,eee6e8b9b0868e06
data/thermal-1-filtered/train/images/003041_png.rf.1e336b5a84aed841814276a18f76c03c.jpg,0a83bbbdc7439ded1ba64bb696eb8b994bf55c79f798ff2bda935e1cd3b2bc8f,d07f001f171f1e87
data/thermal-1-filtered/train/images/002696_png.rf.05218173f90992b93d1843476ef445e7.jpg,5cd668f616da5cbb89b17f8115a094db8c82f9c79aca7ad9a2e1c6b2949f04bc,813f55bf48b44aa9
data/thermal-1-filtered/train/images/IR_BIRD_012_frame256_jpg.rf.d8e626db8a8a005d62524d7ce1b1a97e.jpg,565255811a3974aa7b69c19e4b50971d92bbe42a41d45459e57b51a12b99a43f,b46459734c59567c
data/thermal-1-filtered/train/images/frame63_jpg.rf.95209c0c1ac552087076b184eb499e9a.jpg,bd4773762dc4dac112dc057183cbdf240ba832684acc41193904c5fe62806f67,a79514d0c94fd993
data/thermal-1-filtered/train/images/frame594_jpg.rf.605ff9d3d3363b1e3030367054da20e2.jpg,f4afbc7767cf3204b1de8aaa025047f790c133424d2782f4bef63b79b10755bc,f41fc08e91a74e39
data/thermal-1-filtered/train/images/frame293_jpg.rf.41a70ccdd219da025d9e658c52c921f7.jpg,88ef6b0b6f6a42c5a37e5bc89bb6830e3c400b4fac7fd96fdb879e0f17e6bb2f,d02091db95fb496b
data/thermal-1-filtered/train/images/002667_png.rf.6c01a7efc7867ca2ee36d1c336e730fb.jpg,dcb95d3bd83321cab3072c2138739791f112f4e7f5262967f979b6468f6ff66f,84cad5cb5d555652
data/thermal-1-filtered/train/images/frame435_jpg.rf.baa2823de6e7d8eab410b0430d94a5a7.jpg,a9540db2619176579de663c29ca9008c59e2654ca37ea7e60d73e36ff05918a8,b36c4ea58c75c85a
data/thermal-1-filtered/train/images/003486_png.rf.95765f781004b6e9606f8a2ec3942a5a.jpg,581340e4374cacac4eaa606ac4d16c6494cb81021205a2f069bd08abc4549b60,bf623c4127dc225d
data/thermal-1-filtered/train/images/002225_png.rf.5589259747d4a8beb00b67ddfbea927e.jpg,50ce06257370d968b6f874ff04d75a0fa1c54f6c320d82892dcca51769a63e71,85d5559452ba5a3e
data/thermal-1-filtered/train/images/002685_png.rf.e3f9156fd87998b910523a8b995e14c9.jpg,9e6b178c3a50dbbca33066f4bdf2d7c02b856561de4ccbb9d10ab4c172e4c660,d07f002f5ba951ad
data/thermal-1-filtered/train/images/frame476_jpg.rf.9fcd6387de4d4ffdb6dcc082b22fc63e.jpg,d2747b9233a9b375b4ff7cae93a8c9ef1c1e0ef0f0c97ab4e92aae6f119aff0e,fec783c780619467
data/thermal-1-filtered/train/images/002742_png.rf.148232c8b80ca73bf5c8f7f97930e67a.jpg,8d358064289d992c68fece4b7f4156343d0ad9dac897728917f7b371546e803d,956a55c5497f5a42
data/thermal-1-filtered/train/images/frame407_jpg.rf.5d15f6e3e2a583b2efc3813fe9f2459d.jpg,48b08770b325afa7a4dd0308e3768ef0f3d00510ece5788812fe7b4662c920ef,e8aaaa5eda92b0d2
data/thermal-1-filtered/train/images/002283_png.rf.90e892f4a7c6d69e0a00b9bb31bbfba9.jpg,c3836fe5a5967ac0ee6a9a634e0b7cff92713e4fb082e5d85ce8de8ed2927458,d08080f906f357ff
data/thermal-1-filtered/train/images/frame126_jpg.rf.48e94ce8fe5d7c5ccff5e2e2c610aac6.jpg,d056728a1e5e3929fb06f327831a4bd5a0e7c047161703b16c31a0ac295d84d1,cee1b5ac02c3eb38
data/thermal-1-filtered/train/images/003698_png.rf.baeffe2aca48a2f090692cf511fbee95.jpg,3b62ed210e879cf81ec0522b807fa3a112829ff109d192708c0cd6b5070a092c,85d555bc538e52b8
data/thermal-1-filtered/train/images/002441_png.rf.ace9c32864923cc6b627fad0e6c32d7b.jpg,151e9ee98dde27fb1f03ccefad6c17caf4af02e8c14a86d44f1975e1994aba83,aaf1d1f8f1aa54a0
data/thermal-1-filtered/train/images/frame380_jpg.rf.6db5c78ee0dd763fbbc34127e97fe9ff.jpg,63339071bf3d88bcd328e3f74da4fee63d1664389391870e64f30dafe726f995,a59515748baf5686
data/thermal-1-filtered/train/images/003059_png.rf.f8b01a99d14ba7f08b499c4e504446b8.jpg,fcf2f4c8262d9d844a7ac148ecae42697651acdea3f973d776a3615beea2d697,c08004ef07fe1ff9
data/thermal-1-filtered/train/images/002233_png.rf.6a58d0fd46c381f46f6c82331426d658.jpg,c23bc4662c063840491cd1062cf5e21884cdef313599acbdf0d66437a5dc2276,ef7eaa418518d265
data/thermal-1-filtered/train/images/frame692_jpg.rf.6bb92d33dc983aad14dad4fd2da48c8b.jpg,52f867929c45e7635b1d19af87b4fa0317ca0516ad3a542e3f421da11cab3dae,a5b5d58455aa0bb5
data/thermal-1-filtered/train/images/frame442_jpg.rf.bc752bd36c361b7945411b6a4df6b523.jpg,8a6e5428b2510844c9d51d7c57db1cb452365aebfd632a590bc963e8cc319594,efc4993cdac03d42
data/thermal-1-filtered/train/images/002794_png.rf.fac84cdb3268fedfcc6dc4aa953919b2.jpg,3cc709493772d6fbf0cfd136562f99d37f73a2583d32527f23b8c284e3774461,962ce56a4aab5c55
data/thermal-1-filtered/train/images/002260_png.rf.ac900a683028ac1755c288befd7fe828.jpg,8778d1787a299f7323a15bdbf5729743331533e567f75277a6769f367d7ec4b6,ffb9b031b71b8480
data/thermal-1-filtered/train/images/0_0_000255_jpg.rf.a2e969dd83cb2ee052d35260fb2802d3.jpg,bf9bb2871974396d21bcec1ed803534d64e352b99c01fedd61cec4c42fc9902b,b07f902f502f50af
data/thermal-1-filtered/train/images/003093_png.rf.b08aa33db7059af57dc263a9ca0b830d.jpg,5b778af22b73cec42f147fae0f19eb8f01ee523fc052faf38ca807bfa4ea307f,fe7f94499c41a41a
data/thermal-1-filtered/train/images/003428_png.rf.df6fec1dc2473eb35c50e3e27dda4904.jpg,37cb02fe5c932221b42013c08cda911a78be02f4dc18911410f1371ee3ec8c22,fb7fc8148bc4b940
data/thermal-1-filtered/train/images/IR_BIRD_012_frame175_jpg.rf.62ef65fc609ba195b874dcca5cf1ea8f.jpg,b57439b6f702d7c971e45da35051730c00ddf152a9e8bae81e330090b8843d41,db24db4c845b24db
data/thermal-1-filtered/train/images/frame166_jpg.rf.82b6d4c67920a94f4a82dff3cd820da2.jpg,1c57febc706a9e61875f9e8bc3e2fe259ce0a14bbfa6fe10e1ceaf372ee3ce0f,e916d0f98406f1bd
data/thermal-1-filtered/train/images/frame199_jpg.rf.b4322891901c9c2008a46e0644cbade7.jpg,cd993dca9c83e614301064472aedf7ea8d9c495d16da8db90f6ef8b1523ca000,dca65f33e06c1346
data/thermal-1-filtered/train/images/003722_png.rf.e4a28c5e16025847668e33de2cbb9f60.jpg,add61a47c55223f0005292ca6fcfa56f000aec4c90fa165782621c95a41a9d5e,85d555b55aaa5ca4
data/thermal-1-filtered/train/images/frame188_jpg.rf.cede88ceed63aeff51f0f3ccb1ac29e8.jpg,9a860b20ee1f6a355dbc6ef843e8d6a3421b1ced3bdbe6ab01afc3dc7c9fb607,9ee06165ef64640f
data/thermal-1-filtered/train/images/0_0_000105_jpg.rf.fdf1e4a78f944d6aaa604a6a22759550.jpg,004e4e450469b1e397e6c527499c05aeac972a553dd41dfc02ef35364da59f73,d53788d74ea10e17
data/thermal-1-filtered/train/images/003856_png.rf.bf92917755b964f673f351bfd0d1da4f.jpg,2f55dd336bbe0ea595aa014c658e0fd15e6705f6d8ea99867b90e9289bd66556,c0c000f91fe31ffb
data/thermal-1-filtered/train/images/0_0_000209_jpg.rf.ada8f616cd5d5ba035ddba37883580e2.jpg,929d135931771b570fb6eaa86cffc19c9336c519df15bb676d90a24938724a83,fc43b44baa65c334
data/thermal-1-filtered/train/images/002838_png.rf.6274bf67052adb41aed40b91ca8bc9ff.jpg,d005ac52827661c7345cbf76c1be917ad0e3b8654a49db2ad7321a97b7d0bcb5,85d5d5b442aa553d
data/thermal-1-filtered/train/images/001668_png.rf.60b3fa429c9b87ae93ee5aacbedb98e0.jpg,9d2da5c4886bb0c68a617dd755853101b2d0e2a9743c098ea21e29b292a4d411,852a55425e555df3
data/thermal-1-filtered/train/images/frame678_jpg.rf.3f36d089ccb976ea765986395e6bb530.jpg,6ace5a8c44d7241544c949b570cce182e8a636d7fbac18250d627b96f039d330,eec4f884ee90fc06
data/thermal-1-filtered/train/images/IR_BIRD_012_frame174_jpg.rf.0475410f1a9c2f1165414b971e23ecb4.jpg,c233409bdeee8905ddc5ce7b09e081289958a2b709404768fadcc34ad23cf56f,fee001f0411f50ff
data/thermal-1-filtered/train/images/frame475_jpg.rf.c08add0871842a86bd837b8b450aff69.jpg,669437e4d6839f037d85317b6bb73a7e7e0ed0f94b8a93b8654cff4a1b28bcce,ded4818ad6cb5171
data/thermal-1-filtered/train/images/frame219_jpg.rf.bf6c51e4c619f1236c3e2f295c43bcb2.jpg,b83e7bfb2cb5b68ec577d25450ff90f4fac5997c9f69ead99486f83f69977afa,d8595f8ce09312bd
data/thermal-1-filtered/train/images/frame324_jpg.rf.02bea4c2cf505302dfc121e8592750ac.jpg,041a2e85444f85ccd350eec3e58deeea98aa995e8385ebcfc0d7a0ebab104d19,b5d555954a0b1717
data/thermal-1-filtered/train/images/002078_png.rf.47a411074ee76a24e37834b8d0b3d9c0.jpg,dec8ea84ca2e3cde3228eaf480b5d6ac0d282bb04658e69c92f504fd4cf476c3,952a55cb5a575871
data/thermal-1-filtered/train/images/002207_png.rf.ef3533ff3c2ab70aa13fb35fc2d42559.jpg,3c98f2434f2064ac914220f6ff84c809ac6b5c8e3234d1e6dbdcd11487b6c4d0,ff6e9b24d026c825
data/thermal-1-filtered/train/images/frame369_jpg.rf.53f4e2515b3aecba51fd7543592b2e4b.jpg,91c77d6bde8b4d21c5403723f2c772942cdefbeddaee222659224e2b38b3c14c,bbfaea991d0e4444
data/thermal-1-filtered/train/images/002264_png.rf.04fde4d62a49a8781d1479974b8e6673.jpg,86cf4ecd3c9d8346c8161138e28155365549f37c477a425558fd6e68951cb400,ef7eba058437c025
data/thermal-1-filtered/train/images/002223_png.rf.a0321fe45ad29b14b2bcd6b156cdb228.jpg,c90ebf260a0effa2d2cb24f194624cd6ba5ca341f66115976c1b136f61cde0e9,803f412f4aa65fb5
data/thermal-1-filtered/train/images/001986_png.rf.7061b89c1b2cd5919a8a0dab02251a6b.jpg,8c2a6e8a8d1eca498a7da245efd590d470f746ca9115eccd878161d0ec05cdd4,ff621de01dc0bf04
data/thermal-1-filtered/train/images/frame400_jpg.rf.c238fe63b6bc5056e50c6903395c1145.jpg,008020e6ff19c22077639f97090a3dc54bdbf6add11f522dac54c5efd4f3e206,e0aaa3575ada9592
data/thermal-1-filtered/train/images/001973_png.rf.4bbae0784c8cb6bffa6478356e77e28b.jpg,68177ef7f128018231020d2ae3715326c4357abc81325ef62e81820d71bac383,94d553aa4b8d59a9
data/thermal-1-filtered/train/images/frame602_jpg.rf.4dd122082adf1ab714cbce2aa39ac8e4.jpg,d26bdbf7321610fa9b3fa783aef9a702b8bb0ae3c0f366e03060dad1c29a4576,a54a95f2c57d1269
data/thermal-1-filtered/train/images/frame158_jpg.rf.1f17e385e0a03b1e439bc4aa49f8a298.jpg,d63a29f8c7c463e10d2c81b308099edb8b57c7f65b268a0ffff51deec8cfc57b,e33894e71b320dc7
data/thermal-1-filtered/train/images/002358_png.rf.79b81bfe5ceb7a27edf67fbe4d89134b.jpg,5eff7a4bc90bf4fa95c05b4209521e47de58ac888ac15b6eb72907beeaea49d6,ff7bdc168107804b
data/thermal-1-filtered/train/images/002354_png.rf.fbe096167f8194cb47f8ea2fd424968f.jpg,902a503df72fbac0d3a8ecd83a6dd1e28c7a292b775e27d4c42a36aaf23d76cd,be2add42d049f615
data/thermal-1-filtered/train/images/frame242_jpg.rf.9149b4ecfe990c90b81acbe46d858b3f.jpg,945a3677a7a2df1c39d8dd2daeed2c0172b6e2403008106e6633830fcf9a05ec,ed92930f0d14b3d3
data/thermal-1-filtered/train/images/ir_3_034970_jpg.rf.9272fb6d624b01fc296a3965c361290b.jpg,fff416e05623348fd8d2a5190b5e78a1f2becbb36641b530e9351d8a00052e5c,fd768904ce91b22d
data/thermal-1-filtered/train/images/IR_BIRD_012_frame123_jpg.rf.ce021b6d6a50c0068f0d22c05116bd0b.jpg,fe62d4fd809dc58f23318d05615e34d8a56a415bf1760363363909b0b55093df,fee040f8007e077f
data/thermal-1-filtered/train/images/003018_png.rf.26c4404091c136fd5c63822e58c0ed82.jpg,7b4823114cec73cb438e9f4622491168dfb77c2526f884af842c0f340f157064,ae3bc538ceb14658
data/thermal-1-filtered/train/images/003047_png.rf.3fb17a622d6d51affde675fb0280023c.jpg,1c370df5143d200f76a66d70fba3e9a9776800265cd60acafecae9096f53c211,be6b1e6116c05f34
data/thermal-1-filtered/train/images/frame641_jpg.rf.d1ee94959246b3c9b4a9e47760aad5bc.jpg,d236ecd2b370632adf7c8ac6cfc7e0a89012b43d9fcd4a2fbf11d68bf98b9c0a,a07dd1b6552d5496
data/thermal-1-filtered/train/images/IR_BIRD_012_frame150_jpg.rf.d4201a7084add6eacfaab5b32160e09f.jpg,7621590c35bfb291c502a86eea91b9ea504a1e7b92173117cc6b3e6b3d5a2c65,fc1f001e43bc58be
data/thermal-1-filtered/train/images/ir_3_028680_jpg.rf.29456ba16fc28ec9bb4ac4d1e5c83738.jpg,0830f776351d8ec2b4bcefad3c1ef6012f45a9ac0c53329ad893001a04e9e744,8cd5d5ad54ad4ca4
data/thermal-1-filtered/train/images/003726_png.rf.86de3a3cb08ee09738dfe861d33e3c4e.jpg,a03a95150efc921a739957a97b86f8ff1b34fea1feca5fb2d3c475363da02abc,d07f009f1f071b0f
data/thermal-1-filtered/train/images/frame601_jpg.rf.d54b6784ac5bb1cc80010b3440c6e40d.jpg,6876a9c164a74fb59ba558a3bff4088bd4e8de6d4c30ae93234c15cf6959caea,a8a2d148d5d6557d
data/thermal-1-filtered/train/images/frame628_jpg.rf.9dca5b7df65ccf93439ee793dc1a0cb6.jpg,3969d685076991731f77b3f93b05ef6eb684dd1b4d796e08ec4f0616592e0daa,b4e8c171115f4ece
data/thermal-1-filtered/train/images/002747_png.rf.67ced8e28314b657892ee4a3a209cfdf.jpg,e0af17e635ea89054539d6d99049b16329360f589954591cb7d59669ee2fcbf0,c0e000e31fff0fea
data/thermal-1-filtered/train/images/frame127_jpg.rf.9529dee608a61bb4861cdf05214840c3.jpg,b906e61a525fd9e1e44841f7e9c32722d1e4ebb288dbf83c6494a7fb50ca24dc,a0a264d46eef5336
data/thermal-1-filtered/train/images/frame702_jpg.rf.5f6b0ad95513af0a1571642abdc5f47c.jpg,51697d3699140fbc3824e765ff2010bdb97cbe1a645b5b5f0c260adae8e23f93,e9a084fb80ff5554
data/thermal-1-filtered/train/images/001503_png.rf.fa5a070cba1b84df5bb8ca783364d209.jpg,31beaf0f6b2a99d63f9981b83d06b3f78f6f78b0bf602fc755f815d2647466fd,f87f801f0707071f
data/thermal-1-filtered/train/images/002204_png.rf.e58af8fea8da0e86e0ea881b015c4e46.jpg,e34074f7ada97c1893c0b8bb859ed133f3efb0eaea26268672c468452612f2e7,803f402e5ba65bb7
data/thermal-1-filtered/train/images/frame280_jpg.rf.e7555e647515e22b33b3b0d6722e71e1.jpg,bd8d05419619b15afc07b0a92edf6ea1ae007480d83c4f2467cffb1ed447904e,e080807ed46a5ffe
data/thermal-1-filtered/train/images/002409_png.rf.4261bbde627746748298b1e6b7f1addf.jpg,5fc83d76341e9d64f6f2d62b7e9115614c74fc0748978d28dad02f196ef19ce4,f97f94078407878e
data/thermal-1-filtered/train/images/003735_png.rf.c6808b11cfe8df7ecf950a9721e7defd.jpg,6eb256c5d710c9e8b9268d92257f12086c9456cc4efd25d14dfd06b1366f27a9,b7682f7097528d61
data/thermal-1-filtered/train/images/IR_BIRD_012_frame42_jpg.rf.9b8644d8fbd5c060a720aa3eaed5a5eb.jpg,a4c89e1f8646a767f981c34926153f2f41fbf0be9f7a87951c4ce95ebb8b6c38,a5db14b55b2b1629
data/thermal-1-filtered/train/images/002071_png.rf.d73fc80dc12c87857fec4e370530fa15.jpg,9358287870cb8470b6fefc43911c19aa41217bc649e8161fb703917b25180572,ef386b088ec1b64b
data/thermal-1-filtered/train/images/003820_png.rf.00bc2c4b5861be0e3b89ccecc1d11bc8.jpg,748a899d4f528c304ade7a1cc36f403156bc11fb5ec761cdd8d4306762a53d6f,d52a15670af70cf2
data/thermal-1-filtered/train/images/003802_png.rf.aeae08686f946ede952e0f748b39524e.jpg,f5d31aee7ab0ebdabf3d5dab8dbcfd300b8eb88d16ac103b0263a2b5a8117398,f76eb80f845a8f20
data/thermal-1-filtered/train/images/0_0_000201_jpg.rf.0370ef2d4cf397064b6fd86fa759ec4d.jpg,edf43ba1702feaf10d36bc282154bbea11c9deba0622e83407ce7e6248ccaacd,aac2b5e98d5a7056
data/thermal-1-filtered/train/images/002213_png.rf.60321fb349dc3d696f040af18ae867bb.jpg,b3369d0f7858600fbf0921ff2d803bdb81052ed3bdf16ca46a5f7accc15bd9da,a03f412fd0afd13a
data/thermal-1-filtered/train/images/frame691_jpg.rf.cebf9e13673b952a1796675fc1646906.jpg,f7e80befd59a96461f66bd51c6a257435c6ecb068ade4e1f2781024e672c60cc,ba85bac5abc1a951
data/thermal-1-filtered/train/images/IR_BIRD_012_frame157_jpg.rf.83c44924588ae17d22d58304a61781b7.jpg,3f82ee446af57370ad061ff69952b0719784149f4887b9b582b28981eaf2b606,a9b5152a572a5d1e
data/thermal-1-filtered/train/images/002444_png.rf.8f27debb494a402a72a675e321281ad7.jpg,1fe146a025ba82f4355822d69eac571ccba162ba37a75196baecddec11391120,af7fff5bd400a000
data/thermal-1-filtered/train/images/003089_png.rf.b30384d58175f3537ab49f286b3a9a49.jpg,d698d687ebab04db91425218687cf72c999da3f280122d6fda07e08fa9165811,c07f00a61f2e19bf
data/thermal-1-filtered/train/images/002725_png.rf.686bcbdce810a8b4403e7ec3955a8ac7.jpg,f8e4a0e097ea6acc20cb234881da7cdf6d9d61eebaa1688e833218db4d92686e,aa2cd842f3375972
data/thermal-1-filtered/train/images/002420_png.rf.668e934699e64b2120c83344aa753933.jpg,34777634bd7514a2cf3b8028d02ab2c76ae618e185e2428e3546e77f1bb08d84,d08080e90fff0feb
data/thermal-1-filtered/train/images/0_0_000509_jpg.rf.c7a5864b8b49e45cc19a44cac50868c8.jpg,d8aec4e2fc1f61206631a8d01711a1abd043f09d81c4fbe6fd0613fccfadd5d7,85385c7a7953564e
data/thermal-1-filtered/train/images/frame471_jpg.rf.ba51df42a7b35458a9697ef4b64fbac0.jpg,efe30c4dc337eec42eb146f4bb81284794ef00ca2c514906f6bb94ce4d101497,be68802f976385f8
data/thermal-1-filtered/train/images/000009_png.rf.ca38328e676bc0962684ec6648da6566.jpg,8feddaf5bc024eff2693e96af7c0c5a48376f25d34d18e97746a37f5eea77e49,e56ac1e0d0f195d3
data/thermal-1-filtered/train/images/002707_png.rf.e1b13bd5435e9b9c4299c3b47c4ae1a7.jpg,a34d6736ea32a40ccdf3722a267b42f3a6f6a0f147970f6f4f835948025e2e92,be34b5059869cb2b
data/thermal-1-filtered/train/images/frame398_jpg.rf.fd0ef9d1e9d309279ce9326aca9aa21d.jpg,f5a67d23b6f50aadf58e1d731c0d7034dabc389e54e023298ce67e202906b3f2,e0aaa1355f5ab591
data/thermal-1-filtered/train/images/IR_BIRD_012_frame251_jpg.rf.56ab255b86840c8a242fc3193f27bb2e.jpg,f0ab8a5572eb12f0bfd581f0d71dca804c7bb758671fa32ae79e8dc627c0dec1,e1315c6619acd72d
data/thermal-1-filtered/train/images/frame17_jpg.rf.aa4f281334254f0b53e9568d871d7b3f.jpg,db78df600a912374f79bd24ef8ee62c00032ba0d3140637e255f8ebd1e8bacda,e99fa584c093937c
data/thermal-1-filtered/train/images/003040_png.rf.4f3a8f04ad64fd69f52c108dfe456712.jpg,dd37cd195d405beae78e69fd29ca5f96b231828e92251e309340bddb07a93882,d56a15fa03f01ee1
data/thermal-1-filtered/train/images/IR_BIRD_012_frame100_jpg.rf.19aa51b8ec8fed18cf3e24dd25474588.jpg,36a16eba0b2b56046a58be682e80147ad5ba6ed0746113f0f935fab93af8e5cb,a94a555a55575555
data/thermal-1-filtered/train/images/IR_BIRD_012_frame249_jpg.rf.9c7de60369281ce55081eaea3624c286.jpg,420932f31e10b393d5e1ad5a7c977bb4f9342baad5aaa7b7fdbb11f13aad78ee,a24addb72ccb9234
data/thermal-1-filtered/train/images/frame293_jpg.rf.4df1d3ae49ba4114518c79f9f6377c9f.jpg,e7bab4f2be98efc7d714bb721ad52422c6a2c4a40e19334935b67ce20fb2274d,f028809097df477f
data/thermal-1-filtered/train/images/002706_png.rf.ad8b27308fcd72a38cfe96869680e5dd.jpg,2f4765fac5d96e7881d5531e84589b2c8856018dc754b1377584fb664154b2ae,a07f402f49ab572b
data/thermal-1-filtered/train/images/frame268_jpg.rf.98cf5899807ca0ec71eaf365c1ef2f2a.jpg,3c7b4d4ce85c710b47a112efb7c0cd1e4b061b34b5205a64211dbe2e86116b4d,aa69d1976ae8d483
data/thermal-1-filtered/train/images/002053_png.rf.ff17e1c9d6655e94f121f535596d43d1.jpg,9c5c2e2256239e8df281d4dc68bd50e937d62574c5d1fad2584a696b1562efd5,843f402f568fd13e
data/thermal-1-filtered/train/images/img_0457_png.rf.7b92fbe820b1740a2a42f9950d24a1c8.jpg,4375856ad9996b7b6eac66f60467ba91babb9634218747fa5ec53757d0b8457e,c98815f14edb5ae8
data/thermal-1-filtered/train/images/0_0_000019_jpg.rf.ce89f5fb322f69e07675fee4ba2648ad.jpg,0a7278a6f40a06b2d98d3bc6bed3c787f65161f017c64e2281b82f5bf734c174,9515cd864f8e7133
data/thermal-1-filtered/train/images/003822_png.rf.271c77c8a4b4f73f00cf3cd1b6c8d70b.jpg,8e172bbb1a74f583cfee8e9f8a9f6dbff29a2cc4bf520d9f524af6dd84fa1f42,eb7c07710e639c23
data/thermal-1-filtered/train/images/003691_png.rf.666200a98a01a8f8d7311b42fe67a8af.jpg,0a89f074fb3be6cf3ec587433c17dc81fdbfaaf38ba6d48b11948249443fdbb8,852a55ce53565c6b
data/thermal-1-filtered/train/images/frame699_jpg.rf.0f1261730b3fc4f077bce1cc6518935c.jpg,a36eba0b0dcf78d1787de53242308597c525528a297639f0f476f18381d6bb4a,f00285ea15ff055f
data/thermal-1-filtered/train/images/frame45_jpg.rf.96eb4109a745e38132c82671eff238c5.jpg,1dcf3a6a8fdd4eb8a1457f89336da36d51f02a44dc137cd7ef40aff29488b8f5,b5d5951d4f8c9c0c
data/thermal-1-filtered/train/images/frame582_jpg.rf.2d001ccd371e45899738d78773825c30.jpg,4398dd6a59b7ad1c2fed4545d28558e2e4696895b6a0ee70b198d873146ae0d8,a07dd1b7d42d1496
data/thermal-1-filtered/train/images/002231_png.rf.b90babdcaf58b9e1fd5e5bb59a0d3f39.jpg,4dc6738889cff0e5e797c5ec0fe388372631e3e12a682ab5f0a9c4419bf2a84d,ef7a3c02955a9067
data/thermal-1-filtered/train/images/frame3_jpg.rf.d3fa2c1b2cc3b4a9192bc8fb8f000c6e.jpg,ca4ed0421bc4048b340911f83bb36fdce364b92c5ffccfd25575c6e94c6fa191,9919912bda1be9c9
data/thermal-1-filtered/train/images/002291_png.rf.5755a52b526e65c35130b8af0fa1e5aa.jpg,be5d755eea04996853809bd39aaa44e44cf2dc01698ec07a9efb723a52ed132c,fe7fa25d90409a49
data/thermal-1-filtered/train/images/frame64_jpg.rf.e2aa747b4fec7569bb75e16d3b26dc66.jpg,5f8e7ce2f5a2939f9c7342aa83ac1fcf2f08d25dc4f8e24ed4091dc23a0ff7d6,d8ed85941f33193c
data/thermal-1-filtered/train/images/frame664_jpg.rf.1d8485dece3a97698920704ea4cd2ad9.jpg,baffd37f472a38f24f2dc2915fedf3586cf5441065b06c31d6cc17b3437aae58,ba92a8e4a9c1bad3
data/thermal-1-filtered/train/images/002052_png.rf.4685ba3a9787f588351b986edcc3ed33.jpg,43716f2549ce42b628dc32413d982d7bab9d5ed9f2055d459aab9630887c848d,d37f8481013e1f3d
data/thermal-1-filtered/train/images/frame676_jpg.rf.cf456464463bb24e845409fcd148c02d.jpg,1ceec1e9de72edc937d41c707f5c94151eed9d56a847c729c800b6dcce0b586e,eec4fa90ee84f818
data/thermal-1-filtered/train/images/frame199_jpg.rf.5e14a5d0c1bd3cb3a9cb68e9aa215e08.jpg,879ceca5ffc81629ea9fa92c8a0af1b71e48a9ba48dc7e45084fb9bf5d60bdb4,9cd552e563256ca5
data/thermal-1-filtered/train/images/0_0_000459_jpg.rf.06488ae86a2f2d6c205e769deedc0669.jpg,d9ca8108fb6bf01beda8b9608efdd8cacd8556824ad7ab7287f18c3ee08f1319,814a976c5d4e5bd2
data/thermal-1-filtered/train/images/IR_BIRD_012_frame120_jpg.rf.7dda935554bc13c2cf5badf00ab25103.jpg,f324f1681b8f0a2472d58b067293181c1f29f5d940bef10dcfa372d2a549c368,a94a5559555515f5
data/thermal-1-filtered/train/images/frame111_jpg.rf.5b7275f492c63ab35e708295f515cccb.jpg,be6507d370431924ddad5ed72a049172264cae05b1122cc087858c6dc7a8dabc,ac8c5acac9d1c56e
data/thermal-1-filtered/train/images/ir_2_029810_jpg.rf.0f861684a2e7f383cf95257678ff4298.jpg,f51ce48afccccfbb08f63a10305e9e7fe5b83e4bcd5c5f92f85ae48dd812d905,fb1b976724640d32
data/thermal-1-filtered/train/images/frame471_jpg.rf.0f2358804c42a087dc4c87ca940f5772.jpg,12071f096a8f6593a22b9dff455e447a1a8785e19569d7fbb396990deaec5fec,a9bd553e922a160f
data/thermal-1-filtered/train/images/002407_png.rf.81843cebb79fd5b8818af6d44d444d8c.jpg,6911427c26edfc736010d0dd8d4ed3a214713716bf97e787b9e88efefc9598af,aa7bf708ca15c730
data/thermal-1-filtered/train/images/IR_BIRD_012_frame203_jpg.rf.5714e05f1eb458c41ba63ec82f835bc2.jpg,e089d1837f749aaaded99ea464ff3850900fbad2de0a34639d86d83b883fb8e4,fce001475f5f1e48
data/thermal-1-filtered/train/images/IR_BIRD_012_frame114_jpg.rf.1f503f77b6446a06ca752d1da7a6cbf6.jpg,dceb13c9fc3fa90452330421d002db3e4ee0896b2d7734a2c2353485d43b3a4f,fc1f40bc5fa058b4
data/thermal-1-filtered/train/images/002778_png.rf.d3d55060739a918d1dafd422987dee7b.jpg,bda9165c6ebf8df5dd40d766ac633ac2106d4e9ab9c88a092403d6ab4e5b2967,fd6c31ca3588267a
data/thermal-1-filtered/train/images/frame345_jpg.rf.2a0c1daaf591e3cb76ce3d5f2c57b984.jpg,d052556371303e22d45650e6f559d8ace4f431662565e969bc6753cda7a95b87,8fd2f2e979313130
data/thermal-1-filtered/train/images/003730_png.rf.2767b58792d5ef61dc33c357ae19bbf6.jpg,8addebea968acd809b67c04e65a5b64f18fdbe55aa8e027752f2882219afe65f,d56a157a16f30ce2
data/thermal-1-filtered/train/images/IR_BIRD_012_frame211_jpg.rf.5c036bc96b0dbdd91f1cacb84ff66952.jpg,380150f84fa03fa505ed07b53e1b7834a94d1a502f57a65c1d25aa3ffb7a5ed3,96cd44a371b85cbc
data/thermal-1-filtered/train/images/IR_BIRD_012_frame9_jpg.rf.b82d4a8158a17fb833ed0690cec04c62.jpg,ef274e14c9a1eca1b43a1b9cbc079170ce6c9a4f5526221383c16416eeb35c8c,d52a956a1dc06b9d
data/thermal-1-filtered/train/images/frame654_jpg.rf.6648e7a3c3cc7fad2b8f22208616837d.jpg,f52af6dbcbc220b619bea9898dfc35e2aec4543cd27ac232bdccbbab780bbd39,a5c2c5cb11f155c7
data/thermal-1-filtered/train/images/ir_3_015160_jpg.rf.97d2d7ae26d362512aab76fc36d6d6e5.jpg,50fdbeeb6156ed2337c3e13ec46d22255c4983d7c6277e1558958d3d90c737b1,843f443c59b953b5
data/thermal-1-filtered/train/images/frame453_jpg.rf.c91d2b757cc4a7cf2814fb819c53f858.jpg,0610ec23de210366aaf613e8af1c04b361a934fe91e57212295d873c0433dd6f,efc43072b03cf03d
data/thermal-1-filtered/train/images/img_0456_png.rf.d425583c4ec2ea6c80d7884319d9f85d.jpg,c17ffee6113f9f51ca5a9cc6c16f4c4a264dd3905a981efc61192edbd7299c4f,8d6745be5a1c493c
data/thermal-1-filtered/train/images/003826_png.rf.f69149104eb1ac3752c24fd8ff99bf56.jpg,7d7f908fdc345d7fbef30e9dfddb923f4452f3f128793228a192e7f136a1c309,d0c000f81feb1cff
data/thermal-1-filtered/train/images/003026_png.rf.d78c7dab0b0011ac9e57eca85f697680.jpg,c115023d409debac76ed43a0f4c7f2924f2107885d105d54bdead84f9cf47b93,952a55525b5255ed
data/thermal-1-filtered/train/images/ir_3_022090_jpg.rf.e2422f368ec1acc08c0cee42bc1f253b.jpg,9460d0f8712fb69aa0b538f7b3bb50cbe9cec047907d9d674db6835aa2c81429,ae2ec60cdc397878
data/thermal-1-filtered/train/images/IR_BIRD_012_frame296_jpg.rf.1a83702be7f0b74a8cea07bb89160508.jpg,bf38f83e124615be60758345354d25c7048f03a26d0bbd1c1d6db414daf8a69e,e331cc66392cd729
data/thermal-1-filtered/train/images/002412_png.rf.2910102fa05d5569ef511fb56b90737c.jpg,0b04443d6f12b62d64a1d3701fd44684b40da54fe14a1e78bcb70396574abfd6,aa7bf709ca15c630
data/thermal-1-filtered/train/images/frame370_jpg.rf.f58d8d7df85f82ebc791b64824eb0602.jpg,c439e0b7157e5bcc17688c0d64ecb32b7cb2c3dcdb94676adc5c5da33cc0dc60,b9ffee980c0a6644
data/thermal-1-filtered/train/images/frame535_jpg.rf.18482623ee13d8ff1605bd8a77158fdc.jpg,02426020b3eea6056bf8ef0ff667b87e41da879bf0d55c7ab1fc8ad3d6b5d96c,f4df950f5080193f
data/thermal-1-filtered/train/images/IR_BIRD_012_frame127_jpg.rf.8687cf6b20897e7e7089a9c54f6c384e.jpg,a04736cbe04f95512bd8e21e25b96f5fe66078e6dd311a98a20d39897d77a5f0,a9b555ae54aa551a
data/thermal-1-filtered/train/images/002006_png.rf.e5a51d5a33cda011125c8504f5751be1.jpg,9f32da8c908a5aca966f577d85b71bc711ac58be01ed91396370435fe9db0024,842bd4555f275b07
data/thermal-1-filtered/train/images/002378_png.rf.745189d06d29e9b75e1962ea7802e439.jpg,b7a86c2c5453df8c901739f88a8d9af4ebedadfd6a934a8f43f2e3311e2a7e32,d07f801f0b341f3e
data/thermal-1-filtered/train/images/002693_png.rf.774d9146cf647769a801617880757e01.jpg,7d6462e23e10779a2b89084f55378b9569ada12d5988965e97eb9bb31feab72d,8dc053da515755d5
data/thermal-1-filtered/train/images/002820_png.rf.c7a5f76eb77997dcd3950c9ebbb170fd.jpg,d7fa784848a42aea607592faf9efb5999b984532bd9d32b3d07e8c0035c4f3e0,852a55555a555d57
data/thermal-1-filtered/train/images/frame705_jpg.rf.a06d51944b37767f819954f6975d1860.jpg,9a3b6426c817c8956dc7f33f94475f25aa07ea3e573adc3b4cac00518c09730f,f95fa442a550ad5a
data/thermal-1-filtered/train/images/ir_3_036060_jpg.rf.43bd69ac807cf7e1f373dc175e09138c.jpg,c5a7c228325688af861b6bb20418e31dc53c5466fbc3d74234176d52752d1f06,d0ff04170f171f1c
data/thermal-1-filtered/train/images/thermal_tzeelim_021720_jpg.rf.3e9e1376956788a742801b48ce6edf8b.jpg,84c26fbca35597e8f2e236b9f2ae921aedc14625756edc1c870db82ee1146afe,d08000eb0fff1fe9
data/thermal-1-filtered/train/images/frame190_jpg.rf.6f45f432ce1a491bf0fa189b5ecb9cb4.jpg,dfb103eac85b7225725bfa196c7687477a62bad41b0f45617c4512eea6c4ab7b,d46807e498d34f5b
data/thermal-1-filtered/train/images/frame319_jpg.rf.3431a54e95b860e6313c7774b033c0d8.jpg,981aa3316b781c13143297ffe1fb81e6774615540d9b28a479cce39ea8690b13,b59555950c0f1f17
data/thermal-1-filtered/train/images/003799_png.rf.7a224cbdcbe3bf9b31f13e77f614c6a2.jpg,819a9f81d22378c96a94735c1b2f01fead2bd7b286d94de352f5e83e435d7ffe,95d555a446924db7
data/thermal-1-filtered/train/images/IR_BIRD_012_frame110_jpg.rf.3315fef24c88b3e546c6b0197d37a4be.jpg,a5928c9d92b1d3a185e59f4b8020d8ff186edafc4e567ea3872d3d5a9dc1253a,ffff50075007500f
data/thermal-1-filtered/train/images/frame61_jpg.rf.0b7e1d1676ed382b551c3903a21f4aa5.jpg,cb316959a54df7c2ba73be07c0442d86b97e5542548c8e3268f886cc392def61,a4825d58c86dddd9
data/thermal-1-filtered/train/images/002256_png.rf.7a3c54245e5819166e98631cf666011f.jpg,d2b365f93d78468f7df993bf44d01fea62e101c55a1a68f9e01e730365ef217c,aa2bfc06da25da25
data/thermal-1-filtered/train/images/frame493_jpg.rf.04a79d1f18fbab98bec027f4e4c67f2c.jpg,9c34236d9b5aa2f790ff34dd4a172e0a9a87d9072ee0899e45dce47d584c0daf,b0a090be95535b5f
data/thermal-1-filtered/train/images/0_0_000082_jpg.rf.0710b33f1731b5d980b321b954d28a5c.jpg,43036344bf91479066a9f9760e482f27ebefddcde572ff5a01d3150136cc48bf,c50e1979b18f938d
data/thermal-1-filtered/train/images/003796_png.rf.13a51b72504eb4ffd184caced04c75e7.jpg,0022d1b2980a9656c7bebf4d12394d781714810cea95c8411217d4115b8bbd61,8c2a5556654e5d5b
data/thermal-1-filtered/train/images/002359_png.rf.70b699e756244ad54cd234e980a904c5.jpg,ecc7a7a58d1c628316f171db6a6bceac12c9c66133c655f6362fd23e9c135aed,ff7bdc168107804b
data/thermal-1-filtered/train/images/frame110_jpg.rf.cc6265f699a8b724bf171720ddb2f60f.jpg,3deb9060a805ccbb2772a40a17c9640acd41dcd452b1bbc39dfa3c36112523c0,eec6068091d93f3e
data/thermal-1-filtered/train/images/frame146_jpg.rf.9c39019c4eff15ab51f5afd98708e758.jpg,9458f8b0988b7b9045cc88fd64ccc759521c8fc79b8e7c69d3dfb6ee69c87ebf,89c81417755dde27
data/thermal-1-filtered/train/images/frame507_jpg.rf.4177c5639a06f87cbcec7a8fad1a8d7c.jpg,378a73b1a503ed3e3dbb13437a121c73df484abd4b2f6f2628782e43e7181595,ff01deb6a4b48198
data/thermal-1-filtered/train/images/frame388_jpg.rf.8018bb653cf45520e0ccefeb74d556be.jpg,5c76d7334649fb639363618b2caedccd6a80f54826b9eee211cdfd1501de9c07,a5cac469555e176a
data/thermal-1-filtered/train/images/ir_052880_jpg.rf.59efeebf21b396dc762171e3deb2aeff.jpg,b8386e5d65352a552b4aace3c39cf3b43ecae4e6f9eafb18d93282de739f521e,a4c7c427d1bb18ad
data/thermal-1-filtered/train/images/frame196_jpg.rf.0c164709b9d90d765e3a71f3b3f05cf5.jpg,52ba36b21c5c5d703c5dbb3efcd0f95fb9078d94b61c55a90e9fd359925e0c7d,d0585f9dc8f686e0
data/thermal-1-filtered/train/images/002705_png.rf.b534afdcbe70ee50f71d88fa6e62333c.jpg,6f210c5945ac497c2b0a1f2596b10ec3ef7a252f89cfb95cab4a03245961f1bb,ff35b5059128c33a
data/thermal-1-filtered/train/images/frame461_jpg.rf.6f9a6a0302bef988754d8c1a88d0e39a.jpg,d4c7354c615603555008dbc925989c531b78a4d21ba37912ef82aadd3676043c,9568c1605fd4dc6b
data/thermal-1-filtered/train/images/frame362_jpg.rf.71c3c2fb881008eaf0e0c9476c70fcf5.jpg,b019c0a2d3b78055adebc3846f389be32ae311dc27ce5be36b959b482db84874,8415818ed7af55b5
data/thermal-1-filtered/train/images/IR_BIRD_012_frame52_jpg.rf.917b77c42a4c2a00dca228b31259eb9e.jpg,6fa5f1d0131927b594e4321cfbf99df9c53c0e77d502df330410326ed1988ea8,f7088c7708d57f18
data/thermal-1-filtered/train/images/frame177_jpg.rf.3e5af8a7ce3cf36f5032d41c9f7ef7f1.jpg,58d1ec538cb8ce15b8b856a35797852a9f8f32a2bd3b8064cdc7f4786b02f156,e593b3958d1e1e0c
data/thermal-1-filtered/train/images/frame212_jpg.rf.b17aa92c91ba7db4b00e8262eafe9a92.jpg,555f39d277db3a352cc54bd91b68ba73de3e363ded0cd0763515f6bef3f269fe,c8bd1732b43c3987
data/thermal-1-filtered/train/images/002016_png.rf.1d45c4c4d9c001521057c6e41fdcfedd.jpg,66d7ad3f76750f97c9f7223ffa87af96104a2ae47f5586fd07f784c1c7dd00bd,85ca55565a4a5f55
data/thermal-1-filtered/train/images/002067_png.rf.23be1df0df243d554b33d9036cf376c0.jpg,b5064410fe590e62cdc8425eedb820baa473bc7b68d7d138b8024e0d68b6997b,856ad5e95a565a52
data/thermal-1-filtered/train/images/frame43_jpg.rf.76405d87d30cc4b9e5415e938a3729c4.jpg,6df5c61fdcdbb64c5aafe27924177b4b0c010e869f46385d4bf6113833a27823,a6d781ab57051b0f
data/thermal-1-filtered/train/images/003022_png.rf.21e1ed1f8a2db19dc89e9047888425b6.jpg,08c0167279ea54ecb05adfcad2ed2fe87a87da87bf83f8606bb43055d3cd40ec,ae3bc5384eb1c718
data/thermal-1-filtered/train/images/frame372_jpg.rf.9631ec705565faeb6f153623735e6a21.jpg,767459432deb5d3711969b78684116684b3a82ebee7896d5e0786877a2923d9e,cdead0d051d47276
data/thermal-1-filtered/train/images/frame355_jpg.rf.b1c80b0bce2b5da1510f0968682cf02a.jpg,a532ba38d3423e52bf39040f907eea7e6649db0f63b4a18d667c781cca01510f,b9e7a7b312135342
data/thermal-1-filtered/train/images/IR_BIRD_012_frame193_jpg.rf.a9cdecbde038b70c8f396d3357d44d1f.jpg,1df8d802cb33b228bdc742bd99df345d696ca769f3b00ff068d84f24a77de68c,aa4a525a35b5575a
data/thermal-1-filtered/train/images/frame449_jpg.rf.dfff08e70983419e8b34d347575d85eb.jpg,86ca2bf6fc23192359d405a30d233d35720f5215fc8df05d872a6ffa4722ada9,989d452f943956b5
data/thermal-1-filtered/train/images/IR_BIRD_012_frame137_jpg.rf.fccf347a2e9181b8adf9912679621e25.jpg,1479e28b6b8e88f8cd2e221fc0fa0b7f7723c8907eeccb76a3e2368e83c8facf,fce000fb03ff404f
data/thermal-1-filtered/train/images/002769_png.rf.873d464e9a01eec367012d447af51411.jpg,40e4e122c07a9423cf8c45b3d7511b321d72832717bc83da48069db74413779d,d56a05731d33c9d2
data/thermal-1-filtered/train/images/0_0_000005_jpg.rf.dbb59961ce2c921ceead80efa6555650.jpg,c10396605f567533f3551fdec9558203c78da3f946d310d884b92c2e2d29055a,c54a05f25b73136b
data/thermal-1-filtered/train/images/frame440_jpg.rf.73fc93b4043ada20dbc36f31a8e2c4ce.jpg,f242cf9514075493152a089a402229789fb7cb655905a8c316fcd2f58afec65c,efc4883d7ec0b40d
data/thermal-1-filtered/train/images/IR_BIRD_012_frame273_jpg.rf.957da3da3907cb5e5cf1a7fb0243e9ee.jpg,99e35204721a9ccb65a1afe9255a48e80fc2c37f8ac82284585cbf621e8adb2b,a24addb72ccb9234
data/thermal-1-filtered/train/images/0_0_000151_jpg.rf.d878f3d09e30764b68bfe433aad0c8d2.jpg,3d6382fcba84fe7dad5ddac52c36ae5f8227f56ed263de77e6bb8c1921e2f3c9,ef003571c50c776e
data/thermal-1-filtered/train/images/frame229_jpg.rf.b580cc6d9d3173f41c5fa25b474b9cfb.jpg,20ca29be5b2566f5bd1a3dbb1a5082326b05f6f91db8e6f90ac15cee2d201738,d42914f343f419eb
data/thermal-1-filtered/train/images/frame687_jpg.rf.a9d3991a5a7ee2695f55778e73b42788.jpg,6c65586d07156b4f2958253b0ff38d5c697b342d370b7c9e3d8e07dd2a8d8b23,bba0b3c0acd3e853
data/thermal-1-filtered/train/images/frame54_jpg.rf.e1f7ad815828440c1093497882248b6c.jpg,c39bca9c8feaae36ee7815a13151ac72357e9cd3e0055b22701d25bf237cec71,b89dd5974d05039b
data/thermal-1-filtered/train/images/frame120_jpg.rf.5791cb3e092912f6516c4ba229113f5b.jpg,33e864bde2e6abd3be9fce05dd8de56bce684ec91fc8b9dd1b36c2e69d9109eb,f0c0109c9ddb6b3d
data/thermal-1-filtered/train/images/002398_png.rf.19ed3445b785bd21cf1170c700183920.jpg,00d6cf44a211d518e0b6daf1f4b0f45a2fd7c0fcc346737dea1b47eb678c757f,ee2f8209dec19669
data/thermal-1-filtered/train/images/0_0_000230_jpg.rf.5e304952b011fb61ef176cc2a62c4446.jpg,f090535ba94000ec1fc878a86f52cd5c3854e6c0a7f432324f69a89fd955ddd2,fb04e30cf01fe01f
data/thermal-1-filtered/train/images/002453_png.rf.1a1a6606ad2a1f99e6b1196fdb0b32c9.jpg,75a7394cc433f67ea7b63c767664ca0f3fbfb2ae63f3fbe27ac60ee52b76a4a4,bf7eff5ed4008001
data/thermal-1-filtered/train/images/0_0_000281_jpg.rf.2959be6b0896b8134507e4d593ba4aa5.jpg,a95b3faa83e73ad1d337a4243cc9377cfadd576718d6d07f590f9b79ba2d32ce,cf760e388694c9a7
data/thermal-1-filtered/train/images/003100_png.rf.4c32a850aaaa0775244706d0b87fb21e.jpg,5d25c43b5df61716667933e9a39268d9911fca215b73b0e46b506404a0fbac23,852a55565c515dfa
data/thermal-1-filtered/train/images/IR_BIRD_012_frame216_jpg.rf.513e8b1994ee8f7c0dd367706d553530.jpg,da0ca2267c97f17cb60ec65e3110f20105538d6afd37586fac722bafcb0bc1a8,c43f1186673b1e87
data/thermal-1-filtered/train/images/IR_BIRD_012_frame63_jpg.rf.35cbd55d5479bd1c16f4ecbc609815d8.jpg,85eac514a56ed94e3a02182a7425e587da19fefbc650676a7940491706745b5c,a568544b4bda5ad6
data/thermal-1-filtered/train/images/IR_BIRD_012_frame25_jpg.rf.171947a4f68671af2da09f5ead3ce3d8.jpg,f31835301b531b2b2953050f05848586140b9938ff42eaaca6365181880523d6,d42a957a0df74a85
data/thermal-1-filtered/train/images/frame63_jpg.rf.ced5e6bc21ba327e2a18f6c5ab231579.jpg,a8325c73f5877d0ca85bcf5d44d98b109dedbfb65151ffb943f8d41a597cf2e4,f03f45fa98874c91
data/thermal-1-filtered/train/images/frame174_jpg.rf.35b176b7878322487fa0fa61a54b7033.jpg,40eecfe88050c382664a2daa84850d63f9a89522fd7f655303a28000387c4b46,c4d5d43712cb4b33
data/thermal-1-filtered/train/images/ir_050260_jpg.rf.7ab784d0908d6ff64c205c9c0dc36f8c.jpg,4634177acdecdbc5346820d8ecfc75728c2eebcafa9f0748ee61b4ba36cfcb19,a4358f4b5a5296a7
data/thermal-1-filtered/train/images/003748_png.rf.5cdbabaa76fadabc28cf6d29af8b96ac.jpg,c2ae2341113e605cf592d6a987be5eddc81565453e6682b1a969c834906e6230,f76a2d7886728d60
data/thermal-1-filtered/train/images/frame440_jpg.rf.88c7d0dc10c994fdc257ce53b0cae0ad.jpg,e328ff703a6ee027286abe8fcc96deb411f825fd0afb4e9fca66c15083505afb,e6cd161bd9cb0983
data/thermal-1-filtered/train/images/frame574_jpg.rf.47a271cf19f69eb1594feae69a4598be.jpg,2a6b3436dd44896edce0eec3aea532f1468e2bebdd25b92feee2b7b46455da6e,ea55d9b4d42b84b4
data/thermal-1-filtered/train/images/002389_png.rf.a69327a696d48cff59671b8ef61439d9.jpg,5486c3fd52d0d36771431545ba9ea26c4248ea118dd00f26c239314ad4837d34,ff7ab15c8514c138
data/thermal-1-filtered/train/images/ir_2_022720_jpg.rf.560cd2edca9230ca1904efa21ea615a6.jpg,d2cd84b29421a3104f308a1b1a91142fde275ad80bfe248724209472a2406e4a,f16e611e2f1e2d12
data/thermal-1-filtered/train/images/0_0_000129_jpg.rf.0e499f8001f3c6bbb789bbf07c35f3b2.jpg,0b4d65c599fd8ff7c4052c15fe16bc67df873e45f6c8677f66d11c85de45a7f1,c4196e4b9d277a1c
data/thermal-1-filtered/train/images/frame433_jpg.rf.176a9f3619ece504a4fd1b7b04f71f1f.jpg,53a7c813555028cdc9ecfe4a9ee27d23678518a9e87b955d114654c16408c23c,e4281d770cfb1fc0
data/thermal-1-filtered/train/images/frame430_jpg.rf.1fdc625d261ee08e2d1808ed8bfd8fbd.jpg,9edb2f1560e91af5c723f01ca018fc4cfcdf79b62682c3f851a0515943ecbc80,ffd0962263c1e362
data/thermal-1-filtered/train/images/002041_png.rf.97c4c966db9639913713aadba7bbd089.jpg,19813b627c3fc7a69a02c095073b7c562581b2c8b232154d7d8800e6a402c135,ff689248974f9033
data/thermal-1-filtered/train/images/002211_png.rf.ad062845cd91e9c9d99cc91d421fbd27.jpg,06bebaa5b493466c8817798241c784c732b66cac2046d64c4928aa89f0c9d1d4,952a554b5a555acb
data/thermal-1-filtered/train/images/IR_BIRD_012_frame205_jpg.rf.da6619825b30004f8d54b1616150e2ae.jpg,b14757e3297df4a60e27119e973237886acbd7759d72bc20ca4b13e610783799,c667138d361b4d36
data/thermal-1-filtered/train/images/003063_png.rf.92f3e16462076c066bf638a1ebe7705c.jpg,19ddfc01f095cfcd7f62789ef2b0b897a80bcd6fd3382f527621e48ee21c7ca9,a63b4c3b46992cc7
data/thermal-1-filtered/train/images/IR_BIRD_012_frame240_jpg.rf.a55387f55aef92c0b2c456acea2deb23.jpg,a8f452600d870ee3db54a6793115f0613474de0002a8914ac14711a92f911e23,c62219e413fd0ee7
data/thermal-1-filtered/train/images/frame593_jpg.rf.76216609ed1e47dd3c914dcd6dfaf3e2.jpg,6117edf02649e23a894f3aee3a845a0628f91a51c9ab4f6111e586eed4ad1da9,ecc2c1f111f544de
data/thermal-1-filtered/train/images/frame678_jpg.rf.f35d5d2fec15530a4a76d48ef23b52c7.jpg,6d496068fefa233288e438a1e1caad82b94f99bcf062c7cb187f98a8ef5739c1,eee0f086e6b83c86
data/thermal-1-filtered/train/images/003716_png.rf.ade37d47ddd20988118dd92840a65536.jpg,d7d411e60cd3700189391f8b2675e2362df247bad959d8c05e53b9a24e856781,fa6b7c0798c23d0c
data/thermal-1-filtered/train/images/frame170_jpg.rf.ebd60fffdf1dd553cdc5cdf15839160d.jpg,debfc770caa708f5f0445ab20310ad5ecb30d454787e1a8aaa592c3d0e9d699f,f35c8c8b87050bf3
data/thermal-1-filtered/train/images/003490_png.rf.8f34b6a02b093b54cc255d4503487018.jpg,7ed2608be75e6d939f0a5be688aab47de7ffecb50d419c84e1923791a31a3870,ff6a3d4823cc221d
data/thermal-1-filtered/train/images/003819_png.rf.a6b0cd973106db2ce18a1ed6506ea9e1.jpg,34cfad6b9f5e08d7ec2f698374f804af6348165b23eb8699e0c538be1cd9fec7,d18000cf0f7f1ef9
data/thermal-1-filtered/train/images/ir_3_035420_jpg.rf.1129cf617c6a3682b0c644983cb59bed.jpg,392950b6d80b4e208e42d97b053e0cc424f1327a672ace58eec750c2f71e0793,d17f001b4da55cb6
data/thermal-1-filtered/train/images/003710_png.rf.0a6ca233f3b8a54259995f318f9e8b88.jpg,b41dc08a34187a44d72b1d728a1f711908f74f7f7175836d0b72ab504c329d3b,d08000ff1eff00ff
data/thermal-1-filtered/train/images/IR_BIRD_012_frame18_jpg.rf.1e78b6957780e5c41cdfff07a846c63d.jpg,a4966bc884fe3e3b5f8475f6c26ac03cfc11e1458eefbf35639dc408f3c44a2c,a59652b65a2d562d
data/thermal-1-filtered/train/images/002352_png.rf.4c1725da5fd8cc8dc9e827fc775089d0.jpg,53287ed7853d449a81f71308888ab25036ac6051ca579b50ce7d32e40a76567d,c08000e31ffb1ffb
data/thermal-1-filtered/train/images/002827_png.rf.85f7eb02fd135ee4e02958bb6598e33b.jpg,47beb2b3778d5d7f09656635f6994e08ba9bf3176a0f51b5c35d184db02ed942,ab2dd925cd81ad31
data/thermal-1-filtered/train/images/frame133_jpg.rf.1dfe5f03e8df95382650dd3ef52c8401.jpg,993f99549d91689a180aa36c31021b73b54f75209ddb42b05de5d8144af5f1dc,93b4e859c66e68b2
data/thermal-1-filtered/train/images/IR_BIRD_012_frame290_jpg.rf.8c20a9ee69203064ab3cd7356df9bb52.jpg,f68fb06cc153b03aa3e5c61b16b6012b6958ccd08f4019a8402d0271425e3070,a24addb72ccb9234
data/thermal-1-filtered/train/images/002833_png.rf.fb8fefcec11a4cf16cec3e70a3693882.jpg,d3288997fee65da318ee5f7f377938fb61e1b4413694b2f8fff5f581b94c5b2b,fc6a947084f601fe
data/thermal-1-filtered/train/images/IR_BIRD_012_frame77_jpg.rf.06de33b753e0604f58dbf1de9d78ecf7.jpg,c13858340cffa86e1112330d33e2e11105ba36bdb3ebe3ae3c8ed1205d8f923c,911fc4710ef13b8e
data/thermal-1-filtered/train/images/0_0_000277_jpg.rf.4d2c669eb1832cb6f5ae9a461b91c663.jpg,5cf3e17dd48ee9c3ee7566afb9701cbe1afd434719a81898cc7e5e974efdaa2b,ab63fe04c97a9c41
data/thermal-1-filtered/train/images/003098_png.rf.af356e29eb621607a2155a87524b6264.jpg,f6d375b67d32fd99b8401b27dcac60f7b771c0245d3b89317a835b5bc5e47445,d08000ff0ffb0ff8
data/thermal-1-filtered/train/images/002415_png.rf.9f146af5e4bc47b0c5a2d0d2aaa3ae96.jpg,e65bcd51ef35fb4c61a5c92d9b77d83223635acf1149bc66a2b7d3125a2e880d,d97f801f0f041f0f
data/thermal-1-filtered/train/images/frame269_jpg.rf.86b86e61771f9ec3bbd8ed321343cccd.jpg,43d58aeb8dbf1ccd4dcc34304cf3f392944ee9dcc3c1701808041a543f204937,a5c8d1595b5b5951
data/thermal-1-filtered/train/images/frame549_jpg.rf.5e75f465a76fdf2990678c58f09978e3.jpg,aa766b40baaad57c3255f52022f7aa9a2f9861e1af79b602284e1f47799edbcc,e5c2c5d911f95878
data/thermal-1-filtered/train/images/0_0_000277_jpg.rf.96a62fe5908a3846251ae02db2eb14c9.jpg,56d82c8ef78845b6cf42f7aadccb5db329855f3051ebd8d72d81fc772daa0fe3,d52a857a947a05fa
data/thermal-1-filtered/train/images/frame350_jpg.rf.ded53df82e9c0d05bfe99f5b4777249b.jpg,d3371eb52cfaf744fff9713405dbc3d3190eaa7ffef94781a80d7f719fe3c475,e2c8adae6f361415
data/thermal-1-filtered/train/images/002303_png.rf.594a1941b83e309ef524317f2c709b59.jpg,263ddf3a313e3a4862500314d63e98348ecf2317dc1452ce8dccbb401ad59586,d17fbf03980fc0b0
data/thermal-1-filtered/train/images/002288_png.rf.ed8489a830897b17fce20b1ea1dfd872.jpg,fb68d3cc2f319eb7bc6a2f3de741d495fbc3aec33d1bc60a472a9151efd27c0a,ff7f805784618866
data/thermal-1-filtered/train/images/002829_png.rf.547d001a512920eef5e180609d3f6102.jpg,8eb88f0860f89526f7a65a988298865f13531404ee4a859dfc122be0dcb09e8a,d07f003a0f805fbf
data/thermal-1-filtered/train/images/frame351_jpg.rf.9156dac1ed1c11589d5f66a05cd952c9.jpg,541d3ced38acc7a271367e18e2cbd5877583949eecfaf8fbf4ec6687d2add1b5,eacc8cae67371415
data/thermal-1-filtered/train/images/003746_png.rf.e38ffdf15ae6c63a4d15dd7a887e8af0.jpg,30023e33706d890545c7637d8d6d3035812f4760570260a6d3aa1cd7e277df09,846a554c5b555f53
data/thermal-1-filtered/train/images/0_0_000116_jpg.rf.7044a9e4de436935ad31ac2df2eaef24.jpg,dd179592c3244aaa8deb7c7889cf94acf08f2b05e7538554ed989676555f6ba0,bb00f483761d8b76
data/thermal-1-filtered/train/images/003700_png.rf.06d9ea7eae6ae5dbe56867935bec8dfa.jpg,8f5e09c848b864b9ca6fe8faff39eb95fa337b230bfdfa7e45aa394e1fce905b,d05f843f27fe0701
data/thermal-1-filtered/train/images/003042_png.rf.221458d41a8ffb07deef9a93b3e6d768.jpg,adf85bafb148c2406e5952d09b6879ef464ff4344340f867f7cd09c332064d39,ba6d9f6017a04f32
data/thermal-1-filtered/train/images/ir_2_032760_jpg.rf.156a092d92ac797645f1145ffe55d36d.jpg,cfae2ed0edc798504f4212d6df5801f90102d24332165806a355dc7613437198,fb7be407091a8a17
data/thermal-1-filtered/train/images/frame680_jpg.rf.ca706d2f6de29517184bd4317d52913f.jpg,44694165838f39751a3d3ebdf57b385c1bfef1f8ff3f9bf27de4e3848e8434ef,ffe8ee2caa9b8200
data/thermal-1-filtered/train/images/IR_BIRD_012_frame41_jpg.rf.a7d0ff112c4b5b86f7ace01a1cbe9de1.jpg,f6343b4b41333af5bb30bdef1d2e2272d50bc91e2d4558aa51bcee74c6af50dd,f7188c7708d47f18
data/thermal-1-filtered/train/images/0_0_000252_jpg.rf.190d0eaa8a21a7ac6ea265cced16460b.jpg,22b57c345996dae80f603d38ceaaf26b2f6d580b9fe85acf101bbad7c5cacb16,833aa5363ee21d55
data/thermal-1-filtered/train/images/002401_png.rf.41f74a4c677ba8c557a3abcbf4a05d84.jpg,135516e900da08112c619d17cab0369fd496c54d0ed050d4f16f3c0477b82626,d08080e80fff0dff
data/thermal-1-filtered/train/images/003842_png.rf.abbef2a6f79da634c3b770bada29bb88.jpg,fccf38b9fefca212afdf9d6ca1762561687b28ccbcce979564664684117e31d8,d1b780070f1fdc3c
data/thermal-1-filtered/train/images/003038_png.rf.16046f35926c48dec1722028300ed8f5.jpg,1c04b746612dd98afb5464533c07e90ced477538c224dced2ce10ddd5dd67be0,e93ecd3641b6cc11
data/thermal-1-filtered/train/images/ir_049450_jpg.rf.4485ebcd2e02fd733e4f9591e57bac79.jpg,c57e190883a22eb1451dc6dc77c3633018950aa968f6c6620e0aef1b88e33918,af3ada40953dea42
data/thermal-1-filtered/train/images/003763_png.rf.0e38eeef7fe5db230c2a2ce3d13588b0.jpg,ac60fd02d43f8386a8dd1bd44e2f875a4b3f1102572c0b3f743509efc2a8c3ab,d17f803f03981b9d
data/thermal-1-filtered/train/images/002360_png.rf.a7cc8f6a0c24a770af3f6bc1992cd880.jpg,5c2274012a90d0f7f7bd54784a092278fbf5d1d4ef2ca6645ce7fd8426922e76,ff7bdc168107804b
data/thermal-1-filtered/train/images/frame517_jpg.rf.d35bf231ce363fe3b96e492fb2c7d6dd.jpg,4c8488379352d8f32b656629818fc002024c4c163e14541f97cb2be337b5686e,f44a95fa01f956d0
data/thermal-1-filtered/train/images/002062_png.rf.074b1eca1c0e49873da4a0e44417b273.jpg,861177a1b53a77d1fda8260adc9b69bb621fb1a43243b9959f0a269814744d9e,af38a249b24fb03e
data/thermal-1-filtered/train/images/003814_png.rf.fc349a59990e3a78d43a592bbeb21803.jpg,162beb97525124b8225d9792bd8e90fa4cd3fb962cfb39a44f3a38322ce09400,fb7e817c83308e29
data/thermal-1-filtered/train/images/003775_png.rf.18d852c258eca9b0a20d21d943fecb4a.jpg,68a64166c38da787e1710216839756960600745cb86a1f2680868a03f4d1bc7f,952a5552544b5ddb
data/thermal-1-filtered/train/images/002422_png.rf.736b32026dff76934493e3c640e8d63f.jpg,09177ce283010dcfaff01aeaa7894dc4398542dfbb9f3282d78cde3c4b086d89,ef7abd42dd229022
data/thermal-1-filtered/train/images/002349_png.rf.f6cd48b0d885ddf7b640dbf56126914c.jpg,f687ec6ee9740cf166a7701ec426f3c67392716e27c7b6240ebfe703c1957d8c,be2add42d049f21d
data/thermal-1-filtered/train/images/003762_png.rf.2340250a1db506d174aa0ddf4c392a82.jpg,721c900a124fb4b21eb16ff5c93c0e33eea178f15687d461d9767632b9a5ca85,952a554a56655ecd
data/thermal-1-filtered/train/images/003744_png.rf.f9403b3f55b0aa50d0415ae3369c1624.jpg,4d3c9f3ca7f2548da68c2bf32a5f0cdf75820f483c5f00b3d7063e677fcf033f,f7682d7887728d60
data/thermal-1-filtered/train/images/IR_BIRD_012_frame294_jpg.rf.86b7398aef50be679f72111fbdd32b3f.jpg,d0d5ed87cc6f4183f4c10dc0c0a451cce0b353e3cc7af6b961f870fab61612bb,a24addb72ccb9234
data/thermal-1-filtered/train/images/frame724_jpg.rf.c4b9ce76d69f85ef5912eb04d311d70d.jpg,2a3ffe05b59255499618745173896c265e116c7feb0bde8d83f189560901b9f3,ffc2e916a856ac06
data/thermal-1-filtered/train/images/002572_png.rf.33ce2f9ebe062417b92f8cb4da350f3f.jpg,13e24365599358a7b2699654600c680284bae2f24287ab151253a6ea20807e0b,acb5d5b859ab4189
data/thermal-1-filtered/train/images/frame295_jpg.rf.aa0b10c31219e273d37c51fcddf18958.jpg,33624f0ba8717a59e8ccc85d2cb551b0a88dc6bb565775136fe611e46db36043,f07f809fc1941c37
data/thermal-1-filtered/train/images/ir_3_037420_jpg.rf.fd244c9ccc0d05c3738c4144064696ff.jpg,dc334fbe6860ff2237e7aed7e4efcbfb337716c3fee94f6c9607729a1510f38a,b4d71f8051be55a1
data/thermal-1-filtered/train/images/0_0_000017_jpg.rf.ae8c3230591346a5eb5ad71ee3656b61.jpg,69a24dd872ed8de930638aaa2cae5032ce80f713cf7705ef8f695ee3d6d48565,952add594147714f
data/thermal-1-filtered/train/images/frame574_jpg.rf.11e83842ccd340ca8c37e6ba88f1ab1e.jpg,a232de4f6de3deed130f8eb460ff62c057c475630bdb3d3a88f406a19df92516,eec6e8b9b0b48e06
data/thermal-1-filtered/train/images/002399_png.rf.8b10b4c2db4283d18dc9842f35d84ca6.jpg,8936413980cb2820e93a28ce4d868a5fda780115d9ee55fae7c930fde9be8ccf,d97f8017050f0f8f
data/thermal-1-filtered/train/images/0_0_000037_jpg.rf.663169baa80f37c6e619f0dc60017554.jpg,19ff7416436d93412a793e5147e0525bf5a78674a372b89b667bc2400600f2f7,803f44af1bb05ea7
data/thermal-1-filtered/train/images/002614_png.rf.6a39728e4d3eff73a0c882a311ce6207.jpg,ba234f520c04d020c7e6b12314c299d81ea3beb81efd6f4afa5de58445b475a9,85d5558d49aa5bb4
data/thermal-1-filtered/train/images/frame392_jpg.rf.ea4642c5c189f42ed9e6d506b6998b2a.jpg,8d95a184236be8fe5b3550928faf79cce735403225a5730b5de9862fea48c9a2,e08aaba5355a4e67
data/thermal-1-filtered/train/images/frame527_jpg.rf.a557c8487b5249647add127203bdc0e0.jpg,fd9337ca883cab45f7bcb5715b9a7309f3e3f6f72b653464381455af3c0b50c3,efc0ff90b838902e
data/thermal-1-filtered/train/images/002334_png.rf.09b8242b291c48e4a7f2ec5f4b4698e6.jpg,8623a9061ae8e11c801afaddb263124a71dcb5f5172febe4b4d839e7ad6245f3,aa7f9c52c897c132
data/thermal-1-filtered/train/images/002430_png.rf.4d7a994f05399905fcaed0c932993f1f.jpg,a2eac198c353ed5f41d09d8b423a4f69ece33371fc1b9eda2ddebb3b1cd41c71,aa7ffe49d209d060
data/thermal-1-filtered/train/images/img_0257_png.rf.4bff777620aefb2bf6a6a04cc37bdebf.jpg,79e39f23e63a3d4af8b66d616eef19d6f870be9aa41afe3535bc65be4062d8f2,9cceeb93046c53b4
data/thermal-1-filtered/train/images/002711_png.rf.73437da16893d05e67659ba0fea32cab.jpg,07589c17f9bc3507978d5a01eaed2009cfcc39e08fa95a22b838fa5394989209,803f40af4ba74b37
data/thermal-1-filtered/train/images/002441_png.rf.668feef22789e242826b7d173eb77b58.jpg,ce9ab30a08de985ecbac9757aa0bce0c7a2444713b5d8438c793d5157a3b170d,aed5d1b1d5a550a8
data/thermal-1-filtered/train/images/003094_png.rf.0f22d2f1539cd0a44c3e74ebe03c8ba1.jpg,a028b970b187c6f1c1028c7f0efa4742db48315c8fe4b6ec3b98a87a21abf953,d18084fc0cff06fb
data/thermal-1-filtered/train/images/0_0_000106_jpg.rf.2985b076d1c64e8f8619d9a455a1ff9a.jpg,0a6d0ed246ee9c52ca948cca79ec1fc3e3c78bde991d3b99765b9c6a3ae33545,b46b443f2a554b2b
data/thermal-1-filtered/train/images/002296_png.rf.08b901a200df3a14ef0ad0cbb0cdf0ce.jpg,526e736ac7f0390a5f11bf01c1494587eadad830c3b757bd3d5d452b0fc90146,d0bf80841f1f1f1e
data/thermal-1-filtered/train/images/002589_png.rf.8c9aea584fd22a983880f350701bdfc5.jpg,4e69bf8d791abb508f435edfefbe29f1623dd6f5bd9d00f28021e1475cfe8811,f56a156a94f500eb
data/thermal-1-filtered/train/images/frame317_jpg.rf.c5a68de96b16ce9b4bc826575224a265.jpg,3219db9fd0d77dce42dd8cd5bcff91e5a2070a6b3d61dce0e5df07a8307c6681,b2e2ebca694a5a49
data/thermal-1-filtered/train/images/frame577_jpg.rf.a72285fdfe4e0fb2b485c7a7842e9a6a.jpg,cafd6273847a95fe7b51cd356d20bb11ad59a95dbfb0ea0e02b65d20e4b0becc,e44a95f249fd1269
data/thermal-1-filtered/train/images/002529_png.rf.285668e7ce585f108ffdd2d879f37177.jpg,2c8243d69db3b0988e7a5d1e4665901066f7efaad573eefc1f78ddaad3fec8ed,85f555ad52ac5895
data/thermal-1-filtered/train/images/frame266_jpg.rf.1f4e11dac71dd6641a8cc26d92ac912d.jpg,7a11aaad98e4c4084fba50555bcba2b7e3b03a6788178af04ecd3f5c49c8ebe8,aa6dd097556ac4aa
data/thermal-1-filtered/train/images/IR_BIRD_012_frame194_jpg.rf.80cf58b55196e2eb4e02587b1d02c596.jpg,3e1cb6babdd35d3b837531c321dd617b33d4c3da6a08fa368ffd1c79a8f15c3e,bcf8007f505f036b
data/thermal-1-filtered/train/images/frame319_jpg.rf.bb2a2967b9b623fb981e7ae107911780.jpg,ae7eb709ab2d2b6fa96131ee3a5c78d49df209054768d936393fcf55d4987e9e,f09f801f1f0e078f
data/thermal-1-filtered/train/images/002274_png.rf.f280f71526c562586dfa020a2488334b.jpg,2b0f82e2daf51f20aea501f5d6198a2111d710c106133febd6f5b1d632cd127e,aa2ad54ad55ad4d2
data/thermal-1-filtered/train/images/frame491_jpg.rf.b5ae13ebb5dcaebb3227f729271a6543.jpg,4857123cab590cb4cc6d159de72b92d0c3922c000c51745813cadd84ad454c32,b4d5858c589a1f9d
data/thermal-1-filtered/train/images/frame393_jpg.rf.ed8f6e74b186d91f4aada93717d6ed7d.jpg,9b4f17a662e008519af67e26c483a8f3bb3f2eba6e3d7c4b1ac5686efc7e4cc8,c08a91d5555b4ded
data/thermal-1-filtered/train/images/003808_png.rf.94270fd35c1c6f0d065941b3b17471e3.jpg,1601ec330200110b209478771809b1e5976f2a886e07f4004e7a4b0f72c00c53,ff4fb05ea11c8720
data/thermal-1-filtered/train/images/002744_png.rf.044f27c498599ce77d357cd53854e74b.jpg,e9c07b6bf79c36c1af7bbc290cd4f6497662683bb44b061e73e3d6730ae5604c,956a55eb4a555e42
data/thermal-1-filtered/train/images/0_0_000018_jpg.rf.8dcb5561012aedbdd262216d5bdaad30.jpg,1f8a83bb7fd3ed9aafe9ea5f9ff5baaa07076dd7b4ca14d7e9a1822e2f001769,9cc7cc254c33778c
data/thermal-1-filtered/train/images/003040_png.rf.33b2e02d67d66a3465d7110933550bdd.jpg,1c5f16fe9541431f4390147258bb4db0778c50383cc30425ec0d7d027956dd83,bb7c8f7043a44f12
data/thermal-1-filtered/train/images/frame357_jpg.rf.e71b8df2d5713527264a5de461e68305.jpg,b9a35023023490ead84a2b07be5da42aa17135ea08dd62ad36febbbb39be2fd0,bce3a3b07a105b4b
data/thermal-1-filtered/train/images/003047_png.rf.b6edadf7307928d8532a714bac28784c.jpg,39ae5b7f96756a2e39b9214e8b6fae685d55be8e43e580407b154f1d7c716722,a57f402e45ba4ab5
data/thermal-1-filtered/train/images/0_0_000281_jpg.rf.6e796b72fb1f953030c273f82081da92.jpg,bf2a1f3c42ba03bf22fcacb7e75a9010edb72df06b355506df03c76ccbcedcaa,d06101f81fe70eeb
data/thermal-1-filtered/train/images/IR_BIRD_012_frame288_jpg.rf.957b732712169ab2bd98dcbe0ce45828.jpg,6dbf651de1269fed2a6a7114746ad41770d6d1b93c5ca7b78f2962b0c05afe29,c7234ce719740f63
data/thermal-1-filtered/train/images/002026_png.rf.274fe80ad4e9ca4d1c62e0cc78300e2b.jpg,0a516beb68f762bf1198d30c1c9387ccb6558cd767537a6b29d1a600e33d9270,85ca5549695a5e57
data/thermal-1-filtered/train/images/IR_BIRD_012_frame231_jpg.rf.4d3f5e13e9b3db7dfba347c5ab83977b.jpg,5b67c8aa8fc81000ee13e7f60c8b4c0d68c76b76703d3db5447b9a199ea61328,990a4c6e465f5d4d
data/thermal-1-filtered/train/images/frame69_jpg.rf.8f2a6c492cd055bde8f174d379dde8ec.jpg,0d97a88942328eb3c6bc370c4855aca88ad9670c5e703ee47af375bb879e91be,879bfa8cdc619912
data/thermal-1-filtered/train/images/003746_png.rf.a85ff5c78b4ae1842d54858371c61056.jpg,e123dcf8107bd3927a41511b64544b93b8e700539f0712b64ba9ac86e55ed761,8a1af56b72558c55
data/thermal-1-filtered/train/images/003834_png.rf.841d593dcb4cdc47a3d0b9174c50edfa.jpg,301f7d11112feaae362f6569a1fe3d286d4fbe854e0873dcf7e6a48c975bc78a,8535d5ad4ab44daa
data/thermal-1-filtered/train/images/003736_png.rf.487c349f5d869c7f65a32a6b5810bca9.jpg,a6f5a121e63e55862581756bff89c9d05e3e5a1a6110cc16eb47699cfc9211c3,85d555315baa5cac
data/thermal-1-filtered/train/images/0_0_000054_jpg.rf.c938ab57fe83002949fccc6e2812ed88.jpg,280042ea992a76adf902803266cb52c3126d70b1c6f05d505953167154441423,a58a55494bd6555d
data/thermal-1-filtered/train/images/IR_BIRD_012_frame21_jpg.rf.eeba89becd5561c2c27654283789a536.jpg,8a1992c15d2552c0887b11dcb7904abb0698ac9d57297339fb59fc7f54249efc,a5b452ae5aab542b
data/thermal-1-filtered/train/images/002745_png.rf.95b4994fb46a6d308c27a66aef9d80e4.jpg,5c9195d82cce333e0f6e6807ee81267fa5e7baea3b400c6d1c11dbb7c812c96e,d18203ff2cfe40e9
data/thermal-1-filtered/train/images/frame235_jpg.rf.cd604aef9a541151e7a0c28fa735ea55.jpg,149fdedf2f2dcb6c805d1d1e04cbaa067911d292dbbbb0fd3b8cd0c94a9a29e0,89d3f21946cc1577
data/thermal-1-filtered/train/images/002290_png.rf.52fb489522219cd0486764489eb704b8.jpg,c6bd0aa22f0bd8ab12e7c480084dea5382b35b5cbb05fc000490e8ce21f88d68,8415d5a55aaf5caa
data/thermal-1-filtered/train/images/thermal_tzeelim_014860_jpg.rf.b753dc0312d724e16483e9904e923dee.jpg,5fcf47f94a716cd8caa24928285040fbcbb55a67b30fa5b6ca0e4dbcbac7037d,d52a156b14ff00f9
data/thermal-1-filtered/train/images/frame427_jpg.rf.d4008904cca2394a7e3611c4eeddfc59.jpg,476405aaff0e2b8db236507f0600beb09e9906576562899306bf7b6db3906833,f797854a66cac864
data/thermal-1-filtered/train/images/frame386_jpg.rf.7be36a31273b634b4353efd7893e3c77.jpg,895eda39f2726f76c1d4efe95e78d814f2d2fb39600939a90dc970b84208094b,a5d50d3a5f2a522d
data/thermal-1-filtered/train/images/003765_png.rf.076bbcb0dbc12459565541ea033c6804.jpg,56565860178305e08b2f0eb7c5b10be1a9e79c5d025ce42a993def0fb97e9af3,d1a000c107ff1bff
data/thermal-1-filtered/train/images/002077_png.rf.2db100767cea061a7c075458f95641b9.jpg,5434fb0d87401a7f33899bd0177577d85ec04a2c8f15a72487b255b0f517c0ab,d56a15ef1bc508e2
data/thermal-1-filtered/train/images/002290_png.rf.19eef98e19e49ad492e9d049436648cb.jpg,362f07961adc90b15e6fae972d0631093e628d36c64402cd3b0823f1dcdd375f,ff78a3149f40994c
data/thermal-1-filtered/train/images/002392_png.rf.7b07894b44707d028312635e79f576b2.jpg,79b622ae0c4cd499504e3fd2e7cdb882277447489f8d66f13e4cba3f97b1e461,ff8094f884c086ff
data/thermal-1-filtered/train/images/003838_png.rf.a51b1738a9b225a91fa123f76f65f865.jpg,12dccaa03811ad114910fe3a5d22f56e97004436873fa2dff9e6f20042793030,822bd62d5b94ad5a
data/thermal-1-filtered/train/images/003810_png.rf.fdebb6277ee11c1adb673485387be6f7.jpg,9ffa96eba8242cd10f91526276370da6c9429c7683ff6f74427696cce13445b2,95d555b45a8a598b
data/thermal-1-filtered/train/images/0_0_000067_jpg.rf.114e19ab039f04ebeed97195faad0e18.jpg,dbc889dfd3c01e7797e1fee45e34d2614a99eb325c857868e38ff32b12b09766,c03f40b277285bbe
data/thermal-1-filtered/train/images/IR_BIRD_012_frame27_jpg.rf.cfc49b6182eb25b46026a3bb46b2656e.jpg,e3e32bc91690dceb77d876dc15fec864f4d05352f14d8e72289be5b38e58b76f,f7188c7708d47f18
data/thermal-1-filtered/train/images/0_0_000066_jpg.rf.ecc00aa42e987e420d8302e643aab4f7.jpg,49f1b55ea4abbce3f2c8ae7ab6606c3cb99ac5d69033c796653ba7f329600f3f,eb1c95621cb56a4d
data/thermal-1-filtered/train/images/002252_png.rf.8f7c56e1dc6355d773c847e8741136ea.jpg,49ef88b5432f4d4b3b82ad738d89e9a6294d40ef5257c551d6d82a762cc0cd5d,c08080f71ff91fda
data/thermal-1-filtered/train/images/002385_png.rf.435619d05009c750ac66aa3d2a775510.jpg,432bfdc536b165298499a3efd681ecc2be884169f2252887202771e421a164f4,a03f402f50af5ba7
data/thermal-1-filtered/train/images/IR_BIRD_012_frame284_jpg.rf.4430435359cb552e57e8fcb2402e77ae.jpg,02679197d91044c97568505234359435904a230b6bd7974403990297acbe453d,a24addb72ccb9234
data/thermal-1-filtered/train/images/003863_png.rf.d6f0c9d045412c8e4e4625bc399af6ea.jpg,bf43282d8d7a698372c72ae4a21ead47419221891f67c76c1de05504f8cb5b42,b629722d5ab56c13
data/thermal-1-filtered/train/images/frame556_jpg.rf.16af786d6a0d2a7b4ecf9f01cf7a9fa3.jpg,4592968dc27c6dffb496cdcd2ef636a43a3145b89cbc2da2e7d125446e529e5e,f1e0c07890ff47c3
data/thermal-1-filtered/train/images/0_0_000102_jpg.rf.2c697fc3507a1e62c48c2496d26a9efd.jpg,c02663180f1b2273e327eb64ec3087dda7149a8ca334d1ad09c3113b3067301c,b56e4c1d2a554a2f
data/thermal-1-filtered/train/images/frame55_jpg.rf.8fd5c82c6b7fe9f20d676810efb0a881.jpg,30569fd60ee7e9eb21e9df384b40c681ecc61ad687aa663244c030c4e8bf3f7e,b8b5d7926c2c334a
data/thermal-1-filtered/train/images/frame520_jpg.rf.b7e17fca9fde456a3e98b18c79c3d738.jpg,6eb18155dfb33f556dfc0b66d73877e6321c6855855e716512849a7c3656fe0c,b54a95f201ff1649
data/thermal-1-filtered/train/images/frame158_jpg.rf.2c74f9c20d338e27ec9a007f51140422.jpg,f03d423f9a61ee16f071dbe1c2df1fda5c223690222bca7a727a4877c88a3e39,e3c715181f8f0c3d
data/thermal-1-filtered/train/images/002024_png.rf.c5553f13bf075ce3ad62519bc1d82f3c.jpg,ad26403e31690705a4317446179ec289bec2c3309a3f2db549fba17a1578ee05,952a55661bf510eb
data/thermal-1-filtered/train/images/0_0_000082_jpg.rf.db77ac854ea960e14bb79bf7f6a6a619.jpg,f2e1875a2d992fd703f24e1a0b9048c1199e9246eb6ef70f6f7bd56f394202a0,c0c009c76e7f19f3
data/thermal-1-filtered/train/images/IR_BIRD_012_frame205_jpg.rf.eb3caf626945dcb6e1755aae73d04f13.jpg,56fb2620574ea6f1195ebdca76e3c16551a8c9cc373505d3d97900ae2eb81ae5,a22a4cd1b525edcb
data/thermal-1-filtered/train/images/frame353_jpg.rf.2ca1406f94f864ac157421b6d2d4bb72.jpg,c332bf2cab0d72ce9dae3c0b7d0b91bedd1b78f3a30eb9914889d256a02ece15,c17f901f803f469e
data/thermal-1-filtered/train/images/frame137_jpg.rf.8ad22a9f6e7f082dd5546e8d18d4a49d.jpg,73689d5ff59f9a8e94f90730e25c07c8a843ce98b1aace50f757006ec30463d6,cb7e6c83bd598184
data/thermal-1-filtered/train/images/frame216_jpg.rf.7e926f5e629637499eb77b09ff55a237.jpg,8479c9c46b7ab2a91cb357ba4b27f80f16978bb38e4cf9b7cb857b6c2eb046d7,9d2a0a9d97c24ece
data/thermal-1-filtered/train/images/frame550_jpg.rf.34886d636fa71fa60834a1c45b507c7c.jpg,eb2434dcd59aaede96209314ca36c587c46b82d5676ce72b8e86013a3db5cab6,b4a091ca4b5f55d5
data/thermal-1-filtered/train/images/002255_png.rf.f0621b7246e64b0bcdf33e970f9c0602.jpg,d51de7e96f5b21dd833eca3ac20144bdf5943220a1fad7af3831545dbc0f580a,ff7eb0508c708f42
data/thermal-1-filtered/train/images/002066_png.rf.430766862a70674f3d89b2c3f7bd8d4d.jpg,0ef4fa8e04631635e333736b173421237e23c23bdfa4f061d46e6f88e3606b15,d56a15fa18f700f2
data/thermal-1-filtered/train/images/002466_png.rf.4af05825df1cecd13375a5b7c6ab14eb.jpg,fcc8c2a4e840545fed047914bee621863f16968ccec0b4b9d9a2fe058498d618,ba7efa54cd12a502
data/thermal-1-filtered/train/images/002707_png.rf.cf49ad848c3c966d3c35561296317867.jpg,59f927cd11eeb1da7afbade6e473e643fb4eca09e657f6834900657da3336664,d08080e11fff0bef
data/thermal-1-filtered/train/images/002775_png.rf.295bdc0a179fea89d2d210d9fc550fcd.jpg,f2e5eb9d4c2701b03e1fa4fdb2c72083bce546323e54b783396c6babd8affc6e,ff651cc5384d8a70
data/thermal-1-filtered/train/images/002411_png.rf.bc9b2fdbaf8225dff1aef090f86d766c.jpg,d287ef2547f077052d553b9ecabe9486ffcd5a8cf8bbafe723855b924efd8bd3,852ad5435a555d73
data/thermal-1-filtered/train/images/003749_png.rf.4d5804be48dfcfb6053e03932b2f82d4.jpg,31d567264e221450a741af50b3f589ae2af9208d8522914a89402a20ba30c551,d1c0807e07ff09f9
data/thermal-1-filtered/train/images/IR_BIRD_012_frame272_jpg.rf.ab39cac45ef82dcf1abd82c56491d521.jpg,1baea256ca83e5289f3787363515e8e192268a275d05f5d89451eaaa6b2fb0e1,a24addb72ccb9234
data/thermal-1-filtered/train/images/003829_png.rf.cbb574b3fb5720f08a351e72e9da6a48.jpg,1f9b1074b3fa96e6c2cda122219ef310c80107ee441a547a057efd3fce0257f6,f37c07710e639c07
data/thermal-1-filtered/train/images/002686_png.rf.dcad798859631a70397b721169ce3f6b.jpg,d6d7a0ee0ff5914ac8c0abc0814e1da53d69e83af8f306a892af58b987f5a5e3,fb7a3a40b3d68312
data/thermal-1-filtered/train/images/0_0_000047_jpg.rf.8268ff0cf8d3d1266b9b1ba0c087b4c9.jpg,001295b4a71d08df5ad5ae278484a96b0b1ef4e4841147c62a23c653824cda9e,e03f01871f1f438f
data/thermal-1-filtered/train/images/003806_png.rf.631f133b077ac12061b16678d9d3dc9c.jpg,0550642ccc59683a4827707a0a2f662919222e5a1b8868f68739c617bbb2fe74,b52a156b16f902f5
data/thermal-1-filtered/train/images/IR_BIRD_012_frame217_jpg.rf.53efb1fa86bc4acc7557f5b21264583d.jpg,13f7ca926f977b6a9f46829083b30ebad8d70554c2020d9b2306cd412ac0690d,926e48d1b625ed8b
data/thermal-1-filtered/train/images/frame238_jpg.rf.f09c90fc726d7114788b1baa0028a060.jpg,e5395cf25231082b6a544610e580b096f78549cced099d8b0a4bab4b83551cd8,bac6d513cd9924c3
data/thermal-1-filtered/train/images/0_0_000184_jpg.rf.d9a808460916962928c4d8b6065dbe0b.jpg,6e795868cf7c3e200679d08b9c574e0e545aec8d617a1ec23ab5ee6bb10b8d99,aa05ed65d26ba558
data/thermal-1-filtered/train/images/IR_BIRD_012_frame56_jpg.rf.6e258367939d621554dd3893e122d184.jpg,ea3e9712f05cbe566650c3c5f6b278c1ad75aabe00e25a705d2538a4db7318c6,d52ad57a1cc07b94
data/thermal-1-filtered/train/images/ir_051080_jpg.rf.c887d66727f0fcf6f789ebbd4d15fe73.jpg,097f8d09b4bff973cb1402b1ecc9dcb69e565e074c831ff5c1e03f4a340b0a32,aa1fd9c71ce21670
data/thermal-1-filtered/train/images/frame331_jpg.rf.52fa723639d5a9fac85fdc567b48e304.jpg,81b944a936f6bf61ef7a8415cf018c4120b006f5dd9c4911091dc32e650346f9,b2e0eacb694a5a4b
data/thermal-1-filtered/train/images/0_0_000047_jpg.rf.7591018ffc03707725575a122802d291.jpg,b406a5c57790cea9f73ecfa662971c8549c2dfd14c3b6673ec4737701c8e8ba1,e0c401793bff41f1
data/thermal-1-filtered/train/images/frame519_jpg.rf.30a75d5b250f733748ed0354319b595b.jpg,f6c647062cc0fc5006af121644b98351932fd75cd47809c102c7ecd428976258,e0e0c05c5557577b
data/thermal-1-filtered/train/images/003799_png.rf.3cac93a440c185317908c56990086ecc.jpg,be89afc40eeb02f07ea6543089cfdc3f51ef68ab2e335b1ce341f820d343cf7c,fd7f90072133911d
data/thermal-1-filtered/train/images/0_0_000165_jpg.rf.ca80774e94474e9146379ebb75293e1d.jpg,a12b4e04291ce6c440603c355fa7f8368ec6917e795ac56c7f40e9bc910076cd,de6a0924f20e0ff5
data/thermal-1-filtered/train/images/frame575_jpg.rf.e785432f09e2479d21ce95aa65fc6adc.jpg,da6a0fe38bd9ae37a3c13e973ad3d2237395b8c5e797bf0af29c2c8bb5682d3f,eec6e8b9b0b48e06
data/thermal-1-filtered/train/images/002379_png.rf.a309e657e4e2a42dba93a42c9bd5dd81.jpg,82df743de65bc8cfa891a2d46611d6e33e95173a69c4abca3583952ca27a46fe,f52a157a1ff500e2
data/thermal-1-filtered/train/images/frame274_jpg.rf.d083c894ab560bcd13d5cb788736c0af.jpg,13f9c8ec4d55abef054574ce90399328eef89b44912f571ade1273b07aa6044e,fbcc8c8c8c8fc626
data/thermal-1-filtered/train/images/frame489_jpg.rf.8d722bbad8326c95d790f63520b41a38.jpg,bcccab853cdd57ec5ac2587bfb2164041f5d02a8137681d50e50b0c832c8fae8,ff8080fc137d1173
data/thermal-1-filtered/train/images/002076_png.rf.fde553178cd4a37c99bda2d3b254cbc6.jpg,2157f2f35d55cb0c1bf0d4bc5f4fc681cf5365f99a78faabd5f3374830175d8f,d07f05070d1f1e8f
data/thermal-1-filtered/train/images/frame234_jpg.rf.2ad8744728b5e19fbc0cbb2a48266531.jpg,d93b03eda253a9d5ce46c6fe50c0ce1c24886723accb2c0ead507f93df00c047,e692210d94b13f3f
data/thermal-1-filtered/train/images/0_0_000192_jpg.rf.e90297c20b2e56ffe9a3704fb6f8f849.jpg,6537cd61f51a4129a7a9d2b0ba90322b5f557695bbf06d317ba5afd09f33dc8f,ab00e230f97cd64f
data/thermal-1-filtered/train/images/003776_png.rf.551172b3a655902c5f734c78fc372fcc.jpg,ef5168e57bc75f3088f266553a33b2c1944e8de43103cfb47270cb24a1e19c8f,84d5d5a557a84eb2
data/thermal-1-filtered/train/images/002277_png.rf.656224278fa9f0499ae6a707cd1603c3.jpg,b7f68da8279590563d38823e0e97910eff8633ef5e860b582fac90ab1241bf4b,95d5d5b55aa41526
data/thermal-1-filtered/train/images/ir_3_022200_jpg.rf.0fe1a85dc9ecf47d02f9aac4aa21ec2e.jpg,fe3b0b1078daa5e7981da3a32d605b2b45af08f4d870d725c714d927c9486278,aa7af878e5e21461
data/thermal-1-filtered/train/images/0_0_000060_jpg.rf.78ccdc47cb3f5b35d0ec38c4a8e152d8.jpg,cb0d2977542ce672abf1278121cc2b0c9ea252976fdb73a22485b8c5446997fe,a59255696dd6554a
data/thermal-1-filtered/train/images/frame440_jpg.rf.dcd53e8852ed5e83f3909c85cdb1330e.jpg,d5ddbd4b9d0e7747bc38d050e7368a9621efacb1ddd48e5b56b7cc3581840e45,9c9fd5650ba5050f
data/thermal-1-filtered/train/images/0_0_000019_jpg.rf.313ee01abdf2c6198ae8aec9d3519cfd.jpg,e5b586c714c9193d0e2ad5a3fecc9c5ecdc643c8bfb9e0a9cfd588fe72d3dff1,e97f1686a96b4216
data/thermal-1-filtered/train/images/001982_png.rf.a3ce035a11a20e44a5724dd9dedf1350.jpg,aafdaf3f75ffe57319003b4dcb693b385d38c98f1ddd09b875ead3e32253af7e,813741b66fd295aa
data/thermal-1-filtered/train/images/002768_png.rf.acf8e9ce09c593085010e8f17d5b77a3.jpg,9fd08ae742c02586c279134e87de1c59e59fc38ffde737c08fa177d2bcf9ecf2,d56a14fa1e63d462
data/thermal-1-filtered/train/images/002399_png.rf.06b58c6c94d35ae01ccd0d1405cb604e.jpg,1eab9aaa2c867a167c1e246dbb4338f83d03c997030de3ce433d05fcb425996d,d08080eb0ffb0cff
data/thermal-1-filtered/train/images/002128_png.rf.c083939d8e1d9df023f11508230b69b7.jpg,a4fe7c9c1b37c2c1165a8a906186216da2ccaa4068c64cacb92ae4bf009edbde,ec37781746995638
data/thermal-1-filtered/train/images/0_0_000091_jpg.rf.a1d4786e67b74c06aa352904a1f98cda.jpg,3eea336f0cf03552d28132f69221ad868d4b0ba91da5f4cfccb54de47d8e04c3,ca3f2d1037af9095
data/thermal-1-filtered/train/images/0_0_000360_jpg.rf.7c8f1553dadf62a4cda57213c3e59406.jpg,919f14943fa5a7c8fc97668deac5e674366e25b4d8843375cf3359e53dcccb4d,939555b45ba255ac
data/thermal-1-filtered/train/images/002294_png.rf.b913554fa2d72f88e9b28dea298eaad9.jpg,60f82c4269acd713648f345354b755db17b2b89f3a3f1b7592e4ba7081160bc0,c07f04301fac0fbf
data/thermal-1-filtered/train/images/003803_png.rf.0e62bc4ddf33401f9cad97e49fd45453.jpg,990d1f1e4e852ea4a7aae87014d9520b8bcf7af5edb78e96c1e29b5ee7395b43,f76ab02f855a8f20
data/thermal-1-filtered/train/images/frame400_jpg.rf.7b5e515d00f1670994e92ed18fb1dafe.jpg,6be205cf21935d2986b0b3233382d58c137ee11124bc045e4a27af1d7ae526b9,bdeef6700208f8f0
data/thermal-1-filtered/train/images/0_0_000276_jpg.rf.8698fca6a47a771d5517d7272717caf7.jpg,abd089e0aadc85354d25dd7efa477247aff71bbecb22905e9452ed9d02e3529f,a96a55625555555d
data/thermal-1-filtered/train/images/frame600_jpg.rf.a861cb72a7ab3aee2085c02783c92e38.jpg,fa0d51196a59923f9c0c728774f034e64f57855fee9f343b1290e6bbeb8ed652,bab380ece1e0d2d3
data/thermal-1-filtered/train/images/0_0_000016_jpg.rf.88884e734181e5ef93a4de4e8fdd7fab.jpg,ab788dc11b9edccc27121712d7dcc58ef3f365cb3d8fd40ba10992069a7cf459,c09008f31fef37c9
data/thermal-1-filtered/train/images/002060_png.rf.4c2334f98ae983cfdea30c3044dc2c97.jpg,4d7376539e25a4f43da79b3ec7bf05b0b999ad491352f9d1e3191c14aa7f7bc1,ef3a284bb2cab04e
data/thermal-1-filtered/train/images/frame589_jpg.rf.fc98d98ad456ed55ffdbf1c95698e921.jpg,ce9922c20e7458fe4aaedb8319bf913ac048a40da27e5f42362b689589132195,ffe0dd3887c78030
data/thermal-1-filtered/train/images/IR_BIRD_012_frame136_jpg.rf.a923f29b2c96926553597f9c3289bce3.jpg,b4099aba43931221b8cc3cae4313c9dc27a8d91e8d3a4fe69d39d121b5921250,d40af55a8b740bf4
data/thermal-1-filtered/train/images/IR_BIRD_012_frame249_jpg.rf.612b648d26e7a831e8f905578540b48f.jpg,1ea65f98bea7452388afc995a9299239583306e9430d2b67c3662dcd0f72c65c,d52a15c3719c4ee3
data/thermal-1-filtered/train/images/IR_BIRD_012_frame159_jpg.rf.d621dd28d4d9141d1ae7838e6ca6edae.jpg,0ef175b8a3ca164a8b2319b55ad577776cb9a3feb56229e5ea100c15f76d618e,d609f649897609f6
data/thermal-1-filtered/train/images/frame266_jpg.rf.5341cf8358db765e59e8898728458eb4.jpg,99aecd124ea4bfe9a28c47f1e7d67e56512a23333f47f6c778fb3d5a5c508147,e4df919b1d981d03
data/thermal-1-filtered/train/images/002715_png.rf.c44845a698a058499da51b1bc8346650.jpg,294d016dc24c5951f36ceb95b5b96b2518ecb6daf16912370ba906f0ad277b18,aa3af208d3ec596c
data/thermal-1-filtered/train/images/001981_png.rf.8a9ff0180bbfa10020f78c521a417015.jpg,d7ff800e609f5ddd4a091533f9502378507b2aa28149caef2d107a9cf828ed5c,92d359a90da557aa
data/thermal-1-filtered/train/images/frame49_jpg.rf.9fdebaf4313a12187ec533daedcc52e6.jpg,d8fe80683e232cbe04b13d4092f2983611c715603f3b3b5c4ee885e1ccc83b2e,f0df810f4899399e
data/thermal-1-filtered/train/images/003065_png.rf.5ceb07ebb6e3c119046872d5b772c691.jpg,c8fd33ff0ffc94f1b16b68f3caf700f10fdf1bfd81dab9de0230034c3a9097d4,803f40ae539c6db7
data/thermal-1-filtered/train/images/frame234_jpg.rf.9fbe8588bc9acaffd21a92a75f34cd9b.jpg,0c02c0871d033791688962e27f55fbf81dd635f863cb93ee505f9671df344795,817dd0a7153b5a95
data/thermal-1-filtered/train/images/frame57_jpg.rf.b04cfe32dc107e1a1054031b09fd793c.jpg,af6335f70c9edcc2b58c988c55f4b48130217c16c5588828064062e19972ca98,dae380cc37b3e0f0
data/thermal-1-filtered/train/images/002257_png.rf.b11cce7664c613502adf4c19d976b5e1.jpg,2e8d7f7feab6c745a3bdd042a32473a39f4d053d21fdf08a037eefbe534200b6,d09f801f0f0f0f1f
data/thermal-1-filtered/train/images/0_0_000051_jpg.rf.15420d2bfb9f3966a87fd16d70fdb73b.jpg,2ecc2f5fd51404ba8052b8ce0881026afbcfbccfc941055484724185c0809455,a83ab8fa9c5cc46c
data/thermal-1-filtered/train/images/IR_BIRD_012_frame25_jpg.rf.4a1e44aa98695bc789c4674e059e5edd.jpg,3f41363d286460ba2dc8ddac3ec769cce147fadac6f63c1e805a4313e45ea34d,f7188c7708d47f18
data/thermal-1-filtered/train/images/frame350_jpg.rf.58671d794d986002f743bedd7427e74e.jpg,c4f36c83b300beff0795a7e15edfe7aa2059174b4d88d8570a544b84f5c03928,f01785bd60819f97
data/thermal-1-filtered/train/images/003727_png.rf.b6e3a3cab8afea90113e1c5715cada28.jpg,9f3b3c8b0d85e02eaf9358e26923b5c30ba5c52fad1565523768989c1a379787,8a9ad531632bdcac
data/thermal-1-filtered/train/images/002735_png.rf.36810145a9cc0540dd0fbfb6ddf36ea0.jpg,aee745fc8a92cb849a5af679913972706695ea475381e2310c8d965a5d8dd691,f10180ffb73f0b05
data/thermal-1-filtered/train/images/frame459_jpg.rf.2559f5c5ecb1fe6b937d84dfe2062c0d.jpg,674ee17d9bab838869bfdfc34818cac15c9a72a0380407841c79e9f7f3f10025,e2d31f699d22dc06
data/thermal-1-filtered/train/images/002796_png.rf.69a317e0b2a336c866d41757a7489f87.jpg,636bc2380548f33fca429689b8da18e9df2571e9988d8aa9ef8ba26de89b7b7d,d56a14e912f79463
data/thermal-1-filtered/train/images/IR_BIRD_012_frame273_jpg.rf.044164f153fde61e7fc21c9d7e9f6c37.jpg,5e04593c859a15d3ee99c337fdf798c16e645b2b76e9ff2378fad548ab55006c,b69b19494dcc16da
data/thermal-1-filtered/train/images/002017_png.rf.978d061a97ac85189086030538bbcd2c.jpg,ad25fcb7bea98e5cb73dd35815417eb7353f8cbf614f08d4461cb3faf348365e,843ad52dea35d52a
data/thermal-1-filtered/train/images/002825_png.rf.29e52636b09dc99154c80efd7a5d8c75.jpg,aff49c7851034e15138841b11438d0eaf906f590e54627e40e0d765a80b8371d,d01f001f1f170f3f
data/thermal-1-filtered/train/images/002056_png.rf.9f90f16c3ab88154ff7e1acc8e40654a.jpg,80d96aa04ffe4a4cfb5cdff8d6d830d440ed6ecde70384e84970b7b8a7d97821,d52a157b12df0479
data/thermal-1-filtered/train/images/IR_BIRD_012_frame139_jpg.rf.2f17f388da0ba8e58ed629663f1807dc.jpg,4c151db309f5cb52e1205a111eefa976e28a5c2756ed5bc4389988810fe3b096,d40bf45a8b740bf4
data/thermal-1-filtered/train/images/0_0_000059_jpg.rf.4ec447f521d7fe60dd5b66fda5ab92b8.jpg,6dc76c81fcdb26c69846aa316e20194951309f7d16d7302c077fd579cfad71fd,c03f90a65bb544be
data/thermal-1-filtered/train/images/frame693_jpg.rf.f62d8e979d763e33aea5789acf7e7e14.jpg,5ea24eabf2b5c6bcda959f6598a2a21c11ec75c5875cc4273fb984730dd1e30a,edc0c5d845dc555c
data/thermal-1-filtered/train/images/1179_png.rf.49773c86ce07a1c5940c3b3a1ef29a21.jpg,954bfa93171f830685001c4eae4a7ce820a74e9404eec947ef06b72d06568623,c022017f0ff31fe3
data/thermal-1-filtered/train/images/003773_png.rf.78dd557002473f91a9f89c937b7f5583.jpg,3c50f5206bfc928c87b69f269ae37ff3f33f75e74433a541f64671b7e5e5dab5,f26f2c1d823b8d70
data/thermal-1-filtered/train/images/003711_png.rf.21a0c7b012890c8403b6241ea97943b2.jpg,ebe8734ccf782881d5034defa5a1743d7fa57ae609060b4c149d041b8aaf4667,903f402f53be51ad
data/thermal-1-filtered/train/images/IR_BIRD_012_frame225_jpg.rf.532e521bbf85e43b1063bf5dc39a8913.jpg,0a7b550604fed84832c4c9338b3eaf4322d28cf1de02b60a85aec597390fe501,9b33c618632ec83f
data/thermal-1-filtered/train/images/frame273_jpg.rf.2730ecb14128efa83b4ab793db043263.jpg,282fe489bb0022f2850296f2a987a3e310c7a5a9c509b5907d6e155f739ba789,f09d840e1f0e173f
data/thermal-1-filtered/train/images/frame685_jpg.rf.e3927d29abf9da16631c4d63437d0b01.jpg,9d962dc4518c04ca896cb395c514a336d6b620fa691d936470b7cfb5582ebbee,eec0fe84f884fe10
data/thermal-1-filtered/train/images/IR_BIRD_012_frame2_jpg.rf.e676ebe02f856c3683a37a758fa3629e.jpg,de8f01e1b02053d4c53a62a16079fcab7b61cd26357f573275816ad4fe39af6c,847fc02f5b843fd0
data/thermal-1-filtered/train/images/frame725_jpg.rf.1143f91d17d6d0ddefabf5193a68fc64.jpg,df5ed39a88f0c79c9d826b4be2e56c4c8b74a3720544992e6457842619727d33,bdb5d581d4a294a5
data/thermal-1-filtered/train/images/0_0_000048_jpg.rf.8461e3ee0e5db999dab15cd71099dbeb.jpg,bf0162c2840bcba40b3ee708a7800416dbfa605ca92408bf09ceb7a24cf03cf1,c43fc02f50a74cbb
data/thermal-1-filtered/train/images/002238_png.rf.36c4b0d7458f2409756cc774292dec10.jpg,c83b9be8698cb3de5d5a4e2bf562306a61b3c9c4d1a6627f379f1cb328aa71f7,f46a157a95eb0570
data/thermal-1-filtered/train/images/002062_png.rf.0544d5d0520dfc3172a18ab26ec53072.jpg,09e6e1b1b40c7e42a42af6b7474d06725c52ed57fa612e4284a48a3c81f165d9,903f403f651bd62d
data/thermal-1-filtered/train/images/frame372_jpg.rf.625d54be9fcaf7e19773c159cefff348.jpg,8785c679689c996fe8cd8b488fc5e68d84248ed9eb11bb5b2484d2ad14394ed2,98bfaf9c06007756
data/thermal-1-filtered/train/images/ir_048290_jpg.rf.5726383de4725ad717d19898f34b4eb6.jpg,a56dc9a456499ea56df0880d3a4871bd69ae6fb476cfe04ab70ab919f45fd91e,fb7fa45098e62648
data/thermal-1-filtered/train/images/IR_BIRD_012_frame239_jpg.rf.af878e0f10bad43dc3ec3aff13eaf351.jpg,e61b7b133ac2183a69d952dd55b5b13fd9db8c78f65550d93ba34a69c41e4b5c,c62219e413fd0ee7
data/thermal-1-filtered/train/images/001514_png.rf.5e91c04761257116616e0a8630e44908.jpg,3e79d78aa9b422e0f0620666d366d49197bbaacc804c101b2d9a6ec6d1852d6e,ae3a804b956a957e
data/thermal-1-filtered/train/images/002663_png.rf.4d0530ea04c43c87abbd471e700b5045.jpg,80bdab29220130eef998e53b32d90c1baeaf3799b57f6ef553cec78d2efd874c,862a556c59565d57
data/thermal-1-filtered/train/images/ir_2_017470_jpg.rf.f11226ec7c13e77e510ec5628258a512.jpg,be18996e5d3cc57f9f80b3cd53db2ac71f4f0135564e6170baddbdcd75459e94,a83bd950fa16d1f0
data/thermal-1-filtered/train/images/002779_png.rf.28355cf3721ceb66e3905eb89628795c.jpg,7b33e72d9b84f42208544d353d08b46db9adb870ef37650cd7320898e0064891,fb6a21c83f902772
data/thermal-1-filtered/train/images/frame143_jpg.rf.ab34da7db661b142ed99c2f9a7d5cb17.jpg,167699c92271c795288c0a78563586ed3daf871e8442b0f4df9923e3342fab24,8bcb8a1625ddd625
data/thermal-1-filtered/train/images/frame383_jpg.rf.7fb0bd14ff1ac0d248277d5722bc0637.jpg,3d358c1736fda17c44bafd2bdb18180328655b4cf2499a525889ddbd4954a8fc,cf87a28b285c587b
data/thermal-1-filtered/train/images/002724_png.rf.a7ab8b8799e2c6538d43810a9189ef85.jpg,bf23952b8dac67b4618ea0e84ec311407361be1dbd0df40738b241ab7e3ef5b7,aa2ed802f3375972
data/thermal-1-filtered/train/images/002687_png.rf.924ceb21a6a0d4c4c8c90858fd071e4d.jpg,b236af07be88d84de3310304b131f4f9b733825f2e6abc1b2d1a2e031d8046da,852a557a0ed70ee3
data/thermal-1-filtered/train/images/002435_png.rf.bb02d9cbfbaf2611da2535d1dc285f8d.jpg,5717e78ef1350edaaf9d64364c3dc3535ffb565bf7d55381890da439e6dba60f,d08080fb00ff0fff
data/thermal-1-filtered/train/images/003752_png.rf.9f84133167954eed38fa0593a6337296.jpg,bb00c77ec5531f04f2016f481d5aff05fefaf2b9ec9d6ce5a6f8262cfd9d795b,852ad556554a5d5b
data/thermal-1-filtered/train/images/frame599_jpg.rf.bf2d88ba10f3d14d02819854825e77a0.jpg,9c82231d7a7275a3961a13cc286487fa12e328e61a505ee3c2c167822eae1887,eee6e8b9b8848e06
data/thermal-1-filtered/train/images/ir_052880_jpg.rf.f34e95298a38e854403a37df5a221e5c.jpg,09c07010d41ef49c23259f8d60c3a99f8acc45938544b6071f4f5a162ec2ad1a,bc378527c3b25e0a
data/thermal-1-filtered/train/images/003045_png.rf.db8763bb161ec913c795747adb6409e1.jpg,fa9a1c8cd8b3287d6276bbe2231d1907514312baa2e27e916a19acfa9ddffa2b,8595d5b6562652b6
data/thermal-1-filtered/train/images/IR_BIRD_012_frame117_jpg.rf.982001cef7c3a5b711c05735ed777c30.jpg,b06e2171e9cf50a951ab7f499400341609ebeeb2f32d7e068825d84d83e54f46,aaca1552155e555f
data/thermal-1-filtered/train/images/frame506_jpg.rf.1035bb6d107ad8e34824dec29312b1e8.jpg,fab23be1792a6f74282d635d4a2519e13b8e443d7893422b1db86ac1f3d542c0,a15f840e51a95ebd
data/thermal-1-filtered/train/images/0_0_000124_jpg.rf.5e760919c06b45a87fdb36539f25e9d8.jpg,12eec8d14ae56a3eb553b8e190d1a5de4ce2c63800be54e70eeaf1ba3c88acdd,d1b002761dcf0edb
data/thermal-1-filtered/train/images/frame30_jpg.rf.f2d891a468c8e3783751e2310f78f89c.jpg,bb2eceaff401a6499e13d02ea4a9e8194a7242ddfb668e310ef0b518e5e1ea79,b9d5d1b11539d095
data/thermal-1-filtered/train/images/0_0_000060_jpg.rf.666ff929dd6c5664f0f01f502362654e.jpg,96f503f00af5380bead48c3e27f042de4d2a7e93b3573efba1d4855796e60259,c22b297931c799c7
data/thermal-1-filtered/train/images/frame169_jpg.rf.00e02801e9373fa95137a546b2e0d0cb.jpg,64274caf83c24b6b3e2de34f7c36cd132daf1fe36360fdf61f80ec3efca5b0ed,ac13dbdcd6535406
data/thermal-1-filtered/train/images/002458_png.rf.c2ee8e67f1f44f6930db27228cf55103.jpg,2a81a5a27b9fae44c4fe4aeaf10c200c6fb3e55ccc320c342169038fed4a2a65,fb7efb5cc402a041
data/thermal-1-filtered/train/images/frame299_jpg.rf.f81a3a18af760b2d5a7e5581398079e9.jpg,79e514a93e98c521f6dcbaeac3e1836ae624735da3a0121f60217a692a9e3ca7,beefc39d41545054
data/thermal-1-filtered/train/images/002460_png.rf.eeb8c83d48b63f51de169b80bf20b9d4.jpg,790abfc7011572fdac193f37de16dd15b5a91413497be9cb6bdf58fe6bc6e421,bb7fd93fc102c022
data/thermal-1-filtered/train/images/frame309_jpg.rf.d8a355224825b5532069d264d3c1ad4a.jpg,b6b7d30e2ff77083d6a90cd85977161571db9d1d1ac15d4980af5057ecd71c4e,a5d5953548caaf83
data/thermal-1-filtered/train/images/002254_png.rf.ca656ca745af1b6ad3847e306748fae2.jpg,b2c5148b1589e511a0a704232756d2a89febcd0e33f41a0d078d85cd726dc36d,8535d5bd52a651a6
data/thermal-1-filtered/train/images/0_0_000021_jpg.rf.98845eea7e44305a195a29b525aca547.jpg,35b7c9789c20a6182778ce03c81f0b7c2074632e1473566df8d417d4dd5369de,a03f549771a04abf
data/thermal-1-filtered/train/images/003751_png.rf.818e5bc702ac3e29d50f5ab40a42d113.jpg,3c7b4dc57156c3bfadd09943f31409a2f550594d265587cea4c36e6037d944c2,f76a2d7c82728d60
data/thermal-1-filtered/train/images/0_0_000257_jpg.rf.6db0955eb6b51459290718fb02974d67.jpg,622be663c71457c6da6cc3502186a560b0706209b9629d7e399b802bf980563c,fe01fc03c83f807e
data/thermal-1-filtered/train/images/frame502_jpg.rf.0e27d9c3a787792d5a7601cf010cced7.jpg,d810b10cd04860a9f4918b060601cea7b48c843784e1313aceae29953ef2a88f,fe03dcb6a4b89988
data/thermal-1-filtered/train/images/frame50_jpg.rf.434247f30a4acd54b860ec0cad0f5f37.jpg,a8bffd5e51d7d4391bd4372a95e46569abcbdb059900f0bea001aee79a587aa3,b56a95c2c17067f8
data/thermal-1-filtered/train/images/ir_2_030860_jpg.rf.57b2fec68b657fc7de821a3ca47e3671.jpg,967a43d8abac11439141301ba9ad6ec94bebe65bf23b8f0d92338e437d8986a9,807f402e50af55bf
data/thermal-1-filtered/train/images/003424_png.rf.422ee0047eb53d8d995838e4792e4f5c.jpg,f0a3f38bdc78317ab7013f5624e1c2fd9fea4ccacd12582e5c94bfabb285f943,85d555ad55aa54a5
data/thermal-1-filtered/train/images/002706_png.rf.606bb126eb716364f373795efb9e2d87.jpg,13b44bfdabcc9215f0d040eb08e9941ebf1fa1c43e050f9ccda9aa4026d220b2,ff35b505902bc32a
data/thermal-1-filtered/train/images/003786_png.rf.05283f19c357cbd3a1937073dec01ce3.jpg,62b6b7f0d4bb92d80f74389038c1bca04a415e1ec6fa6a7a4e271a753df70fe4,f36eb90c921a897c
data/thermal-1-filtered/train/images/frame666_jpg.rf.a83557e0074ef6fd9e39210dbe61c16f.jpg,d51f88b2c151f752b35dbfb1403abd35b974072113a0b7a4ded05070dd350a2c,fd0890e2837883ff
data/thermal-1-filtered/train/images/ir_2_022150_jpg.rf.d5919ec79105c89b00dac04d629524d9.jpg,0237f4fe6992222084cd1b590d9f995e99d4d5a72cceeca3f444374d42e036ba,e528145a1beb05f7
data/thermal-1-filtered/train/images/002946_png.rf.9f2d9f1db3b29e51e36c5a263710577c.jpg,03e55a613cf3154c7d2913b0ad427413bd7c5a6dce8525108cc50fc90a1f6bd7,d17f00330f174f17
data/thermal-1-filtered/train/images/003836_png.rf.de430a69caf4b4e87687732c10b74706.jpg,8451adc036a15b9d37d363c4db11140485f3846c9acb2991f1367bcbd453ae62,e07f40384fb05fa3
data/thermal-1-filtered/train/images/003801_png.rf.bdd69304f046cb5b809fefc1cabf60c8.jpg,55d87f86a9e2b82277c56b7e98d3e0c38c768d20c64472c77ef54ec3356a94aa,c07f402f55b658a7
data/thermal-1-filtered/train/images/thermal_tzeelim_014860_jpg.rf.66e73d9ddfa0a9ff32da01191cb2e3f4.jpg,0f74da0d30613864c6904da12ff7a102ebc986b0c5f3cdbacb1ede9ecdf32bcc,856a556b5a555dc1
data/thermal-1-filtered/train/images/frame707_jpg.rf.829aaf857c2d2bd48edd831447438fd4.jpg,11d23b2a95d2800b6a24f25e8e1cd09c0fadeb86f5f46b3200353e35d8343f0d,b8f5f1f9d1a8d001
data/thermal-1-filtered/train/images/003711_png.rf.49cbbc8862025c759abd58213cdd1325.jpg,c0487ce02bbfbc0fd8fde196269c053e2130595bcfae3ef3c4deedda8fbd14c8,b07f402f51a659ad
data/thermal-1-filtered/train/images/002403_png.rf.9788b8746d376f31d19572885fcc268f.jpg,b36994853ed90e41e932937d46b18beabe399137515dcf2af05095fa20b44941,d98080f884f90fff
data/thermal-1-filtered/train/images/ir_3_028710_jpg.rf.44a161790a55ee2083cb6c8ebe82f968.jpg,f8041242a1a6dcb8ad5f00995613dd6fcbd7baca0864ecb944fa3b34287d7850,be2bd20dd601da35
data/thermal-1-filtered/train/images/002098_png.rf.8ca303737e763582dba3b4a0975a1052.jpg,ba8695ba9f09ebfbada97732369f8e9a411c2f68186c18e49e937175aa4ff34c,eb3ee81ec910ed14
data/thermal-1-filtered/train/images/0_0_001076_jpg.rf.076128c31861351e1740832e56c3f6f8.jpg,ae1520f0aa65cea79a29663c6c9e246b886f86d47efd127ef6c9261eb2e1d21f,d72a78f08097ce78
data/thermal-1-filtered/train/images/002703_png.rf.33b8f7b6c5d31731c00f4ddb885aadde.jpg,e4c3194a1a89d3da3ead3e25ae73b3aeeb5c1a1ecfc405e4f6ae74ca6cb53011,ff349735863dc208
data/thermal-1-filtered/train/images/003747_png.rf.559358209f55109ce36864c22a485228.jpg,a87e635bb457d2dd1f4632068d3e8806e61d6052af9117d6aa90527b3d3ea715,8595553953ab5cac
data/thermal-1-filtered/train/images/frame196_jpg.rf.87843ac0a631ed35d049b28063e18a75.jpg,7264f0d1c655a45d625eeb9aa5087757a1691db363f2b44e44db59531b22aad2,c1c14e3fc8f117c6
data/thermal-1-filtered/train/images/002716_png.rf.f0fb37c0f684e1402f89ff2789052b5f.jpg,897cefd833af98355b224be5f708e77122dacbb1babd868e28fb666cd80d4bfe,807f403e5bae58b6
data/thermal-1-filtered/train/images/frame11_jpg.rf.67919c25831f0016bbaa3db3f485b3c0.jpg,f7b4faf4f5eccdbda33e0d6ccc2af1a332a3b4ae6f788dde5c04dcbc68162d07,b522d53b927b12ca
data/thermal-1-filtered/train/images/frame290_jpg.rf.abff36152d94b3ffcfedac823822c1bc.jpg,cba1ffef3f2980a0c714d04dba31dadc19533c8169e02f09fb6dbaa201fa1f04,beefc39d41545414
data/thermal-1-filtered/train/images/002359_png.rf.4d99fd5b20b7e89ce1a779bf5a6f47af.jpg,e10659e3a070144ffce36f8ad709e73bad0113132d393c4a4c13df74101c7652,c07f001e1f061fbf
data/thermal-1-filtered/train/images/001511_png.rf.ef06101fba9b5ef007e81040c9196576.jpg,337f116a7d5a1f7cb6a7294bddce02572f63cf5631cbddd4eb2cffb26c029638,fb00b46f877b8603
data/thermal-1-filtered/train/images/002054_png.rf.f6b98b4cfa19ea833289c898ef1d8316.jpg,3e7f88a8f73323c109dc687701829914c6bb651903788d5a3286e070ed9fa7f4,856a55435d595e4b
data/thermal-1-filtered/train/images/002022_png.rf.50b927d1015220a6625faf75fd38ef5f.jpg,d8419349e12eb26ba8dc413e6df70dbd8a1fbe249a66ea9af26deb8bf4bc9350,ff7806710fc70865
data/thermal-1-filtered/train/images/IR_BIRD_012_frame15_jpg.rf.32c45e7fa9020c219fdccc41bf1d63dd.jpg,4e56c2ce55db8af332c7ee25057fc9d3079082f5402787152262efede9c7d450,d52a95720ec47b9c
data/thermal-1-filtered/train/images/002748_png.rf.3125601bdff92c8032fef208b98b10ad.jpg,0dee0c3d44c51b1fdf80b8e240a5b5f49360b2f77ad6e4d4bb341489be39e44f,959555b45aa854bd
data/thermal-1-filtered/train/images/IR_BIRD_012_frame224_jpg.rf.e0c6fccc083d8e27f2459c8e25350775.jpg,3b1d7ebf9555bc23eb6817b653405e1d0c03e3f5eed858dfd169e99a63e07438,a22a4dd1b525e9cb
data/thermal-1-filtered/train/images/frame174_jpg.rf.e2e97267599c479eb079bcc6e6069ca2.jpg,2ff907453ad106a68ca5656a6bafc4ea13858b7c5ee03717d6fbc212ea13b99a,b34ccc53d15a5b31
data/thermal-1-filtered/train/images/IR_BIRD_012_frame169_jpg.rf.8f8323bbda48f525a0e0b4392e3c6a42.jpg,4fe4d1716a44ac99f316a57322f33d24d15bf225c026ea39d05cd04d19a4680f,c1a05135db7d16e9
data/thermal-1-filtered/train/images/IR_BIRD_012_frame176_jpg.rf.13efa666ed040dca86bc16864d9f548c.jpg,0ad2df6e488d5fd4c7c87d846ffd49cf45d6fd73ef3dd59f0004e6ad9b125e0b,db04db4d845b24db
data/thermal-1-filtered/train/images/ir_049160_jpg.rf.7373721cdb090c9403ef14b2ec939b80.jpg,4e33bcceb7cef2613a8e2ea3cd7e7c5c307e922c2c780e2158eeb33be0081d01,a52fb70b424e3a55
data/thermal-1-filtered/train/images/0_0_000103_jpg.rf.655cc0aece582adbec349c04536e19ff.jpg,b061626aa2a7e355893586d3f779166b9e00dce21c439248e08d8b48f156e7c7,d5c800785eff0e4d
data/thermal-1-filtered/train/images/002042_png.rf.6ca459c850caf514443e8854d35d49b5.jpg,ae47a59467907f3aca9a54fa93932875213d9fcab304c843e1c6af1b475c3b06,ff699249b24db023
data/thermal-1-filtered/train/images/frame219_jpg.rf.0d4ebb9f2dacf0b025cabad5ddafd18e.jpg,f6f91c56abbc4447d4e23a8bcbe6e008f328b645b65ddabe33ce6d40e937dda5,9dcf01e571376425
data/thermal-1-filtered/train/images/003710_png.rf.1ce2cd25d81236fe04b9a69163d6ce39.jpg,5e4cd38397a5a2cc4ad794acea5830be2573c56d486151d66ce05425010c7928,b26f7c079096790d
data/thermal-1-filtered/train/images/0_0_000197_jpg.rf.1d6d93e383d54f60b147fdea63791858.jpg,676e4f9ad79882f6ca3ce369895f897d39ae3e07dfcfb2f203295abc0a3d7e24,ff68e04bd87025cc
data/thermal-1-filtered/train/images/frame546_jpg.rf.acb762181672dcfbf4b0820e534746b9.jpg,9f4ce2fd396549b9c051709a888999041aa44f4c036527af1a96a38e7a67ac2c,f5f7850f50a0503f
data/thermal-1-filtered/train/images/000006_png.rf.ba602a93a1dcbf6a482a1f0249b91b0d.jpg,b0e0b5f568544c8292e5d30e30e6276f88f883a6369e1962cb7469b7ed16da01,e16ac1c0903f1d7f
data/thermal-1-filtered/train/images/frame567_jpg.rf.11e21a4e592d18b04537e1e3eca75e7f.jpg,bacf42d11260624d356179fdb86877c7240a516c5aa25d62ecc024abb882d62b,eee6e8b9b0308e86
data/thermal-1-filtered/train/images/0_0_000197_jpg.rf.2ed4506de17d2e6605dce4bcda5b7c6b.jpg,3444edfe09afc89b87fad331460c493d8e62eee4f8cfadf0404ff00ef01d2da7,9d0ac773c97410ed
data/thermal-1-filtered/train/images/002400_png.rf.1d68852f3837dc9c3fbd32f630db5023.jpg,4a76901a58a9743a6c14bafbe3280d6471e1be2bb4e0616b49b1bf76374258e6,aa7ffa08ca94c338
data/thermal-1-filtered/train/images/002341_png.rf.bc2adc331a78104380bcd2ce108e64eb.jpg,4a4e17edae6695582c04de2811f42714002a0beef9409f8386be68b5ae042343,d08080ef0ffb0bf3
data/thermal-1-filtered/train/images/002716_png.rf.24f3a59209288a61f64673b1756cabc0.jpg,8b445f1baf79d2bdc570a56b8e5c08887a183c6abc112c4baff8174e90fad2a0,a535d5a05ead50ad
data/thermal-1-filtered/train/images/frame238_jpg.rf.ae6b49f4974e1a6041975dde71f32184.jpg,423597b56ba00921647de899028c85572979f219cd56b2ce8ecb2fc93300ef2b,91dd559c498a1eb5
data/thermal-1-filtered/train/images/0_0_000038_jpg.rf.ff89621e95139a3783ee91ca56ea3fed.jpg,0a8c4ae151c60b33cfa6ef73b91111009917cef70fa767f1ab05f2078695803f,c4bf0227071f1d3e
data/thermal-1-filtered/train/images/002066_png.rf.089aeaefa8fce7a5c14c0889b73bc36f.jpg,177efcf8b647ea34b66eee1a99798b292e0004e8f2524a6eb6a49927f0184ce7,ef38aa118ec1b44f
data/thermal-1-filtered/train/images/002293_png.rf.c5591d966eb369fe9ada15f1ffb29847.jpg,880929f403d5f9d59c0a312954d2c2f307185f2eaa42ae523bdd4f55bdcc3fb8,a42a556b14fb14eb
data/thermal-1-filtered/train/images/003050_png.rf.438c52bbd9cced27e8303bf6b2180765.jpg,565202e86d570205f860379d0b69544f772d1ac169f48289de14f7f3e51e75db,856ad14f54db5255
data/thermal-1-filtered/train/images/0_0_000104_jpg.rf.0c18dc1141fd9b863563edceaa2e13ea.jpg,e2243c3d1d8daea1b660e8a3ff5a62f916214fcd02dfeb487b63620d7eafcc03,b46a4c7f2c554a4b
data/thermal-1-filtered/train/images/002784_png.rf.f15582f5dbcafdbdb478aedfde95e6ca.jpg,b8c4363d4c2e0f52c50e32fe36ce05b53a6e9940a9098aa778e2eb4354b7ab36,ff6a314a341ae43a
data/thermal-1-filtered/train/images/IR_BIRD_012_frame49_jpg.rf.fe2f4b387b1755c40409f89d403bbada.jpg,cd3c2b50e308cfe66a99e238dbdb3a5685176cc20cee1b50281a711cc3245943,e0c30efc0cf80dfc
data/thermal-1-filtered/train/images/002344_png.rf.ff4fd7c7b0f8d3419ff5a6841e99c451.jpg,c769b67a1e6eb5fdd5d1aba608de762f59a8429da896b025c7729665ce3cb5cf,8dd5d5a955ab54a0
data/thermal-1-filtered/train/images/frame687_jpg.rf.2287581cd67b2be5b092d3a6996b0e4d.jpg,e6a693a7be6f63257584acc98047a71d91c639c0a868e124014e53aafce1e2ba,eed0ee84f886f806
data/thermal-1-filtered/train/images/frame582_jpg.rf.e3733b8bf85376f9b9d35d9f96b7547a.jpg,aa3e45b1c16072797a5ec0c61b39b27033ca9dd06fb08bdcc0cba5eeffd91823,a5b5952dc5aa12b6
data/thermal-1-filtered/train/images/frame285_jpg.rf.e6ae3a0b29b3b163deef4bb1c64b118f.jpg,f53f52996bf1e47f2d77b5f93ffc3ae34be1ef6ef29f028ff8dc7ae2f9e9148a,b52ad5c890ca5c7d
data/thermal-1-filtered/train/images/IR_BIRD_012_frame181_jpg.rf.3e05bf8b76baf2f1f0d4a4a2410146f9.jpg,26eed16f74a15b35e9dbb14219427ca34760a23983fa443ae0505b78bc767a81,907d903fc03f40bf
data/thermal-1-filtered/train/images/003701_png.rf.20c28c7941219ad99e2659481cf03b55.jpg,660de598eda27a4975c1136146574db9653f517b80c9cf99795f2a9e26c98456,d08000ef0dff1bf3
data/thermal-1-filtered/train/images/002683_png.rf.f562e2ab923d197c0b163ca9eca12e1c.jpg,6eebf16e68608e957599e1c1aee95fb788c37d4088296a56ad93197895d657a1,8e2a5357ea545555
data/thermal-1-filtered/train/images/frame190_jpg.rf.ea65c7bf5f33bf09cae506ebdb9cff4c.jpg,619f3f78296b94d1ad3aa11468b30b24cff7a804c176adad9e057f08c7e4ee77,c17e76c119979938
data/thermal-1-filtered/train/images/IR_BIRD_012_frame106_jpg.rf.f84494118d64387253a49cfec4de982e.jpg,014c9ce8dde7fdd651dab07d4f85fb3e5be24d73b835b71b6ca47c51eac122ca,c114eb57906b16eb
data/thermal-1-filtered/train/images/002050_png.rf.0244ed2f15cb95f4e440d520c8bfa7c6.jpg,b77c65173a05ad686d0be134fdd42177fbadd88f13d055da3fb092840f056880,ef78a249b648b760
data/thermal-1-filtered/train/images/0_0_000631_jpg.rf.89561df5158c88e90c014cb438b64647.jpg,cefbacca3e6b30bed567a5722ee500147ef063c9e27625a9858e9320c9858e10,e61430c49cb5e6de
data/thermal-1-filtered/train/images/003780_png.rf.98e3acad800608f61bcb545e66cea49f.jpg,26498f9837869aece5afd9c0467f11fc9ce2bb3e10d37164231382d2c1a00dd5,d0c0806f06ff19fd
data/thermal-1-filtered/train/images/003686_png.rf.51945c02e97ccb8f5c8cc343edfe680e.jpg,f1a1b88c8c089e71a639350abfec7b5fb481578eb2e6f0c3db5293e7fe01950d,85f5558c53aa52ab
data/thermal-1-filtered/train/images/002205_png.rf.da549460563a11335e23152013e845ea.jpg,b1e9ed563b9e4438a0b81669ed3bc0cf1db87ba9b15ef3efc691b919f678f6d8,ff6e9a24c026c837
data/thermal-1-filtered/train/images/frame210_jpg.rf.774ce8ca47c96914ff3da229388bb31c.jpg,ef7e87930b7c8d6ef3ded82638595f9a3b425eebc6aa8b4b39303f234c66a036,d495196a1b3c6eb2
data/thermal-1-filtered/train/images/002545_png.rf.4a6793b2f5d27e8a1195426747a294c7.jpg,acd8608e0610a18276565d2fadc6adbd07390fdb196c05a5d24e6c8780c2e4ef,852ad5655a554b79
data/thermal-1-filtered/train/images/IR_BIRD_012_frame187_jpg.rf.44676b8c3b6946d7e80bf4c6a873ff2c.jpg,3abe563da158a82702b20bd5487d134d4771c0dac0d65d27f7509b8f447c46c5,dc23dc16a35c22dd
data/thermal-1-filtered/train/images/0_0_000005_jpg.rf.7f77d2a449bf28529cba6b8e7d6f2513.jpg,49e7cb700554ab4c878195057b16fb66dbbbb21204f7f7aee72f74a858deed00,c57f40bd1d1a0b2d
data/thermal-1-filtered/train/images/002790_png.rf.dcc12b9d73f70e0934802ddf5e2c9bc5.jpg,ad5ae4065cb9c012946acade1f6e787d28918dedbda49a560a60ebf819d6ac3d,c0840cf103ff1f5f
data/thermal-1-filtered/train/images/003431_png.rf.425f008d0147bf0221ebcb7de4b0d372.jpg,7acd0111125662a86f90610567700a78ee9be15060a347584cee46b11cd8f79a,813f512f4ab54ab3
data/thermal-1-filtered/train/images/003769_png.rf.d2fadad33fa84cb278d6ce493a1c9b5b.jpg,5c3bc2450cb577a80a7ece5be834e026a0d67886627620eb52073ff59b0a3555,f26f6c1d82738d60
data/thermal-1-filtered/train/images/002296_png.rf.2c2dfc1ab6eb02d34a5b15ff7dc50696.jpg,0593eccbb72b953101bf5fbc6b9807b4a1984334bc4a9fce8c16b5cd114619db,fe7f09708798e016
data/thermal-1-filtered/train/images/frame496_jpg.rf.fb2ee86bae0573062be1c0a059b508ab.jpg,75a97b3919dfcf6b1aa9556d28ce61198136a5b987a4366eb6723f6c2ea0e030,fe03dcb7b220b60c
data/thermal-1-filtered/train/images/frame148_jpg.rf.b462b08934689bf3e3ad29947671632a.jpg,f1768eb03fe0cdf3ace81a2098d2798f218b5cb65d67ddb24562a172181fda65,c4c5151337be4b33
data/thermal-1-filtered/train/images/002723_png.rf.f1f1e14d8baff20f7038357903b52c98.jpg,24bf794bba7b2567cf23578afa02809089b7b94d846ef4a57d2e529be6d008e2,aa2bd106f3265376
data/thermal-1-filtered/train/images/IR_BIRD_012_frame253_jpg.rf.377188838bb289e464b89480120f7ab4.jpg,ebd1863b049a936e3369cdbd0e434d2b53f4114998bc87a0f6fcff7491200003,807fd1972dc91a36
data/thermal-1-filtered/train/images/003754_png.rf.cef7eb33edec69d3489dda04d47cdd7f.jpg,d98e309a4d670eb84c792ae2a95ca23ddacf2c126bb1b8b21411ab2f25bd8828,852a55c75b515e4b
data/thermal-1-filtered/train/images/frame673_jpg.rf.506989caaaac5060fbe4a76867a0b8e9.jpg,0704b7f85a9b6fc143206b92ceb269b7142189d4f3e14d54f9b82ec200379dc9,f41fc08e93314e2f
data/thermal-1-filtered/train/images/003092_png.rf.619e7f6844d0493698e2533e455cd042.jpg,ff7f71425238cb63b6109569ea5afd3cecc395d751381f55e5f6b9b2ed686f94,85d555ac5dac4aa5
data/thermal-1-filtered/train/images/002817_png.rf.9ec1fc9c8fd090d4d9071ee364f7b073.jpg,e99ec4f334f7a73438af7d706f567fecf9c88847418c3625f3b488e55cc1f8bb,f01f85078f1cb78c
data/thermal-1-filtered/train/images/frame232_jpg.rf.779da57d62b742e462a296c5c558e9ba.jpg,9533bd3ea248e9c8c58aa44443dcdb608c6c57fb659acbdb6048d33bc54c092d,e492219cb0f93d3e
data/thermal-1-filtered/train/images/002804_png.rf.501308425cb434c10394b55743009284.jpg,65922c53724d77776b5d0e60fcfd0b6bd07883bdc18210e46e20ee811264ba1a,be6b3c452ac5304f
data/thermal-1-filtered/train/images/002097_png.rf.6798d19c2f2917685efd72560e00edd7.jpg,782d7d4a8fbcdaf2b1f19a75e5d6568c84bc98dc25743f724b0b719a54ef2533,95d555ac52aa599c
data/thermal-1-filtered/train/images/002038_png.rf.a18a019dcb06165aadc15de310efdf8e.jpg,583e728ef77a36cd27ab3c8e5a0402ad308a7d9c675b4d6dbfcf209097b9d7c9,d37f000e1f3f0719
data/thermal-1-filtered/train/images/002408_png.rf.9c508c60f92c9cb156aef59a3db4491b.jpg,26d715c45574ba1aa6be7d732b1fadb68ec37c100b11cdb4c734ebcba1abe06a,d17f80178f170f07
data/thermal-1-filtered/train/images/002339_png.rf.d791cefffafd943e24e6491d0d03f644.jpg,9707a5783f60b2c241d00567f6e8dcd2582748d02ae49dcc9c5efc127c00fd34,f56a157b1cf308e0
data/thermal-1-filtered/train/images/frame189_jpg.rf.2f737e28dadfa90d8fa548eb2a211845.jpg,550a0d2a95c3e3df84970295c5f1cf78d1640b04e5d216634e88dbd3ceccf22c,c17f52c1189e9d39
data/thermal-1-filtered/train/images/frame300_jpg.rf.9577e1f29ad0db69e3b0244e94332dc7.jpg,1e8a0a9f720572b2364ee63850e8a933e622dd2b8a6794bde284a4b2eec61801,f068809097df07fb
data/thermal-1-filtered/train/images/002802_png.rf.122dac2adff978d43e7a97c421049b36.jpg,21b90bf81a5c5384035e27b9464c1c9b62884c989054952f81a72c194672b9c8,c38ebcc0f3f118f0
data/thermal-1-filtered/train/images/002371_png.rf.d47fe152b609d4817c824f2423db483e.jpg,93ae10483b3810fe71665c9ba56aa307a6053a49d3b438c45395ec9f492e75a9,8fd5d5b541aa45a4
data/thermal-1-filtered/train/images/003087_png.rf.ccc705f4a89bf3aba362294f9f274897.jpg,9182f71fd535e51d2019435c353b7f47ff774e730ae4e0973f83236e29dfac25,ff7e9b449348b005
data/thermal-1-filtered/train/images/0_0_000062_jpg.rf.104baf3a3dc6e6b8d03dac3ee9334a8e.jpg,9d9f8398b7ed274cd76fd925a79349f9d8ef7575c1916e89a8f8ecc12eb33c04,e23d9f621db4401f
data/thermal-1-filtered/train/images/frame141_jpg.rf.abfa2d2cd682c9e4cb69ab80e1facb6c.jpg,8383e94caa3524f98bd57ccc99cc6f6f455634b19b24649a27a42a15e2dac416,91dd15346da3173c
data/thermal-1-filtered/train/images/frame141_jpg.rf.52c55a95e4635117881410d207ce0eeb.jpg,e8715f9b3cddd72979031b2ec8e7ad1166c3369374a978c601c56e36b590d28f,c2e0191b1d5f40ff
data/thermal-1-filtered/train/images/003785_png.rf.425b01abb9038635c21f7e3ffc1922c8.jpg,0134ca73369deac07f570a8a973456d5b924beb96d80452c64801d9131bc297c,907f402f52b659ad
data/thermal-1-filtered/train/images/frame397_jpg.rf.61c3bcc43032c7d6c94e7111d1899c44.jpg,8723fc57bd36514375efac630070fcbcdde9d0743df85f40027d91a5ff808c9f,b5c8d54a196e156b
data/thermal-1-filtered/train/images/frame707_jpg.rf.d65417b19cf17e51690ca4fb7c3858b1.jpg,10e8006c822cd9e5e10c99bc6cd4ccdc0ed6bf381df2134d325644bfa7c38c13,a9c2814ad1eb55db
data/thermal-1-filtered/train/images/003775_png.rf.92c71dd765d2d1ed4ea61754a7e50519.jpg,1d7f1fa00ce4d3e032e196dcd6b14ffba7f8a5bb9565c98f0d5a7cde34342153,f26f2c1d823b8d70
data/thermal-1-filtered/train/images/002304_png.rf.e060f5decb5995be9ca381aa1793feaf.jpg,18a5b509fd10363c046ca1d64181380369b347719d8e0dcec661b4f901730e5b,853555b554aa5aae
data/thermal-1-filtered/train/images/002096_png.rf.99b8a985596a5851deb9a868fdc8cce9.jpg,ca4d243f7028eaf7856a491cac8c1d9e64c991c87f5d1fa8ce259cf107c9b2c0,d56a14fb16f50ae0
data/thermal-1-filtered/train/images/002430_png.rf.3e0c1ba52b45edbd274139261595d266.jpg,5519875f0dcc2c643e7670b082e123880b462be3dd5264728515f9159f03ed2d,d97f801f011f0f0f
data/thermal-1-filtered/train/images/frame282_jpg.rf.249b3ad53e4ab08cb7762e0c1a517bcf.jpg,9106baa7fc6f9a34863f82a716c1937ff07d97a1e801323dc302f30a3a3988fc,bec7c3c7c3828326
data/thermal-1-filtered/train/images/frame352_jpg.rf.2ed9ae2a5a42398d1e1cf43345f1d2de.jpg,0338196367980b77d7590289db934b529c934e5f406e6e96439bb1f7c0f81338,a5aec552d52ac17a
data/thermal-1-filtered/train/images/IR_BIRD_012_frame138_jpg.rf.fae0de54b6fdb7244091df3e147a37ed.jpg,47cc49078f78e4b3a0ac118776ca122dafe15f9b6cb70208e5102b98182d887d,d40ad56a857a89f6
data/thermal-1-filtered/train/images/003025_png.rf.54b8a2803a8f1c21fb0916915d9136d7.jpg,1b0f87c30bec51be709497c1f764673e7da2d15e474b28f46ee69e5c4a00e826,ae3bc43846f9835c
data/thermal-1-filtered/train/images/003032_png.rf.36565d1126225e81c9e8961f66c240f5.jpg,517ed48e41a2b6eaf9ced5fa5621733b0a822914335ec085abc2e1518f8e6f99,852ad54ada55565b
data/thermal-1-filtered/train/images/0_0_001478_jpg.rf.ff333f29fb5befe0dada5e2a6fa9b8e2.jpg,2ebfea21a0b688c146d01c02d8a3ee4577f9c79835b8b5ee214fffab2e9b8f18,e0743f1429c5c6f5
data/thermal-1-filtered/train/images/002796_png.rf.d05c65497a24f9f77c6a5d13e271b8fa.jpg,0978691c08a9e31e2d0910ad8137b7fa2201b713e75eb38f7175a1be61beb23f,fa5728d54a30ce71
data/thermal-1-filtered/train/images/frame148_jpg.rf.f1b0828a081653f1d4f71535c9fba9b0.jpg,bf89fa6c4bc7fc644ed7c11366db35fa883a9ce0e4ccc47b0edcc3b6d9dfeddc,b76c5cb59362485a
data/thermal-1-filtered/train/images/001507_png.rf.a9789319b80bb29bc7c199efb548731b.jpg,967f8e5bf09bc3a6e20229ae4fe7118df2b8f2848b9fe9c29a0840da6ed41037,ff7a814e81701a75
data/thermal-1-filtered/train/images/003764_png.rf.b255bc6bf8e688684fc7298a26210071.jpg,4f583cfeeae385b2947f3ad53fce4149e292888801c9f8525ca61f32e8bb8777,f36f683f80728d60
data/thermal-1-filtered/train/images/003849_png.rf.3a6731731158ca1dd691061dc1a7f9e7.jpg,d672e1637fbd70b1c5f5aebceeed2913b43ba64c2e74835ad52e43dfde13f41e,95d555ba5a2a5a2c
data/thermal-1-filtered/train/images/frame122_jpg.rf.19632e92b30caec5e8856345147d3d90.jpg,53d3fe2b06a67b1a7951b3eb60dd155da0cc31f5494923ffd3aba227cf6cce50,d0f7111c1f871f1c
data/thermal-1-filtered/train/images/frame711_jpg.rf.cfb191301df64b703fbccd753e8fad42.jpg,156911eeef0b25556b4a6deb1eb171996243c359217e7e20450fcf88a615a8c1,b80ae11ff007f05f
data/thermal-1-filtered/train/images/IR_BIRD_012_frame197_jpg.rf.da75fd31bf7eef4f7f2171a33a93990a.jpg,df0f18881c522a3fedf72ab4c77f27de2d9f4d8bb7ccb35d3f0e58a9d58eff15,c738c719b843b8c7
data/thermal-1-filtered/train/images/ir_2_019000_jpg.rf.a16d8615ac93db301bc034aaf9675e6c.jpg,e45fa118d1e3ba850451c2e4f945f19e137bce2db227508811e684eefd6635f4,b883d6f003f9417b
data/thermal-1-filtered/train/images/frame630_jpg.rf.5827331884f92c08eaccf8ea55645e65.jpg,589e55d6406d9fb70796411d1dee2ca5160cb2eced43036d185ef05baf68311a,eee6f8b8b4868630
data/thermal-1-filtered/train/images/IR_BIRD_012_frame100_jpg.rf.74d9e1e11e1020d34a40e80e0324fa2a.jpg,323bbdbf50c21b6a3745ae3664baffaf217a19c7fb93cd6ff30c6c49f21308cc,e114e957986b16e9
data/thermal-1-filtered/train/images/003765_png.rf.9c4a2fe1347cbc393f151dcc062ea029.jpg,e5a9ec5a8a1472bd7a7c803562dd4b99968cbaef3f7cc893d6857e5f48096beb,8595553953ae5cac
data/thermal-1-filtered/train/images/003094_png.rf.381aca498367aeb71631a446b0f71b26.jpg,5463dd5df24a4370e1873bd35631fc2966d54a1ca1b18c1259ffb7dfe758e126,fd7f944a9c82a41a
data/thermal-1-filtered/train/images/frame189_jpg.rf.5ecaaf57a617823a500e3fdb60da8d4b.jpg,dbb05ff219c2c09f1d3ffaa65a557d7309134c6f9f216939980222a6887dd3fa,9ee06125ef64660f
data/thermal-1-filtered/train/images/003790_png.rf.066a3e7268ed8f7c6db5b54ed7472eef.jpg,8cb2054e44ae0f63af9e187ef80ce9e5db0362b9717230aa57e96647578a2652,8cd5d5a965a94ca5
data/thermal-1-filtered/train/images/002808_png.rf.428ea5ee84e4cff59f784f7d0f1b3d3d.jpg,7ea34a799f33844edce439bb27931ee0277ee15d1d43cf2126591c4c38046eba,d88080fb01fb1ffa
data/thermal-1-filtered/train/images/frame628_jpg.rf.b67dbda8c9e770894938f2277f4c6a3c.jpg,19bc28c33a2142dbf017ef37d38caa3133bce203ca7bf6f3326c5a05c10bfb40,eee6f898a4869c38
data/thermal-1-filtered/train/images/0_0_000020_jpg.rf.0f8ab2536a17088d25b12e9551a2e895.jpg,e6af1162bf86c97c93d3fce678c1ec15eeb2c252ae1dcf42bc0acb1e3511578a,eb7d1694a96b0654
data/thermal-1-filtered/train/images/frame697_jpg.rf.17db28f1ef424592e76da47db9477686.jpg,e6858a9a176677d829948204c7b1b007f1caaa6979ae5f49e22216e34d79acb3,a742d5fec04042ff
data/thermal-1-filtered/train/images/frame310_jpg.rf.e762b7065fa78b60bd4f4d42d90d6e91.jpg,6c9ada66fcce2ed59524a42932692e99d9d61032d88d08c5b8779d401e821262,856a15e34ef50af1
data/thermal-1-filtered/train/images/IR_BIRD_012_frame253_jpg.rf.17c4c6b150d58e2ac1fab9759b00eab9.jpg,397ed74a50145aa2509a5f4194d38ce633960901bfef2b57f80b7e61b4a0ef10,d52a85c2799f4761
data/thermal-1-filtered/train/images/002667_png.rf.59f94ef0fa64d3c5f482c35584db7986.jpg,91fee2189cfb9710cd74dfe1e32df3a6646462624e807b728e6dbfe25e20653a,ff60ae55880f833c
data/thermal-1-filtered/train/images/frame224_jpg.rf.bb6c63562257e8fad9f8f11bd6ac117e.jpg,d780f7a694054076b3df639a212a292549bf0a6c3519e80c734ab4fcd60230c5,853f43b516381d97
data/thermal-1-filtered/train/images/frame11_jpg.rf.795b327b941ac04bc52cbac5b72a9ef1.jpg,0b534fcf8c1999adbf41ae0f9e1e614ead34700eeec3c17eda4622ccf0009c8f,abd4f414140767d7
data/thermal-1-filtered/train/images/002545_png.rf.eb5d956503e7528852af03137e926dc3.jpg,e19b107a71e526efad7bf5232fc48ff6e68a32ee4085ac03c316e9cffa82cd45,ba2ad52acd12ed52
data/thermal-1-filtered/train/images/frame547_jpg.rf.3d0233887f6bc25560286c0c2b1db491.jpg,8aded02e7bdae20c650ff23a7f4bca1411a12a8554d8d4ef650cc681a1d8d50b,a582d15a55d5555b
data/thermal-1-filtered/train/images/frame511_jpg.rf.fe462999624739b74c41ee46b136adba.jpg,b0c2b814bfd1e6e237da4c19dcaf1c5322e2b524ef492f754e0cf9700fe500f7,f52094f843f7187a
data/thermal-1-filtered/train/images/ir_3_030980_jpg.rf.f191b0e70a68e37a65000988fbc3640f.jpg,15f19a330a4736b307e86d5f7c35ff50255d02c59a0d369db8bbd08469655999,ee7a8e708a56c02f
data/thermal-1-filtered/train/images/frame337_jpg.rf.ee764f25669ce1abe7019f179224d8c4.jpg,4bef504c5df226166d6470f1c60ecd96d576aa4d42df7cf74ea0dac8012ebe3c,91a9ebc5554d4d2a
data/thermal-1-filtered/train/images/002457_png.rf.235d80bce77d48bd7b3b8347d1f2067a.jpg,a211d93f81d6521ed60146dae4f1c96c1cb8bb1b7bd64c9818b74b8d9f44d61c,d56a557b1cf104e1
data/thermal-1-filtered/train/images/frame301_jpg.rf.f35088cfca324af72e84e2d999956783.jpg,b80ce01a80e1e9c4f385155402f086fa8d39c7427cd51823b2bedfeaca50266d,bfe1c09f4252515e
data/thermal-1-filtered/train/images/002718_png.rf.2761da0b769c1f52464d32b235d45055.jpg,6c96f85a4c3c25146ea95dd127ccc93d38c233e18e29bc8fb1902d8eaa497356,8515d5a05daf50af
data/thermal-1-filtered/train/images/frame632_jpg.rf.f3e07b8b73556bc1360b0e0367cd90f5.jpg,546b01509f551f089b8b770cb3b0d82ed2fcddab2a946198397193670eddef68,abbd952dc49a9283
data/thermal-1-filtered/train/images/IR_BIRD_012_frame143_jpg.rf.87723d7657a87cf61980abd718e48f51.jpg,e5a10022f206045b9c86f893ba6c95988271cd68185f658cd9ab82d0ad5643f9,fc1f401f43ae50bc
data/thermal-1-filtered/train/images/frame117_jpg.rf.b8402030c92b707bc7e2a67014e042a3.jpg,56b75b2cdf562dce5b2a1e6a3f809c4ce308441ad9e991c8990906d17c8265e5,9bb6e0e151d1b2d8
data/thermal-1-filtered/train/images/frame512_jpg.rf.fcf5e98d6452169e0e093d1e9fb37889.jpg,4645adb371cd3667c9225bd1234c2cdb9d19a4afd44280813b94a01ea8af50d3,f44a95f206495ef2
data/thermal-1-filtered/train/images/ir_2_030860_jpg.rf.40caf28914cfe802d0a97d7e4b0fd946.jpg,6f875591da1dd89fb4ebe8a4982777661d98100a729138d60ba9cb10376e2def,ff7fff0698009048
data/thermal-1-filtered/train/images/IR_BIRD_012_frame260_jpg.rf.0736139b37bf0f8679ebaeb8b828c9c9.jpg,9489ea581ca9fd57e2bc64362cf4c9e908177c4b234b5cb9e98f098db2e9906c,949b498c4ea653bb
data/thermal-1-filtered/train/images/002375_png.rf.6beff0e4d9ca7850aaf46b881a6978bb.jpg,49a6295fde6b4d91278b3629f2d1cbc9b2e67541753e68e20cbe86841c7d32d8,a03f412e5baa59a7
data/thermal-1-filtered/train/images/002381_png.rf.bf19a3fb282de28732fd82800c02bc19.jpg,da2c291278772411e406ced964e8d8ee72329461ed6541306068cfbe79eebe77,ff7aaf508d908c11
data/thermal-1-filtered/train/images/IR_BIRD_012_frame173_jpg.rf.bc971fce68f66957f4b02e3dd5884218.jpg,d186b5d4e8220720f64ddbede08866ebfdb2d383e50a66249fc64231d45fd4f4,c738c76a916e10e7
data/thermal-1-filtered/train/images/002609_png.rf.dff2fdd2822513775075378ed3c41279.jpg,8ec34f02ea862007739e5981c2f35677f12f29ba33106282584feda339464fc3,803f413e59ae50bf
data/thermal-1-filtered/train/images/0_0_000063_jpg.rf.1c84b82d9d347e351a3f89b534820396.jpg,994cf276517f1de71e50fadc43aec8415ed4a9c24453c184d8736b2752f63b3e,e21d9f621da9605d
data/thermal-1-filtered/train/images/002073_png.rf.3d9f0cf07688d16e86f7a62376948e51.jpg,71e8f9d1599f3974b25b69194f5c78c02db1afbe4a563110dae54bac8da60bb4,803f403f4e8b74af
data/thermal-1-filtered/train/images/IR_BIRD_012_frame209_jpg.rf.2ab2e11e5a3f26576db1ab71f63f0dd0.jpg,100cb29c5c9304d1654db9c42a260d811180580e8b2ad769e95dca0eb038a01b,a22a4cd1b525edcb
data/thermal-1-filtered/train/images/frame696_jpg.rf.7253a9e416779e751fcdfb0d7d760142.jpg,35e6619f5c9dec9fd08764a9c3ea92fdcaf555b46d547779152acb2081c348b1,efc0ff80fe10be00
data/thermal-1-filtered/train/images/frame251_jpg.rf.7385dbe6f2dd5758d09e0bda1f973314.jpg,258451ac84633e0c9ec885e90347fe4056c26e1d3865dba3f314760dd85247a0,ed92920b0f0e1f97
data/thermal-1-filtered/train/images/003690_png.rf.ccc663d6babe6b4564e3b61d517d8a85.jpg,e4efc24bb4fb247c3365bd7e0bbbb924b56d348e797753f7cac0eb205808e55a,85f5d194533a54ab
data/thermal-1-filtered/train/images/001668_png.rf.66d9d8e53e519981d554b1084b68772a.jpg,696577abc8da3e1aca1c1bf295727ca115ad4224755b0a90990e726ac5f8b7ed,d0bf800f1f0c1f1f
data/thermal-1-filtered/train/images/IR_BIRD_012_frame96_jpg.rf.94e62349a4de5cc4a3559b9a2b38e614.jpg,008fbfaeb0e5ceb5bd69ca46a8e994f1d12629aaabab5c3696223c59564a4579,a94a35a525f5355a
data/thermal-1-filtered/train/images/003769_png.rf.dd594fe6ea42279c4415f3fb4ac42b70.jpg,cbea92a75a69b2ffda6ad9c13c612c3fd12423746cef7cbe66f1d6651dc3bde9,8ceae1cd57554651
data/thermal-1-filtered/train/images/002464_png.rf.6152243423a8196c43aaa67f76345212.jpg,3e07d43624ddf8e2c270dab4b4ca1585fb87676ea8cae8ca99e4024b5d8c2acd,d08000ef1ffb0cfb
data/thermal-1-filtered/train/images/002384_png.rf.4c1bd6f2cdc355c43c65a0c57097c8ce.jpg,049977436b4d65d087ab6fdc1376af48b90cc6d1c3be6aa16792951bc86be50a,aeb5d12ad037d514
data/thermal-1-filtered/train/images/frame124_jpg.rf.62f701e9ef710c42d2282149955de987.jpg,d9cd013c7f144d80c774434414a58a0bf9e20b18bc2f4a8810b0300d1d441bf3,a16a159b54399fcc
data/thermal-1-filtered/train/images/0_0_000111_jpg.rf.10f0a87f58fffc28996c4c59a4b8900e.jpg,3c156c9982d4cee0a4b8f679a0cb1ebd86f595a6770f7a5a5ed306694ad36c42,9768472ba5526d2d
data/thermal-1-filtered/train/images/0_0_000214_jpg.rf.ccdf5a6ea11f80d30e2af7ecb2c0d8aa.jpg,0fbf7addcde9ef17549247b01739080b3214976d2cebf1e6830c6febff273103,fc43b44baa65c334
data/thermal-1-filtered/train/images/002305_png.rf.69e6ce4300431cde0f66d71df3de34e4.jpg,b97f83cac30f666d634e92f6fd7f99d9560acab0a4771e392c87d880eaec0510,8435c9b555ab5aaa
data/thermal-1-filtered/train/images/002214_png.rf.7f294417af9d3e5cb96b6a1cc963e7d9.jpg,2b0aa26b1cbdaf517583d65a6cf01886b4c71a8f26c7e08c8711310fb82af9ac,ef7abe40970a9065
data/thermal-1-filtered/train/images/002162_png.rf.2c791923dce63168e80c435dbb71d394.jpg,e3f942aa28354308cd85761261608c468523b3eeda8ee00cf829d05c2bdf4ec3,ef396e114f90be08
data/thermal-1-filtered/train/images/frame41_jpg.rf.62aada96dc34fd0a9f13d015fccfa967.jpg,6185d45aeca161a0ada224b287bf9fc2fcd68b8cfa0d615fc20dda47dea8c61a,a6ca8ba9526c2b5b
data/thermal-1-filtered/train/images/0_0_000051_jpg.rf.b717332f02e64b84f6c0144e297104a7.jpg,b794128d92739d28c894ac43e94bd4828c745abc6d1b9e72bfe1180ec5eb82f5,efbc80d628b50cf8
data/thermal-1-filtered/train/images/003845_png.rf.0877df1d5a49a54f44ad3154479b14be.jpg,6a0af937fe1d261050c44a7531743098764bb041c9665d6d6f8b646512296429,f37d27380fe01c43
data/thermal-1-filtered/train/images/003684_png.rf.e8cba4f15c8b3b1cc3e9e79fc94afc0e.jpg,6e54d09cf1ce1869b95caefe7c65175df55362052621b55de6d440adfe1a3e88,852a555c53555c7b
data/thermal-1-filtered/train/images/IR_BIRD_012_frame217_jpg.rf.32b77d2252b7810117e065c547cb6c55.jpg,c7c1be223b9fec73784e6ac9aa0b58ffac669ceaa420eb0feac205b09b20fdf0,93cd44e7639158bc
data/thermal-1-filtered/train/images/003968_png.rf.9a1ac07a334d79af8dd4bc9533d299a0.jpg,8a47d6d5ecc8a0ff57d0371b8b2c22f85645209cdc4067bf5d2d230a731be801,d56a15e70ef50ae0
data/thermal-1-filtered/train/images/frame719_jpg.rf.c5d54b4cc5eed898932c55d1d9b8b6de.jpg,891b218868aeb7e7bd846adf3114ca41303b6cdbba1ac69f95210fc5c27c3510,ffc2e916a856ac12
data/thermal-1-filtered/train/images/frame313_jpg.rf.3a7aab1a67c2868ca8f60ee89944b94c.jpg,f66ae32f2cbbfbc5f6f5bab67d7ea1e9ac2c408769ca50c6cb38ca22c49bd3a6,c080c14b1f5f5f5e
data/thermal-1-filtered/train/images/002266_png.rf.4d3d20fa8a9c77a561a359a1cb1262e5.jpg,1db42d8e093938f0aee2ee7efb2c8eac9b61e9769ba37acd5232799e6b66613b,ff7f805d9407070c
data/thermal-1-filtered/train/images/002774_png.rf.55e832981fbf0d024d9faf5f5bef7f19.jpg,e6c1483b27205990ee39cfbc6295f62a4c1287da7581ee7040c4aacd15adca60,ff761ce438468970
data/thermal-1-filtered/train/images/002223_png.rf.f3da3d7e18a6b7ea30c06e6b93ba7ea3.jpg,6ff773d439c9f8e1044e91fe8e1c7d7fc1c905e0766d47d93bbe5e809c56dd31,ef2e5a25d0a54a36
data/thermal-1-filtered/train/images/frame235_jpg.rf.ab91cfa5170e9991237193b9ac0ffcb5.jpg,5ea919c3817f6535db87aec29223a4827a32fd0cd95ccc2c246822e970b260c7,e692a30d94b0793f
data/thermal-1-filtered/train/images/002505_png.rf.4488a5050aa8dc8622011eaa01016b07.jpg,8fbb7aa2d166b29eb76a77f8204a15c924185b5e95917d30d8b7de6c598afb75,a50ad54a5a5a5a5f
data/thermal-1-filtered/train/images/0_0_000050_jpg.rf.ac230adac83cb9d97c79e7a8f2fe85d1.jpg,c19bfdfc2c7531af2a039c7ca2579d16c04b6a1f16145e16152cb90fb76811ff,ee31bc4619ee4538
data/thermal-1-filtered/train/images/frame2_jpg.rf.b698bfcb6b7fd644bda33217a25c1288.jpg,098da9ceb0b38f35a6b774606f04616ac77b2c7faa47ed81880188760eb956e0,9be5d0cddf820d12
data/thermal-1-filtered/train/images/003833_png.rf.06261d86016147773c6733cb081b38d6.jpg,46cef0e7c97c2d5d3fd6178b93487392fc851f48e55d3bdf9174553a5c5f98ed,f37c07710e63bc03
data/thermal-1-filtered/train/images/IR_BIRD_012_frame145_jpg.rf.5b62d94c886deecd92dfb14dd3627ae0.jpg,caf7e114f681b819c3b8ea791ba462461ac703d34f13c1e3892a561cd0f0140a,aa4a155915d555f5
data/thermal-1-filtered/train/images/frame683_jpg.rf.76c3f8aee157bf521e7bf1fe867728a7.jpg,c41f445f409a0bf676fb73e709198f3a0470c9172815df4b243315b393842608,fee0e86d8ad69241
data/thermal-1-filtered/train/images/002345_png.rf.107dfb481e188902bcaaf83b5cd22e58.jpg,ea8d146bbc4edff7d1e0cc17725e653153ce373e70d1232258fa0b670ee843e2,852ad54a555d555d
data/thermal-1-filtered/train/images/IR_BIRD_012_frame277_jpg.rf.e46a0a79ebd5d519493780af7791930d.jpg,ef336b339c8a729bbc303793163e399928d22bb2873f1620a19e7a58adc52a43,a24addb72ccb9234
data/thermal-1-filtered/train/images/002079_png.rf.f382588594477f8bc75aa4f292db62d9.jpg,f900d3a7d16e1d8677409717501a1d1345ebfea4d43555442c2b84036b7142da,e53a417a1fc5126d
data/thermal-1-filtered/train/images/frame274_jpg.rf.8bf5a58ec41a83544c4f5dd70e392687.jpg,8483c31266b5f49c22d792ca1e9ebc463e5544f9bbd949b29d582dd7194ddb98,aa6fd42a8995d22d
data/thermal-1-filtered/train/images/frame209_jpg.rf.37e1f5797394d1a8fc72a6b799c5d571.jpg,d5ed644d01c88435184bbc637a36288aa69e9304f652301266a5427f0a653068,840f0addb5c257ec
data/thermal-1-filtered/train/images/003695_png.rf.f943d4d0341b266d33a4f936fd521200.jpg,84e9c8157955c650f0cbae5f826b929ffb36234c54257be2906c76934d648382,85d5d53953ab5c14
data/thermal-1-filtered/train/images/002032_png.rf.e9eefceecce6955d64d8c73589c3409b.jpg,ed9372d542b645e72e7e95c0fbb290ab5560e9879c39c8150d16f58ead67b985,ff7f9c418c608e60
data/thermal-1-filtered/train/images/IR_BIRD_012_frame106_jpg.rf.84229e01ac77eaa4756f4688b5a10cb6.jpg,d51b25a245bf230fabe01df3bf89002b278e9e922ecc2a195ab667d10fcc8237,a94a555a545a555f
data/thermal-1-filtered/train/images/frame468_jpg.rf.1017b1d1915c9c0ca28440885d60a43e.jpg,991a68ba7784bb70ace79ec00faf24337313136ab1b8f4b5a9cf2e7d9e9808e0,feef8323c710e184
data/thermal-1-filtered/train/images/003768_png.rf.59df083d75828d04b0f8c855f1c4cf41.jpg,8beb8cf9b58a33a5315514f822f073472407951def4d081037946cd8bed29035,8ae9f5d55252cc52
data/thermal-1-filtered/train/images/0_0_000340_jpg.rf.e353321f8c44e28a1acfc4272d993de5.jpg,3c53a509ed087a39fe1efb3c94e01fe95b32c3c8b467b22d4205c7dae4477ca8,e28400fd0cff0ef3
data/thermal-1-filtered/train/images/IR_BIRD_012_frame81_jpg.rf.33e77993ef3f0cf085b1c691a5af8d8c.jpg,0c7170f2cb5997c6453a60f789749e23ee53808bd83cbca08a83af5a9011b2db,d02a95720df55acd
data/thermal-1-filtered/train/images/003905_png.rf.f8c7fd35adf2a0a968c47956930d8210.jpg,b9a0b52bcb823c440300e6400e6c1633b5d4955d3577141aa625c04b3f0afce5,ce771a4d32cea832
data/thermal-1-filtered/train/images/002077_png.rf.989170258191820089d35e6062fc6cbd.jpg,00516ff7e307008db49379513cd6f385953db52716f0db02bf56f0b3f294e0b3,907f142f5ab14fb0
data/thermal-1-filtered/train/images/frame294_jpg.rf.e8e998060b5d7e419aefb2a075f01488.jpg,2cc8c42e8b253153b2cbf3332a0db4607a36d80385f757ff354c83a12b56663c,beefc39d41545414
data/thermal-1-filtered/train/images/frame258_jpg.rf.41bed390730d288424139cd94646877a.jpg,e2f57372b859aa7efb75211ddc4dc86c3c51c58484c873b8668d8c6dfdcff5bb,f87fc085013e17b6
data/thermal-1-filtered/train/images/frame587_jpg.rf.533a0583541dfcab9db3713cd29b31df.jpg,ceeb69471cfac28e3d0d7599e5c2444bebf8121c2bab1d5546bb596cf16dbfb5,f4df941d0787113c
data/thermal-1-filtered/train/images/IR_BIRD_012_frame107_jpg.rf.b343e6dac818c42348b5d2d415b34434.jpg,6e8bd34086dd2093e89cdc80dbfb8fb861ba037ae2e591caaf6384555c63bbba,fce041f041f841ff
data/thermal-1-filtered/train/images/001994_png.rf.96eda5f42f5e6dfe5f06557045788723.jpg,a5e158749ced6f189d00a0387c4a65f1599d2856cd0e553311114451a0f876a8,d37f843aa0209f2f
data/thermal-1-filtered/train/images/IR_BIRD_012_frame242_jpg.rf.1e3fc705f2f80ebc1622fc680c1198ac.jpg,98554c71986dc58c907489f93d40b865aa5ef3dd5a648011965d1b61662bd558,c6dd4d1933334e26
data/thermal-1-filtered/train/images/002830_png.rf.633ab3736d22a8c4a8ded1befb6fb234.jpg,dd07591ebda0f8800c802ef77ee8061c15716433eb79571472cbdf5908896d42,f56a057a85f304f2
data/thermal-1-filtered/train/images/IR_BIRD_012_frame118_jpg.rf.9b79f01501658060258f96a3010b95a8.jpg,2c9840839475b723fa808ff317b05b922d992b2b459f77d1c68b77bdc2e266b3,fc1f40bc57a10787
data/thermal-1-filtered/train/images/1572_png.rf.d6ad3ccf2c2ff0c3408928bcee8d7137.jpg,8c3b71d4d8a43adf8d9d97a8f6b439c6da0f11b940934b539750b22367edc6e0,84c855511f575f5a
data/thermal-1-filtered/train/images/IR_BIRD_012_frame61_jpg.rf.b4fd2844de38241f8d1cb7b5f77c41ae.jpg,648a7bd4186a5a38a2ab256a6c6c8285272d29f09cc87f0d86c3200a4ebb4be8,a59652a959a955ab
data/thermal-1-filtered/train/images/1189_png.rf.0a9cbe9bfc49770fe1fdeb2398ddf12d.jpg,d2215569f741006a4cc93685d2620a9a7ff69ad110d5a2f00b9c3033d18d0bb0,953d55b64a124db5
data/thermal-1-filtered/train/images/IR_BIRD_012_frame298_jpg.rf.12052f47956380487e80088bb6615f09.jpg,c525c29ef7397be45d710d6656cc9a5ae9647f68f35d92f5eccacc69c176a219,c3234ce719701fe3
data/thermal-1-filtered/train/images/frame658_jpg.rf.42661003b992af8a98e2b2041f6c087c.jpg,13aa3cd33499f9c5277d07beb32d674d15688b4c3e8fafd49f1032600e84ff0e,eec6f8b8b0a48e86
data/thermal-1-filtered/train/images/002589_png.rf.5daa2606900898ad56fbe7916b75e51e.jpg,a8607f6289aa4e002ef1077baa61fd4dba5145ba2e206c6c4655776010685989,85b5551e5aaa5cb4
data/thermal-1-filtered/train/images/002704_png.rf.a938e9a38167a79254eecf2b50116690.jpg,eda8fba613edcba013a2634f7ce0cdbb764767882a0fe7297d15a4d0b5fd2ced,952a557a56555f42
data/thermal-1-filtered/train/images/frame359_jpg.rf.c13aa030a7238ab8c0d9dc8638688e02.jpg,ff449bb2077e5d0dcd00f6e8da7b3cc53b99d6df9cdec95a9b215b4288386c7e,bce3a3b05a185b4b
data/thermal-1-filtered/train/images/002511_png.rf.7f120d9954d4a500d7dd237cbd4584e0.jpg,96706776ea0bd9679b9f6445929ff8176b865d99ed3a58ebce62a22c4aae59e7,f0d7801f8f0f0f07
data/thermal-1-filtered/train/images/003067_png.rf.dca66246134160b5aacfd8266611dfa3.jpg,73a6a555df13b4a87dea61545ad8122b9c179c7232a56922e338a23754079483,c08000ec1fff0fef
data/thermal-1-filtered/train/images/frame235_jpg.rf.f0cc440ad26b9d704ff99496b49960ea.jpg,33f57454072249296fb5784fd36b562de22f4bab479528c13e04f32d989e60dd,89c2d45955dd1567
data/thermal-1-filtered/train/images/002378_png.rf.e07c751819840b6c324c6dad1e22c152.jpg,4f1dc4a06a010408d1a61809ac1fe0ecefe0cf39f1d61c8b8abade97dd5e3a92,ff7ab75885108531
data/thermal-1-filtered/train/images/002342_png.rf.34e53831728fd6c5cf2354ddf16714cf.jpg,e782db81cef4a0c423165bca4c88ad08b993bf019e8c1d9576151af7ac12bee0,bf6a934cc718e215
data/thermal-1-filtered/train/images/frame259_jpg.rf.75cc41b33ea09d8aabf6e17cde911239.jpg,699fdd795e4a014d5bef2f2f4be40acd27a30472b64cbedd84e68709d6b5bbdb,edd09292b2e1d369
data/thermal-1-filtered/train/images/frame622_jpg.rf.7f32719a3592a2b0527fd4ada3e73ce1.jpg,44c1de5f53fa2697d247ff079576076a5b2b0721c84c6d08b29754b95df29c27,ecc081d955df4479
data/thermal-1-filtered/train/images/frame642_jpg.rf.cb7ec222c2d929948685cf879dd2b10e.jpg,208759721acf291a2b76323feda154a1ebbb3d88602ed3a8407b91d9c87a8f4b,b54a95db44d51b64
data/thermal-1-filtered/train/images/frame59_jpg.rf.b56d7a5318349a0ce68f349520848c55.jpg,3bead1d7c16413061515e0f02177839364d38e4a190294b75bdf3f8c0c3672e4,f4d788099137d98d
data/thermal-1-filtered/train/images/frame474_jpg.rf.093b7aed06f8d21f0e6414ea159bd405.jpg,19dacb174b26cdea4edcf4cfa6487ac102e4ef8439fe2b48c52810b3e92f87b7,9f8281d495df4d49
data/thermal-1-filtered/train/images/frame15_jpg.rf.3e023f091ca7f1eba5204b4bc854f541.jpg,7438235f7ec1bc309c9a755b011d7ff3fda0420138e5fab65446c751c406ea70,abdcf416b0343713
data/thermal-1-filtered/train/images/frame679_jpg.rf.106c417ccaf6640482ebc4a36295a575.jpg,ba42e6f4fcfd2d77693f543ed7320c99da32379470b2434ef89d981eb1b7e517,f5df8427868b091d
data/thermal-1-filtered/train/images/003695_png.rf.675d0a41bf48e7986c262ce0425373d5.jpg,76bef576134920daacfa013958b1a2c7369b481507b8e2fbe92e14a3fec08ca1,803f403f43b65bad
data/thermal-1-filtered/train/images/frame71_jpg.rf.e49f9d3593e9d02ad04a15504ca2aa71.jpg,2c7c4abe9b8a0357ea923a3fdf23e7561f47201162f36407c6577f46a35512c1,f03f04677a98b346
data/thermal-1-filtered/train/images/003840_png.rf.e8615b68742008d0e239307ebea84b8b.jpg,6572287039d46bde5705c8ed4c8407675c100b4ffdbdf96712c24ece36ae5356,d38080ef0e3f1cf9
data/thermal-1-filtered/train/images/002241_png.rf.bd12ef4fdd89304f629460c41a73e269.jpg,289d382c57e303beb23dd6ec582dfeb1d52e7a585c0c76d5f1a0533f0bf76564,8c6ad54a555157d3
data/thermal-1-filtered/train/images/frame236_jpg.rf.948616fe8803ff50315ac0146d1b1715.jpg,c4e83403c951c0c63386dede81d0141a0f1e1fe48f267375cf87332a7dcea357,c480d46f195b537b
data/thermal-1-filtered/train/images/frame611_jpg.rf.012d0cd6268124dd10a98187414d5671.jpg,ad7f0735a12b82b29af3e677baa58d9213e4b96836a4db80a9d1cffde3b5a115,f0e0c05894d7c7d7
data/thermal-1-filtered/train/images/frame187_jpg.rf.7eff1aff8d46f26ec2c924fda00e9432.jpg,635ee81cbbf6af034832cedf3eecf3562b567450504e84d249bbe986c578247c,9ff0416f4b64644e
data/thermal-1-filtered/train/images/ir_3_018960_jpg.rf.e3cdfddd0e0cd83fc66d1c68372adba6.jpg,a1d033135c247de71ce378cbc76f95cee4df34c192fc892bdc763a6a90d22b2c,952a1574adf14b69
data/thermal-1-filtered/train/images/002512_png.rf.b64e4786f42fe0526ecdd8c39181a827.jpg,4c9ae60604da607b4165b6e0cb9c9ce9fc2209c65f0556948dd405e616229728,bf2afd25ca95ca00
data/thermal-1-filtered/train/images/IR_BIRD_012_frame236_jpg.rf.d67368c978736e77af79afebc0d82cb7.jpg,fcbd613a931371bf8c63de0f9a353c578f0404e7c7d6ab2d5ab25a68286748e1,96664c79674c5966
data/thermal-1-filtered/train/images/frame415_jpg.rf.1c9fcf52ceb85588a763845db4435622.jpg,db8592ab868486742a7df9a0e694098603be1fc8a357534576dc38e7866cf1f1,e688c05f5d700d7b
data/thermal-1-filtered/train/images/003818_png.rf.c73a6585caf70cb19b47a738295383be.jpg,676f3ddad7bbf94992f50b73e3687c370216b49408139a6e8894445735f55b65,956a555a4a4d5d4b
data/thermal-1-filtered/train/images/IR_BIRD_012_frame10_jpg.rf.843c395684eddd75b658e540cedfb8e1.jpg,9de400579cf20eab8337abb3fc937442f9d82524f63c47598b8ca564a0270259,f7188c7708c57f18
data/thermal-1-filtered/train/images/002347_png.rf.f1437a32dec8b30cb841ac6b578cab34.jpg,a61dd9c17941e9c9077eecf1a51bca4f26091dec991fa7188742b54ccb8d6409,d87f801f1f07031f
data/thermal-1-filtered/train/images/002572_png.rf.5f6e1907324ced7385b3142274cf7791.jpg,0ffb26205a8c8dd0d1a8e71851032cddfaa0eb7ade18ad7f4b7f89b3b1664659,aa6ab74aca15ea15
data/thermal-1-filtered/train/images/frame164_jpg.rf.77d3386604e57a2e6e418d7607426c16.jpg,6502a2962bd1fd6357ba20b291844ade4fde5e0494aa789c681fbd48026a285f,eb14c4f18c8ee1f8
data/thermal-1-filtered/train/images/frame462_jpg.rf.880989dd20d4f4e51ff2bec6d563a224.jpg,ca699ac079d3fd8f6db26905869459fc07c35cd56591fc1eb374447734d1dbed,fbf8862c9e21de01
data/thermal-1-filtered/train/images/frame676_jpg.rf.8ed7d10866ff5863e253ee2bf1dfecf0.jpg,82b12c7469e00e32f08bb7a306553e5ab830bb3342a216937ecc8913e339d90a,ab40ff99e6649950
data/thermal-1-filtered/train/images/frame213_jpg.rf.a1bfc41ed451ff5ded9de06e3bba7386.jpg,0070c7f1f66a8320de96482bde08869898df5062b3f550dbe605a1a42b11aa53,85e04a26b57d7713
data/thermal-1-filtered/train/images/002024_png.rf.45567508a603cd1425ad8393276e7ca0.jpg,9d53d508c18190b6bc99d11684c35dbbae9f3a68e747f106bad12fe62462dbf3,fe7b8e710ed91440
data/thermal-1-filtered/train/images/frame263_jpg.rf.945d757e648ec8f912b20f63b5465df7.jpg,0471027993de5180e54633a08c87d93ce9b42cb00cd25f087151786a0cf3d20a,a17dd59617224ab6
data/thermal-1-filtered/train/images/IR_BIRD_012_frame270_jpg.rf.b697ded3a5433765cdd290176ad475b2.jpg,56d2ab602e3939243404942f66f25508bf2ab8de46607fa2c32f9985c20738db,e3cecc191993839e
data/thermal-1-filtered/train/images/frame495_jpg.rf.36b6c97f6179f599ac8d4989b5b91889.jpg,09632f3e1db9d5dae77b19b6723d71720cdeb40285ddee4899b09f131e55014d,fe03dcbeb300b60c
data/thermal-1-filtered/train/images/002335_png.rf.021db7655597667559ca3a6561fe1a85.jpg,c1cf3da9eb49a966af21f06b0188f105f53e39d95c4cf5e7f9da0de43a42674e,aa7f9c538897c132
data/thermal-1-filtered/train/images/002406_png.rf.a106b63e4fa1908372b31598af4cf13e.jpg,3984c4e52d917ebb88bf5cbde59e3215b93a6e9ec1f04b85fbd6359b8e1f1420,aa7bf708ca15c730
data/thermal-1-filtered/train/images/003431_png.rf.9d252a914fa949f532ed4a701b18a0b6.jpg,407a6b02d3a0d0d63e317039064695f646f2fec5dfb2a3e7f1d000da05cf9a80,855555aa51ae5aba
data/thermal-1-filtered/train/images/002413_png.rf.b4a7e84be544023956d7c826440fc5cc.jpg,9cf2d909b8ce108518bb7722baae05692d730677597156473c7bb8409d0466cf,85d5d5a954aa55ac
data/thermal-1-filtered/train/images/002247_png.rf.5ee4ee9ef76eaacca19c5ca52a456aa9.jpg,f7069c160a47d700c7ed0966435b3b24ed5a225942b276924c25c365c5371e09,84d5d5b551ab51ac
data/thermal-1-filtered/train/images/ir_050540_jpg.rf.a372f90f5459ae0f358a082a12883743.jpg,cab35934894051b0017f32aa59ff782f1e87212f93c349f09418e72621f234c7,b4348d2b6b5ad616
data/thermal-1-filtered/train/images/003762_png.rf.e139a06ac0bcc87fbabbe07a0cb322ef.jpg,bff9620e56b636bfd1cac662428e2dafd39924ed4f4253d878830d5867367c25,f36e293d82738d60
data/thermal-1-filtered/train/images/002264_png.rf.1d8b5d36d58a248b04c7736286d9f592.jpg,fb5720f333d1a97d0561e7056a6d1839736ecd1adf8a87ceb8f2047b547f7757,df80903891ff11ee
data/thermal-1-filtered/train/images/frame625_jpg.rf.a1ac9bc48025864a3053a0fd55e8c6d3.jpg,fa8ea58262ebde42cbf7bccd11bc878bab3c7868361e4b3175fa4c085123f4cb,a9bd9526c40bd98b
data/thermal-1-filtered/train/images/ir_2_034570_jpg.rf.25a2b8a542bb47c5a5d90c5c8d4d48e5.jpg,2c156f25b7557a3f6b49ba08f75f8d21f37de2aec9879de4a30715f2a45317ba,ef6a96572d71a840
data/thermal-1-filtered/train/images/002674_png.rf.afca70a5b4ac23e27c42e54f37083990.jpg,95d05d4a077c20bf53f0037b63103afc5f9368b982ce384d9fe0c0fc602636e4,d07f0037580f0fb7
data/thermal-1-filtered/train/images/003699_png.rf.4841b76c0572deb40278df2f6fe4878e.jpg,2a872897828651835882d74e0c2641958ef696483cb9f592013296459efc6f86,803f403f43b651bf
data/thermal-1-filtered/train/images/0_0_000011_jpg.rf.b493eb8cbbacf164b6ed12abf398344a.jpg,723262553ac13511fbba9b5a0dfa391206178148b48c87c0bbe0218bce268169,c09289731d7619f7
data/thermal-1-filtered/train/images/frame494_jpg.rf.b6aea195565b6b79f929af983996151d.jpg,dc14cc33d32376f20ccd01a2a9519e8c47223fe4f6a2a7fe8be9aeb9f1e1b522,e03fc135c41f4da3
data/thermal-1-filtered/train/images/frame203_jpg.rf.f992d31d48ca06a22cb76956ac9d6d71.jpg,cad4f2652d1e6d8b17e84d82e5d1f4caac3690da8d2f562d7baba9becdedae5d,cabd7eb2b43038a4
data/thermal-1-filtered/train/images/002212_png.rf.1cf94905ecb8139b8527973b06f92f22.jpg,a59c4cbfb0fce1f2a35a0af51454439a76f2004ac26819e02bb2c6f9d7ed43b3,d08080eb07ff03ff
data/thermal-1-filtered/train/images/0_0_000281_jpg.rf.d3e6308fb1dbb0cfbc175a7b9c59253f.jpg,411ade20d7c7c31b46d4cf1fe603b623a65e929dff6e8609d2b1468ed025646f,c0800c5a46fd3dff
data/thermal-1-filtered/train/images/frame542_jpg.rf.76932a4aea40081b1deb2f12bf9cdb32.jpg,8a8188c7540ee3da570f7b5e3190d56be1183be17b2c4552ffca41cd474ddb29,e13fc0a7103c47af
data/thermal-1-filtered/train/images/0_0_000214_jpg.rf.29c1aae5013767c34bd7e94954d6d855.jpg,e274a0e1e8ffb088e824cc24f6c955c813449d01917915cd8937cd24e6eacf53,fec0c0f101f9c3e3
data/thermal-1-filtered/train/images/0_0_000057_jpg.rf.5b948d0d786ef18b60ecd490bd027144.jpg,4434f40c923329b6eb6b4c084be3e78a385d54f7cecbd26684e5ffa50842cbd2,f0ff043c07070f1f
data/thermal-1-filtered/train/images/002221_png.rf.21d4b4f38fd1fb792aa08e931ce18c4b.jpg,f6aa2b22c1cc7497103516bec295e8727a855612de408a518689dc1f973f2a27,d0e080e00fff1fe5
data/thermal-1-filtered/train/images/frame67_jpg.rf.6690304af19519f15967daf21db23cc9.jpg,096cd2d2bc7115f195b75d3cdc5ffbc763eaf59d5a7e6651d8d6150c9372d20b,8f95d28cd86f4b0a
data/thermal-1-filtered/train/images/002708_png.rf.888874642ca5cc5511d01fdabce774b8.jpg,76f02fe1b8a9e95b61178180b46c8abb44cd5bcbf48fd393addb63627f50c8d8,95d5559550aa5cbc
data/thermal-1-filtered/train/images/ir_2_030920_jpg.rf.bc70fedc840f875490e635e3888274a8.jpg,f1c3498ab9a9a1cc2219f2fa7c0fe848853a93d920592cbe393da4fc4caf8409,f59d858d851f850d
data/thermal-1-filtered/train/images/003694_png.rf.efe6a81c9458718df8c40fe816349b36.jpg,7897f546ac6e2c7667864d954cfff84f32ac4210dd61718cd38f6382e35d3a2a,d56a157a14f20df8
data/thermal-1-filtered/train/images/IR_BIRD_012_frame38_jpg.rf.970dec93727ff19758cc3f43df06c46e.jpg,ea41e46ba37f15c63f8a2e38f6541c229d3b0db509921f7a829a580c2c09d206,f13c47391e1f0738
data/thermal-1-filtered/train/images/frame659_jpg.rf.448dff581cb43c15ee758ddf8dacb46a.jpg,a1a65f3f634e5d2f2c30b6fa8ebeefb0e1a37d3563f38a7389e66cc82ad30771,eec6e8b8b8948e86
data/thermal-1-filtered/train/images/002201_png.rf.cbc12fff5e69aded43e276c5f9f89245.jpg,73223af1054724b23f43d3937b53f6f86ff28619dccc7982a4208123e6e0f7c0,856ad56a56555e51
data/thermal-1-filtered/train/images/003028_png.rf.799d5aa901744d28bbdca3b6f17ff5ef.jpg,2ca2f0d6f65fa5b09beeeb212f8632e479cca8f0599d37b5bcbff994b27da13e,85b5551559ab5a36
data/thermal-1-filtered/train/images/frame712_jpg.rf.c971a56a68691f9947cc159034ecb95c.jpg,33d3cf47ea40ed08030e57d99ae3374cd0fcf41a0fb33afccd499e035282b8ba,b80ae11fd057c0fe
data/thermal-1-filtered/train/images/IR_BIRD_012_frame141_jpg.rf.cd1c8571ee234ded90c2b14256a3cbf3.jpg,945819bdc7392ecd522eaeaeac3482a11d8cde41ad4c73da57df3fe449c988ed,fce001fb01ff404f
data/thermal-1-filtered/train/images/img_0456_png.rf.4b56181139de25e13dab366cd48e113b.jpg,f657743ca8f2e5a9514c849b93804216bb399ece67dd07cab3cc0b7b559cf8cc,d5c04536825e4edf
data/thermal-1-filtered/train/images/0_0_000064_jpg.rf.a73b7d02c3fa6925f50753a7e36a4590.jpg,44b3cf709a77d16127253082431590c8ff4a049481eeeb00da4bc7e2198a7d2c,e31c95621dad625d
data/thermal-1-filtered/train/images/002691_png.rf.2a7ec1d3622b28d0cbedd7a6e14073cd.jpg,019d9f9be3d15854aa114f1705cc74e6d89809cbb21a43b22a4b8bcbcae4c39d,85ca555b51555f49
data/thermal-1-filtered/train/images/frame462_jpg.rf.8949fefedd97ce10145248716b532063.jpg,b51d394b18e146f6dfdb32296530ec065b5b8c95bb676a11c40efb7dd2ebe645,c828d4701ad557f7
data/thermal-1-filtered/train/images/002250_png.rf.d3dc920ff72148a4d3970357ac0e1105.jpg,0cca897bfe59ec5342f683f63e5e12968b33c3831b319ab0eccdbce0c70e67ad,c07f800f1f860f3f
data/thermal-1-filtered/train/images/IR_BIRD_012_frame190_jpg.rf.9ed2c19f8d791ed7753a860f07dcb7ad.jpg,edbdc0e63c1dc70df886c4d0faca7bd6adbffcbd7e49515d1b07a30fa9414a0f,ab4a5555155555d5
data/thermal-1-filtered/train/images/frame282_jpg.rf.7e135a832efbacff3a09f00b305afe41.jpg,4f022f5ea864c0b99026bf36b58665d957154d669e650e22385966678fb31d85,e02880db87db4fe9
data/thermal-1-filtered/train/images/IR_BIRD_012_frame191_jpg.rf.9134f8289c636a3a88afbedfd3ccf5b3.jpg,b2ef42190dff0e68be3bb06c5f5d4d8f0e4ca50bd03cc7c3e2fd11d517a6f295,cc33cc23b14eb3cc
data/thermal-1-filtered/train/images/002055_png.rf.3e30522d29e8c9d7028c5ca7bacf1848.jpg,1ac67155d50518c62c5e1a434c54c3fc21320de3a30eabc88d4a17cbe6cc7ab7,856a555355595e5a
data/thermal-1-filtered/train/images/IR_BIRD_012_frame84_jpg.rf.4862bf9658571eea705cd1c36bdc3578.jpg,87e6eaa7736185d9ff4ce27fc9677a94defa40283c5041666c168165029316f0,f7188c7708c57f18
data/thermal-1-filtered/train/images/002507_png.rf.0299c949d8645b5ccd8cbc680be573e3.jpg,d001031363a4772f92cd27609a1de8482111e52bce72654fbc18222a904fb5e5,bf2aff35ca158a00
data/thermal-1-filtered/train/images/IR_BIRD_012_frame265_jpg.rf.b310da4f70d038c5f37d635b1ef72100.jpg,da4b0c42840cb720d6efb3229c38960c4d1fa5da758ee4e9eb4cf7e217b59f0e,c01f54a71f8ca33d
data/thermal-1-filtered/train/images/003854_png.rf.8cbe51b3901d294e3126cd9d2f467d1d.jpg,d03194ec13a7cbc32a01c91103052ac5f9472b9a251f37ee21cbaaac316c2d22,f37c27701f41bc03
data/thermal-1-filtered/train/images/001496_png.rf.ac6846dd01c49550582057d0a7309142.jpg,400796ba799677ede890e52098277e02b3b750403122971f33655987c81ce451,aa3bc50dd531d332
data/thermal-1-filtered/train/images/002327_png.rf.2e5ad608658d8c624c0984d1f21961ce.jpg,b239b425a4e2bf07f2e51f207058c23e441a20490ad6f22250e2b2fa59ee712a,d08080f91ffb09fb
data/thermal-1-filtered/train/images/002774_png.rf.96001ec4393b880cd4545539156a66ad.jpg,3dad53f614bb79d5b2dfa2cadad0a83acfd18713a63e362153d8ea39c00400de,803750b54abbd62f
data/thermal-1-filtered/train/images/frame124_jpg.rf.a191757485aa92e4f3cf39c25fc7a4e3.jpg,343c2887dcf9f8745c26b67c2c789a25d63f7681822b221191435d5c8125524a,a19555e554ce9333
data/thermal-1-filtered/train/images/ir_046670_jpg.rf.6ec91a594325d735206a5a765985a3c8.jpg,8d26c92f82f4060e8cae59f8f5cfd3f78db5273835e8498a9c428b97dfc65984,f5a5a56c6a4e4c4c
data/thermal-1-filtered/train/images/002710_png.rf.40116403f82f4305cd362fa54d1ea64c.jpg,4fac7b636bd8cdbd6be623e52f3e593b1962f5c2bd379560907ba6fbce68cfae,be34b40498e9db2b
data/thermal-1-filtered/train/images/003854_png.rf.035026b0cba7fa31b803d2c40c5f2e9e.jpg,692190afca9213a9b6c2e8ce31b095a0d2af89c1c59a02c2f926eff922cf1515,d06a11fa0fe11dea
data/thermal-1-filtered/train/images/frame303_jpg.rf.54cf48f7a34da01249fc9665b1adb31a.jpg,5cb391f3912b985810c9b93768c141544ef2b2a0e6009852a74a9b885c99503f,f02a80d21fd39dd3
data/thermal-1-filtered/train/images/IR_BIRD_012_frame98_jpg.rf.89ce0ddc679cd5d59d082aee0c39ec70.jpg,f293245217a5ff00cf9f6b831800e0af5707ec3e43ac69297718332e3f763f0d,9077903fc03f40bf
data/thermal-1-filtered/train/images/0_0_000063_jpg.rf.5395e9a3be8b5a6ee3ea150cc5aaca3b.jpg,1325aca46a570cdf1a58baf3bb673d14ffe424f61829ca698c5af3b17eeccf40,e0c080fd0b7f03ef
data/thermal-1-filtered/train/images/frame543_jpg.rf.feabab9ebc1bb9075d4c782a7117cd50.jpg,65ec0a5cdeceb950ad2bc2bccfc1525359ebfd5c8a366decc9d9e195d8f70a82,ae4a81f4d54994f6
data/thermal-1-filtered/train/images/002330_png.rf.76e3bb5648ebf346f47070c6d7cd7c8c.jpg,0215d18c30a5b3822a4d8195d1aaaed25e72876e1d826db68130f8525bf4e84c,d08000eb0fff0feb
data/thermal-1-filtered/train/images/003722_png.rf.aa12b40db8c59bea3e18f39f336183e3.jpg,4da0fce98214b01b77d0ec2386f87327ff7067824f7890c508f55987d2c5b41b,856a554a59555e5b
data/thermal-1-filtered/train/images/frame622_jpg.rf.ab5f242e937f90e0e45bba9e0780d694.jpg,f16f8f60c0da11575b3a868bc2bc34ca271c8eec339f8bc46eff861d2adb8391,f42881ea5579467b
data/thermal-1-filtered/train/images/002049_png.rf.a0be0dfb4e6e6ada1ee276c04f6dd531.jpg,0d96b78eb8a46ed8f6189ccccc42c2275d23a8a94eebabdf859f094073d09ed7,ae7b045b86cab538
data/thermal-1-filtered/train/images/002339_png.rf.c80e959fa8449ed55ddf352d79a6b949.jpg,231684c97b0c92c8f291d76916a96ccbd4a9be3fb3e41d6179e56e55915dfae5,ac8ad15ad1555756
data/thermal-1-filtered/train/images/frame172_jpg.rf.05f86c418daa4b60072857833f81ca03.jpg,5aca9852f08e37c8e9a9db3329102b71dec66d0e8a778d7bbdc22a590d9b75fc,b708cddfd2585a22
data/thermal-1-filtered/train/images/002431_png.rf.e7344bb8bf58f6303c77f0baf688bd36.jpg,85e7f3c3a5cb00c442d686856dbbb65fe531763b5e85221aea8d329b6b483a5f,ac95d5b5d4aa54a8
data/thermal-1-filtered/train/images/003046_png.rf.47ce20e21fa70df1675e5b016c758f2c.jpg,096cc16464ae2be0d9f2898113865416643463edf58fb463e3fd902c83a4afca,be691e6116c15f34
data/thermal-1-filtered/train/images/frame394_jpg.rf.b377aac695dae1fcfe099bb5e0856429.jpg,7c0cd24dbf342591d75617417b5aac46d39de1518fc15a45cd02139d0a88fb4d,e0aaa8a53c5e6e65
data/thermal-1-filtered/train/images/frame709_jpg.rf.214889bdc350ef6dd17410145f22ee2d.jpg,e65a2d35eae84f2f56ffbefbcd5b1b21d67837bea1cab0b5e20696abc5e1b357,b880905dd37d534f
data/thermal-1-filtered/train/images/002450_png.rf.39ac06bd3c32d5b6b4006a051dd5d056.jpg,50e658659ca2d1053867b97ca40fac7225d321b9bff654240b6679b953b36e72,bf7eff5ed400a000
data/thermal-1-filtered/train/images/002714_png.rf.a0558c94fb54958cc8432e1c8f1a3dfc.jpg,fc073895219fdfa5f0374c75bb84ee87bd3a9daa43341123f5edf62fee55747a,f762814b83fd027c
data/thermal-1-filtered/train/images/0_0_000037_jpg.rf.4692b1561ad179364176a927a132d378.jpg,4d8514bd63e061c20698c35fad01b6e4908fc8c98e03b6ae2c829bac0d75d768,952a45ee12730dee
data/thermal-1-filtered/train/images/frame326_jpg.rf.5da83e85eb6a2c90f1aaa88622f638cc.jpg,ad675d1a256063a46c87ed397b484b639cb300c62163c549727c637d1addcdde,952a95eb16d510f5
data/thermal-1-filtered/train/images/frame620_jpg.rf.a1092f6790f4a3d18f3a201b26384fbc.jpg,f132b22aa1ec55d63b8c320bbceb2dcbcaa9c2cfab696cd313ded4a551253e51,b997d58554a9112f
data/thermal-1-filtered/train/images/002203_png.rf.3a036c4d0c04901da57ed6b3ebbefa03.jpg,c33b7e04cbbb08576bd47f52c27725644255b7e80aeae4d62d18b3c7c5992996,d08000eb0fff0bfb
data/thermal-1-filtered/train/images/IR_BIRD_012_frame99_jpg.rf.015bbb2736b7038c5934c2e3a0f59533.jpg,223fe20911776e0e52f6ecdfb53979eb17b9bd466a10d186928606234e8d6058,8475853ec53e40bf
data/thermal-1-filtered/train/images/003544_png.rf.2d8a7f80913b60eaa2aaa65b0300adb9.jpg,c5ce0d5a0b9c1ca9f239ebca8df6ce74e7cef546d2a29c0b99640bf48786b3e2,fe7f015c05d82659
data/thermal-1-filtered/train/images/003054_png.rf.ee101dad7ebc4a0c51e3f09a237845d1.jpg,f1d6b9aa1cabcb42270b09e99d0abebc2b63637fc4dfbd36e6ad7fe4555166e7,bb6c136c13cc6b13
data/thermal-1-filtered/train/images/IR_BIRD_012_frame120_jpg.rf.12a16c250f543f08971a31fc92fb2596.jpg,70d10854623ca3a45f35ec031bfa919b08723a4eabb5d92b71400d890942bfeb,fc1f41b847a30787
data/thermal-1-filtered/train/images/0_0_000113_jpg.rf.ea5243cc09a5983d5a8b0254cc0d93a5.jpg,b26f2245bcad079dc55bdd111553b455b4cdf18815c885f7052f80d0f1a064d2,c2372d012fbeb515
data/thermal-1-filtered/train/images/002392_png.rf.1c489bb279ad093efc9cf55d7e1e0d8e.jpg,b474507066d170b9458cc7ed539288e10591bd5c84453d7f4aea66b76a3bdd49,fb7ab35c8154c138
data/thermal-1-filtered/train/images/003019_png.rf.69f9fed3811f7531791de0cd6c957df3.jpg,eaccf758188f286a5a62bc2925c4e73bd0a0573d34f57bfe03882af0e4c147df,ae3bc578ceb10658
data/thermal-1-filtered/train/images/frame325_jpg.rf.4561c404bc514eef0153635a236375b1.jpg,3e136e8fd1029adc8e53b0de59a49c40d7a66127c52386f4141e518344219df3,b2e2ebca694a4a4b
data/thermal-1-filtered/train/images/0_0_000246_jpg.rf.52b0905134ede7676e73e36d157cf6df.jpg,6de81aa99b5f4109185b332e21e6837aab7ec3066def4613ea9ad748dcf5f27b,f01f803fc10e43bf
data/thermal-1-filtered/train/images/001501_png.rf.8cc80cbf2be44e7411f9b5ff56deac81.jpg,0797e32ae35826e66d6de8d97aad73a05b66c05ca13052d942f62d32b2f49dff,bf2ac14e9030df74
data/thermal-1-filtered/train/images/IR_BIRD_012_frame207_jpg.rf.c049f87f5d8db108ba9079fac8ef03b6.jpg,0fb0c84ec686a8a61bd634f8f4fbab76ec7ef44904a828841bd433b8da1af534,9b734c99672c433a
data/thermal-1-filtered/train/images/IR_BIRD_012_frame8_jpg.rf.32ebc2a5f8d68c068eb54db04f702bc0.jpg,3f78c73eb265608dc8f9f5686d19e547eee6c487ba773ebee705f763dc58fa22,807fc13f489734ea
data/thermal-1-filtered/train/images/frame675_jpg.rf.dadfa16c4e67831c2e4cfc97f42dd925.jpg,8b6891df74d9ed11df2df0d86b2f3acceb1b2fa3ac15f01f981df398a765dd3f,a2d5d49bc5aa932c
data/thermal-1-filtered/train/images/frame52_jpg.rf.27d38e595335130a0b86430be54581fb.jpg,b3ee904594ac05d2d60f8a21104bbd63b900a77450e195874823be0b9700448c,b8a5d6926d29ae52
data/thermal-1-filtered/train/images/frame325_jpg.rf.4a9d0e528fe36d71a15d2d18606929a3.jpg,f492b9a3be22a7b1e6bb810eb75b27dc3e0a6516466fdd044629ce8ca02b5157,a5c2d5584bd2d4d6
data/thermal-1-filtered/train/images/frame317_jpg.rf.1ecf8d2b99084a8b96ce7e3b1de79676.jpg,7d52a71ccc5b9e216bf063514b8fb3f636fe54cad1bb635ca75eb7abe77a172f,f4df800d0e0e1f8f
data/thermal-1-filtered/train/images/0_0_000277_jpg.rf.56bd0c1624d2c9cd78800d1c1c128079.jpg,f89816134b8ef49bdf6e3eeebb1fcc75466431197976fee03d662b600ac02673,f8f000630fff00fb
data/thermal-1-filtered/train/images/002128_png.rf.77ed6f3b4ee1756bbdcf8adc51400e91.jpg,9e4ddaad234f30a403defe0d7cdb8d3b4c127c2abafa4cd9c67eb6b1e5b6813d,c37f0436030e0fbf
data/thermal-1-filtered/train/images/IR_BIRD_012_frame242_jpg.rf.8cd6a036b9b5171cbd1d6bdb0c2263cb.jpg,f43c696ec4675eefef02f70db66c648de671a86a0ac2045014cb1563e67646ba,a26a5997356dcb12
data/thermal-1-filtered/train/images/002351_png.rf.1351f6eb5638b958e41f22c43710b206.jpg,b10a22acef9de8843965afe8ac1e5cf2b52a6ebcf78640850a5cf044e9eddcd6,be2add42d049f615
data/thermal-1-filtered/train/images/frame130_jpg.rf.39bf6277a3fa5fdd3d18c41c807779a9.jpg,0d876cd0cf01583c8fe8fc9c6f80a2f3784500ccaec3d36b738ee1d20943fba3,d0f7190c1f1d18af
data/thermal-1-filtered/train/images/IR_BIRD_012_frame301_jpg.rf.9216695e57da8153875bd0cc5393c17f.jpg,dcba845b2a701287b889c7da25ce84880ae3f67e6632687f9506bae51bddf2ea,b68313494dd85adb
data/thermal-1-filtered/train/images/002781_png.rf.ac6690fc0450f9dd427657c4c2d6ff04.jpg,53a7d6278821ee1aa318e68555c8c065a88732d0446d0d52d2c4791a736892b5,e07f00bb669b4cb1
data/thermal-1-filtered/train/images/002295_png.rf.76832c34b753714a8d13d661aff65d47.jpg,37cea766765f4ca5a42b6b55261d8b79e6d29bdc2f7bf1abf2b713805d5eafa4,d56a157a15ec10eb
data/thermal-1-filtered/train/images/frame430_jpg.rf.416ec25203a17103450eb749d451d2da.jpg,d6f89fc5f4c4dd1cea6dc38d3d1e08c06ae789b3d81a06b8485511d8d55e822d,d8de9c2e738d002f
data/thermal-1-filtered/train/images/002832_png.rf.7a08282097a85d5f9d37050323c8c7a7.jpg,1dd1f12ca1bd7cc47ab78d0a24aa9502fe7f55265e1beaa8a3ddb3267abf34d9,ab2ddd21c9a05e6a
data/thermal-1-filtered/train/images/002362_png.rf.85479561d3cbb78d685478175516d858.jpg,b740dac8b1e01d64769cd92df14bd53aa8d9b4bb8bf995cd94277ecb110a2e7d,852a554b5e515d5b
data/thermal-1-filtered/train/images/frame566_jpg.rf.b393d8da59867a8f25ed4d0e8b108969.jpg,3e4da59c4f66e5829bf81bf6404cae61e4c50225058215efcbc52215e5557ff9,eee6e8b9b0308e86
data/thermal-1-filtered/train/images/003061_png.rf.36ba58121a520c3f6fd8a50fef25cecc.jpg,4131f07aa2f1509b4b02e4521ba1eec99381f8fa838885c21b2a80b4fab795ef,bb6e196e51cc7019
data/thermal-1-filtered/train/images/frame328_jpg.rf.8904bc6d7a083bff88f189aaee821ed4.jpg,0238c799f914ecfe9ff38760775b6b4c89e69012fbf5ba3cb196912b620924c3,b2e2eacb69485a4b
data/thermal-1-filtered/train/images/IR_BIRD_012_frame47_jpg.rf.6ff68d80e114725cfaff920baf96087c.jpg,52d896bcce62d6ebef73428d4feb070833773f83dc40a604f453e1465340fe79,b4ed122d69934d2d
data/thermal-1-filtered/train/images/frame41_jpg.rf.19fa0fdb71b753c816521a9b51a328fa.jpg,8bd53c81cba02e7ea837d540abadaa9dce259c4ca963f79c4c30f98c165e5297,f06c940b73cc6373
data/thermal-1-filtered/train/images/ir_3_028560_jpg.rf.57482e6606190f976e257b64d16722bf.jpg,9ff4701a3807b7fb4961f82f270592dc9ec9c5e96c8e11aa87ee01fb1a89a5f9,f07f002f5fa318ac
data/thermal-1-filtered/train/images/003032_png.rf.5d716a57c75c0c2e70213620f217847f.jpg,4aa37743d191ac0749d622ab711d55384ba3be2123238620ce605285ffc1307e,fb6e914e19e6110d
data/thermal-1-filtered/train/images/frame167_jpg.rf.5528c4ae63a7b79755e7152773f1e436.jpg,54306fa1f4478c897c1c584e90ce72562d4210cd42ef5c0a3cb891d7d166ccc2,b91741ad449257bd
data/thermal-1-filtered/train/images/frame695_jpg.rf.3714fb1fe204e3718d2c5ae5e01a3212.jpg,a6aa877f9cb89506c54a681886dbc07a6e8bde20b62bf10974ddc77c9eb23084,f0e0c1530bfb5555
data/thermal-1-filtered/train/images/003704_png.rf.2c252c8f1e750a6ffdaf6828d33905ba.jpg,ff1746a5e073c34f90cdebbbd1b9d02d5c08d855b76ef51499e1c31ccf33eb7b,95d555ad518c5ab8
data/thermal-1-filtered/train/images/002234_png.rf.129e805bef71049a6756662415d2ed36.jpg,9d0cba117b529bf5645e1f90720bbb30c00e4da46a7c68aa623ce5a67afaffa0,ef7eaa418458d265
data/thermal-1-filtered/train/images/IR_BIRD_012_frame263_jpg.rf.3ebcffaedc53a543b0571910b179678f.jpg,3d2af4c13a46ccbb4634cfb4103f2f9dd141ff7a825941b2bc053a786995114f,956549724659537e
data/thermal-1-filtered/train/images/frame418_jpg.rf.b08e49a93ea4583debd9f5876e110aea.jpg,5a2ae8063ed0ac8bf9a02e41fc618f961c3b8f9b50d6d1cb99e75b6c7add42d2,e077003f0f0d1cbf
data/thermal-1-filtered/train/images/002413_png.rf.621535c43135a993fbdcbac6e62fdb2d.jpg,bce4353943741a21f39275aa8fe02f3444836f5d681ebb279290c80a09b6faf5,aa7bf748ca15c630
data/thermal-1-filtered/train/images/frame336_jpg.rf.98e3fc718f0c07523db75143ce140a40.jpg,d32f37c999e91fbd7bbdc84a92b29814ea9fc0aaea6cdc36cafd8f4f2e910772,b1aaebc5454d4d2a
data/thermal-1-filtered/train/images/003702_png.rf.b6cf1159f834dcbdaf3896195853c749.jpg,2ccf5e6bd7e03c19952d45b5485713b5b5e07424e6c08668ff27eab5bc08836f,d56a156b17f209e8
data/thermal-1-filtered/train/images/IR_BIRD_012_frame52_jpg.rf.ce559836b7898a21931c2fbbb3ad3bed.jpg,4f03eaaafbb9f87d881c3401c8261436be8a46b6abef15b0089feca1753d1ca2,d42a957a0dd76a85
data/thermal-1-filtered/train/images/IR_BIRD_012_frame119_jpg.rf.cf260c29c220861e9d5407d42cc4a5df.jpg,48d6f0cab2912362e5ccbc64c5781bcd65f9db32821a231d2a3d3687d62a0a9a,c51ae5729a651ae5
data/thermal-1-filtered/train/images/IR_BIRD_012_frame35_jpg.rf.e4d12e032e74c8db67707785d7eac281.jpg,16881f6968e163490e62a0d7c26a1158394ef7846971e544ac7563b541787592,f0c307fe06fc03c6
data/thermal-1-filtered/train/images/frame676_jpg.rf.7d818343c45685013752dd54cde53b5a.jpg,6eb64878d186a630a2966dfb63dd75b2d5452a7f353db8d0b342669ae75f3fef,b995c4bd91ad4c0d
data/thermal-1-filtered/train/images/IR_BIRD_012_frame277_jpg.rf.8e914b60e5500e07930fbe20bf87f65f.jpg,671d0bdb12b3723f96d678ed391ceb41a4bf7f64f2c96249302a196249fddf87,9048d5b22edb972d
data/thermal-1-filtered/train/images/002056_png.rf.ee99366b9ba445c86798969105acfc7f.jpg,20b8b1c2aa8acf75fd7419b69f4a5dd9ec2ea91a0c091fe2b612ec54c71eb320,d07f043e1c3f091f
data/thermal-1-filtered/train/images/002791_png.rf.0e1e3427632c2bd22e498ed7850775cd.jpg,3b7845c0c12680fd612ae754cfb9dc3116181a8277fccb535ad2a078f59657d0,807f40a65fa2dd33
data/thermal-1-filtered/train/images/frame333_jpg.rf.b4011e32220507f82e5b953af6ef7f76.jpg,c0de297bb583d21d605a7f17c3afb92bb166ac3ac06d525b8aea981612aef6dc,a5c0d55a4a5b52d7
data/thermal-1-filtered/train/images/002301_png.rf.841ae6d265bf95656f066dd3c84b14c9.jpg,5996fe6856d113b37d15c8a81f7fcca22199a39d5d7ad593e8ea3723804d62a6,94d555ad4daa5495
data/thermal-1-filtered/train/images/003865_png.rf.b6c2c64612717701b8e66f32230b2e4c.jpg,1d87ba0dfa9d8ef48caa3aaa2ad459da00a36bab61c42b4ca9c43fea00a65424,a43f542d4ab74d1a
data/thermal-1-filtered/train/images/frame659_jpg.rf.2cb7ba4d566200bc58892191fb4a4861.jpg,78200e51e7ed70ada85163f12bf897ae5348632e19cb2e0acde4e400c2f60392,f5e8c05894c747d3
data/thermal-1-filtered/train/images/IR_BIRD_012_frame166_jpg.rf.4f532144fcd4335c2cbe633155815037.jpg,8823e5beb94bd0f4e6080439019c39848156c3262f4c0072a84b19600a643e2f,85758538c73c4b97
data/thermal-1-filtered/train/images/frame587_jpg.rf.ac0e25c297e3b5fa628f2351b9ec9b18.jpg,dd6f23c46ec27797794b34393383079f2e215baa7126962869c4ccdbcf752f80,eee6e8b9b0868e06
data/thermal-1-filtered/train/images/003049_png.rf.9e3648dc8a58d743866197c54717a1c8.jpg,7461da27a9d1dc5d461b8c0ed83dc16667b9773489f9ee7508061cd9ae591665,be6d1a6116c84f36
data/thermal-1-filtered/train/images/frame221_jpg.rf.36b3f37baad7c32844c71e1ae8eb542a.jpg,32c4495180107dd9d96ed0849bbd4b903011abd1c4c44aea661ee7021262b871,85c84b42d56d5cf3
data/thermal-1-filtered/train/images/002809_png.rf.c4aaece1c117c15ee2cb4222b10a9c49.jpg,41576796857c854a7b88e5a8aac527905fa712f5d288c31221493da142b53387,bf2ad408c62fc23d
data/thermal-1-filtered/train/images/frame370_jpg.rf.da7d59d73b06038619fc36847fc38465.jpg,c39fa2c7bc33aa28b876a5e5f4fc11f4fd8429e448e2c7911ed760f2a6201002,b5d515523b853762
data/thermal-1-filtered/train/images/frame64_jpg.rf.8d65d3be3cf003127f82f7296378dc03.jpg,0ccb09cf8b8f4c009f7a8f07bea4ca6076fdd2385f87b7bace0cb77bced3f97e,bfb6d299596e1014
data/thermal-1-filtered/train/images/002682_png.rf.96b6c6c1b323eb3abfe2653efa0fed38.jpg,785d9859989be5b6f5589741ec0b77ac91e8d9b7f9111e8888ac322f08725218,d060006b0dff0ffe
data/thermal-1-filtered/train/images/002742_png.rf.85d1aa11fb4e2bce81667d3d5728188f.jpg,4861c08ca818d87ba76ca80ae9fe77b071a07d1d7e366473ed68f6c620d70f27,d17d07170a0f5c1f
data/thermal-1-filtered/train/images/002246_png.rf.b371f7780b955bc8cbf56e8a6ae3dd1e.jpg,bd958d0bf3a36d0a975d85f62b891957f42516b91d2370cded95b2b493659f4a,b03f412e52ad59a7
data/thermal-1-filtered/train/images/003029_png.rf.576fb180dc9ed12a1ddc52e61c07d10c.jpg,f2f582260c02b17e427c74b33a16252b234561d028a3c8746097e0d9a5c6c579,ae3bc43b4cf38458
data/thermal-1-filtered/train/images/IR_BIRD_012_frame273_jpg.rf.e7a28aef53d89545247a64d38ce91d5d.jpg,fdcf7dfe2769ed0012d6ad8603c1ada3d4a76a95787471c9d534c89f3cb04907,847f51972dcb1a34
data/thermal-1-filtered/train/images/002510_png.rf.526d9c25d9c310155a18dda678f6b5fb.jpg,8d60d8f068e2eafe485740ab7cfc6ff63cd42e59e26e46efb0c6a6a14a47b048,850ad54a5a575d5d
data/thermal-1-filtered/train/images/002417_png.rf.ab87e2496e794452b9e3773600b9dbb5.jpg,0dd05d97115895fda88a695574756163a943dfb27377267f5a7bdf7ba7306719,fe7abc509c21ce21
data/thermal-1-filtered/train/images/0_0_000022_jpg.rf.9a66457db5392ccec1776ed076461f47.jpg,468ab7c10893d637d3832c624bf6b52be746c5759a591115bfe836faa78064b3,9538cd784b717159
data/thermal-1-filtered/train/images/002015_png.rf.eca34b8919bc5aa5595aa5f67faa9ea5.jpg,510769c19f890479b2351216c4d2d88cb33700666696e09ccd9c6be50e9cc3ed,d17f003e1f811caf
data/thermal-1-filtered/train/images/002248_png.rf.9fc1353d4e839ff03e3425ce944cc967.jpg,b5bd3b94b754f13405a09fccf5a892e2a10702b8f10f1d8eccd8a70cfb7764dd,eb7efa5580548265
data/thermal-1-filtered/train/images/002229_png.rf.777a8109c5b44b3a3f523001bce3ef78.jpg,f3ca000940859c96ca37c0c11b7faff693b23c745b6ef4991e8e1750be8c3efd,e56a154a95ea1c6e
data/thermal-1-filtered/train/images/0_0_000092_jpg.rf.6eec32a2cb9f84a2a93c2ee242e118fc.jpg,13326245fcb4f7d6f0791faa3dd7a9fe3f7bd8c7cbeb2ab1c2bef6cc8753845a,f52a807f0be40ceb
data/thermal-1-filtered/train/images/frame434_jpg.rf.0049fec213bb0a60336b5a2a618ff562.jpg,33878ca05dcdb43cdefc4007a1a8504bbcae6a3c1230af77af6b6a69ed06e6a5,e6301366c9f380fe
data/thermal-1-filtered/train/images/002534_png.rf.35bb37c8d9af21e706a992cf38a4620a.jpg,9a8df7357c8854c69d440c508dd14fba27b37124fa05b3148229acaea08eed14,a72ad5455a554b74
data/thermal-1-filtered/train/images/003795_png.rf.cc2d2595efe5cb7361e0fab195ba2e90.jpg,cdcf656a32801b8e9f5414dff6a42efc9b776e309ccde74669398b445ade8bd5,f76fb905923b0074
data/thermal-1-filtered/train/images/IR_BIRD_012_frame174_jpg.rf.d70c47758d7f1bdca41ceed76d11be7e.jpg,1747db580e7378bbbba1a5be1fb3c57871bd2562f2f654bf94f47f3ac7692711,aaad55ad151a15ad
data/thermal-1-filtered/train/images/frame470_jpg.rf.2012c13ea7531207ceb34cc5d432cfa7.jpg,b3b001a3097502d337cf39ff22ff82e853e5a5891a99aeb94e4c589fc0ceffc3,abbed43690679c41
data/thermal-1-filtered/train/images/002347_png.rf.21cde08318811ef01d7fba257a062ade.jpg,2777a24a9e79faa76a127db591e74467a694a1c6175f9a727f02b24dbf4a6703,a83fc02fd0ab5437
data/thermal-1-filtered/train/images/frame407_jpg.rf.7726e4ba5f852b34b51d0fb0fef050c6.jpg,6db237cd6de800f2cc14f90f32946752a3fb60be49b8c70f0bbaafc38dfb1b42,e0aab65eda91915a
data/thermal-1-filtered/train/images/002069_png.rf.b4327f310d2210030f888a977209963a.jpg,958c12faa0b8217af07f79dc3e7b2305d49e802f2c30c6f60a0d1989f0df427e,ef38ea08cec1b44b
data/thermal-1-filtered/train/images/001998_png.rf.06cc0d44473096956c160a1d05f086d0.jpg,2ba7535bc6aa2bf60500035b6b0a67feb484c425182046c0fae09f841f803007,ff647851059bc42b
data/thermal-1-filtered/train/images/002416_png.rf.3948c9faf568d2963e470a6f12f172d3.jpg,cd7277d1f70ca54b5a8029e97aeb275883f317a4c72c122e243d5424dee63ae9,fe7abc589c218e21
data/thermal-1-filtered/train/images/frame396_jpg.rf.39e370ef2cef178ca198cf90b6222edb.jpg,12bc61e79a1cfd309c5605acc54b061bddbc865926b3e6131a3ded712f5e410e,b4c8d44a1b4e1d7e
data/thermal-1-filtered/train/images/ir_3_031670_jpg.rf.57bcb1f7bb42d008e2ae4f236ab63254.jpg,b8a16d2e2653a2e89840558202a4c66140c4afeb8a9932a706b4e5b7c168b733,a121e03efe1e7a4a
data/thermal-1-filtered/train/images/frame539_jpg.rf.528eca9b4c4ea71eb7bda7bc1ad54ce5.jpg,c15f7521e60452283f4b36c6b75b0104bfd32cdd91a30de5d3f839c697fdc0ef,bb2291ccc56d455b
data/thermal-1-filtered/train/images/003729_png.rf.651043f0243ccd24d8e95cd8a63dc7e3.jpg,0fb81deb0a69fde7651460c985c546871fa63f816d91423332d07c393b3813ea,8c6ad5cc53545d53
data/thermal-1-filtered/train/images/002232_png.rf.ff0ae8160dcf4d802eb0321b5d2a518b.jpg,93bf80e75bf1564b59c8cbac764196cb6c855baafe61525c29f2255a418d6411,b03f412e52aa5db6
data/thermal-1-filtered/train/images/0_0_000067_jpg.rf.13809dbea9904b9fede8c42e7761eeb3.jpg,15ac5ab14851546dd6a2d56c55d6c06f0525d7d441dbe2895449c563e46829d5,b59555b25bb85289
data/thermal-1-filtered/train/images/0_0_000035_jpg.rf.d906bfebac2afac0eeb3032a4a5902be.jpg,4a9bc6e38232f28b57b8ede743025dd3cbc6c19492c51ae6d7fd914d8829769c,c27f002f0f0f0f1f
data/thermal-1-filtered/train/images/003702_png.rf.9972e67013f4894dccaca9a8de227f7f.jpg,2424f9f810bd0cafac54a0b574cc293aa2729fb1124a69bb90e7a56848371043,d080847e26fc9fd9
data/thermal-1-filtered/train/images/frame353_jpg.rf.1c2e147aecbdff5d5d1ec31a3098a506.jpg,96c69b15ddaa5fddea3bad27e0aee831d7fdd17b4bb26a25f7f00dd7ee582b9d,ebe486a705175617
data/thermal-1-filtered/train/images/002823_png.rf.15c6509a4f6c40b1171f8ee3df401684.jpg,e99fcc7144ebb18798d05f573a0968f26d21cc6fa1bfdad7f7bf73d36c93e08f,bf2ad10ccb90ed52
data/thermal-1-filtered/train/images/frame35_jpg.rf.699fa45b4f485109d49ee870effdde58.jpg,43cceef99ba1c1dfd3bd3034588f9a1949e9eb940ccf8bafb004ce21a7742758,f19d960705bf0633
data/thermal-1-filtered/train/images/frame618_jpg.rf.d5c1d177f247403d45c474174513eec2.jpg,810d8da29cf6246cbcf519f78a26113a12fdd8697212ad97a3c6c39bc18796e9,fcc0c071915fcecc
data/thermal-1-filtered/train/images/002298_png.rf.09428bc6e9e4bcff786caa6742679b7c.jpg,146178b3dab3d74f291a518b7cba6e01abe26eb19fc4f76314d717a99df295f6,a92e5f245b86f348
data/thermal-1-filtered/train/images/frame37_jpg.rf.f5783adffd47fdd96b890c44587e25ec.jpg,8cedbaaa285614488598f6f4b517a4e0bd3f7e735a7f1d1b4804a1a6ee2fbcd3,a6caa3a952e49b99
data/thermal-1-filtered/train/images/frame505_jpg.rf.8a169beac442b42bd91d24f31f7ee1f4.jpg,22c65925b9c26a5a9ece9bfc6921e12b3eeb3d9d75fb608e8b6294f1e2acd5d3,ea0acb1df21487f8
data/thermal-1-filtered/train/images/ir_3_032220_jpg.rf.2dd6e212bc8aeba7889ead004e4ad9b7.jpg,afd2fb832483d28dad08126f441cfdd6cc5efa381c1d4e05d4a8255836b99c13,aa2be9076a8bf44a
data/thermal-1-filtered/train/images/ir_058630_jpg.rf.fed5954ab0d1d85c7d6af5b545bebb75.jpg,e70e0cf39639bbe97fc2b4e91fae6ba615ffdd90102ae890bb6cd2edf0512849,fa368640f13c94f3
data/thermal-1-filtered/train/images/frame143_jpg.rf.2c276bf35875ba3cee81f5171b6c276d.jpg,38d9aa29beddc68335f846b2e8a85a119d2557dabd1fae5a4f38162867a69598,eeb13d81e4c4f232
data/thermal-1-filtered/train/images/003058_png.rf.8a40925b5ade80be13b455eda57986ca.jpg,0f4b895f21f4029a7ad97769b2558393fe54b512c7277b6e38203035b938dba2,d07f8531bf9e040d
data/thermal-1-filtered/train/images/IR_BIRD_012_frame279_jpg.rf.5d6e091bb4f72fef487a42128be14ac6.jpg,df2d5dbb382f63dd9e1758ddb5e2f66a70f6518ec604718f89ebf99cff9078f5,9448d5b32adbd724
data/thermal-1-filtered/train/images/002836_png.rf.fecd3119febf4f9a36aa2bec1e2d4ec2.jpg,36c81fa5e86714791c3ac54147790739967b64fb569dd172c5f1131f7eceeffd,ed2a957a05f61471
data/thermal-1-filtered/train/images/002370_png.rf.c3e5f718befe3a576e742c8c53e6c096.jpg,5dab7659b441f1580756bd5a3425ba859b4677148f97589f1309c5b00aa57222,d07f801f1f070d1f
data/thermal-1-filtered/train/images/002251_png.rf.dfddbbb7cf79fdf1f08680eb369961fe.jpg,21fb566b26a9ae66d6deb3a996ab1143493d3515cdbb059d0ec932fb13091804,ff7a94629468817a
data/thermal-1-filtered/train/images/002042_png.rf.f56bb3b5a2fae91b53ba5c0afb1fc738.jpg,36a9af6c5e0df431d3040180e09bcf4ca4de903c3ff4c56f1eb9ba87c2ba8ba2,803f443f46bbc13e
data/thermal-1-filtered/train/images/001505_png.rf.69ac69f649b9a53c49b249555479796a.jpg,3561250fba8c1dc32ccce52c34091a83fdebe17c229a07532da313cff43aad9e,bf3ac14e90309f74
data/thermal-1-filtered/train/images/frame685_jpg.rf.f9da61f789610f0b3cb148d36821894d.jpg,82d09d3506493c388b6f889fac536ce2c6d53571ebe527bd14de0f13f49e9200,f41fc0b5910997ae
data/thermal-1-filtered/train/images/002224_png.rf.1a161a3ea69b6703266c59bd61437430.jpg,1bc8b0ff2d4c2c335bd0c4b49a324bc25839d13505a2a5098be88f872f44fc76,d08000c30fff0fff
data/thermal-1-filtered/train/images/002286_png.rf.9d6b9eba888d16bec436e9e62633851a.jpg,ab0d42f86c172bd81ebdd14523c5c463b0b24ff1ecacbc56889026d196e419c3,c08080e107ff1fff
data/thermal-1-filtered/train/images/IR_BIRD_012_frame241_jpg.rf.7090228ef6b9be7bc8391718ce55cfbc.jpg,675621d3c7223815af8465c89f1249f9ebd6c46d37d0ca5167afe58d920ee855,c377112c369b4d36
data/thermal-1-filtered/train/images/003804_png.rf.0985c7f0c4fe43f303516e4584ab0b0e.jpg,b17af09883f3e9688480221e80ea3f6dffd3363a5fae006905773a989a83f138,fd68941e077c8770
data/thermal-1-filtered/train/images/003792_png.rf.381ddbbdbd54c30691e182422fcce2b8.jpg,dad337ceab06875030a43aef9a3ab617a715233cf168079c82e86e676ee3adbf,f76fb905921b0174
data/thermal-1-filtered/train/images/0_0_000270_jpg.rf.07a00075cbabeb73386d1e7b4144d8d4.jpg,8c0fc33fe792f19f42551d2165fd5b6c1624c94f5fa206e43a29872661482276,846ff53bc023d50e
data/thermal-1-filtered/train/images/ir_3_031800_jpg.rf.865a43c7a1bb5bd875b5241b41ba320b.jpg,7becbdabf8e1f2616ab1b80fa9857cc84c8dd2a5bc544ff10ee4aed57225a36d,d2c009f614ed1af7
data/thermal-1-filtered/train/images/frame37_jpg.rf.61960bf9ed87cc220d63bba9f28a3f8f.jpg,446662735e8e056b32e5a778e7eeec75d72cf3137051599f52adb913edf0fe63,f58084e0537b0bdf
data/thermal-1-filtered/train/images/002380_png.rf.c622b11a6bfb2bf329add0c2db3fe1f6.jpg,de592d53e98aad319c66d89ea55074ce6017090ae5582501d472d0f19eac64fa,d56a147b16f907e0
data/thermal-1-filtered/train/images/frame665_jpg.rf.44c48786b95a17b1c9ab211cd497cb31.jpg,9b6288ad563af6817c60b0129ae938d8b20a31b4618a725124ff9f3c90efaea1,ebf7c09c1c860787
data/thermal-1-filtered/train/images/frame118_jpg.rf.610784370051ade81bb55e8b5ba7b5bd.jpg,8fabdfbc054200db0bc615a48d694cd8b682195ba4ebe98dda167fddfe381512,f3d23290989fc363
data/thermal-1-filtered/train/images/0_0_000011_jpg.rf.1f8f812b7f47c0586b975d7ec9078a17.jpg,e314544ddc0fe266071c06dfbb73f47ed5a1813c50d7ef627818a08acaf2ae88,e97d1682bd6d4216
data/thermal-1-filtered/train/images/003087_png.rf.69f5624bace1490818009019637dd194.jpg,c4b35563ab343c0e2fe485a9701a8461ab5047d5b5bd282b23552f1a89de26f3,d56a11e31cef14e1
data/thermal-1-filtered/train/images/002018_png.rf.9d488475d7f489cf69f88693605643a2.jpg,baae9b4b97c74bb250656467f1d541084d503c49cf33b5682ab7c5c5c6587705,c0ff001f1f1f181f
data/thermal-1-filtered/train/images/frame427_jpg.rf.d315f8c8f37307daf1ee8755e138995c.jpg,84f93001ca3e4dd488b781d02282961f230fcbfb097d5d207e259726df4b433e,b38adc9543ac8bb4
data/thermal-1-filtered/train/images/frame560_jpg.rf.f4af74e01d2b791d7262bd11550c0a21.jpg,573d387c38cf65550c75bde7d1118428237d0d43d23db379a330378f86b0af35,bbb380e8e5e0c1d3
data/thermal-1-filtered/train/images/002432_png.rf.cf489582199a7f01aa7209a2fe82b66a.jpg,676be0cf826c0842e168d2f9db6c79ebee54c9eb93b89423ab489d4a16e549e4,ae7ffe4ad408d048
data/thermal-1-filtered/train/images/003787_png.rf.a30107292386527b3124daea3e51985b.jpg,d0cd267e3f9414ad54b3f9d4b5665f7c9cd244448d3de29dde372708551c516e,f26eb80d921b897c
data/thermal-1-filtered/train/images/002471_png.rf.0b980c75763a73e2899b178f14dbbf83.jpg,bfb762a68e91e162fc0462fe7435e0d6cc28f9ad39b71b21c90f63b8b8c25ccc,be7ffa7cc814a800
data/thermal-1-filtered/train/images/frame611_jpg.rf.937c3aa563328342d1d3d8b8dfa097ed.jpg,ff97175abe8df3890d696d5e59592a84f71dc5b1edbddf442e27bdaa2feddb12,aab5a969eb929605
data/thermal-1-filtered/train/images/002685_png.rf.431d1db366c2700f875b020c3b5df49a.jpg,a7f9582de8e405b20884a7dae53dceb767e334f783e2fd0953710b1dcd30c530,f9633b40bbdf8011
data/thermal-1-filtered/train/images/002022_png.rf.af06d04fdacece8418aa1dde06ac144d.jpg,d74810c85be9a804aaaa89293d81d93b83821e58fc4a9b8a786114221f1da57a,852a557f566d5462
data/thermal-1-filtered/train/images/003729_png.rf.734e4dbce3f5354142beb287d9b341b9.jpg,2800b4c055ba2db994afeb16d5cd76ae9a9c568a9fd1b0c882f3d36f0ecdeee7,b6696d419e529d49
data/thermal-1-filtered/train/images/img_0252_png.rf.810c682c739cad1a1496d9573fab45d2.jpg,04a05cad15102d8d653bb4f42068d03b05620bbe9f3229a671a3099c7b21b26c,92e4e89a37545973
data/thermal-1-filtered/train/images/frame177_jpg.rf.8cbec38e3a66577fc5b404ddd50a5e80.jpg,ed886c63f858da6fdc1c5b2ee90e08c78b62456a81d8620d2bf47afc5f315105,b1c7e648d84f6938
data/thermal-1-filtered/train/images/frame349_jpg.rf.231d6b4c7a64cc3e96b61f76d1800b43.jpg,4b3a77ebcb8b088dd14e5a74965740b9dc2310db3c169dc204b5b8c6b33a7456,e2c989ac6c3c359d
data/thermal-1-filtered/train/images/img_0332_png.rf.61f942812c726dc7d773407af819ef68.jpg,d50d6d74bad335959afa4bb5ff6a5fce6604ac98a5c3d54480b88548eb1ba11f,9d9d1d195db08d8a
data/thermal-1-filtered/train/images/frame233_jpg.rf.f52bca31310b7c2a32d0125dc1b69358.jpg,59fae4b4ad483ed6512e24ab3cd5627bb47ae0158d8282cb67e4e9057bb331a4,e692211db0b13d3f
data/thermal-1-filtered/train/images/002781_png.rf.2227a3ee12682ba001cf2d030909dbcd.jpg,ff5d17b433b89f75de3ef787b1edb8abb49570c2b700657acaa248ec91f141c3,952ccb5255eaea54
data/thermal-1-filtered/train/images/002725_png.rf.655192366ab5cd899689321df18df0e7.jpg,f61a10d006769f462ab3b4f6c68ed6da348211c8b824aa43013e698170a44d45,855555ad40ae5eb5
data/thermal-1-filtered/train/images/IR_BIRD_012_frame186_jpg.rf.5dffccf60bfe7d859b47e8dc293cee65.jpg,095e84c495e41d7f1701768e833dffc6414c1e3f36c4c87537baebc6e13dc5ad,aaad552b15ad552a
data/thermal-1-filtered/train/images/002343_png.rf.b19bf4024bd39bdcc26336ad26eb29c4.jpg,24a31e484be7cce6b5edab4e18fe2bdec339db38d7b6d508d541d81d354dd98f,807f402e5ba25bb7
data/thermal-1-filtered/train/images/003727_png.rf.a321d3cb5b1da287f1e180b1de9106fb.jpg,31c7160a72c33ffa602b45b0f1fa3442d79395d58b67047f0be8ade23493f1ed,b66b6d419e529d48
data/thermal-1-filtered/train/images/IR_BIRD_012_frame153_jpg.rf.76dda3f742f88e59736a9cf0ad24ea47.jpg,9634ad8be57a74bbbf9c549d65fec4c00bdeadf1b29e18fb06ddb7b85fe1f853,d609f649897609f6
data/thermal-1-filtered/train/images/002301_png.rf.20e48c010afe28b34cce24097b93a83f.jpg,ed29a9d2d302d79053aa591354d834df2e76c7350a2f66a129aab991e4519b81,842ad5525d57556b
data/thermal-1-filtered/train/images/frame24_jpg.rf.e42796c2872c4a621692123c6029b2c7.jpg,b6488b6429d8641ac812de1f67c61103f599f9b7dcfe1c54219470e6ea613b2f,a4c8d55a15575a7a
data/thermal-1-filtered/train/images/000012_png.rf.391603c942952df19c78ca8f6a41a859.jpg,a67639a06b2ffda083452b920f1aa9f7f0655d8d0eba854982f4825bb9d5cf8e,bd2a95d4c5d0cd62
data/thermal-1-filtered/train/images/003052_png.rf.f6e786ab8acd3fb48f1b3b82ea1ae463.jpg,68b924499f8d426f2e057470011b275793416bc202e6fe2e3fcdfe377d4f75ef,903d542d52b6cd37
data/thermal-1-filtered/train/images/002786_png.rf.9bc53aec214b539819f6420e3f6d73ee.jpg,507ddd9a73a974d4602d0e48b784fe2a44bdf8d9ea91bdb8c1f124d2ff10e403,c36000f91ffb0fe1
data/thermal-1-filtered/train/images/002367_png.rf.58f4a0ea831ed3dc0ccabc91f7754b2e.jpg,9c54ce029bdf861fd7e250c1a8bf82b9910469aeb4a0a4e800e9fc9995006b07,fd6a947080fb847a
data/thermal-1-filtered/train/images/001512_png.rf.e17930161ee0e23561784b90fb8fc149.jpg,6fd994ace8979c7726234471e54a397dbf656d9bcb8f3ff93b1344b32c2a4aa3,f56a157b05f504e1
data/thermal-1-filtered/train/images/frame665_jpg.rf.44b1c63c659939733736b750928733bc.jpg,5f4598e0b21b1cfb51d9703538580c88b5ea134e6492b01cddffbd9493f64d91,eec4fa90bc84ae86
data/thermal-1-filtered/train/images/002388_png.rf.ae6917ae8add78343e7518bafcc840f5.jpg,cc0cba9cfb4274272433d7f5eed74722d8a99c2a3d13116e509a79d2d7c7260c,fa8080f885fb01ff
data/thermal-1-filtered/train/images/frame46_jpg.rf.0968c2cb0376389d08bb377027e99bad.jpg,86be069c9c9a656bf3cc7a4a2acbc66f796be2696608a2a084445177d24875c4,a57d95851f66508e
data/thermal-1-filtered/train/images/frame589_jpg.rf.386477cd7d30c42463c37a4276d0b333.jpg,24351e73b95f814e3e3503a51bbb3b95f697c9e7d49bb53b410b7cc7c42d304f,fc3fc1869181ce39
data/thermal-1-filtered/train/images/IR_BIRD_012_frame172_jpg.rf.bb9c42d19a8c5424ed987efff6858883.jpg,23e05ca5143205714daa2f4fba9bf1d68740dbf5ab8762eff00fedc9612b6d96,db24d27d847b04f2
data/thermal-1-filtered/train/images/frame143_jpg.rf.f2fae8e88018cd5d225a4090c8fb0012.jpg,74d2242ee9f7b8ed802e5012384c2fb07562c0522e423efcc5b5ef33cf0d5736,81dd15367789163e
data/thermal-1-filtered/train/images/frame502_jpg.rf.0b9b12f104e8e0f74fe5375be3bd4c24.jpg,238aac315f5139ef8c72bfc026f66d414859b2d842498e709054024068d94fa5,aa5589a355af548d
data/thermal-1-filtered/train/images/002690_png.rf.777919cda1234e32532991db78b41e79.jpg,f7750330d320a7b5a3e76e7a872c3d7edcb94fbec34096e9b665ccec35246b06,f47f0056b7865334
data/thermal-1-filtered/train/images/003027_png.rf.4ce4787ffd1ddf4a2a0f796cccccd3ab.jpg,fd73a90ae4a8f0e2afd739e358f1649b2c4ff540ab8425fe94ac2624ee640aac,85d555bd5ba85514
data/thermal-1-filtered/train/images/ir_2_028720_jpg.rf.389d5c1ad96ee0aa180cf613049bba56.jpg,0e7eca752a14eca2463faef67dda40a8e7314506bc96587d7a8dc06a15587edb,d0fd049f0f0f1f05
data/thermal-1-filtered/train/images/frame129_jpg.rf.eb497af631c93a7d2f32bc1761f5cba0.jpg,5125a2380f3547f907095ddbf72c1c12403531824177fa9a90e3e3eb680bff84,cee1bd0c03f33931
data/thermal-1-filtered/train/images/002769_png.rf.b6f77e4b91ac2fb7b3d9307c2addf776.jpg,8f4afb926dc1bf8d62e2bc570b162f264309abdee95207c7a91358380c95f328,d2f88057fe2b1f40
data/thermal-1-filtered/train/images/003784_png.rf.ace95078d9994a0876d9655d8f8e20f0.jpg,19f014aa6966009d01fb3bcce99a9b55410a73a48bdd51f488598b5280344392,907f402f52b649af
data/thermal-1-filtered/train/images/ir_3_016340_jpg.rf.796c6e76fd5721583732d28190cabea8.jpg,703d36260d7038f36830c9cce4c02ff1d23d910c9c9ee9826fae93be30443bd5,9528535b51fe0c5b
data/thermal-1-filtered/train/images/ir_3_016510_jpg.rf.803842649252777f662deb80b3c3562b.jpg,60ed7ac5d4fc1b3fde0d1dfb135f8dd3ac64a120eb34cc480a6b6eebe164fb47,f77c33075a474a22
data/thermal-1-filtered/train/images/003771_png.rf.f53704e79c824327f95c89d0f80fbf09.jpg,907655b6caecf888c22c608686e28e8f769afead063893f8ce6b482dcad5b205,8495d53b53ad54ac
data/thermal-1-filtered/train/images/003096_png.rf.96d205c5a45e62b93bcf95c4ab61bae7.jpg,e509dadcea516d8d4bf5bd32606aa0b8a717e52a0a4706999a02a0b412f03681,d52a557b0ef10de0
data/thermal-1-filtered/train/images/0_0_000059_jpg.rf.cd0f5e3a4275eb8c4221f179f456f696.jpg,d229f23039637c69650919241aeaaacc1dbd862c01f748333dbb9af56dc48156,e639bd4619ea413a
data/thermal-1-filtered/train/images/frame523_jpg.rf.00fbacb32fc71dc1ffd8e88e13ceef07.jpg,03bb9315618a826c55cb9654313999ae2260a49e8f1f55aba8a827a3fe36cd5f,eec6fe90b830942e
data/thermal-1-filtered/train/images/frame637_jpg.rf.19191abf4b3871a35596e77714e75838.jpg,da6d2e1fae043c906e597b4e65106c1702d0a7e7d1fcdf06de41a79c20ad6db3,efe791b984868638
data/thermal-1-filtered/train/images/frame464_jpg.rf.80e96fca55379547e7da46a36e303ccd.jpg,11b97b39d4142838503484b4954ea465bb49b6a3f2d7f0cf79e3919b74dad6ce,f8e887268c35ce1d
data/thermal-1-filtered/train/images/002333_png.rf.6d7623c62463ae7b4c4da931374abe60.jpg,658b20889f7db44ea85d6314e075c00332c1898daf77654d2e0eac69c3cc966d,d07f801f0f070e9f
data/thermal-1-filtered/train/images/0_0_000580_jpg.rf.7d75ee2b792d78396cf648a82acb122f.jpg,cf22022dd99ded631affa767a1b279924360ba385e6100ec6d7ddd9e44e9950c,d88001cb1bef0fcf
data/thermal-1-filtered/train/images/002417_png.rf.94c808eccc1a3790b1da3fcc82a9575a.jpg,8dfdbed741f5fee2a8234a933fcaea912af7d0e4500144ade6ff2378ae0ed296,f56a157a95f904e0
data/thermal-1-filtered/train/images/000009_png.rf.a1390705f72d2f605190edbb64a9e399.jpg,93f379ae4e0a6ada2c68337def92dd4660bdb18444ad2e8a77e229bcbd347c8c,ea7dc280902f9c7e
data/thermal-1-filtered/train/images/002540_png.rf.9a371b88b0daf75d84d8574297681e28.jpg,526708e3b4bb126dc271affc06df8603137dc576cd0269b401b7b7351d153e48,ba2ad52ad512e956
data/thermal-1-filtered/train/images/002435_png.rf.283d70c3b60980e01ce75b98f3e16ec3.jpg,b9dce075eb6aff8bb76166b6d0ec1327d76c19351e12b6fc359c7570e043006f,a13f412f42aa53bd
data/thermal-1-filtered/train/images/IR_BIRD_012_frame279_jpg.rf.df4ad2b6e16f1afd37e6d23329a99761.jpg,0a1467dfa5770bded108f2ccbe15c3c691efdfac2f516ec2620283e772730f38,c3ce18d133d716d4
data/thermal-1-filtered/train/images/002270_png.rf.8340c6da17b22e7a17c3cc098065680f.jpg,6cd599e4016e8c4aa0de3326afb547b599418cdff85a4a55ab0cfc6c02d5d9fd,fe7baf50832ac130
data/thermal-1-filtered/train/images/IR_BIRD_012_frame201_jpg.rf.2ae974d4772e19dcfdebd52706a63f09.jpg,f02499a6bbadd72360ad18723a98d665f91555a343ff2c318ac375f6b22506c3,c95215eb0aed4ae5
data/thermal-1-filtered/train/images/frame239_jpg.rf.e920548d0f6c9877be01573b70b29f0e.jpg,a89285be052430b4579c5c9df016d4f48516d45c3437de63610d248adb3d38f8,b1dd5538598a46b6
data/thermal-1-filtered/train/images/IR_BIRD_012_frame56_jpg.rf.5bc28de983ee868c4cb517a2b11de4f1.jpg,549cbc34818ce3371e47f20f36b79c9364d848813ef7400ac1323a76720cc913,847fc02f5b843fd0
data/thermal-1-filtered/train/images/frame263_jpg.rf.08687e2a70c4700b6508db382d069455.jpg,fb5a2ca4de91a17c69fec939f621316e85e3d80f777babdeccd66677e9159828,b0ddc58457a61787
data/thermal-1-filtered/train/images/003760_png.rf.c975a0c41f370267819e43203bcced60.jpg,9f333bef044520a37d98daf935278c1b8286ee69e4382c42801ead1fbe27de24,8495d52b53ab5cac
data/thermal-1-filtered/train/images/002696_png.rf.437e646728cb87b8d02a2bce3419d7bb.jpg,ce6aa99990690b7c86efea8dedf87efd3756c5c6dff80f43760d8729a3a3f0ab,f57c215da08fb419
data/thermal-1-filtered/train/images/003032_png.rf.f983b6ff8a8875a058c1bd3da9a6fdde.jpg,4c0156b313f7163d38c850154e56e4cef3fa5722cff9cb6a782e40c95915a291,ae3bc43b4cb38658
data/thermal-1-filtered/train/images/0_0_000351_jpg.rf.bf4afd519bc1091109579b02af4f2716.jpg,4384a4dcbd1b026b59d3c3aad003f1f3a358cff6f0a2f8abca81da58b4eb094a,803fc0af502fd13f
data/thermal-1-filtered/train/images/002285_png.rf.d386387e46e89a5d390e7424a36f4d28.jpg,1f8c8a0ca63c3c125e198627e86402c543ccb4d759c57d83af9a25627e9fdebc,ff7abe5082708760
data/thermal-1-filtered/train/images/002384_png.rf.7848db78ca1de118ab353bae33dc8db1.jpg,fe0d66bfafbdb0169a9cdeaf53b14639f0e4bce800bfa444c441efb91605d7b6,ff7ab3588510c531
data/thermal-1-filtered/train/images/003753_png.rf.fc51322f41a33c90e5da5f08b1b933a4.jpg,512d4ff4b36f92646c5235c702ca2502b8a79d233fef6cf956a32e4d8c99a649,f56a057e06f30d70
data/thermal-1-filtered/train/images/frame197_jpg.rf.71e4f8c4650857dedcb1c0764f6e8408.jpg,e23151130ff8063555a911a08021423963791afbb4f457e502a3cdb9fa9872f2,c9ad1532b63d3386
data/thermal-1-filtered/train/images/frame539_jpg.rf.1922ba5db97cb6326595879b30b6aebb.jpg,2cc173053bf8e2fed78920df046fa9b74af65cde23d32fb2d43b167e13fdd765,eee4ee91b030bc0e
data/thermal-1-filtered/train/images/0_0_000079_jpg.rf.25e4b244ab21de8fc967f5c2df25db50.jpg,273cf508932bb29e93e69a036e3fb0c1aaf0e743fa9ac52a3e217773452e2e5a,f0bfc2330d863c1e
data/thermal-1-filtered/train/images/frame238_jpg.rf.ba9f1e85240bdae4e814befca670c54a.jpg,a2a567fccf68b603bc0efb539734ef39f6e9b6a36034cb3a83e4bf206d9fc021,e792a3658c90f363
data/thermal-1-filtered/train/images/002049_png.rf.b8e03f7e7c29bf6384362ed318e6609f.jpg,0f0a17022a68ba69e4006311002b5584e8bad34065dd556afe2eabfaac3eaa1e,d56a116a1be41fe1
data/thermal-1-filtered/train/images/frame464_jpg.rf.92c32b0ddff9c7edef7e8f410b67a0bd.jpg,5208d93c1d80812f23c1f4beade51777d2fd75f0965da579a7e7994ab848c5ec,c1c295c94b764b6d
data/thermal-1-filtered/train/images/frame338_jpg.rf.d60b438f22c0179b645bf4888b321efd.jpg,b8734ec8fbba367d71bc6e05223420402b129db50bd12e71f8e5f7c490b2889f,f06800db47fd0fd1
data/thermal-1-filtered/train/images/003699_png.rf.93e158ba865da27b8750863009130604.jpg,b616346eddd7284117e65955d62f8ba71b563bdbac70c6d8bdc089ef7d20841f,b33e692c93965f01
data/thermal-1-filtered/train/images/IR_BIRD_012_frame125_jpg.rf.87c5f319afa503b1e5afdd8cf0854cdb.jpg,224bc9170d14bbb45b5b043824f3d4de5ccf2258301954ad533810830f684fd9,d50af55a8b740ae5
data/thermal-1-filtered/train/images/003828_png.rf.241bb5245b543bc75d2ec0c8fc75b9d0.jpg,3d8741e30d33125b69db7f995b7d23534dbee2eccdad649e74bbeb81b6e9de3f,e37d07710e639c07
data/thermal-1-filtered/train/images/003752_png.rf.f0b52d59b015a47abeb94fd5d1c6368b.jpg,f70a1a4c2e039a210929a95e59fef69e955be44b188bcbda8c9bb0b9b5541a5f,852a554a565d5e5b
data/thermal-1-filtered/train/images/frame32_jpg.rf.dffe580a44c49c75f9cd317b52e2ddca.jpg,5c22170cc02b1457bf6e277738c6c633746c65733ad9211fd78bf240f705498f,f1c2d448017f4e7b
data/thermal-1-filtered/train/images/frame161_jpg.rf.7baae12f81ca7131a842412b089dc013.jpg,87445a22749fd066472c17e6def71b7a3d0afdb97c210ee60377a3ddbae15ef2,c43f01c61f9dcc33
data/thermal-1-filtered/train/images/002270_png.rf.da34b4477b42cf13a3e3ed5d527c00cc.jpg,8e5a82128f598021f89bc0b5583e14e5c621c6c02109f36f9c73c0a1c3cd4017,fe6a9550857ac570
data/thermal-1-filtered/train/images/frame666_jpg.rf.eb0ef883584d1e64ba22804b81ce23c2.jpg,971861be4ed3982a4e46e8d01ea39f968060ead255d43da205543087a9c5bcc7,eec4fa90bc84ae86
data/thermal-1-filtered/train/images/002236_png.rf.7799d28f175970c910020885da3ce9c2.jpg,ed4a6e30ae5f9b5b00a355f4a3c3ebf439ba5c077160781b5a105cd68f14e239,eb7ea845805ed265
data/thermal-1-filtered/train/images/0_0_000079_jpg.rf.74369910453356261e41e8ca8e640141.jpg,a5b3a13016e9ab52bd5791abda098767bf20a1c25ec29786c84c0162e927fd39,f29cc6a1c7c138e3
data/thermal-1-filtered/train/images/frame418_jpg.rf.832969b27ca798cfa14af302da747ae6.jpg,d614316c75f47890aa9f86e0612d73a17d83817eb6501105609f00429e97f726,c54881c9dbfb16e2
data/thermal-1-filtered/train/images/IR_BIRD_012_frame221_jpg.rf.70486195c97b13742cdf2fdf3f7b815a.jpg,36d4c70af988cf4679055c293d9bbb74679e091677b221422bb267e74b291acc,a22a4cd1b525edcb
data/thermal-1-filtered/train/images/IR_BIRD_012_frame20_jpg.rf.e543139eca09f8a8bd8925ab8028e67d.jpg,4aa4b038dab2440d1a6ce43d4860fa12bc30e9cda86838f63676d4d61b2ffb79,c05fd1265fd1264b
data/thermal-1-filtered/train/images/002719_png.rf.64c27bd5e61adc09a0a9058ab34d1953.jpg,dfdda7c8a0f180023a54ce8780a5945e5a0fbb0447f0b086c87e9ca503f85442,c07f403f51b959b1
data/thermal-1-filtered/train/images/002034_png.rf.6d2f64344369c577c66867b58537dbc3.jpg,17910dbaed9ba7fc40f2126f5945bfef8bc1f6e4d51b4a101eb89debe211c701,883fd515ca2bd62c
data/thermal-1-filtered/train/images/ir_3_031750_jpg.rf.b19ddaf5687a51104e0a0aab66a34da3.jpg,c14aa6385b3a5b1c1b7fff1c7e303bfbed1b811598cb75d05675548e313b7008,953a556e666c14d9
data/thermal-1-filtered/train/images/0_0_000116_jpg.rf.f8357ee2e3ac8932d8e9654de2183f29.jpg,1e697afc44c6d320ba3938f12343b9a71b40458aebf717252e3b71c473c30420,d52a15ea467d00f7
data/thermal-1-filtered/train/images/frame36_jpg.rf.6763693a06d4bb760038d3aa6f3f51b3.jpg,4ec3aa6db85bf869a1f485311144a5e1614fb8bfe67b236017f6084c23983913,f19dd48d00bfce05
data/thermal-1-filtered/train/images/IR_BIRD_012_frame117_jpg.rf.1c1c68d019603870bb9c191f7b473ff2.jpg,56b65670c86866697c1292eee0b4943622086b2bb86d82f81e6cb58115ddb477,ab4a155b55555555
data/thermal-1-filtered/train/images/frame180_jpg.rf.129a74f63ed24c13987c863ec3393aa4.jpg,667aa852dd7b3c0e830be760902c77a9f613b86fa066567da52d7caa8bf40868,add4e7234aca394c
data/thermal-1-filtered/train/images/001991_png.rf.715c83063234c18ace0e5a3fe5179280.jpg,4c932f3afd236f96781e0f8855fd61671387b3f26ce1ad283c8e8d6bd0c8b15d,ff6e017a11ea9560
data/thermal-1-filtered/train/images/002612_png.rf.727b3dfae1f72f359f4ba15decebebab.jpg,2d5d4132867c94db2cbe19d88c06b1332e44e05d3ae6f97c1c483ead000ee15d,ba69d662c956a855
data/thermal-1-filtered/train/images/003102_png.rf.5c5c15703bea94741f93dac569c08066.jpg,f858ae3b1ec2bb4f3f7a91ccb6c62a986e4649e47cd62366b3b6eb944872f0a2,85d555a85cae5d25
data/thermal-1-filtered/train/images/IR_BIRD_012_frame270_jpg.rf.98b997846fbfc16d37c1a34b0d004438.jpg,ae04e10a511a18fe6f23fd5e7a630b7d6f0524a2786cda2f390c30430cb04a83,968919494ddc5adb
data/thermal-1-filtered/train/images/002070_png.rf.7e4efd35d3a28284f225ab0c2e733ed8.jpg,cb9ca5ae8851fb293f478fd8e7ec43309d5116492aaeb92c2caefb514f5a757f,85d555a958b559aa
data/thermal-1-filtered/train/images/003746_png.rf.a68514c9e11ef85bf70d8854634ee251.jpg,ee63aa79f47e03108ba91a238f56c595444fe32442071d7fc078103603a38c58,f76a2d7886728d60
data/thermal-1-filtered/train/images/003857_png.rf.2f25017222a194e6e052e97550bb9d27.jpg,c9bd1d9432059fd5659aedcf733bedb1d86d4af60a4eb851c5b09076f8d400d1,f37c27780f41bc03
data/thermal-1-filtered/train/images/003852_png.rf.4735d09be52c23bb830f3b787f534a7e.jpg,52dd550e0151b1adcf8ba9aece04eefbd6fd909e6552afecd1459b1bac8c7bbf,f37c27700f43bc03
data/thermal-1-filtered/train/images/002217_png.rf.c4fbe75d69175737a2247885bcb37a3a.jpg,d98bd8f51bcfeda042100dc26e1a284cefe0b5bd0d22773ed0ff929dc9acf9d3,a03f412e52ae59b7
data/thermal-1-filtered/train/images/frame649_jpg.rf.8c4a4eb34b8b8528a0baca76e3e07a4f.jpg,c4ff297fb4e4223c9d1237fdfaab7a1fb20e13257c955d10c4b7bf21335d6c63,eec6f8b8b4868e14
data/thermal-1-filtered/train/images/002470_png.rf.db9532bdf480f212d31cee074efcca1a.jpg,0c84df72a553305acdccaff012c1f4adfee7797917148095955a3c9e3b879356,ba7ffb54c912a102
data/thermal-1-filtered/train/images/002349_png.rf.272159d4067b4555112392ef229bdcc5.jpg,94ef3f3372812e14ef46c389e5a90cffd047a4cf10432d01ed09d77d3eeef1f5,aac5c138e47dd51a
data/thermal-1-filtered/train/images/ir_3_016340_jpg.rf.9c87fa1634b8228b4fa3701a63380b31.jpg,b82479acdde966d19aa8e97b75cb4e559a2e9953f4cdff0925ed69a1ffec9fed,e739630c5b0e565a
data/thermal-1-filtered/train/images/frame329_jpg.rf.6b8f592d624af583c0c90e5826952a04.jpg,d820ada326976aeaf9c262f5b8b85bd94dde7c44b3e89c2e658d719eb4c1ac8b,b2e0eacb6b485a4b
data/thermal-1-filtered/train/images/IR_BIRD_012_frame296_jpg.rf.3a04349f907fd51c5127346f71906e0d.jpg,1e9e0608900da2d741ba02b391eb376cd6de7ea4e82157f1e6c66beedadbba7f,a24addb72ccb9234
data/thermal-1-filtered/train/images/IR_BIRD_012_frame179_jpg.rf.1d5330d02856302264ef587bc0da4fd5.jpg,e401d7c719f5779d158bdc4fa0e1d889fd6ad882cbd547e1c6023a88d193204d,d926d954a65926d9
data/thermal-1-filtered/train/images/002749_png.rf.4f5f2562c6eacafabf456a5104af3240.jpg,bed229a70690c2e940144753ebc6b34e94d735559788fbd248297a0baf610462,ff699c6114e23643
data/thermal-1-filtered/train/images/003102_png.rf.c46186c44f4ab85e94166ebd36000c74.jpg,6900eafc31870a2418f432436a0ebe83de99c3442a31b55a4abda8263d4782e6,ae2ecb06d24ada5a
data/thermal-1-filtered/train/images/003730_png.rf.3b2f32eda1181e74d0d529d0efb854d4.jpg,df9df0f9cab35ca3e50016133f0c19f95e84a47d19811cd5339a7b4a0a3620b5,b6692d619e529d49
data/thermal-1-filtered/train/images/frame521_jpg.rf.5dc54794a7441350ab1506309b58898a.jpg,2afc86b751540bbb6e19282944ab473540cecff81b5bae8b8cfbb767bed08251,eec7fc91b8309c06
data/thermal-1-filtered/train/images/frame633_jpg.rf.b7625f24b6002bbd37c08a97b2bdbd27.jpg,38da02c82e1907cd13dc5a79d93347344b98b25e062902bd52f5435d7826762e,b995d4a5d589192d
data/thermal-1-filtered/train/images/002730_png.rf.79fad4e10c658bb9d526ff4eda08d459.jpg,9a11cecc4139995be1c48a930abd75cb9d3617598d62079baf739bfc7ff94217,aa2ce313d30ccc7e
data/thermal-1-filtered/train/images/ir_036940_jpg.rf.8b28304fc68f30ca3fce448d80161881.jpg,4e34fecbe2440aed3ba2ea95a90e582fb80afd335df873c849aefca08ed5ea15,d88200fb0ef35d76
data/thermal-1-filtered/train/images/frame461_jpg.rf.332a8be42e5e06922694ee647d8bfc1b.jpg,fe498b4ab64174b43670773d88f261da8a6b23cda9ca1c257114040fc24006a7,f1dd04271f260db6
data/thermal-1-filtered/train/images/0_0_000043_jpg.rf.c502644427d0843e5dc16d55c30cac7d.jpg,f7ac2f9d16c91dfe55c858309667c2153393b9958ff02515c2609743b32d52e9,907f48be11ec4aad
data/thermal-1-filtered/train/images/frame467_jpg.rf.a1c48951509225bae74879dcea60834a.jpg,0e83ff20ff1ee92c8fcc467c9ee88948b82c19d9d7d7defa65877bc93d723854,ea2fd47ac17500ea
data/thermal-1-filtered/train/images/0_0_000187_jpg.rf.774cbf82f31221ed613b3d18cc3b19ef.jpg,457a98dc9fcf6c9276f132e051e558fbef164ebb271324713e004e1ae2defafa,91d5d436522a4db7
data/thermal-1-filtered/train/images/frame388_jpg.rf.ade198a8ab5da4916fbed66dfb09aa03.jpg,c7eafc71e71666b39455a0e57ed268aed631f959e7ea21058b68f04960cb70eb,b5ccecf4f8860a0e
data/thermal-1-filtered/train/images/frame570_jpg.rf.fe36cb257fd26db54c6d12513c6de6a3.jpg,e772523d00977d488d62af189a7c99be0057988da85c4fdc8777dbbc12a44780,ffe09c1c97c7c110
data/thermal-1-filtered/train/images/frame31_jpg.rf.c26ed830acf2165c5b52c2546abcf912.jpg,a9cddc3ed514b00455942578b5f73e86c441db89b48b440f5bfd25b887f1b2e5,f182d44800ff5ef3
data/thermal-1-filtered/train/images/003723_png.rf.2103f75d29cff71ffe2995711f398827.jpg,b2e40c611d828acd38bc4be144def88d23043f2c1868b84d31c0acbb8adf08d0,d07f009f1f071b0f
data/thermal-1-filtered/train/images/frame703_jpg.rf.79ae1d0936d1eb51a173392ddc748f0c.jpg,a3e2be94a4b757cc8e7af1c280e1864a6319cd571ade47fd40e2763ba788f704,ff80fe80947f009e
data/thermal-1-filtered/train/images/IR_BIRD_012_frame228_jpg.rf.e61a8035f4e16d1797ed50b016ea8750.jpg,4a79556a61738b3bf3f526f2641f9be0953da4774362b3ccbca466a15c917326,9632445d734f5873
data/thermal-1-filtered/train/images/frame111_jpg.rf.1c8a126653dce3341359606222235ea6.jpg,0438417d322bed131f9c557306adf59f49426840dbef5700677b31f59c6a27ff,cec1a1fdf13830e1
data/thermal-1-filtered/train/images/frame377_jpg.rf.1a2c551d335b0500a78c46f04c31b460.jpg,e1b7472fee8caac45a4be12dd156da4339072048498433c2cb907548d1de757b,9ea5a38a43557173
data/thermal-1-filtered/train/images/IR_BIRD_012_frame50_jpg.rf.774d1685a92b190c50b970091babc834.jpg,467c678b1daeca138011f18b3e55a9ceb45d208f760aee8c578e1cdd02e4ac2a,d52a84f71a84633f
data/thermal-1-filtered/train/images/frame365_jpg.rf.826b6ff5d850ff6888db06cef0b65488.jpg,b025a8932467b1150c3c64239b61303c932ada17b57f3b0d9791fe52c3e535ae,bef0f1ba1b0c4949
data/thermal-1-filtered/train/images/IR_BIRD_012_frame268_jpg.rf.8d92f8e25603c34a130b299d6a56800f.jpg,d0213dd256dd904e1a38afaf4a81d796405227825f4c03f891580ce94eb1b682,a24addb72ccb9234
data/thermal-1-filtered/train/images/003840_png.rf.2618958e4821741c6eb18694b5b7163a.jpg,4e73b8ca8bce10a6b6a170e77cdac38521e6df370a2e0598fe1203f301750fbc,f37c07700e43bc0f
data/thermal-1-filtered/train/images/001992_png.rf.6d1d22a11548182df9b74ddc991ddb71.jpg,c4f300201c326f45dfa49326198ecdb343eb5a0a3014726d70c26e127506758a,ff6e007a04eb9562
data/thermal-1-filtered/train/images/0_0_000631_jpg.rf.83723dbd18665c1d2140f6a4231048a3.jpg,6a29f68262cd65b42a034f9a83ad1615c3e09f7945af7ad265942df50be13e87,956ad4515f435b43
data/thermal-1-filtered/train/images/IR_BIRD_012_frame141_jpg.rf.5510ce9395b68cadc29c59ad0e6ffabd.jpg,1f60add1d10ba36c859cfca98a528479e9610390e28ee17465d4ef80aa8c89c4,ca5005ea0bed4eed
data/thermal-1-filtered/train/images/IR_BIRD_012_frame1_jpg.rf.70f9c421eb1a551856ef5122db4e2353.jpg,a63ab72b9938a25440e39015aabb57ece4551c5dadfdaf4cdd74fb0adef13d8a,d12ad56a1dc2719e
data/thermal-1-filtered/train/images/000005_png.rf.71a33462193f5707b0d19250bf6fa921.jpg,81538a6fa062c35b496f41864735903027a5bfe413c71b902cf670648ad962a7,b8e0c14f464f455f
data/thermal-1-filtered/train/images/002043_png.rf.ebaa9c06cf7bb1242b7d71201fb9c45a.jpg,b206a8fb2bbe4bebb9f2f6d5f2e0d3f9b07bdee2631f9bf968fe61ea6b526a6a,d52a15eb1af50ee0
data/thermal-1-filtered/train/images/frame688_jpg.rf.3d78ba8964d9e310344d0f5f6cb84f47.jpg,36e00ee755dfb9d268d31e2d3b3ca3ae37f1ef2d18ed8d2847f11b5ce73f85be,f50080f48bff057b
data/thermal-1-filtered/train/images/002226_png.rf.fd715ba663603df25409770759f1c14a.jpg,51602dc318bdf257212634668d09c9a80c7f73fae50575e135aa9c2686a43add,a72a1e29d0a5da2f
data/thermal-1-filtered/train/images/frame629_jpg.rf.adf65dcd99afaf2b4032615dcb9f5121.jpg,2bc6387c6f0958ae25c38b83cc47fd53314daebc0daf53139892f2079b4d3a4f,b1aad549535b4c69
data/thermal-1-filtered/train/images/frame57_jpg.rf.c307ab63d6d17d909f96e575410aabdb.jpg,457922e19e7a00a1df12f6550b2979214b677d1f63a4092a1a2e38d2c2d34f24,c9d2c4c719e55ccc
data/thermal-1-filtered/train/images/frame378_jpg.rf.d5ff753a0abf4aab0ac6e82322213cd1.jpg,63814c507841a5435fece65f6ab71654d8b490f003e509de13dd20f3b531e6bc,a1d55792d9a21537
data/thermal-1-filtered/train/images/002272_png.rf.a6d7d5b703c58c92314776af66fda62c.jpg,10de08ae4dd9acf661f5933222f84e00896ef8f27165ed6807a5bc120c17460a,ac2ad54ad55b54d2
data/thermal-1-filtered/train/images/002831_png.rf.7acf555d773f42e0d12fad911d32d616.jpg,a8fc7f18c53e0a34c4cd5a4ba48895c3357bab8aea089e2deaa077c57d1b0a3e,ad25d525fa025daa
data/thermal-1-filtered/train/images/002713_png.rf.28c388863898d759cbad45499a07f435.jpg,82ee88303773ee73319e5a35ad56320750f0a3c21c969091b764338df1558eb6,aa32b600dfe01f6d
data/thermal-1-filtered/train/images/frame342_jpg.rf.944678a6bc64d71315c5fd5d85b327e2.jpg,2c700b6376e04039724be071e4e9e1a3077d758d8ea5ee781bd72809cede81d0,8ad4f5c272626e27
data/thermal-1-filtered/train/images/002694_png.rf.f3e87bfc3d5871cc9f7a9e2757a5ff2c.jpg,60aa863e8ca24e421d74065ab8fb0eea073f72ea822947b7f511e3b075484301,d0bf041f070f193f
data/thermal-1-filtered/train/images/frame649_jpg.rf.e3aaba182675cc994a48760b11692fa0.jpg,2453ff157a5b895ee25b99749fde0f1494bf473e34b41ecd8d7c1c564420d293,e03fc1ae13a04e3f
data/thermal-1-filtered/train/images/IR_BIRD_012_frame149_jpg.rf.71bf7563f8080163c10003aa152d10b2.jpg,92f38d4e95f89c1e270a02dff20db7b6107076c62cd371ec22d0a2f350f3335b,d609f459897689f4
data/thermal-1-filtered/train/images/0_0_000085_jpg.rf.bbbaf88b2197b4b398e6ea7e85e24a9a.jpg,60127ed0a4f0182e4588500fb371f252d0d8dbe03b1e5f8127528a02a2e0e206,aa31c9bad223f307
data/thermal-1-filtered/train/images/002383_png.rf.42b0e3e78b3bb7b6ad40ac3343a38af3.jpg,9a3ff8e1cdace1abbc2be22ea7fd9c70024183d305376b6b24e0532deadf4ff7,bf7aab508d90ca31
data/thermal-1-filtered/train/images/002740_png.rf.c18322132a6b7542d91d8c453258a12b.jpg,0ab298eee4d5e9c3c8a57fef8ba3cb17c852bd3b1929de3b41921cd05e4e2ec9,959555164aaf5ab4
data/thermal-1-filtered/train/images/IR_BIRD_012_frame299_jpg.rf.12bcf1707daa6615ac1603264bb2d1ae.jpg,a907583a1cbc4548011abd5e16038cf4e91056b0f22ff092005e7d2e01c840f3,b49b498c4ea653ab
data/thermal-1-filtered/train/images/IR_BIRD_012_frame289_jpg.rf.226be44b02321752455e9616d1ebf1bd.jpg,a60458883f686359b7258a97dd905040a64661f0c10f894115fdb6dbc5a1c644,a24addb72ccb9234
data/thermal-1-filtered/train/images/002958_png.rf.cbdb84678fefb959d120f35a28dc4397.jpg,a6860c859d61247592fbf12ceff3e36012bd40fd591406a0f7648f472e53cf35,f768314e037c874e
data/thermal-1-filtered/train/images/0_0_000041_jpg.rf.0a3053fbde4a246ed49453c6609193cc.jpg,9d82e8293a0b07db260fd8be2146a30b81b63c408df24f394dfd6474086be6fc,9595559b5ca65a85
data/thermal-1-filtered/train/images/002776_png.rf.904b996cf368c8989a9ec03aac019686.jpg,b0e7ca5f933f995aa73376bf62f37b0b1eed8e6c8c8aef7251ebb91f5f8e0874,fd6534c13cc98273
data/thermal-1-filtered/train/images/002710_png.rf.2b642abea44757a7483e04ffc77678d6.jpg,1a814cefde6e7e6a6d1506cb3e76649063990aabfac0bbc4f91a59ab9f395919,d18080fb0ffc0afd
data/thermal-1-filtered/train/images/003692_png.rf.8e069280ea8c8bf1368838ea6f2aa856.jpg,de2608687c7c08217a2f41720bde35e60e0e657f1fe5ef52b2cfaaa7038f82a9,d56a157b14f20ee1
data/thermal-1-filtered/train/images/frame62_jpg.rf.18974d19998a25dde9eeb3f5958e97df.jpg,acc05c61c62dd306d4bb24003ebe6d1e4227d253864ac6903ced3447f99c01ef,f02805f294e5cef9
data/thermal-1-filtered/train/images/003858_png.rf.96f14aa4d8fa960bc398ac9a793623cc.jpg,708bf872d3b16efddcb88805b51c4663bc35619a7e9cf51b1d734dafca6939cf,d37f83390fe11807
data/thermal-1-filtered/train/images/frame327_jpg.rf.a53600588aa4c46928f8a08f12452f46.jpg,dc7192ae324a0d85cec7b95943d014063e2f04382400ecfc2c4a44aa430b9206,e5b08f8f0e0d0f1d
data/thermal-1-filtered/train/images/frame213_jpg.rf.47187066b2c91b3d640395d2dea91ed1.jpg,66f29d6454bb34faa305240b5c30dd3aed5b5f2907c039e69bb4c9be2ce8319c,957840676b6c4ed6
data/thermal-1-filtered/train/images/002206_png.rf.f3248061dab95241257f77f587113f9a.jpg,a796fc59470b610d87696fde1153ff083d059841316abc5da04ae72df82d5b6c,d98080ef03ff18fa
data/thermal-1-filtered/train/images/frame606_jpg.rf.28cad51a7c60ccd6de35aea655f47661.jpg,3b22b0274bef9138e674c12064daa6fb1d03b13fb30b087cebe8f76c9265a84d,eec6e8b8b8b48e06
data/thermal-1-filtered/train/images/thermal_tzeelim_021760_jpg.rf.2d3672ef9ea5b8cc327c17f8ee2fe108.jpg,588e82e6d9a91d92d5e2960b3b9819a8d87b862e0595d99e9bf3d4423e01d4a2,ac8ad55851575557
data/thermal-1-filtered/train/images/002409_png.rf.520edf92f397b9508048daf81672091c.jpg,7df2568fe3d22588e63ea1d823a8b0f348c0bfbea2df892fb7b60858488f5d47,85d5d5bc50ae54aa
data/thermal-1-filtered/train/images/frame204_jpg.rf.b355a0fe5d342ee56c99c98a6ba33e50.jpg,b88dcec9c51763a4a438cd8fdb541e1d9b0c5eb0f186f7b8a41c0be76a85bc99,cabd7eb2b43038a4
data/thermal-1-filtered/train/images/002769_png.rf.a69a9df10d3940c783a916860572255a.jpg,9a0a2d5d3c59da49f3250c666266bc7900a3536cba12845704d050518fd6ad10,bc73197219b0c93e
data/thermal-1-filtered/train/images/002208_png.rf.4ae5d98b739e6e571a486e1e90782b96.jpg,9b020e91239b0cd60511d217058cb99de39714a5271b55db3ca9375cc27ab96a,d88080ef17ff00fb
data/thermal-1-filtered/train/images/IR_BIRD_012_frame136_jpg.rf.d26a288fd30505c44b2493dd85d72cfc.jpg,9e80c8f861eef67efeb4572f051ef8c00de2b084c4388227f04f946360deb507,d40ad56a957a857a
data/thermal-1-filtered/train/images/IR_BIRD_012_frame136_jpg.rf.7890d810347aceeb31777e80c06a68ba.jpg,ece0ea4758148020a566503ca5beb8abe333552b908ad914b73a861652ef9ec9,ea52155215d555f5
data/thermal-1-filtered/train/images/002051_png.rf.bad17d2c0e784165b8b9c4bec67b170f.jpg,bb9d380a1a6ac05387362cbdcd39a56a514958c247b2f5993545c353cd1e826a,aa2ae1b5d439ea29
data/thermal-1-filtered/train/images/frame170_jpg.rf.3f871bcbcacfe47c881c58df473b7c47.jpg,0d3fe689555e8a665bbd03b85960a7bb47ff88aa5e04661396974a9b622682c3,ae09cbded6515c06
data/thermal-1-filtered/train/images/frame360_jpg.rf.70ffc33c027a8ea2e525ac467fd25f62.jpg,074489e9cfcf16255197822c2378ed2691ab7b73d7621e7d874bf5c10f48a31f,e07fd09f87811b61
data/thermal-1-filtered/train/images/002786_png.rf.5e75fac2cf11bdbbe5a987eb4494960b.jpg,7b8734ce66867ce613c3d747699a8045cf92c189272fe35982e65d0ef3b94681,ff78275a2510c972
data/thermal-1-filtered/train/images/frame677_jpg.rf.905727343fc0ecce7497e6a8c09eda2b.jpg,c7015ed648902f06f08f39c2c31a0223526e4e77e4b47b586dc4250a5f7c2084,eec4f894ee94f804
data/thermal-1-filtered/train/images/002724_png.rf.5cae395b4421c2a8ccd75e9f7378b7e5.jpg,5b6ac2f82ed1f441dc95f146714ac587e363dca65b1ecd7ea83c0cca37fedddf,d0c000f5057f1ffd
data/thermal-1-filtered/train/images/frame49_jpg.rf.8675ac740f7f12194930a8a961941ce3.jpg,1640b6ea529ceb32196859036fe3c577a568c029e06f05eb9cc4dab7daee5648,b8a5d6926d29ae52
data/thermal-1-filtered/train/images/IR_BIRD_012_frame201_jpg.rf.41b2679ccb569f0ce0f2781239deb358.jpg,9f5d7036e28904484092eea423ad13e25bae0a19a7ea4a37ea41d2359ffb70d1,c31cc33c9e43bcc3
data/thermal-1-filtered/train/images/IR_BIRD_012_frame193_jpg.rf.860fe4806d602517e3f5c1e99cfd000b.jpg,dbdf4c8b9953f2f6b6540931ec8b220fb9a169512986408117e42010a5cedf0f,fc1f01a05eac51be
data/thermal-1-filtered/train/images/003852_png.rf.61e3479c23d7a07dc57e9d4feb5c92f9.jpg,a294426178bbd18b190a73cfd977775e383a383b918cac1356de77aa8af32cf6,952a55455bf54953
data/thermal-1-filtered/train/images/000013_png.rf.52ed9417a4b5733fdfdd619f3648d3c5.jpg,1fd0513ce29fa6da17039d09f65e73f0ce6991ff9b5db0ba601f616f1d8318eb,ea7dc280812f997e
data/thermal-1-filtered/train/images/003709_png.rf.4f1e68653cf2ae9a731519f6ae62cacc.jpg,4695fcf0476b1c7b44d6da301929e817af462560aeedb4040bfa9374483c18c2,856a554a53555e5b
data/thermal-1-filtered/train/images/002749_png.rf.3250f6484b3e937a647461b7512dc862.jpg,d0677fd397c5b2353ce2e4b6bb1e051435ded38d41ffbf02039488c677650282,94d5559a5a0f59a9
data/thermal-1-filtered/train/images/IR_BIRD_012_frame26_jpg.rf.41d0cec8c922fbd90e14d8223b9ba584.jpg,31ddc83923b1f40794c7b17ce1498cbb6fb8babe330aaef20cde94360d386273,f03c07330e875cb7
data/thermal-1-filtered/train/images/002397_png.rf.5459b73877af3553a7488b6f2dd502c2.jpg,cb9d7be01f22c6cc3f3f89b77407ed01d000cbb7eecbf0818e68f4f3947a6f0f,8dd5d5ad50ac54aa
data/thermal-1-filtered/train/images/003049_png.rf.dfdeaa2d4d23bf94e2390bc0b9fd1689.jpg,ffbcc88d9f2327d3a860ef59b1cbbf5d1055ae9bf2617556aa3143381f2c30c7,adb5c2355425d2ab
data/thermal-1-filtered/train/images/002506_png.rf.0b35ba55467aeba215c524cb292117f8.jpg,df61d8b9fb01ed96cafa944bd29e6008a33e410183362ad1a79ec57b78bf6afd,bf2eff25ca158a00
data/thermal-1-filtered/train/images/frame520_jpg.rf.d19d78c9bcc2940a2ccc9821c22ce69e.jpg,835116aa12e2ca6b2e7b4ce306c0ab244ac61957f491ce0bfaf75722a7418041,bb128fd0a91fd0e1
data/thermal-1-filtered/train/images/ir_3_030810_jpg.rf.39c67d13c4a2be94856d47e5cfb18b74.jpg,1ad1b4a8a27c093c606e268412b5d3dc2dc35654efa4151e818395946815daed,d08000ef59f14fdf
data/thermal-1-filtered/train/images/003109_png.rf.c864bf43d3fc6197255f5c14350a610a.jpg,64c4dfcb36a975417eae8eebd48a4247fb0144608aab8cb3e2b947ce30265d28,aa2acd2f50cb945b
data/thermal-1-filtered/train/images/003830_png.rf.decc38e71a87054ff03999f8b11dae9f.jpg,09065be3e21dba7115dc410f13a4d9349c7239b1b3d99902b12c7556a2aa270b,d52a15e708f70cf2
data/thermal-1-filtered/train/images/ir_3_022220_jpg.rf.93124fb5f7762c8f3ace96f6dbdf4654.jpg,bb4d9e9da3ea7c473c02542bc7468e77fadee0e5f4449cda0968e6119cb09409,9d2ad56a467454e5
data/thermal-1-filtered/train/images/002808_png.rf.7a3986580c28417701389fdb24252c51.jpg,5c49d7537833739e433522308d334237526921fe0100d4d461d3403de3ff97d1,bf2ad409c41fc23d
data/thermal-1-filtered/train/images/003783_png.rf.4f29f51aa58fb7ece03a259f09ad7480.jpg,7c984212d135f870f695e4e4c2f5079ca760f6aaf4a86b65f3d56bedac32161e,f26fb90d921a8978
data/thermal-1-filtered/train/images/003763_png.rf.e6f63259b45aa3f472035dc40098b33f.jpg,658394a83fad0c302644186925fe2ab836c0c2e0cd619fb754d4d8d0f8ec80cb,d08000e107ff1fff
data/thermal-1-filtered/train/images/frame270_jpg.rf.b250202760e2340170d74c7d7f4c2511.jpg,8d0dcbfbdea66c07dbd7c683dca34329bc8c286957016520d0d5a2b9ca644d46,f0c081d919ff4c7c
data/thermal-1-filtered/train/images/0_0_000061_jpg.rf.94bfc5718e8be0e866bb6fca6590b347.jpg,64e0f19e119aceb9fe1260356cd03331f1208f1c1acb8e473049a9f5fb093451,e639bd4619ee403a
data/thermal-1-filtered/train/images/img_0384_png.rf.dc16a2c2efe665071902ec66b436ebd8.jpg,0d065cbb2caad27bfcc2f7b8ab79b3dac9419e20902f0e2e2f592d75423fae7e,9cedc51a78248ed9
data/thermal-1-filtered/train/images/0_0_000105_jpg.rf.576a42f86f5c889935aa25ef21718199.jpg,fd5013d1a278fa2f0e4cd7dcc6b6ef4b163ae8d56f77bbd0cf11b4d07ba666b2,d53700975e210ebf
data/thermal-1-filtered/train/images/002740_png.rf.6c4f014ad4e49259d1afd72fbaca7974.jpg,96ff416f6eef7265714f2b17b6ee3ff41c3dedcf22d9963293b2f8cf3a5091d8,be699c59c416e21e
data/thermal-1-filtered/train/images/frame447_jpg.rf.1ef157ae6c15accee565614b29bc36eb.jpg,ef68dee7995d7935566fa97644053415b1d5893c7b99c7084498ef2bb9a8f7cf,989f4d0f851957a6
data/thermal-1-filtered/train/images/002720_png.rf.bb358143ee9454486b564803f01f0988.jpg,52ce69d6f2cfad4dece51cc6a9495854814ff6c70ead3a8184f814daac040dab,ab2bdb04d6244e76
data/thermal-1-filtered/train/images/002732_png.rf.75861ef9a5bdf031b0ad7f4b7d33080c.jpg,72e797ffd3ee98e40696a1cb56c190ec1186734a1755517add120a53d2510583,aa2ef313d308cc6e
data/thermal-1-filtered/train/images/frame635_jpg.rf.fc2f67b16e350c05e315e9fcc2171935.jpg,53688403dc4547eeca5fc5b772d55f766daa6200cb2a83f90a242b3e410fac2c,a85fc1b7c02d95aa
data/thermal-1-filtered/train/images/002038_png.rf.66f883a7b7e48b7ce913b30de5b42680.jpg,6e4d1f674d571811a1f9047828a743fd30779216d42c254da68d2df9b40d1731,813d41b65ba659b6
data/thermal-1-filtered/train/images/003420_png.rf.542cef8e2f1436081ea19a9284874c76.jpg,b81f4ed38c7d5e94b5a712d70889efbc0cec428fc11145104fb00849d6557bd5,d08000ff1fff08f9
data/thermal-1-filtered/train/images/IR_BIRD_012_frame247_jpg.rf.20933678a3c5fdc7492d31f358427813.jpg,59944a2a21e7f60f0120121459a34bb5ab63b68aea81689a1312ecdc7183310f,94644d734659537e
data/thermal-1-filtered/train/images/002394_png.rf.1f698de53004e053cdd16fa2b84ded51.jpg,408fb788dade6af94e106c778416cc97569feb1229ced78753f17270cf7727f5,d9a080f885f815ff
data/thermal-1-filtered/train/images/frame103_jpg.rf.25fb1335f37c1824f016b491a370303a.jpg,bcfdcd57ff0f9ecdb27c2f1c93bee08e294f2e14932c13b7f0c5935d7ab029a2,eec680d1fb7b30c0
data/thermal-1-filtered/train/images/002201_png.rf.3f38ffa95e54fa613e1a0533e17ab713.jpg,c507276b5c1543ad485239a77b8ce34c7572e7c535abafa535f44601096cbcb5,ff6ada24c036c836
data/thermal-1-filtered/train/images/frame519_jpg.rf.5381fc98b9ef4ede0e4942f53e803cb5.jpg,8e9ad1a5165f66cdb39da0f8f984d97289254041e241196d256a5c854f7f5c56,eacfe89fb030bc04
data/thermal-1-filtered/train/images/frame66_jpg.rf.ce6c51c984afe0fe309e4d1b614c44dc.jpg,14d4750cc7a556b4133eeaf224aecb96cf53da7684714ce4b7b8b6594d39fdef,8f95d4994f2b132c
data/thermal-1-filtered/train/images/002061_png.rf.c3527329b4cdbcac8bd27ca3344027b6.jpg,71235740004a9447588577e86da85b8eafcc15241a86240479d5e1929573ecd5,d0a004f901ff0ffb
data/thermal-1-filtered/train/images/frame225_jpg.rf.67d1521a13fe40edd56bad0a53815e31.jpg,3fa74b84e800107dfb0c45e6ca3fd9db3619c2f37fbc2b98fa3c12ea8b578822,9cd5952b638b132d
data/thermal-1-filtered/train/images/002228_png.rf.ca60fc7da52bfec37dcdb9c8744909bd.jpg,55919efa5d62482b5cae292c51fd0065df3979ce15967734ad49fcd91dfdce34,a56a1768d5af542a
data/thermal-1-filtered/train/images/002271_png.rf.87a90bce101b234d076ebfef447c9788.jpg,a82efbc70bfb76f984b7ec56200fe9d993f78d816570b5044890fc117be431d5,fe7bbf50810fc028
data/thermal-1-filtered/train/images/002690_png.rf.d326cdd6507e24381d30811f92c1853a.jpg,c1a94b12a40dbcaa7b1eff004117359ef047fbb861910a0df0bd45bd9a589235,d09f048f1f150f1f
data/thermal-1-filtered/train/images/img_0306_png.rf.ae4b804751f695f063d006953826db2d.jpg,9ab3ea2e7c7c71beef8a9fc64eae0e6e4d56009e82186eca472a418efb1108bb,8cf0ec3e6c7a60e4
data/thermal-1-filtered/train/images/0_0_000058_jpg.rf.3b9fb06ccb418a8274b9cda0fecf91b1.jpg,bdaf919d386afc24b399074111687234c1c9d4573464c41264f196ab85bea8b4,ee39bd4619ea411a
data/thermal-1-filtered/train/images/002374_png.rf.0524023ba70f07ca617d94cbec4d10f2.jpg,953dcb8e7a5d5044dc586edcffc1ec7648788da9cdae7efee16ff6e8cd0fd5e5,aad4f1f5d58ac288
data/thermal-1-filtered/train/images/IR_BIRD_012_frame177_jpg.rf.144d9653355df6ee2199a972f3bc5383.jpg,288591bea7385ed60961707dd8155742e8000e87feedfb0a4b8b9106293dc035,d122d16a957b84db
data/thermal-1-filtered/train/images/frame670_jpg.rf.a50d8f5c0807148845d13716e1d33e49.jpg,832b2f287a39f25d4bf21ba18bc141b742ac9488266d9ec316cd2a4f4dc4052e,ff17b846aa10c60f
data/thermal-1-filtered/train/images/002687_png.rf.45734ef3151863bf9aba45488ad890dd.jpg,d95ea2a11f7cd13ec9314aa4b7e2903533c6a7ed4d9f93b1ce880f1f15bcb719,853551a459bf59a5
data/thermal-1-filtered/train/images/002323_png.rf.902682fe1a15fcc50b203d31993135c9.jpg,77e9752e4d815d597442f177a46d6bae01c6ed6e01a27db828f0d03159059275,a83f48275cb34e3a
data/thermal-1-filtered/train/images/003035_png.rf.1586992342d63dd6d7535f5fb5cfe2e3.jpg,ffef9ac529409324c3a047523abbff66ddba37374d003d94d94f246c36a14d9b,d18000ff9ef803ef
data/thermal-1-filtered/train/images/img_0257_png.rf.f4f079cf7fd294c7d1b1e4907c779331.jpg,786d247eae1d73589f4e55fcf1d7fda5bf2cf8732378ff6b2e257b03025def48,d28201ed4ff60fc9
data/thermal-1-filtered/train/images/002550_png.rf.a09ef635036f948eb215ff71dbd8356f.jpg,a5903ee1ca77c458045e83156db7ae9e3ddd589e7dbf0dd64c742cb0af94ef34,ba2ad52acd12e956
data/thermal-1-filtered/train/images/IR_BIRD_012_frame119_jpg.rf.8d149825ec7d67c0989e21f0b645835c.jpg,8dcd0b8c5798d4fe960406e3a3477f6cfcf8978ae319a047c9568b3a7255438a,fce040f041fc077f
data/thermal-1-filtered/train/images/003803_png.rf.97775098b531bd5c701c9b0afdc32cef.jpg,0845aac10c308ed2d94bb8829803154e2d71613dfcd39eba8d63ed30bea79757,84d555ad549e5596
data/thermal-1-filtered/train/images/frame269_jpg.rf.bd0e963f12b339ee162d76a6d2090410.jpg,fe2f4b28faa2c2b8246061fd0b078e79365ac451f206ed0f2faa89cb3781bfe5,e2c1999999dc98f8
data/thermal-1-filtered/train/images/003055_png.rf.5812f2ba09b253ad8d623d5477aad1e5.jpg,6c3a8cc8a5738af07098a4d14578a751a1810fa3112b1fcae2eff03534e11e26,bb6c1b2c538c6d13
data/thermal-1-filtered/train/images/002324_png.rf.fdeaaf880bdfee26d3abc93edbc76fca.jpg,c310de9237dc29724a1a9a533954296cdc1965acc01fc3318f8b05364c96c88b,a03f402f5da256af
data/thermal-1-filtered/train/images/0_0_000113_jpg.rf.36a861bfc5348956f1c48f1091170f02.jpg,d4759c4d3476428a0ff170e6b8a1e3295776f1ba733274a8b145c06bbd342d14,c03f09216fbf819d
data/thermal-1-filtered/train/images/ir_052880_jpg.rf.9cfee9c1485c4c59a4f55ebbc19c24c8.jpg,e055a87e71b3118b161b2aab76f81505d215df7691a04f200a8e072c9f6afa56,ac35bf0ec2f1541c
data/thermal-1-filtered/train/images/002017_png.rf.cedf2bb342d9a65c512908527ef26ef0.jpg,69e129f829cd3585259c339a0ab99c85c7a1b40334ba5e1cdeef7454d4baffe8,95aa55524a5d5d4b
data/thermal-1-filtered/train/images/002352_png.rf.cdedb0ae8b0b07a7f22f38852d6ae074.jpg,578722ae93aa0b42e4fc614c0466bf8ab637974344611ce7bf000956120c0569,be2add42d049f615
