split,file_name,image_path,width,height,aspect_ratio,channel_divergence,brightness_mean,brightness_std,sharpness
train,002073_png.rf.07130d8419409d296544fb832bb38713.txt,data/thermal-1-filtered/train/images/002073_png.rf.07130d8419409d296544fb832bb38713.jpg,512,512,1.0,0.0,90.56,58.15,3917.16
train,IR_BIRD_012_frame95_jpg.rf.ee676e0f5ac0bec17597f9ac8b4f09ff.txt,data/thermal-1-filtered/train/images/IR_BIRD_012_frame95_jpg.rf.ee676e0f5ac0bec17597f9ac8b4f09ff.jpg,512,512,1.0,0.0,94.07,55.66,72.36
train,002672_png.rf.e3c9cf48f973599b68286b6ca94915f9.txt,data/thermal-1-filtered/train/images/002672_png.rf.e3c9cf48f973599b68286b6ca94915f9.jpg,512,512,1.0,0.0,87.72,53.44,1260.29
train,002684_png.rf.eeae819588dd20fa269d3d76c2fa1875.txt,data/thermal-1-filtered/train/images/002684_png.rf.eeae819588dd20fa269d3d76c2fa1875.jpg,512,512,1.0,0.0,79.16,49.76,638.26
train,003842_png.rf.7b2483abb0eca2b3b3beda96276b4f02.txt,data/thermal-1-filtered/train/images/003842_png.rf.7b2483abb0eca2b3b3beda96276b4f02.jpg,512,512,1.0,0.0,96.68,57.18,1178.21
train,002291_png.rf.962a3606608df0ecf471949bb8771c5d.txt,data/thermal-1-filtered/train/images/002291_png.rf.962a3606608df0ecf471949bb8771c5d.jpg,512,512,1.0,0.0,85.18,52.0,280.14
train,002359_png.rf.4d99fd5b20b7e89ce1a779bf5a6f47af.txt,data/thermal-1-filtered/train/images/002359_png.rf.4d99fd5b20b7e89ce1a779bf5a6f47af.jpg,512,512,1.0,0.0,73.03,49.98,225.08
train,frame41_jpg.rf.5536bc5082df5bcf259bc91ef0e48234.txt,data/thermal-1-filtered/train/images/frame41_jpg.rf.5536bc5082df5bcf259bc91ef0e48234.jpg,512,512,1.0,3.173,86.48,46.83,232.37
train,frame538_jpg.rf.f4f87a22ea2df2927871eadeac796262.txt,data/thermal-1-filtered/train/images/frame538_jpg.rf.f4f87a22ea2df2927871eadeac796262.jpg,512,512,1.0,3.27,56.65,28.53,149.88
train,frame273_jpg.rf.924f88424ad481d6c0bb364384d44b00.txt,data/thermal-1-filtered/train/images/frame273_jpg.rf.924f88424ad481d6c0bb364384d44b00.jpg,512,512,1.0,3.165,92.55,52.99,589.31
train,002097_png.rf.6798d19c2f2917685efd72560e00edd7.txt,data/thermal-1-filtered/train/images/002097_png.rf.6798d19c2f2917685efd72560e00edd7.jpg,512,512,1.0,0.0,72.25,50.71,451.24
train,003686_png.rf.a7204c8df8b3b439cc66648835f4730b.txt,data/thermal-1-filtered/train/images/003686_png.rf.a7204c8df8b3b439cc66648835f4730b.jpg,512,512,1.0,0.0,79.33,54.81,805.51
train,frame57_jpg.rf.c307ab63d6d17d909f96e575410aabdb.txt,data/thermal-1-filtered/train/images/frame57_jpg.rf.c307ab63d6d17d909f96e575410aabdb.jpg,512,512,1.0,2.949,83.4,55.2,179.67
train,002364_png.rf.2c5ce971df6ec503f846022383e14fe5.txt,data/thermal-1-filtered/train/images/002364_png.rf.2c5ce971df6ec503f846022383e14fe5.jpg,512,512,1.0,0.0,81.73,54.99,361.13
train,IR_BIRD_012_frame94_jpg.rf.47f36aa5ad4afbf96f3a11ef39c27856.txt,data/thermal-1-filtered/train/images/IR_BIRD_012_frame94_jpg.rf.47f36aa5ad4afbf96f3a11ef39c27856.jpg,512,512,1.0,0.0,98.6,53.42,79.71
train,IR_BIRD_012_frame59_jpg.rf.6cdd16a75e76d340b75166b9e5f5c8cf.txt,data/thermal-1-filtered/train/images/IR_BIRD_012_frame59_jpg.rf.6cdd16a75e76d340b75166b9e5f5c8cf.jpg,512,512,1.0,0.0,96.23,51.66,63.04
train,003047_png.rf.dc4cf793c53f1567e467337c46c26359.txt,data/thermal-1-filtered/train/images/003047_png.rf.dc4cf793c53f1567e467337c46c26359.jpg,512,512,1.0,0.0,78.12,55.86,788.25
train,IR_BIRD_012_frame288_jpg.rf.957b732712169ab2bd98dcbe0ce45828.txt,data/thermal-1-filtered/train/images/IR_BIRD_012_frame288_jpg.rf.957b732712169ab2bd98dcbe0ce45828.jpg,512,512,1.0,0.0,100.29,55.02,85.08
train,frame336_jpg.rf.b731b71303659bc10eccf5150deb1f13.txt,data/thermal-1-filtered/train/images/frame336_jpg.rf.b731b71303659bc10eccf5150deb1f13.jpg,512,512,1.0,3.187,104.61,56.16,181.09
train,003829_png.rf.cbb574b3fb5720f08a351e72e9da6a48.txt,data/thermal-1-filtered/train/images/003829_png.rf.cbb574b3fb5720f08a351e72e9da6a48.jpg,512,512,1.0,0.0,97.03,56.98,1214.19
train,frame500_jpg.rf.b00c2f8c172ab2ab247cca538574f4b5.txt,data/thermal-1-filtered/train/images/frame500_jpg.rf.b00c2f8c172ab2ab247cca538574f4b5.jpg,512,512,1.0,3.301,88.78,34.28,374.29
train,frame489_jpg.rf.610120dff8131ba22aa7758f0fbf3b67.txt,data/thermal-1-filtered/train/images/frame489_jpg.rf.610120dff8131ba22aa7758f0fbf3b67.jpg,512,512,1.0,3.301,94.16,38.4,367.51
train,003801_png.rf.76ee7c119d6ce1d32e99db7c61110d7c.txt,data/thermal-1-filtered/train/images/003801_png.rf.76ee7c119d6ce1d32e99db7c61110d7c.jpg,512,512,1.0,0.0,100.85,58.65,570.0
train,IR_BIRD_012_frame117_jpg.rf.982001cef7c3a5b711c05735ed777c30.txt,data/thermal-1-filtered/train/images/IR_BIRD_012_frame117_jpg.rf.982001cef7c3a5b711c05735ed777c30.jpg,512,512,1.0,0.0,98.73,51.97,88.66
train,003801_png.rf.1968cace8fa0e3830bdcfcf111da0da8.txt,data/thermal-1-filtered/train/images/003801_png.rf.1968cace8fa0e3830bdcfcf111da0da8.jpg,512,512,1.0,0.0,93.57,56.61,217.59
train,002003_png.rf.ee8290fcf2a670bf725ab16a1ec4bc2e.txt,data/thermal-1-filtered/train/images/002003_png.rf.ee8290fcf2a670bf725ab16a1ec4bc2e.jpg,512,512,1.0,0.0,82.05,57.61,657.57
train,IR_BIRD_012_frame107_jpg.rf.a1c3243567df5c1fdd123b496c9d2026.txt,data/thermal-1-filtered/train/images/IR_BIRD_012_frame107_jpg.rf.a1c3243567df5c1fdd123b496c9d2026.jpg,512,512,1.0,0.0,93.34,53.65,82.97
train,frame357_jpg.rf.90d82bc39a63c79f14c1ea7b97a2dd75.txt,data/thermal-1-filtered/train/images/frame357_jpg.rf.90d82bc39a63c79f14c1ea7b97a2dd75.jpg,512,512,1.0,2.986,83.04,48.32,180.85
train,002298_png.rf.42834b54b2caef52444365f54d9e7864.txt,data/thermal-1-filtered/train/images/002298_png.rf.42834b54b2caef52444365f54d9e7864.jpg,512,512,1.0,0.0,90.19,56.66,1720.88
train,001982_png.rf.a056b89b2645ef3491ac38915fefe9bb.txt,data/thermal-1-filtered/train/images/001982_png.rf.a056b89b2645ef3491ac38915fefe9bb.jpg,512,512,1.0,0.0,91.65,57.57,2026.9
train,frame601_jpg.rf.ae889e4b96d9574c1e558b9130be7e3d.txt,data/thermal-1-filtered/train/images/frame601_jpg.rf.ae889e4b96d9574c1e558b9130be7e3d.jpg,512,512,1.0,3.333,53.22,31.82,290.12
train,frame475_jpg.rf.84cb1b0ec709e33b04986dca28c9d1b1.txt,data/thermal-1-filtered/train/images/frame475_jpg.rf.84cb1b0ec709e33b04986dca28c9d1b1.jpg,512,512,1.0,3.303,105.88,41.78,455.31
train,002294_png.rf.b913554fa2d72f88e9b28dea298eaad9.txt,data/thermal-1-filtered/train/images/002294_png.rf.b913554fa2d72f88e9b28dea298eaad9.jpg,512,512,1.0,0.0,81.28,55.57,469.91
train,frame675_jpg.rf.4b46ec54cddafafc0c7a6f566f02079c.txt,data/thermal-1-filtered/train/images/frame675_jpg.rf.4b46ec54cddafafc0c7a6f566f02079c.jpg,512,512,1.0,3.15,37.62,23.11,100.91
train,frame719_jpg.rf.44f3d4cfa943e6c65aa52831e0696c70.txt,data/thermal-1-filtered/train/images/frame719_jpg.rf.44f3d4cfa943e6c65aa52831e0696c70.jpg,512,512,1.0,3.135,58.47,31.55,173.86
train,003858_png.rf.7c07176e7135318618cd068d2db12388.txt,data/thermal-1-filtered/train/images/003858_png.rf.7c07176e7135318618cd068d2db12388.jpg,512,512,1.0,0.0,97.4,56.95,1271.2
train,ir_3_034990_jpg.rf.3f7b308b5b53597b4c0e9f0424cb844d.txt,data/thermal-1-filtered/train/images/ir_3_034990_jpg.rf.3f7b308b5b53597b4c0e9f0424cb844d.jpg,512,512,1.0,0.0,90.11,57.72,2236.83
train,002253_png.rf.b811a7c461dc3d16d45c738b53266bd9.txt,data/thermal-1-filtered/train/images/002253_png.rf.b811a7c461dc3d16d45c738b53266bd9.jpg,512,512,1.0,0.0,100.33,59.54,310.53
train,002233_png.rf.5a14b2b9ff7336eb1ba11c0356defe33.txt,data/thermal-1-filtered/train/images/002233_png.rf.5a14b2b9ff7336eb1ba11c0356defe33.jpg,512,512,1.0,0.0,81.86,51.35,421.82
train,ir_2_030860_jpg.rf.57b2fec68b657fc7de821a3ca47e3671.txt,data/thermal-1-filtered/train/images/ir_2_030860_jpg.rf.57b2fec68b657fc7de821a3ca47e3671.jpg,512,512,1.0,0.0,79.58,57.39,1116.25
train,002439_png.rf.5f01ac3878ebe1e7a751b65572eb323d.txt,data/thermal-1-filtered/train/images/002439_png.rf.5f01ac3878ebe1e7a751b65572eb323d.jpg,512,512,1.0,0.0,74.84,50.29,395.12
train,002781_png.rf.ac6690fc0450f9dd427657c4c2d6ff04.txt,data/thermal-1-filtered/train/images/002781_png.rf.ac6690fc0450f9dd427657c4c2d6ff04.jpg,512,512,1.0,0.0,82.04,56.23,303.53
train,frame636_jpg.rf.1a05ad3a06ad30e99a6a915c8dd63f7b.txt,data/thermal-1-filtered/train/images/frame636_jpg.rf.1a05ad3a06ad30e99a6a915c8dd63f7b.jpg,512,512,1.0,3.088,44.51,29.1,158.62
train,frame105_jpg.rf.7fb52297b3611817e33c3506eed0ab58.txt,data/thermal-1-filtered/train/images/frame105_jpg.rf.7fb52297b3611817e33c3506eed0ab58.jpg,512,512,1.0,3.295,92.11,50.64,594.89
train,002385_png.rf.36253f592278d810a0ef8e1fdfccc61d.txt,data/thermal-1-filtered/train/images/002385_png.rf.36253f592278d810a0ef8e1fdfccc61d.jpg,512,512,1.0,0.0,89.32,55.45,1449.46
train,frame299_jpg.rf.fa652b102970318573674e258cbbb573.txt,data/thermal-1-filtered/train/images/frame299_jpg.rf.fa652b102970318573674e258cbbb573.jpg,512,512,1.0,3.028,88.64,55.77,194.84
train,frame337_jpg.rf.b37520cd55f951997655d552545a821f.txt,data/thermal-1-filtered/train/images/frame337_jpg.rf.b37520cd55f951997655d552545a821f.jpg,512,512,1.0,3.247,100.59,52.07,112.39
train,ir_050540_jpg.rf.f7b6e32594f48304e868c68c90a2edbc.txt,data/thermal-1-filtered/train/images/ir_050540_jpg.rf.f7b6e32594f48304e868c68c90a2edbc.jpg,512,512,1.0,0.0,80.92,56.77,887.81
train,ir_3_028720_jpg.rf.228ce4621331be8e16c4b90a65f7e424.txt,data/thermal-1-filtered/train/images/ir_3_028720_jpg.rf.228ce4621331be8e16c4b90a65f7e424.jpg,512,512,1.0,0.0,87.23,56.17,1858.17
train,0_0_000029_jpg.rf.f6330f7460321fbd596c6a565b06c540.txt,data/thermal-1-filtered/train/images/0_0_000029_jpg.rf.f6330f7460321fbd596c6a565b06c540.jpg,512,512,1.0,0.0,123.6,55.37,105.35
train,002725_png.rf.ae81f20b59c6a0e7f6d93318d1d8debb.txt,data/thermal-1-filtered/train/images/002725_png.rf.ae81f20b59c6a0e7f6d93318d1d8debb.jpg,512,512,1.0,0.0,76.26,54.21,275.26
train,IR_BIRD_012_frame268_jpg.rf.8d92f8e25603c34a130b299d6a56800f.txt,data/thermal-1-filtered/train/images/IR_BIRD_012_frame268_jpg.rf.8d92f8e25603c34a130b299d6a56800f.jpg,512,512,1.0,0.0,108.03,45.78,109.78
train,frame691_jpg.rf.cebf9e13673b952a1796675fc1646906.txt,data/thermal-1-filtered/train/images/frame691_jpg.rf.cebf9e13673b952a1796675fc1646906.jpg,512,512,1.0,3.289,49.67,28.36,260.75
train,002158_png.rf.1e68296578e801b456abd4b258009468.txt,data/thermal-1-filtered/train/images/002158_png.rf.1e68296578e801b456abd4b258009468.jpg,512,512,1.0,0.0,88.92,55.6,1149.16
train,0_0_000060_jpg.rf.666ff929dd6c5664f0f01f502362654e.txt,data/thermal-1-filtered/train/images/0_0_000060_jpg.rf.666ff929dd6c5664f0f01f502362654e.jpg,512,512,1.0,0.0,119.29,62.57,147.51
train,002255_png.rf.66925771fd4550a9a8b4315bd6109196.txt,data/thermal-1-filtered/train/images/002255_png.rf.66925771fd4550a9a8b4315bd6109196.jpg,512,512,1.0,0.0,95.63,54.17,973.85
train,0_0_000246_jpg.rf.52b0905134ede7676e73e36d157cf6df.txt,data/thermal-1-filtered/train/images/0_0_000246_jpg.rf.52b0905134ede7676e73e36d157cf6df.jpg,512,512,1.0,0.0,38.89,47.39,75.2
train,frame317_jpg.rf.1ecf8d2b99084a8b96ce7e3b1de79676.txt,data/thermal-1-filtered/train/images/frame317_jpg.rf.1ecf8d2b99084a8b96ce7e3b1de79676.jpg,512,512,1.0,3.114,91.72,58.76,110.46
train,ir_049160_jpg.rf.28c593a5f7af6f2ef0db5ceec67f3bd4.txt,data/thermal-1-filtered/train/images/ir_049160_jpg.rf.28c593a5f7af6f2ef0db5ceec67f3bd4.jpg,512,512,1.0,0.0,84.57,58.27,1091.37
train,000005_png.rf.71a33462193f5707b0d19250bf6fa921.txt,data/thermal-1-filtered/train/images/000005_png.rf.71a33462193f5707b0d19250bf6fa921.jpg,512,512,1.0,0.0,84.88,60.5,415.25
train,003711_png.rf.21a0c7b012890c8403b6241ea97943b2.txt,data/thermal-1-filtered/train/images/003711_png.rf.21a0c7b012890c8403b6241ea97943b2.jpg,512,512,1.0,0.0,86.13,54.74,788.26
train,001505_png.rf.0e441e38aa1893ae6b1c52eecf5831c0.txt,data/thermal-1-filtered/train/images/001505_png.rf.0e441e38aa1893ae6b1c52eecf5831c0.jpg,512,512,1.0,0.0,74.6,53.23,209.6
train,ir_2_020230_jpg.rf.5686fae51241f6b76819bf85b94beff0.txt,data/thermal-1-filtered/train/images/ir_2_020230_jpg.rf.5686fae51241f6b76819bf85b94beff0.jpg,512,512,1.0,0.0,89.23,60.92,861.13
train,frame362_jpg.rf.307db17e5708c7377f8d4b61e5f86087.txt,data/thermal-1-filtered/train/images/frame362_jpg.rf.307db17e5708c7377f8d4b61e5f86087.jpg,512,512,1.0,3.2,94.13,48.06,496.4
train,IR_BIRD_012_frame231_jpg.rf.0558e7ea9b5fab72da706a865c378ec2.txt,data/thermal-1-filtered/train/images/IR_BIRD_012_frame231_jpg.rf.0558e7ea9b5fab72da706a865c378ec2.jpg,512,512,1.0,0.0,108.17,46.47,107.36
train,IR_BIRD_012_frame19_jpg.rf.246e5446e7fc219e78272a42b2b72eb0.txt,data/thermal-1-filtered/train/images/IR_BIRD_012_frame19_jpg.rf.246e5446e7fc219e78272a42b2b72eb0.jpg,512,512,1.0,0.0,94.27,53.44,60.91
train,0_0_000407_jpg.rf.3e66b4cba81b2f49aa2307821df47523.txt,data/thermal-1-filtered/train/images/0_0_000407_jpg.rf.3e66b4cba81b2f49aa2307821df47523.jpg,512,512,1.0,0.0,101.33,75.24,161.76
train,thermal_tzeelim_021750_jpg.rf.5ee94a456c8162722871723d17ac6c2c.txt,data/thermal-1-filtered/train/images/thermal_tzeelim_021750_jpg.rf.5ee94a456c8162722871723d17ac6c2c.jpg,512,512,1.0,0.0,92.19,58.1,969.98
train,0_0_000103_jpg.rf.9689501ac82a7fd61fd26b2bb111d1d8.txt,data/thermal-1-filtered/train/images/0_0_000103_jpg.rf.9689501ac82a7fd61fd26b2bb111d1d8.jpg,512,512,1.0,0.0,120.8,54.05,91.35
train,img_0306_png.rf.7c2545c9c12c935d8185681d9a0a2f4b.txt,data/thermal-1-filtered/train/images/img_0306_png.rf.7c2545c9c12c935d8185681d9a0a2f4b.jpg,512,512,1.0,0.0,93.0,38.28,144.71
train,ir_3_031530_jpg.rf.063ab6c3c0b06ce90adc5e42ac1043f6.txt,data/thermal-1-filtered/train/images/ir_3_031530_jpg.rf.063ab6c3c0b06ce90adc5e42ac1043f6.jpg,512,512,1.0,0.0,94.28,58.92,3422.54
train,002839_png.rf.e6e947cbd8d5ecff9ef887b47e4afbf3.txt,data/thermal-1-filtered/train/images/002839_png.rf.e6e947cbd8d5ecff9ef887b47e4afbf3.jpg,512,512,1.0,0.0,72.71,49.95,168.21
train,003770_png.rf.bb49e18b2dba5b05bc632b34a087a13f.txt,data/thermal-1-filtered/train/images/003770_png.rf.bb49e18b2dba5b05bc632b34a087a13f.jpg,512,512,1.0,0.0,85.69,55.22,247.82
train,002512_png.rf.680bbfa1abbbecebb0fdb252782ab149.txt,data/thermal-1-filtered/train/images/002512_png.rf.680bbfa1abbbecebb0fdb252782ab149.jpg,512,512,1.0,0.0,85.21,53.65,1377.84
train,003744_png.rf.98322f487ae92e5a08ce1375f97fd842.txt,data/thermal-1-filtered/train/images/003744_png.rf.98322f487ae92e5a08ce1375f97fd842.jpg,512,512,1.0,0.0,86.73,51.38,448.2
train,002806_png.rf.e997dee4910b0ee7d984835a16b10357.txt,data/thermal-1-filtered/train/images/002806_png.rf.e997dee4910b0ee7d984835a16b10357.jpg,512,512,1.0,0.0,80.89,55.97,427.4
train,frame647_jpg.rf.c1a0cd4ce9486ed82ae133032844e8fb.txt,data/thermal-1-filtered/train/images/frame647_jpg.rf.c1a0cd4ce9486ed82ae133032844e8fb.jpg,512,512,1.0,3.218,49.51,30.52,183.08
train,003042_png.rf.221458d41a8ffb07deef9a93b3e6d768.txt,data/thermal-1-filtered/train/images/003042_png.rf.221458d41a8ffb07deef9a93b3e6d768.jpg,512,512,1.0,0.0,88.89,57.66,2516.17
train,frame547_jpg.rf.38d2f583cb0bad05c9b7e9ee9f41df35.txt,data/thermal-1-filtered/train/images/frame547_jpg.rf.38d2f583cb0bad05c9b7e9ee9f41df35.jpg,512,512,1.0,3.274,55.67,29.97,202.74
train,003811_png.rf.a227c07343c2fea0321a3ad47a0ac4c7.txt,data/thermal-1-filtered/train/images/003811_png.rf.a227c07343c2fea0321a3ad47a0ac4c7.jpg,512,512,1.0,0.0,93.59,57.03,400.04
train,002260_png.rf.ac900a683028ac1755c288befd7fe828.txt,data/thermal-1-filtered/train/images/002260_png.rf.ac900a683028ac1755c288befd7fe828.jpg,512,512,1.0,0.0,87.56,51.12,326.2
train,thermal_tzeelim_021410_jpg.rf.508db16ebb063fcb99122112f314694c.txt,data/thermal-1-filtered/train/images/thermal_tzeelim_021410_jpg.rf.508db16ebb063fcb99122112f314694c.jpg,512,512,1.0,0.0,80.17,57.09,570.86
train,ir_036940_jpg.rf.8b28304fc68f30ca3fce448d80161881.txt,data/thermal-1-filtered/train/images/ir_036940_jpg.rf.8b28304fc68f30ca3fce448d80161881.jpg,512,512,1.0,0.0,74.12,54.26,372.33
train,002162_png.rf.2c791923dce63168e80c435dbb71d394.txt,data/thermal-1-filtered/train/images/002162_png.rf.2c791923dce63168e80c435dbb71d394.jpg,512,512,1.0,0.0,89.24,57.38,2499.61
train,IR_BIRD_012_frame35_jpg.rf.e4d12e032e74c8db67707785d7eac281.txt,data/thermal-1-filtered/train/images/IR_BIRD_012_frame35_jpg.rf.e4d12e032e74c8db67707785d7eac281.jpg,512,512,1.0,0.0,93.93,54.48,62.5
train,002417_png.rf.c7102a4f998b27c5a49adc7f6897061d.txt,data/thermal-1-filtered/train/images/002417_png.rf.c7102a4f998b27c5a49adc7f6897061d.jpg,512,512,1.0,0.0,90.74,52.92,487.83
train,thermal_tzeelim_021740_jpg.rf.d719949595c5bcd98501fda97cca75f0.txt,data/thermal-1-filtered/train/images/thermal_tzeelim_021740_jpg.rf.d719949595c5bcd98501fda97cca75f0.jpg,512,512,1.0,0.0,73.88,52.31,272.55
train,IR_BIRD_012_frame106_jpg.rf.54df8355c7438917d2a348814047c1c8.txt,data/thermal-1-filtered/train/images/IR_BIRD_012_frame106_jpg.rf.54df8355c7438917d2a348814047c1c8.jpg,512,512,1.0,0.0,93.05,56.52,74.63
train,IR_BIRD_012_frame194_jpg.rf.3bbbd6eeff7d3f5dcb88223b502f2409.txt,data/thermal-1-filtered/train/images/IR_BIRD_012_frame194_jpg.rf.3bbbd6eeff7d3f5dcb88223b502f2409.jpg,512,512,1.0,0.0,91.36,49.36,84.54
train,ir_049450_jpg.rf.8e22d326f40aa76ab128f5f4592a1c33.txt,data/thermal-1-filtered/train/images/ir_049450_jpg.rf.8e22d326f40aa76ab128f5f4592a1c33.jpg,512,512,1.0,0.0,82.41,55.98,267.43
train,1179_png.rf.49773c86ce07a1c5940c3b3a1ef29a21.txt,data/thermal-1-filtered/train/images/1179_png.rf.49773c86ce07a1c5940c3b3a1ef29a21.jpg,512,512,1.0,0.0,91.18,43.64,84.7
train,002802_png.rf.122dac2adff978d43e7a97c421049b36.txt,data/thermal-1-filtered/train/images/002802_png.rf.122dac2adff978d43e7a97c421049b36.jpg,512,512,1.0,0.0,91.57,54.92,701.67
train,0_0_000243_jpg.rf.0feb21e880397ff0b68065d3db59100e.txt,data/thermal-1-filtered/train/images/0_0_000243_jpg.rf.0feb21e880397ff0b68065d3db59100e.jpg,512,512,1.0,0.0,49.22,52.47,41.63
train,frame283_jpg.rf.d5ee911523dcf37d1626e9e2ac6d0396.txt,data/thermal-1-filtered/train/images/frame283_jpg.rf.d5ee911523dcf37d1626e9e2ac6d0396.jpg,512,512,1.0,2.955,79.6,54.43,156.29
train,IR_BIRD_012_frame287_jpg.rf.009bdabff202aa5f7db4c160fce3bd4d.txt,data/thermal-1-filtered/train/images/IR_BIRD_012_frame287_jpg.rf.009bdabff202aa5f7db4c160fce3bd4d.jpg,512,512,1.0,0.0,102.26,52.59,95.44
train,frame660_jpg.rf.7b7e32cc92d96e4e31ca316bb54f8f2a.txt,data/thermal-1-filtered/train/images/frame660_jpg.rf.7b7e32cc92d96e4e31ca316bb54f8f2a.jpg,512,512,1.0,3.104,44.71,28.55,115.97
train,003684_png.rf.e9d1b8a8a6672b7dbe4082cb28c10ef2.txt,data/thermal-1-filtered/train/images/003684_png.rf.e9d1b8a8a6672b7dbe4082cb28c10ef2.jpg,512,512,1.0,0.0,89.03,56.38,2850.68
train,frame532_jpg.rf.3257a3897d41ddd25f5a6bc29e0c856a.txt,data/thermal-1-filtered/train/images/frame532_jpg.rf.3257a3897d41ddd25f5a6bc29e0c856a.jpg,512,512,1.0,3.275,61.67,29.01,198.04
train,frame118_jpg.rf.20bbeff229996e902d4734eced165a88.txt,data/thermal-1-filtered/train/images/frame118_jpg.rf.20bbeff229996e902d4734eced165a88.jpg,512,512,1.0,3.247,94.19,55.42,668.97
train,frame459_jpg.rf.2559f5c5ecb1fe6b937d84dfe2062c0d.txt,data/thermal-1-filtered/train/images/frame459_jpg.rf.2559f5c5ecb1fe6b937d84dfe2062c0d.jpg,512,512,1.0,3.306,95.51,38.13,414.59
train,002057_png.rf.91d640e78f90f55d3470de97c8944cc4.txt,data/thermal-1-filtered/train/images/002057_png.rf.91d640e78f90f55d3470de97c8944cc4.jpg,512,512,1.0,0.0,88.3,59.0,4983.57
train,002076_png.rf.43ba5ff083b4f9db3588119f77d1c5fb.txt,data/thermal-1-filtered/train/images/002076_png.rf.43ba5ff083b4f9db3588119f77d1c5fb.jpg,512,512,1.0,0.0,90.34,57.96,4030.69
train,frame447_jpg.rf.1ef157ae6c15accee565614b29bc36eb.txt,data/thermal-1-filtered/train/images/frame447_jpg.rf.1ef157ae6c15accee565614b29bc36eb.jpg,512,512,1.0,3.135,90.85,48.23,193.91
train,frame525_jpg.rf.f50cdc66a351e0f04358b5229ae9e398.txt,data/thermal-1-filtered/train/images/frame525_jpg.rf.f50cdc66a351e0f04358b5229ae9e398.jpg,512,512,1.0,3.27,62.5,27.85,142.87
train,frame572_jpg.rf.4a49a9379033166b90352eb4b73b3881.txt,data/thermal-1-filtered/train/images/frame572_jpg.rf.4a49a9379033166b90352eb4b73b3881.jpg,512,512,1.0,3.104,45.52,28.57,143.66
train,frame351_jpg.rf.9e027a2ba76e1cfaf70205aa58d0d6ca.txt,data/thermal-1-filtered/train/images/frame351_jpg.rf.9e027a2ba76e1cfaf70205aa58d0d6ca.jpg,512,512,1.0,3.034,86.96,47.27,191.89
train,003093_png.rf.ca4fc4d2888eb38b09d1a4db3c652753.txt,data/thermal-1-filtered/train/images/003093_png.rf.ca4fc4d2888eb38b09d1a4db3c652753.jpg,512,512,1.0,0.0,80.09,51.76,667.6
train,IR_BIRD_012_frame123_jpg.rf.ce021b6d6a50c0068f0d22c05116bd0b.txt,data/thermal-1-filtered/train/images/IR_BIRD_012_frame123_jpg.rf.ce021b6d6a50c0068f0d22c05116bd0b.jpg,512,512,1.0,0.0,99.46,52.86,89.2
train,frame589_jpg.rf.a980befd8ce35b0ff593a42c55b0ff33.txt,data/thermal-1-filtered/train/images/frame589_jpg.rf.a980befd8ce35b0ff593a42c55b0ff33.jpg,512,512,1.0,3.307,56.98,34.28,423.15
train,frame207_jpg.rf.d87bf76033550bca173b0f117c79d5e2.txt,data/thermal-1-filtered/train/images/frame207_jpg.rf.d87bf76033550bca173b0f117c79d5e2.jpg,512,512,1.0,3.11,87.74,47.54,137.18
train,0_0_000243_jpg.rf.439755ca79a4462bbfd6d4a810bca9db.txt,data/thermal-1-filtered/train/images/0_0_000243_jpg.rf.439755ca79a4462bbfd6d4a810bca9db.jpg,512,512,1.0,0.0,44.2,47.93,84.57
train,002208_png.rf.407f512c7d92b5d29ffa68685ffb7e8e.txt,data/thermal-1-filtered/train/images/002208_png.rf.407f512c7d92b5d29ffa68685ffb7e8e.jpg,512,512,1.0,0.0,83.08,53.17,567.25
train,frame695_jpg.rf.3714fb1fe204e3718d2c5ae5e01a3212.txt,data/thermal-1-filtered/train/images/frame695_jpg.rf.3714fb1fe204e3718d2c5ae5e01a3212.jpg,512,512,1.0,2.991,39.1,24.01,109.13
train,frame565_jpg.rf.01b62c4a4119ba370f38f61679da4f10.txt,data/thermal-1-filtered/train/images/frame565_jpg.rf.01b62c4a4119ba370f38f61679da4f10.jpg,512,512,1.0,3.147,45.14,27.81,155.18
train,002712_png.rf.3f20f828cd4d4b55f777cc1a52a42a35.txt,data/thermal-1-filtered/train/images/002712_png.rf.3f20f828cd4d4b55f777cc1a52a42a35.jpg,512,512,1.0,0.0,76.15,48.15,297.65
train,frame679_jpg.rf.335a0a1dcf70c14bb2f108edd2f84759.txt,data/thermal-1-filtered/train/images/frame679_jpg.rf.335a0a1dcf70c14bb2f108edd2f84759.jpg,512,512,1.0,3.169,40.6,23.7,135.52
train,frame145_jpg.rf.36d1f9d953b1af7b6d56ec7392025320.txt,data/thermal-1-filtered/train/images/frame145_jpg.rf.36d1f9d953b1af7b6d56ec7392025320.jpg,512,512,1.0,3.289,100.19,50.13,388.44
train,002714_png.rf.bd388b846bc60098eb61c7a864329e7c.txt,data/thermal-1-filtered/train/images/002714_png.rf.bd388b846bc60098eb61c7a864329e7c.jpg,512,512,1.0,0.0,79.21,49.92,283.05
train,001670_png.rf.9ee21c444ddd86ed7dfc464dd2c7d91c.txt,data/thermal-1-filtered/train/images/001670_png.rf.9ee21c444ddd86ed7dfc464dd2c7d91c.jpg,512,512,1.0,0.0,88.29,57.38,2313.31
train,002696_png.rf.437e646728cb87b8d02a2bce3419d7bb.txt,data/thermal-1-filtered/train/images/002696_png.rf.437e646728cb87b8d02a2bce3419d7bb.jpg,512,512,1.0,0.0,85.48,56.05,2672.88
train,frame221_jpg.rf.b4b41398b41ba8c29072261d9c9f2390.txt,data/thermal-1-filtered/train/images/frame221_jpg.rf.b4b41398b41ba8c29072261d9c9f2390.jpg,512,512,1.0,3.289,93.21,42.7,398.87
train,frame319_jpg.rf.bf13c901a4da6b3ffe5759e05e018cf4.txt,data/thermal-1-filtered/train/images/frame319_jpg.rf.bf13c901a4da6b3ffe5759e05e018cf4.jpg,512,512,1.0,3.288,105.38,58.39,572.74
train,frame133_jpg.rf.1dfe5f03e8df95382650dd3ef52c8401.txt,data/thermal-1-filtered/train/images/frame133_jpg.rf.1dfe5f03e8df95382650dd3ef52c8401.jpg,512,512,1.0,3.235,97.69,53.94,261.12
train,002544_png.rf.aeb5b281ce804f3179ca2a563e40bb63.txt,data/thermal-1-filtered/train/images/002544_png.rf.aeb5b281ce804f3179ca2a563e40bb63.jpg,512,512,1.0,0.0,90.23,55.99,1153.55
train,frame213_jpg.rf.47187066b2c91b3d640395d2dea91ed1.txt,data/thermal-1-filtered/train/images/frame213_jpg.rf.47187066b2c91b3d640395d2dea91ed1.jpg,512,512,1.0,3.034,86.05,49.75,92.48
train,003818_png.rf.c73a6585caf70cb19b47a738295383be.txt,data/thermal-1-filtered/train/images/003818_png.rf.c73a6585caf70cb19b47a738295383be.jpg,512,512,1.0,0.0,91.29,57.75,433.55
train,002363_png.rf.de1a641b6bc4800241917e602f6ad9e8.txt,data/thermal-1-filtered/train/images/002363_png.rf.de1a641b6bc4800241917e602f6ad9e8.jpg,512,512,1.0,0.0,76.94,52.97,317.94
train,IR_BIRD_012_frame83_jpg.rf.e60a0ec43613d892eae34952bbc41aa4.txt,data/thermal-1-filtered/train/images/IR_BIRD_012_frame83_jpg.rf.e60a0ec43613d892eae34952bbc41aa4.jpg,512,512,1.0,0.0,101.22,46.3,70.03
train,frame654_jpg.rf.6648e7a3c3cc7fad2b8f22208616837d.txt,data/thermal-1-filtered/train/images/frame654_jpg.rf.6648e7a3c3cc7fad2b8f22208616837d.jpg,512,512,1.0,3.049,40.82,25.67,84.8
train,frame474_jpg.rf.093b7aed06f8d21f0e6414ea159bd405.txt,data/thermal-1-filtered/train/images/frame474_jpg.rf.093b7aed06f8d21f0e6414ea159bd405.jpg,512,512,1.0,3.19,98.81,44.51,164.67
train,003819_png.rf.352de3e8a86465e512dbd5ce2dd5933c.txt,data/thermal-1-filtered/train/images/003819_png.rf.352de3e8a86465e512dbd5ce2dd5933c.jpg,512,512,1.0,0.0,92.8,56.64,428.75
train,frame226_jpg.rf.0c37016dec407333eda5f23854ae0ea0.txt,data/thermal-1-filtered/train/images/frame226_jpg.rf.0c37016dec407333eda5f23854ae0ea0.jpg,512,512,1.0,3.026,85.27,50.73,145.78
train,IR_BIRD_012_frame188_jpg.rf.01953aad03e52b69fbc9a90bc4a07266.txt,data/thermal-1-filtered/train/images/IR_BIRD_012_frame188_jpg.rf.01953aad03e52b69fbc9a90bc4a07266.jpg,512,512,1.0,0.0,93.76,52.29,74.65
train,frame348_jpg.rf.d1e8c38a26dd858a837678ba433c7296.txt,data/thermal-1-filtered/train/images/frame348_jpg.rf.d1e8c38a26dd858a837678ba433c7296.jpg,512,512,1.0,2.999,90.27,48.29,146.79
train,002012_png.rf.933813ed3792658cc538b7f57bbe4ebf.txt,data/thermal-1-filtered/train/images/002012_png.rf.933813ed3792658cc538b7f57bbe4ebf.jpg,512,512,1.0,0.0,86.06,54.83,802.33
train,ir_2_021930_jpg.rf.7f962b3ac4313cee15cf0780897047f5.txt,data/thermal-1-filtered/train/images/ir_2_021930_jpg.rf.7f962b3ac4313cee15cf0780897047f5.jpg,512,512,1.0,0.0,95.41,57.46,1927.14
train,002032_png.rf.e9eefceecce6955d64d8c73589c3409b.txt,data/thermal-1-filtered/train/images/002032_png.rf.e9eefceecce6955d64d8c73589c3409b.jpg,512,512,1.0,0.0,88.47,59.66,4543.97
train,img_0332_png.rf.61f942812c726dc7d773407af819ef68.txt,data/thermal-1-filtered/train/images/img_0332_png.rf.61f942812c726dc7d773407af819ef68.jpg,512,512,1.0,0.0,135.48,45.51,193.56
train,003828_png.rf.6a52d579bc42c0401e7834aad4841671.txt,data/thermal-1-filtered/train/images/003828_png.rf.6a52d579bc42c0401e7834aad4841671.jpg,512,512,1.0,0.0,83.64,54.54,295.93
train,frame3_jpg.rf.d3fa2c1b2cc3b4a9192bc8fb8f000c6e.txt,data/thermal-1-filtered/train/images/frame3_jpg.rf.d3fa2c1b2cc3b4a9192bc8fb8f000c6e.jpg,512,512,1.0,3.173,72.08,44.52,181.67
train,ir_3_031750_jpg.rf.a9ed81c2a72a0b56a252d22dc219b5b8.txt,data/thermal-1-filtered/train/images/ir_3_031750_jpg.rf.a9ed81c2a72a0b56a252d22dc219b5b8.jpg,512,512,1.0,0.0,90.78,58.78,2730.77
train,frame434_jpg.rf.3540d907a81b33fdd975c1a7831f038a.txt,data/thermal-1-filtered/train/images/frame434_jpg.rf.3540d907a81b33fdd975c1a7831f038a.jpg,512,512,1.0,3.083,76.08,43.72,114.15
train,frame402_jpg.rf.ce09ed0e1564ca6b55e9af3b2cd59cfa.txt,data/thermal-1-filtered/train/images/frame402_jpg.rf.ce09ed0e1564ca6b55e9af3b2cd59cfa.jpg,512,512,1.0,3.244,89.41,40.34,201.79
train,002354_png.rf.e0aefe579d71d07b66f2e8175ea4ef5c.txt,data/thermal-1-filtered/train/images/002354_png.rf.e0aefe579d71d07b66f2e8175ea4ef5c.jpg,512,512,1.0,0.0,86.15,53.08,424.37
train,IR_BIRD_012_frame70_jpg.rf.a9ca81b621f0beb7ef76e2c23e9c19d2.txt,data/thermal-1-filtered/train/images/IR_BIRD_012_frame70_jpg.rf.a9ca81b621f0beb7ef76e2c23e9c19d2.jpg,512,512,1.0,0.0,92.4,54.02,65.21
train,002023_png.rf.e594c4a85260865da485570e58ba940c.txt,data/thermal-1-filtered/train/images/002023_png.rf.e594c4a85260865da485570e58ba940c.jpg,512,512,1.0,0.0,85.92,56.65,1046.74
train,frame468_jpg.rf.2957faa574e5a9ea355bb13f8c0f7495.txt,data/thermal-1-filtered/train/images/frame468_jpg.rf.2957faa574e5a9ea355bb13f8c0f7495.jpg,512,512,1.0,3.286,99.14,34.16,187.52
train,frame400_jpg.rf.5a806fc8efa94d0da1d372ce0bb8d580.txt,data/thermal-1-filtered/train/images/frame400_jpg.rf.5a806fc8efa94d0da1d372ce0bb8d580.jpg,512,512,1.0,3.046,83.82,44.4,136.74
train,IR_BIRD_012_frame44_jpg.rf.9d52893b9af841addba9c33465225fc0.txt,data/thermal-1-filtered/train/images/IR_BIRD_012_frame44_jpg.rf.9d52893b9af841addba9c33465225fc0.jpg,512,512,1.0,0.0,90.49,55.49,67.04
train,frame251_jpg.rf.8c9dd271cdad46a051c7a480bebfb0f0.txt,data/thermal-1-filtered/train/images/frame251_jpg.rf.8c9dd271cdad46a051c7a480bebfb0f0.jpg,512,512,1.0,3.044,93.18,57.81,151.58
train,0_0_000019_jpg.rf.ce89f5fb322f69e07675fee4ba2648ad.txt,data/thermal-1-filtered/train/images/0_0_000019_jpg.rf.ce89f5fb322f69e07675fee4ba2648ad.jpg,512,512,1.0,0.0,100.96,74.72,109.42
train,IR_BIRD_012_frame6_jpg.rf.8d5c267d4a9fdab6fd81cb11ced55282.txt,data/thermal-1-filtered/train/images/IR_BIRD_012_frame6_jpg.rf.8d5c267d4a9fdab6fd81cb11ced55282.jpg,512,512,1.0,0.0,91.83,55.87,65.42
train,ir_046750_jpg.rf.ecaa0f02abb006129ddc40f86cfe3f5c.txt,data/thermal-1-filtered/train/images/ir_046750_jpg.rf.ecaa0f02abb006129ddc40f86cfe3f5c.jpg,512,512,1.0,0.0,80.96,55.92,243.81
train,0_0_000197_jpg.rf.1d6d93e383d54f60b147fdea63791858.txt,data/thermal-1-filtered/train/images/0_0_000197_jpg.rf.1d6d93e383d54f60b147fdea63791858.jpg,512,512,1.0,0.0,74.72,39.71,95.88
train,002534_png.rf.938dcc894fcab388edd9e83a83bc7cd0.txt,data/thermal-1-filtered/train/images/002534_png.rf.938dcc894fcab388edd9e83a83bc7cd0.jpg,512,512,1.0,0.0,88.73,52.97,352.32
train,0_0_000270_jpg.rf.aff6564e32cdd9ff4278470059a2871b.txt,data/thermal-1-filtered/train/images/0_0_000270_jpg.rf.aff6564e32cdd9ff4278470059a2871b.jpg,512,512,1.0,0.0,68.04,46.55,9.75
train,frame174_jpg.rf.e2e97267599c479eb079bcc6e6069ca2.txt,data/thermal-1-filtered/train/images/frame174_jpg.rf.e2e97267599c479eb079bcc6e6069ca2.jpg,512,512,1.0,3.258,95.6,47.52,412.07
train,0_0_000051_jpg.rf.4b80cda4c80c5e99aba6cb41b88a7935.txt,data/thermal-1-filtered/train/images/0_0_000051_jpg.rf.4b80cda4c80c5e99aba6cb41b88a7935.jpg,512,512,1.0,0.0,67.18,67.92,154.69
train,frame177_jpg.rf.3e5af8a7ce3cf36f5032d41c9f7ef7f1.txt,data/thermal-1-filtered/train/images/frame177_jpg.rf.3e5af8a7ce3cf36f5032d41c9f7ef7f1.jpg,512,512,1.0,3.252,94.54,46.77,182.65
train,IR_BIRD_012_frame117_jpg.rf.189c67773df26267a9fa229fd70f0108.txt,data/thermal-1-filtered/train/images/IR_BIRD_012_frame117_jpg.rf.189c67773df26267a9fa229fd70f0108.jpg,512,512,1.0,0.0,104.22,49.47,68.76
train,frame705_jpg.rf.a06d51944b37767f819954f6975d1860.txt,data/thermal-1-filtered/train/images/frame705_jpg.rf.a06d51944b37767f819954f6975d1860.jpg,512,512,1.0,3.242,48.98,29.17,190.99
train,frame250_jpg.rf.857281f611500ea51c8d53a594ebdf35.txt,data/thermal-1-filtered/train/images/frame250_jpg.rf.857281f611500ea51c8d53a594ebdf35.jpg,512,512,1.0,3.106,102.77,58.02,616.69
train,002045_png.rf.e0573ac9649925f9850636e56ad8b963.txt,data/thermal-1-filtered/train/images/002045_png.rf.e0573ac9649925f9850636e56ad8b963.jpg,512,512,1.0,0.0,88.07,59.15,4435.68
train,003803_png.rf.97775098b531bd5c701c9b0afdc32cef.txt,data/thermal-1-filtered/train/images/003803_png.rf.97775098b531bd5c701c9b0afdc32cef.jpg,512,512,1.0,0.0,89.64,54.05,183.15
train,002833_png.rf.039fa2c1e601a9b8975bb2ec3e807d18.txt,data/thermal-1-filtered/train/images/002833_png.rf.039fa2c1e601a9b8975bb2ec3e807d18.jpg,512,512,1.0,0.0,85.94,54.8,971.85
train,002793_png.rf.91f805f2e1bdf5e55890c9b13c9f85bc.txt,data/thermal-1-filtered/train/images/002793_png.rf.91f805f2e1bdf5e55890c9b13c9f85bc.jpg,512,512,1.0,0.0,90.7,58.36,2262.05
train,003850_png.rf.62f5640460da80deeb8ed71c2368ff4a.txt,data/thermal-1-filtered/train/images/003850_png.rf.62f5640460da80deeb8ed71c2368ff4a.jpg,512,512,1.0,0.0,85.91,55.6,374.21
train,002818_png.rf.cca6335cd648d3704551d5d12bec4c7d.txt,data/thermal-1-filtered/train/images/002818_png.rf.cca6335cd648d3704551d5d12bec4c7d.jpg,512,512,1.0,0.0,87.37,53.11,313.07
train,003766_png.rf.87e3a477245ead245ec0c837813c4a8a.txt,data/thermal-1-filtered/train/images/003766_png.rf.87e3a477245ead245ec0c837813c4a8a.jpg,512,512,1.0,0.0,91.13,54.51,378.5
train,frame664_jpg.rf.1d8485dece3a97698920704ea4cd2ad9.txt,data/thermal-1-filtered/train/images/frame664_jpg.rf.1d8485dece3a97698920704ea4cd2ad9.jpg,512,512,1.0,3.333,50.73,29.64,275.19
train,003812_png.rf.a7303846b245527117e791a90ae51423.txt,data/thermal-1-filtered/train/images/003812_png.rf.a7303846b245527117e791a90ae51423.jpg,512,512,1.0,0.0,94.14,55.58,461.0
train,002439_png.rf.5ab08084070d08b9e44e8d2e425f841e.txt,data/thermal-1-filtered/train/images/002439_png.rf.5ab08084070d08b9e44e8d2e425f841e.jpg,512,512,1.0,0.0,75.17,50.05,374.84
train,frame110_jpg.rf.cc6265f699a8b724bf171720ddb2f60f.txt,data/thermal-1-filtered/train/images/frame110_jpg.rf.cc6265f699a8b724bf171720ddb2f60f.jpg,512,512,1.0,3.295,88.45,50.65,433.76
train,0_0_000151_jpg.rf.58d893258820079d31a78b331a53acef.txt,data/thermal-1-filtered/train/images/0_0_000151_jpg.rf.58d893258820079d31a78b331a53acef.jpg,512,512,1.0,0.0,121.67,54.09,109.63
train,frame204_jpg.rf.b355a0fe5d342ee56c99c98a6ba33e50.txt,data/thermal-1-filtered/train/images/frame204_jpg.rf.b355a0fe5d342ee56c99c98a6ba33e50.jpg,512,512,1.0,3.297,94.47,43.19,413.85
train,001502_png.rf.6f01cf050b5700ddde65569909060f9a.txt,data/thermal-1-filtered/train/images/001502_png.rf.6f01cf050b5700ddde65569909060f9a.jpg,512,512,1.0,0.0,80.3,54.4,254.85
train,001513_png.rf.4d5e82f29af13236a769ddfcc2cec4b1.txt,data/thermal-1-filtered/train/images/001513_png.rf.4d5e82f29af13236a769ddfcc2cec4b1.jpg,512,512,1.0,0.0,90.97,56.91,396.29
train,003778_png.rf.00cd645535a8be24bfe1ff369bf8cea3.txt,data/thermal-1-filtered/train/images/003778_png.rf.00cd645535a8be24bfe1ff369bf8cea3.jpg,512,512,1.0,0.0,103.29,54.79,254.39
train,003797_png.rf.28aa5956ecf78a42dcddc9eb1d9efd81.txt,data/thermal-1-filtered/train/images/003797_png.rf.28aa5956ecf78a42dcddc9eb1d9efd81.jpg,512,512,1.0,0.0,101.42,58.95,478.25
train,frame11_jpg.rf.2d08c54e67ba6ac6a5dcc3fae7d25a5d.txt,data/thermal-1-filtered/train/images/frame11_jpg.rf.2d08c54e67ba6ac6a5dcc3fae7d25a5d.jpg,512,512,1.0,3.103,72.36,47.89,193.52
train,frame604_jpg.rf.274b23bd23d29dd10bb4dfe170429214.txt,data/thermal-1-filtered/train/images/frame604_jpg.rf.274b23bd23d29dd10bb4dfe170429214.jpg,512,512,1.0,3.307,56.5,34.11,432.87
train,IR_BIRD_012_frame83_jpg.rf.f9405d5f723055dfd13a9ec092022b78.txt,data/thermal-1-filtered/train/images/IR_BIRD_012_frame83_jpg.rf.f9405d5f723055dfd13a9ec092022b78.jpg,512,512,1.0,0.0,100.11,49.08,78.28
train,frame655_jpg.rf.6d6cc111eda38bda3036c2e9ae7adcaf.txt,data/thermal-1-filtered/train/images/frame655_jpg.rf.6d6cc111eda38bda3036c2e9ae7adcaf.jpg,512,512,1.0,3.307,56.16,33.38,430.33
train,IR_BIRD_012_frame195_jpg.rf.9fb11f27b4f6d081ad7859f165025f68.txt,data/thermal-1-filtered/train/images/IR_BIRD_012_frame195_jpg.rf.9fb11f27b4f6d081ad7859f165025f68.jpg,512,512,1.0,0.0,99.71,49.32,49.59
train,0_0_000280_jpg.rf.48c2b9f17aaff6bb822d3e7ed004aad9.txt,data/thermal-1-filtered/train/images/0_0_000280_jpg.rf.48c2b9f17aaff6bb822d3e7ed004aad9.jpg,512,512,1.0,0.0,62.3,43.35,79.14
train,002130_png.rf.829616ba35942cc44d60cdc70cccd91c.txt,data/thermal-1-filtered/train/images/002130_png.rf.829616ba35942cc44d60cdc70cccd91c.jpg,512,512,1.0,0.0,93.1,55.23,1648.63
train,002683_png.rf.8fc8d75bb40d260a3b1b5af04ec6c1a0.txt,data/thermal-1-filtered/train/images/002683_png.rf.8fc8d75bb40d260a3b1b5af04ec6c1a0.jpg,512,512,1.0,0.0,84.84,51.32,1822.12
train,003800_png.rf.e1a3cb36fdfe594ecfe7f322aa21354c.txt,data/thermal-1-filtered/train/images/003800_png.rf.e1a3cb36fdfe594ecfe7f322aa21354c.jpg,512,512,1.0,0.0,97.71,57.12,238.7
train,002305_png.rf.d7c9f85f6ca4e8d916e8a9d26affbc3b.txt,data/thermal-1-filtered/train/images/002305_png.rf.d7c9f85f6ca4e8d916e8a9d26affbc3b.jpg,512,512,1.0,0.0,78.76,55.41,666.81
train,IR_BIRD_012_frame35_jpg.rf.026849afb7037073c21ab70477c7eb79.txt,data/thermal-1-filtered/train/images/IR_BIRD_012_frame35_jpg.rf.026849afb7037073c21ab70477c7eb79.jpg,512,512,1.0,0.0,92.86,53.52,60.83
train,002392_png.rf.5c01892302a2bdebce7a1549a52c3682.txt,data/thermal-1-filtered/train/images/002392_png.rf.5c01892302a2bdebce7a1549a52c3682.jpg,512,512,1.0,0.0,79.68,53.68,373.99
train,002958_png.rf.74971385db9f3a397c8c0a6927a927e9.txt,data/thermal-1-filtered/train/images/002958_png.rf.74971385db9f3a397c8c0a6927a927e9.jpg,512,512,1.0,0.0,87.96,57.03,911.98
train,IR_BIRD_012_frame230_jpg.rf.396e2f603876e4279b49f8d73a04a81e.txt,data/thermal-1-filtered/train/images/IR_BIRD_012_frame230_jpg.rf.396e2f603876e4279b49f8d73a04a81e.jpg,512,512,1.0,0.0,108.15,46.52,103.74
train,002434_png.rf.0131a118180070a4f8353325b9acdb9e.txt,data/thermal-1-filtered/train/images/002434_png.rf.0131a118180070a4f8353325b9acdb9e.jpg,512,512,1.0,0.0,83.76,52.94,415.77
train,0_0_000124_jpg.rf.5e760919c06b45a87fdb36539f25e9d8.txt,data/thermal-1-filtered/train/images/0_0_000124_jpg.rf.5e760919c06b45a87fdb36539f25e9d8.jpg,512,512,1.0,0.0,127.14,64.25,134.12
train,003722_png.rf.9177e08d97f30118793379d12ca31f5d.txt,data/thermal-1-filtered/train/images/003722_png.rf.9177e08d97f30118793379d12ca31f5d.jpg,512,512,1.0,0.0,89.68,55.13,2359.02
train,002247_png.rf.4b2de93f4292df7c8ba7eb16ca7525b4.txt,data/thermal-1-filtered/train/images/002247_png.rf.4b2de93f4292df7c8ba7eb16ca7525b4.jpg,512,512,1.0,0.0,83.15,53.47,341.96
train,IR_BIRD_012_frame156_jpg.rf.2391a10c784d063344f672a6b0115a27.txt,data/thermal-1-filtered/train/images/IR_BIRD_012_frame156_jpg.rf.2391a10c784d063344f672a6b0115a27.jpg,512,512,1.0,0.0,95.96,51.61,80.42
train,002292_png.rf.9fe63c8d8b5a2a691d3cd90ace350c64.txt,data/thermal-1-filtered/train/images/002292_png.rf.9fe63c8d8b5a2a691d3cd90ace350c64.jpg,512,512,1.0,0.0,79.61,52.45,323.48
train,ir_2_031910_jpg.rf.4e2f26b9c197925c2ca5f9c141aa267b.txt,data/thermal-1-filtered/train/images/ir_2_031910_jpg.rf.4e2f26b9c197925c2ca5f9c141aa267b.jpg,512,512,1.0,0.0,83.68,55.71,365.44
train,002232_png.rf.d2fc52b27de90ff5147db3bca936cf85.txt,data/thermal-1-filtered/train/images/002232_png.rf.d2fc52b27de90ff5147db3bca936cf85.jpg,512,512,1.0,0.0,86.51,55.72,989.05
train,003487_png.rf.9721fbdbc9085a2bdbe3309183ca72b2.txt,data/thermal-1-filtered/train/images/003487_png.rf.9721fbdbc9085a2bdbe3309183ca72b2.jpg,512,512,1.0,0.0,80.49,54.15,1022.64
train,frame430_jpg.rf.1fdc625d261ee08e2d1808ed8bfd8fbd.txt,data/thermal-1-filtered/train/images/frame430_jpg.rf.1fdc625d261ee08e2d1808ed8bfd8fbd.jpg,512,512,1.0,3.262,89.46,46.59,560.45
train,002777_png.rf.5d135a0e6e71dc3336b4544d9749bf5a.txt,data/thermal-1-filtered/train/images/002777_png.rf.5d135a0e6e71dc3336b4544d9749bf5a.jpg,512,512,1.0,0.0,83.35,54.11,905.33
train,IR_BIRD_012_frame87_jpg.rf.0515a5e24e54bca8fb12902ab29c4cea.txt,data/thermal-1-filtered/train/images/IR_BIRD_012_frame87_jpg.rf.0515a5e24e54bca8fb12902ab29c4cea.jpg,512,512,1.0,0.0,99.33,47.9,70.31
train,frame392_jpg.rf.76fc74c8189ac5b48460c2cd4480a0d9.txt,data/thermal-1-filtered/train/images/frame392_jpg.rf.76fc74c8189ac5b48460c2cd4480a0d9.jpg,512,512,1.0,2.97,81.63,45.21,108.12
train,IR_BIRD_012_frame273_jpg.rf.044164f153fde61e7fc21c9d7e9f6c37.txt,data/thermal-1-filtered/train/images/IR_BIRD_012_frame273_jpg.rf.044164f153fde61e7fc21c9d7e9f6c37.jpg,512,512,1.0,0.0,103.55,52.02,89.08
train,0_0_000042_jpg.rf.aa34d5e6c8dae52e7dccccfdf510a039.txt,data/thermal-1-filtered/train/images/0_0_000042_jpg.rf.aa34d5e6c8dae52e7dccccfdf510a039.jpg,512,512,1.0,0.0,87.23,72.68,119.82
train,frame642_jpg.rf.83088cca6b948cb361dc4bc09a8aabf0.txt,data/thermal-1-filtered/train/images/frame642_jpg.rf.83088cca6b948cb361dc4bc09a8aabf0.jpg,512,512,1.0,3.308,56.34,33.58,432.81
train,IR_BIRD_012_frame59_jpg.rf.e1b403969f596131005ee9bc538ef3bc.txt,data/thermal-1-filtered/train/images/IR_BIRD_012_frame59_jpg.rf.e1b403969f596131005ee9bc538ef3bc.jpg,512,512,1.0,0.0,94.21,53.15,62.66
train,frame413_jpg.rf.f7dfbe50588d42994d37f338d8dea5ad.txt,data/thermal-1-filtered/train/images/frame413_jpg.rf.f7dfbe50588d42994d37f338d8dea5ad.jpg,512,512,1.0,3.267,89.25,42.07,453.32
train,002437_png.rf.835203626f88ff8c4a74ea11a79a3653.txt,data/thermal-1-filtered/train/images/002437_png.rf.835203626f88ff8c4a74ea11a79a3653.jpg,512,512,1.0,0.0,88.64,55.27,1455.17
train,0_0_000268_jpg.rf.1f19b4a084e1f0a85b590681cf652399.txt,data/thermal-1-filtered/train/images/0_0_000268_jpg.rf.1f19b4a084e1f0a85b590681cf652399.jpg,512,512,1.0,0.0,57.04,36.4,52.43
train,002720_png.rf.b6e6dfdd3653aa477f429cb34644f393.txt,data/thermal-1-filtered/train/images/002720_png.rf.b6e6dfdd3653aa477f429cb34644f393.jpg,512,512,1.0,0.0,83.34,53.0,319.04
train,frame312_jpg.rf.bb970e152adc8d59bf8d3aa9fd37e553.txt,data/thermal-1-filtered/train/images/frame312_jpg.rf.bb970e152adc8d59bf8d3aa9fd37e553.jpg,512,512,1.0,3.235,103.81,59.66,213.72
train,ir_3_032220_jpg.rf.236439807e19cb7e800ee02ffb88295e.txt,data/thermal-1-filtered/train/images/ir_3_032220_jpg.rf.236439807e19cb7e800ee02ffb88295e.jpg,512,512,1.0,0.0,85.19,54.68,2635.39
train,IR_BIRD_012_frame301_jpg.rf.83a2b239bc866b5a8700d73c5a0485fb.txt,data/thermal-1-filtered/train/images/IR_BIRD_012_frame301_jpg.rf.83a2b239bc866b5a8700d73c5a0485fb.jpg,512,512,1.0,0.0,101.03,53.81,87.44
train,IR_BIRD_012_frame73_jpg.rf.59ff122a8548469dcc674164826ce71e.txt,data/thermal-1-filtered/train/images/IR_BIRD_012_frame73_jpg.rf.59ff122a8548469dcc674164826ce71e.jpg,512,512,1.0,0.0,97.64,50.17,61.26
train,003969_png.rf.265f488cfefe3d880aab9084a960b520.txt,data/thermal-1-filtered/train/images/003969_png.rf.265f488cfefe3d880aab9084a960b520.jpg,512,512,1.0,0.0,84.21,55.46,1467.46
train,001973_png.rf.4bbae0784c8cb6bffa6478356e77e28b.txt,data/thermal-1-filtered/train/images/001973_png.rf.4bbae0784c8cb6bffa6478356e77e28b.jpg,512,512,1.0,0.0,80.86,53.21,453.89
train,002027_png.rf.3a048d5227bee42abd9cabd655e3de16.txt,data/thermal-1-filtered/train/images/002027_png.rf.3a048d5227bee42abd9cabd655e3de16.jpg,512,512,1.0,0.0,89.11,59.49,4303.88
train,001502_png.rf.a53f4224a701cf5b4e7f159a4985f164.txt,data/thermal-1-filtered/train/images/001502_png.rf.a53f4224a701cf5b4e7f159a4985f164.jpg,512,512,1.0,0.0,78.53,56.82,256.77
train,frame248_jpg.rf.9bf92879322ffd12c6376c96d0a7dbed.txt,data/thermal-1-filtered/train/images/frame248_jpg.rf.9bf92879322ffd12c6376c96d0a7dbed.jpg,512,512,1.0,2.794,85.34,57.37,177.36
train,frame65_jpg.rf.e8cfcd43a65b0aeaedfaf4f90b76c469.txt,data/thermal-1-filtered/train/images/frame65_jpg.rf.e8cfcd43a65b0aeaedfaf4f90b76c469.jpg,512,512,1.0,3.156,91.87,52.53,293.08
train,002505_png.rf.5c9429e8bef2c97add540cdb9e53840e.txt,data/thermal-1-filtered/train/images/002505_png.rf.5c9429e8bef2c97add540cdb9e53840e.jpg,512,512,1.0,0.0,85.65,54.87,1974.19
train,002249_png.rf.1107204180d4ab44941718d23fe6c5ce.txt,data/thermal-1-filtered/train/images/002249_png.rf.1107204180d4ab44941718d23fe6c5ce.jpg,512,512,1.0,0.0,82.63,50.92,276.84
train,0_0_000016_jpg.rf.645b04bcd40eb4f5e23e80451743f908.txt,data/thermal-1-filtered/train/images/0_0_000016_jpg.rf.645b04bcd40eb4f5e23e80451743f908.jpg,512,512,1.0,0.0,104.33,73.94,134.51
train,003107_png.rf.91f7ee99867b5f3f891cc80aeb83c0a2.txt,data/thermal-1-filtered/train/images/003107_png.rf.91f7ee99867b5f3f891cc80aeb83c0a2.jpg,512,512,1.0,0.0,89.8,57.38,2265.35
train,002773_png.rf.b8abe3844ea30a4089959671a5a905d2.txt,data/thermal-1-filtered/train/images/002773_png.rf.b8abe3844ea30a4089959671a5a905d2.jpg,512,512,1.0,0.0,84.03,54.84,901.06
train,003799_png.rf.4e543128d311d87fe42a0dc56d0ddd90.txt,data/thermal-1-filtered/train/images/003799_png.rf.4e543128d311d87fe42a0dc56d0ddd90.jpg,512,512,1.0,0.0,101.06,58.9,498.25
train,002734_png.rf.24c6cfc3b1d2e614c9bcaf3265bda717.txt,data/thermal-1-filtered/train/images/002734_png.rf.24c6cfc3b1d2e614c9bcaf3265bda717.jpg,512,512,1.0,0.0,77.64,53.1,306.29
train,002255_png.rf.f0621b7246e64b0bcdf33e970f9c0602.txt,data/thermal-1-filtered/train/images/002255_png.rf.f0621b7246e64b0bcdf33e970f9c0602.jpg,512,512,1.0,0.0,92.8,56.62,945.96
train,003061_png.rf.3ac9011b5433eb028380629fd99973e7.txt,data/thermal-1-filtered/train/images/003061_png.rf.3ac9011b5433eb028380629fd99973e7.jpg,512,512,1.0,0.0,85.57,55.25,1458.83
train,frame44_jpg.rf.8cee5e05eb63c716b08a10e035297217.txt,data/thermal-1-filtered/train/images/frame44_jpg.rf.8cee5e05eb63c716b08a10e035297217.jpg,512,512,1.0,3.192,91.66,49.22,545.29
train,0_0_000051_jpg.rf.fd1ca571b6978324d449764a0f8d417e.txt,data/thermal-1-filtered/train/images/0_0_000051_jpg.rf.fd1ca571b6978324d449764a0f8d417e.jpg,512,512,1.0,0.0,68.73,69.03,225.6
train,frame587_jpg.rf.533a0583541dfcab9db3713cd29b31df.txt,data/thermal-1-filtered/train/images/frame587_jpg.rf.533a0583541dfcab9db3713cd29b31df.jpg,512,512,1.0,3.066,43.96,29.71,163.32
train,frame570_jpg.rf.fe36cb257fd26db54c6d12513c6de6a3.txt,data/thermal-1-filtered/train/images/frame570_jpg.rf.fe36cb257fd26db54c6d12513c6de6a3.jpg,512,512,1.0,3.287,57.15,33.01,243.33
train,002048_png.rf.0863708cfdd4b512621f2ddff3e60488.txt,data/thermal-1-filtered/train/images/002048_png.rf.0863708cfdd4b512621f2ddff3e60488.jpg,512,512,1.0,0.0,84.41,54.19,1353.9
train,003914_png.rf.5680818727b6c6a5719c01b1822ef0d1.txt,data/thermal-1-filtered/train/images/003914_png.rf.5680818727b6c6a5719c01b1822ef0d1.jpg,512,512,1.0,0.0,80.42,57.07,634.89
train,0_0_000202_jpg.rf.d405fd4354c0d38da18422b31bcd0bd9.txt,data/thermal-1-filtered/train/images/0_0_000202_jpg.rf.d405fd4354c0d38da18422b31bcd0bd9.jpg,512,512,1.0,0.0,69.14,41.18,81.52
train,002071_png.rf.00c53e2ef0aed2cfb2babae85c7e2925.txt,data/thermal-1-filtered/train/images/002071_png.rf.00c53e2ef0aed2cfb2babae85c7e2925.jpg,512,512,1.0,0.0,87.43,55.08,989.26
train,002242_png.rf.5476947c06a58c3a6bcd46f62d57417f.txt,data/thermal-1-filtered/train/images/002242_png.rf.5476947c06a58c3a6bcd46f62d57417f.jpg,512,512,1.0,0.0,89.43,53.98,933.32
train,003703_png.rf.6329e38b85c72950050e44fe5aad2343.txt,data/thermal-1-filtered/train/images/003703_png.rf.6329e38b85c72950050e44fe5aad2343.jpg,512,512,1.0,0.0,85.49,53.0,787.84
train,003730_png.rf.3b2f32eda1181e74d0d529d0efb854d4.txt,data/thermal-1-filtered/train/images/003730_png.rf.3b2f32eda1181e74d0d529d0efb854d4.jpg,512,512,1.0,0.0,90.11,54.59,2092.6
train,003424_png.rf.21a2be87d040db8f4a5f6328134ed6c4.txt,data/thermal-1-filtered/train/images/003424_png.rf.21a2be87d040db8f4a5f6328134ed6c4.jpg,512,512,1.0,0.0,91.41,54.29,494.95
train,002827_png.rf.6ea81878972732be1288ea20c4d7a2cf.txt,data/thermal-1-filtered/train/images/002827_png.rf.6ea81878972732be1288ea20c4d7a2cf.jpg,512,512,1.0,0.0,76.58,49.22,298.08
train,0_0_000243_jpg.rf.d6eb584c40bb231e7169388f5f32486c.txt,data/thermal-1-filtered/train/images/0_0_000243_jpg.rf.d6eb584c40bb231e7169388f5f32486c.jpg,512,512,1.0,0.0,31.73,33.16,40.85
train,frame227_jpg.rf.2da68c8811138afc1fa31711fe536490.txt,data/thermal-1-filtered/train/images/frame227_jpg.rf.2da68c8811138afc1fa31711fe536490.jpg,512,512,1.0,2.893,81.33,52.49,151.76
train,002388_png.rf.932c311ce192a5e4db3c9fa0a1841c9d.txt,data/thermal-1-filtered/train/images/002388_png.rf.932c311ce192a5e4db3c9fa0a1841c9d.jpg,512,512,1.0,0.0,88.21,55.28,1312.0
train,thermal_tzeelim_021720_jpg.rf.3e9e1376956788a742801b48ce6edf8b.txt,data/thermal-1-filtered/train/images/thermal_tzeelim_021720_jpg.rf.3e9e1376956788a742801b48ce6edf8b.jpg,512,512,1.0,0.0,81.75,55.4,342.67
train,002236_png.rf.7799d28f175970c910020885da3ce9c2.txt,data/thermal-1-filtered/train/images/002236_png.rf.7799d28f175970c910020885da3ce9c2.jpg,512,512,1.0,0.0,89.48,54.4,1386.96
train,frame474_jpg.rf.489f396a3a99e5bc61348e4ed7aab141.txt,data/thermal-1-filtered/train/images/frame474_jpg.rf.489f396a3a99e5bc61348e4ed7aab141.jpg,512,512,1.0,3.305,107.44,43.68,462.69
train,003749_png.rf.4d5804be48dfcfb6053e03932b2f82d4.txt,data/thermal-1-filtered/train/images/003749_png.rf.4d5804be48dfcfb6053e03932b2f82d4.jpg,512,512,1.0,0.0,87.63,54.21,396.88
train,002692_png.rf.2cf63c3beae823c33c8858dd7bd1ace2.txt,data/thermal-1-filtered/train/images/002692_png.rf.2cf63c3beae823c33c8858dd7bd1ace2.jpg,512,512,1.0,0.0,85.15,54.35,840.04
train,IR_BIRD_012_frame9_jpg.rf.b82d4a8158a17fb833ed0690cec04c62.txt,data/thermal-1-filtered/train/images/IR_BIRD_012_frame9_jpg.rf.b82d4a8158a17fb833ed0690cec04c62.jpg,512,512,1.0,0.0,94.12,52.97,61.83
train,002430_png.rf.3e0c1ba52b45edbd274139261595d266.txt,data/thermal-1-filtered/train/images/002430_png.rf.3e0c1ba52b45edbd274139261595d266.jpg,512,512,1.0,0.0,84.88,54.15,389.57
train,IR_BIRD_012_frame60_jpg.rf.79ed770211105ddf25e635881d422f9f.txt,data/thermal-1-filtered/train/images/IR_BIRD_012_frame60_jpg.rf.79ed770211105ddf25e635881d422f9f.jpg,512,512,1.0,0.0,99.71,49.69,72.55
train,002428_png.rf.f4501e0b2f2c607e5156a59906622704.txt,data/thermal-1-filtered/train/images/002428_png.rf.f4501e0b2f2c607e5156a59906622704.jpg,512,512,1.0,0.0,91.7,55.91,1138.75
train,IR_BIRD_012_frame129_jpg.rf.939f8d58b9984ba08eb50d82fa6269a1.txt,data/thermal-1-filtered/train/images/IR_BIRD_012_frame129_jpg.rf.939f8d58b9984ba08eb50d82fa6269a1.jpg,512,512,1.0,0.0,101.12,50.32,97.9
train,frame451_jpg.rf.db943d62cca6c15abd1c4af4229d936d.txt,data/thermal-1-filtered/train/images/frame451_jpg.rf.db943d62cca6c15abd1c4af4229d936d.jpg,512,512,1.0,3.283,96.26,42.3,569.64
train,003792_png.rf.640c973c7cc3961bf0e8770e28a854d9.txt,data/thermal-1-filtered/train/images/003792_png.rf.640c973c7cc3961bf0e8770e28a854d9.jpg,512,512,1.0,0.0,91.96,59.71,188.61
train,frame377_jpg.rf.49a48a61d117b2fb5290825016e12839.txt,data/thermal-1-filtered/train/images/frame377_jpg.rf.49a48a61d117b2fb5290825016e12839.jpg,512,512,1.0,3.125,83.24,42.11,150.63
train,frame414_jpg.rf.123104bb563d02a770470878a3c986ef.txt,data/thermal-1-filtered/train/images/frame414_jpg.rf.123104bb563d02a770470878a3c986ef.jpg,512,512,1.0,3.134,84.69,43.41,138.94
train,0_0_000066_jpg.rf.4503034648872a3ee75cef46dcea602c.txt,data/thermal-1-filtered/train/images/0_0_000066_jpg.rf.4503034648872a3ee75cef46dcea602c.jpg,512,512,1.0,0.0,58.09,65.75,79.95
train,002283_png.rf.29a9820fa624860ad6472e7d706e3db6.txt,data/thermal-1-filtered/train/images/002283_png.rf.29a9820fa624860ad6472e7d706e3db6.jpg,512,512,1.0,0.0,91.17,55.75,648.28
train,0_0_000165_jpg.rf.802e4485ca2611d96335290b01ebfb3f.txt,data/thermal-1-filtered/train/images/0_0_000165_jpg.rf.802e4485ca2611d96335290b01ebfb3f.jpg,512,512,1.0,0.0,111.61,54.99,172.9
train,frame415_jpg.rf.1c9fcf52ceb85588a763845db4435622.txt,data/thermal-1-filtered/train/images/frame415_jpg.rf.1c9fcf52ceb85588a763845db4435622.jpg,512,512,1.0,3.188,84.77,41.37,128.36
train,IR_BIRD_012_frame109_jpg.rf.813354c734eddfa2c634712f64d8ecc9.txt,data/thermal-1-filtered/train/images/IR_BIRD_012_frame109_jpg.rf.813354c734eddfa2c634712f64d8ecc9.jpg,512,512,1.0,0.0,93.0,55.38,66.89
train,frame699_jpg.rf.0f1261730b3fc4f077bce1cc6518935c.txt,data/thermal-1-filtered/train/images/frame699_jpg.rf.0f1261730b3fc4f077bce1cc6518935c.jpg,512,512,1.0,3.067,42.43,26.42,168.17
train,frame388_jpg.rf.ade198a8ab5da4916fbed66dfb09aa03.txt,data/thermal-1-filtered/train/images/frame388_jpg.rf.ade198a8ab5da4916fbed66dfb09aa03.jpg,512,512,1.0,3.244,87.4,37.66,106.07
train,frame628_jpg.rf.2ee16a94b9de345db05db5f258155de4.txt,data/thermal-1-filtered/train/images/frame628_jpg.rf.2ee16a94b9de345db05db5f258155de4.jpg,512,512,1.0,3.126,47.26,30.71,166.22
train,003690_png.rf.ccc663d6babe6b4564e3b61d517d8a85.txt,data/thermal-1-filtered/train/images/003690_png.rf.ccc663d6babe6b4564e3b61d517d8a85.jpg,512,512,1.0,0.0,88.38,53.71,881.35
train,002332_png.rf.327323799d0648aca69f131d5a40e237.txt,data/thermal-1-filtered/train/images/002332_png.rf.327323799d0648aca69f131d5a40e237.jpg,512,512,1.0,0.0,80.11,55.97,536.44
train,1179_png.rf.6783db6c325285947f78ae37211b98a1.txt,data/thermal-1-filtered/train/images/1179_png.rf.6783db6c325285947f78ae37211b98a1.jpg,512,512,1.0,0.0,86.91,41.62,91.09
train,002339_png.rf.c80e959fa8449ed55ddf352d79a6b949.txt,data/thermal-1-filtered/train/images/002339_png.rf.c80e959fa8449ed55ddf352d79a6b949.jpg,512,512,1.0,0.0,86.79,55.09,511.68
train,ir_2_030920_jpg.rf.bc70fedc840f875490e635e3888274a8.txt,data/thermal-1-filtered/train/images/ir_2_030920_jpg.rf.bc70fedc840f875490e635e3888274a8.jpg,512,512,1.0,0.0,82.21,58.37,459.7
train,003089_png.rf.2a0c2ca8b9f281e681f3486cd3307191.txt,data/thermal-1-filtered/train/images/003089_png.rf.2a0c2ca8b9f281e681f3486cd3307191.jpg,512,512,1.0,0.0,83.23,55.13,752.24
train,frame616_jpg.rf.779ca0fd9085552a2977da48ffa8c12a.txt,data/thermal-1-filtered/train/images/frame616_jpg.rf.779ca0fd9085552a2977da48ffa8c12a.jpg,512,512,1.0,3.263,54.73,33.4,248.36
train,003798_png.rf.30fe604578257c2ffc7475e07c4f10ba.txt,data/thermal-1-filtered/train/images/003798_png.rf.30fe604578257c2ffc7475e07c4f10ba.jpg,512,512,1.0,0.0,100.69,57.09,240.79
train,002206_png.rf.6b72e7d4b55aa4a2772b8ef26d008d80.txt,data/thermal-1-filtered/train/images/002206_png.rf.6b72e7d4b55aa4a2772b8ef26d008d80.jpg,512,512,1.0,0.0,91.74,56.66,2223.86
train,000007_png.rf.421a106204a182474fd767be46217e8b.txt,data/thermal-1-filtered/train/images/000007_png.rf.421a106204a182474fd767be46217e8b.jpg,512,512,1.0,0.0,93.37,60.79,460.48
train,002098_png.rf.8ca303737e763582dba3b4a0975a1052.txt,data/thermal-1-filtered/train/images/002098_png.rf.8ca303737e763582dba3b4a0975a1052.jpg,512,512,1.0,0.0,89.8,56.93,2709.42
train,002334_png.rf.0285ef958dab6936a9037f00178a6957.txt,data/thermal-1-filtered/train/images/002334_png.rf.0285ef958dab6936a9037f00178a6957.jpg,512,512,1.0,0.0,84.5,52.86,535.69
train,003860_png.rf.0d68abf00d07010df022aa79ac9230c5.txt,data/thermal-1-filtered/train/images/003860_png.rf.0d68abf00d07010df022aa79ac9230c5.jpg,512,512,1.0,0.0,97.15,56.79,1263.21
train,002013_png.rf.be5e2268aa948044295ce133e85aa279.txt,data/thermal-1-filtered/train/images/002013_png.rf.be5e2268aa948044295ce133e85aa279.jpg,512,512,1.0,0.0,87.02,54.29,764.9
train,002711_png.rf.654a7e90ada76f63e05bfb97b17418b1.txt,data/thermal-1-filtered/train/images/002711_png.rf.654a7e90ada76f63e05bfb97b17418b1.jpg,512,512,1.0,0.0,84.71,54.57,1241.11
train,002282_png.rf.e8ba80a5247ee3dc58bf90dbf54346bc.txt,data/thermal-1-filtered/train/images/002282_png.rf.e8ba80a5247ee3dc58bf90dbf54346bc.jpg,512,512,1.0,0.0,73.91,50.51,122.23
train,002032_png.rf.f237bf0facd1a952dfc953d3c096b0f4.txt,data/thermal-1-filtered/train/images/002032_png.rf.f237bf0facd1a952dfc953d3c096b0f4.jpg,512,512,1.0,0.0,80.86,54.66,1334.79
train,frame268_jpg.rf.98cf5899807ca0ec71eaf365c1ef2f2a.txt,data/thermal-1-filtered/train/images/frame268_jpg.rf.98cf5899807ca0ec71eaf365c1ef2f2a.jpg,512,512,1.0,3.116,88.74,53.26,276.8
train,frame263_jpg.rf.945d757e648ec8f912b20f63b5465df7.txt,data/thermal-1-filtered/train/images/frame263_jpg.rf.945d757e648ec8f912b20f63b5465df7.jpg,512,512,1.0,2.826,83.36,58.64,203.32
train,0_0_000035_jpg.rf.20c286ee5bc67b515569ee39440e946f.txt,data/thermal-1-filtered/train/images/0_0_000035_jpg.rf.20c286ee5bc67b515569ee39440e946f.jpg,512,512,1.0,0.0,107.61,69.28,128.02
train,0_0_000124_jpg.rf.023bd3db685de8397c44d3d7487726d0.txt,data/thermal-1-filtered/train/images/0_0_000124_jpg.rf.023bd3db685de8397c44d3d7487726d0.jpg,512,512,1.0,0.0,132.98,58.75,89.2
train,002747_png.rf.66d1a8369e468a9433eac86973c6e7c1.txt,data/thermal-1-filtered/train/images/002747_png.rf.66d1a8369e468a9433eac86973c6e7c1.jpg,512,512,1.0,0.0,84.04,54.32,1382.11
train,frame133_jpg.rf.858c3a20bba258feae57305e5f9fbc90.txt,data/thermal-1-filtered/train/images/frame133_jpg.rf.858c3a20bba258feae57305e5f9fbc90.jpg,512,512,1.0,3.27,100.29,53.29,587.64
train,002378_png.rf.c595c31a1a4c78563fc819d8eb660fe1.txt,data/thermal-1-filtered/train/images/002378_png.rf.c595c31a1a4c78563fc819d8eb660fe1.jpg,512,512,1.0,0.0,82.61,54.44,492.71
train,frame691_jpg.rf.0ff77df72025ae1c0ed69eb52ae67c90.txt,data/thermal-1-filtered/train/images/frame691_jpg.rf.0ff77df72025ae1c0ed69eb52ae67c90.jpg,512,512,1.0,3.085,42.81,25.02,139.8
train,002721_png.rf.7a38cd2fb94f25891494e088b42251ff.txt,data/thermal-1-filtered/train/images/002721_png.rf.7a38cd2fb94f25891494e088b42251ff.jpg,512,512,1.0,0.0,84.95,54.76,405.01
train,002380_png.rf.c622b11a6bfb2bf329add0c2db3fe1f6.txt,data/thermal-1-filtered/train/images/002380_png.rf.c622b11a6bfb2bf329add0c2db3fe1f6.jpg,512,512,1.0,0.0,80.41,54.96,567.16
train,IR_BIRD_012_frame285_jpg.rf.bfc67fd679d17f1838146b9339c40056.txt,data/thermal-1-filtered/train/images/IR_BIRD_012_frame285_jpg.rf.bfc67fd679d17f1838146b9339c40056.jpg,512,512,1.0,0.0,97.83,56.09,95.6
train,003102_png.rf.5c5c15703bea94741f93dac569c08066.txt,data/thermal-1-filtered/train/images/003102_png.rf.5c5c15703bea94741f93dac569c08066.jpg,512,512,1.0,0.0,80.8,55.43,718.94
train,ir_058630_jpg.rf.368f30ccdd5e38c7f179d0353cc936d4.txt,data/thermal-1-filtered/train/images/ir_058630_jpg.rf.368f30ccdd5e38c7f179d0353cc936d4.jpg,512,512,1.0,0.0,79.42,55.45,356.64
train,frame518_jpg.rf.7ecc4c8be06162780f436c635eef87c7.txt,data/thermal-1-filtered/train/images/frame518_jpg.rf.7ecc4c8be06162780f436c635eef87c7.jpg,512,512,1.0,3.31,80.09,31.21,361.33
train,frame514_jpg.rf.aa065efb86922b5497da5ccdbf05bad5.txt,data/thermal-1-filtered/train/images/frame514_jpg.rf.aa065efb86922b5497da5ccdbf05bad5.jpg,512,512,1.0,3.321,85.68,29.89,393.14
train,002795_png.rf.701e9a64341366246ac93f36df79ce47.txt,data/thermal-1-filtered/train/images/002795_png.rf.701e9a64341366246ac93f36df79ce47.jpg,512,512,1.0,0.0,90.74,56.29,681.79
train,frame384_jpg.rf.212172aa695f2b9a5e06d1c9bd9f962b.txt,data/thermal-1-filtered/train/images/frame384_jpg.rf.212172aa695f2b9a5e06d1c9bd9f962b.jpg,512,512,1.0,3.179,89.88,42.94,155.64
train,IR_BIRD_012_frame111_jpg.rf.f7a47c4cd2839595aece57eb3b0d44f8.txt,data/thermal-1-filtered/train/images/IR_BIRD_012_frame111_jpg.rf.f7a47c4cd2839595aece57eb3b0d44f8.jpg,512,512,1.0,0.0,99.13,51.51,98.34
train,frame161_jpg.rf.94cfa9b56bf7720c48d1e6db8db18a2e.txt,data/thermal-1-filtered/train/images/frame161_jpg.rf.94cfa9b56bf7720c48d1e6db8db18a2e.jpg,512,512,1.0,3.024,85.63,54.47,149.18
train,frame37_jpg.rf.61960bf9ed87cc220d63bba9f28a3f8f.txt,data/thermal-1-filtered/train/images/frame37_jpg.rf.61960bf9ed87cc220d63bba9f28a3f8f.jpg,512,512,1.0,3.039,81.32,50.34,158.86
train,frame351_jpg.rf.3f1b0dc161fdf4c2929bff6334b973d6.txt,data/thermal-1-filtered/train/images/frame351_jpg.rf.3f1b0dc161fdf4c2929bff6334b973d6.jpg,512,512,1.0,2.949,82.18,46.02,188.04
train,IR_BIRD_012_frame235_jpg.rf.ab55e57ae028d2261f7d0cede80cd7aa.txt,data/thermal-1-filtered/train/images/IR_BIRD_012_frame235_jpg.rf.ab55e57ae028d2261f7d0cede80cd7aa.jpg,512,512,1.0,0.0,100.7,53.07,84.08
train,frame577_jpg.rf.a72285fdfe4e0fb2b485c7a7842e9a6a.txt,data/thermal-1-filtered/train/images/frame577_jpg.rf.a72285fdfe4e0fb2b485c7a7842e9a6a.jpg,512,512,1.0,3.03,40.37,25.62,83.35
train,frame126_jpg.rf.44e75f004683f578a45fcca7df8e4a83.txt,data/thermal-1-filtered/train/images/frame126_jpg.rf.44e75f004683f578a45fcca7df8e4a83.jpg,512,512,1.0,2.95,88.78,61.15,178.48
train,002667_png.rf.6c01a7efc7867ca2ee36d1c336e730fb.txt,data/thermal-1-filtered/train/images/002667_png.rf.6c01a7efc7867ca2ee36d1c336e730fb.jpg,512,512,1.0,0.0,84.9,56.16,996.44
train,002805_png.rf.f0818518bbf4a3609971d72a7e4aa0e6.txt,data/thermal-1-filtered/train/images/002805_png.rf.f0818518bbf4a3609971d72a7e4aa0e6.jpg,512,512,1.0,0.0,85.76,56.91,813.51
train,IR_BIRD_012_frame120_jpg.rf.7dda935554bc13c2cf5badf00ab25103.txt,data/thermal-1-filtered/train/images/IR_BIRD_012_frame120_jpg.rf.7dda935554bc13c2cf5badf00ab25103.jpg,512,512,1.0,0.0,93.6,55.27,77.55
train,002690_png.rf.d326cdd6507e24381d30811f92c1853a.txt,data/thermal-1-filtered/train/images/002690_png.rf.d326cdd6507e24381d30811f92c1853a.jpg,512,512,1.0,0.0,81.65,55.2,806.07
train,frame352_jpg.rf.70b81352ba4cefb702a4a6b4eaceefa2.txt,data/thermal-1-filtered/train/images/frame352_jpg.rf.70b81352ba4cefb702a4a6b4eaceefa2.jpg,512,512,1.0,3.204,93.89,45.58,531.44
train,IR_BIRD_012_frame197_jpg.rf.da75fd31bf7eef4f7f2171a33a93990a.txt,data/thermal-1-filtered/train/images/IR_BIRD_012_frame197_jpg.rf.da75fd31bf7eef4f7f2171a33a93990a.jpg,512,512,1.0,0.0,99.81,49.21,51.35
train,IR_BIRD_012_frame66_jpg.rf.75e1d04576136722405ee353cbd34528.txt,data/thermal-1-filtered/train/images/IR_BIRD_012_frame66_jpg.rf.75e1d04576136722405ee353cbd34528.jpg,512,512,1.0,0.0,101.19,46.31,69.76
train,002672_png.rf.e438f23ee8fd67deb921ee4d3d5472cd.txt,data/thermal-1-filtered/train/images/002672_png.rf.e438f23ee8fd67deb921ee4d3d5472cd.jpg,512,512,1.0,0.0,88.44,55.17,665.96
train,003771_png.rf.f53704e79c824327f95c89d0f80fbf09.txt,data/thermal-1-filtered/train/images/003771_png.rf.f53704e79c824327f95c89d0f80fbf09.jpg,512,512,1.0,0.0,93.55,56.07,316.24
train,0_0_000236_jpg.rf.09b0f65bddadc8bd3d14483afa21402d.txt,data/thermal-1-filtered/train/images/0_0_000236_jpg.rf.09b0f65bddadc8bd3d14483afa21402d.jpg,512,512,1.0,0.0,38.0,34.95,48.82
train,frame372_jpg.rf.9631ec705565faeb6f153623735e6a21.txt,data/thermal-1-filtered/train/images/frame372_jpg.rf.9631ec705565faeb6f153623735e6a21.jpg,512,512,1.0,3.168,87.36,43.98,139.54
train,002764_png.rf.e55056b60451f0e91cd5c4d945267fbc.txt,data/thermal-1-filtered/train/images/002764_png.rf.e55056b60451f0e91cd5c4d945267fbc.jpg,512,512,1.0,0.0,86.84,53.54,213.67
train,002765_png.rf.0ed21095847a9bd598a7d095d83221af.txt,data/thermal-1-filtered/train/images/002765_png.rf.0ed21095847a9bd598a7d095d83221af.jpg,512,512,1.0,0.0,82.09,54.53,533.92
train,ir_2_029810_jpg.rf.104a377944336b869dba9c2aa66690fc.txt,data/thermal-1-filtered/train/images/ir_2_029810_jpg.rf.104a377944336b869dba9c2aa66690fc.jpg,512,512,1.0,0.0,88.77,59.12,2550.26
train,frame520_jpg.rf.b7e17fca9fde456a3e98b18c79c3d738.txt,data/thermal-1-filtered/train/images/frame520_jpg.rf.b7e17fca9fde456a3e98b18c79c3d738.jpg,512,512,1.0,3.01,61.49,30.34,117.32
train,002345_png.rf.346d5f3524c37fa8537efa50e737ccbe.txt,data/thermal-1-filtered/train/images/002345_png.rf.346d5f3524c37fa8537efa50e737ccbe.jpg,512,512,1.0,0.0,88.17,55.09,937.05
train,frame669_jpg.rf.5e9ed3deb56712385df874acf42276cd.txt,data/thermal-1-filtered/train/images/frame669_jpg.rf.5e9ed3deb56712385df874acf42276cd.jpg,512,512,1.0,3.062,43.37,27.75,165.25
train,003688_png.rf.fbfc281a19020f8ae35d5b6db99189d3.txt,data/thermal-1-filtered/train/images/003688_png.rf.fbfc281a19020f8ae35d5b6db99189d3.jpg,512,512,1.0,0.0,86.59,53.18,777.51
train,IR_BIRD_012_frame172_jpg.rf.bb9c42d19a8c5424ed987efff6858883.txt,data/thermal-1-filtered/train/images/IR_BIRD_012_frame172_jpg.rf.bb9c42d19a8c5424ed987efff6858883.jpg,512,512,1.0,0.0,101.5,49.55,62.12
train,002231_png.rf.36e6136b9bb5dbb5d7164e746cbe5398.txt,data/thermal-1-filtered/train/images/002231_png.rf.36e6136b9bb5dbb5d7164e746cbe5398.jpg,512,512,1.0,0.0,80.38,54.51,482.13
train,IR_BIRD_012_frame261_jpg.rf.fbb0e4c2a9dca8cb81e498ed01bb4559.txt,data/thermal-1-filtered/train/images/IR_BIRD_012_frame261_jpg.rf.fbb0e4c2a9dca8cb81e498ed01bb4559.jpg,512,512,1.0,0.0,98.61,55.35,95.88
train,frame596_jpg.rf.f9226f7b2f1cd2d0f673119bb1e1f933.txt,data/thermal-1-filtered/train/images/frame596_jpg.rf.f9226f7b2f1cd2d0f673119bb1e1f933.jpg,512,512,1.0,3.124,43.09,27.96,149.63
train,frame606_jpg.rf.8e3573fc997e561915fadf1c5e2d6e2f.txt,data/thermal-1-filtered/train/images/frame606_jpg.rf.8e3573fc997e561915fadf1c5e2d6e2f.jpg,512,512,1.0,3.009,40.34,27.56,99.12
train,003822_png.rf.bed33bb0a90f6a24cc8dc0fe7141a60a.txt,data/thermal-1-filtered/train/images/003822_png.rf.bed33bb0a90f6a24cc8dc0fe7141a60a.jpg,512,512,1.0,0.0,95.12,56.59,498.14
train,002550_png.rf.a09ef635036f948eb215ff71dbd8356f.txt,data/thermal-1-filtered/train/images/002550_png.rf.a09ef635036f948eb215ff71dbd8356f.jpg,512,512,1.0,0.0,90.99,56.36,1293.34
train,002209_png.rf.b751d912a8bb664726f23260c173f907.txt,data/thermal-1-filtered/train/images/002209_png.rf.b751d912a8bb664726f23260c173f907.jpg,512,512,1.0,0.0,90.84,56.0,1962.17
train,ir_3_031800_jpg.rf.43f8a7c8507391992f120c75e2e2772a.txt,data/thermal-1-filtered/train/images/ir_3_031800_jpg.rf.43f8a7c8507391992f120c75e2e2772a.jpg,512,512,1.0,0.0,82.16,53.96,722.08
train,frame374_jpg.rf.856d11a973b1e77630553996178dca74.txt,data/thermal-1-filtered/train/images/frame374_jpg.rf.856d11a973b1e77630553996178dca74.jpg,512,512,1.0,3.137,84.14,44.3,181.71
train,003788_png.rf.393b6ccf52671755d5b6ea429dc4a6c7.txt,data/thermal-1-filtered/train/images/003788_png.rf.393b6ccf52671755d5b6ea429dc4a6c7.jpg,512,512,1.0,0.0,100.56,57.55,233.92
train,003783_png.rf.4f29f51aa58fb7ece03a259f09ad7480.txt,data/thermal-1-filtered/train/images/003783_png.rf.4f29f51aa58fb7ece03a259f09ad7480.jpg,512,512,1.0,0.0,100.56,58.02,586.83
train,003810_png.rf.82a7c97cdb49c3fb18a6e5230b7ea84e.txt,data/thermal-1-filtered/train/images/003810_png.rf.82a7c97cdb49c3fb18a6e5230b7ea84e.jpg,512,512,1.0,0.0,98.96,58.2,1079.04
train,0_0_000056_jpg.rf.4103ed1e03b122cb49911a0d0108b8f8.txt,data/thermal-1-filtered/train/images/0_0_000056_jpg.rf.4103ed1e03b122cb49911a0d0108b8f8.jpg,512,512,1.0,0.0,52.82,61.07,111.52
train,001670_png.rf.1861792dc97bd05fc83375cbf84f3441.txt,data/thermal-1-filtered/train/images/001670_png.rf.1861792dc97bd05fc83375cbf84f3441.jpg,512,512,1.0,0.0,85.95,55.6,781.2
train,frame277_jpg.rf.ab2d3d3a6f341ebeed032759154c22a0.txt,data/thermal-1-filtered/train/images/frame277_jpg.rf.ab2d3d3a6f341ebeed032759154c22a0.jpg,512,512,1.0,3.216,96.96,57.83,635.05
train,0_0_000037_jpg.rf.4692b1561ad179364176a927a132d378.txt,data/thermal-1-filtered/train/images/0_0_000037_jpg.rf.4692b1561ad179364176a927a132d378.jpg,512,512,1.0,0.0,105.03,70.8,167.5
train,002432_png.rf.cf489582199a7f01aa7209a2fe82b66a.txt,data/thermal-1-filtered/train/images/002432_png.rf.cf489582199a7f01aa7209a2fe82b66a.jpg,512,512,1.0,0.0,91.74,56.01,1279.65
train,IR_BIRD_012_frame66_jpg.rf.3e967bcae3d983389d512910d94c1d8f.txt,data/thermal-1-filtered/train/images/IR_BIRD_012_frame66_jpg.rf.3e967bcae3d983389d512910d94c1d8f.jpg,512,512,1.0,0.0,97.26,51.46,67.53
train,IR_BIRD_012_frame150_jpg.rf.bc015c13f7fed369294bb0a98868e34c.txt,data/thermal-1-filtered/train/images/IR_BIRD_012_frame150_jpg.rf.bc015c13f7fed369294bb0a98868e34c.jpg,512,512,1.0,0.0,102.72,49.79,66.06
train,frame395_jpg.rf.bf818a06adafad8e758c7bbd7d963a70.txt,data/thermal-1-filtered/train/images/frame395_jpg.rf.bf818a06adafad8e758c7bbd7d963a70.jpg,512,512,1.0,3.263,93.08,39.6,234.79
train,002038_png.rf.a18a019dcb06165aadc15de310efdf8e.txt,data/thermal-1-filtered/train/images/002038_png.rf.a18a019dcb06165aadc15de310efdf8e.jpg,512,512,1.0,0.0,87.25,56.52,1393.46
train,frame483_jpg.rf.26e41aeb450699d0d3c04c513c0b2ee3.txt,data/thermal-1-filtered/train/images/frame483_jpg.rf.26e41aeb450699d0d3c04c513c0b2ee3.jpg,512,512,1.0,3.275,101.06,36.9,184.93
train,002464_png.rf.d1f5ca4b1ffcbe7d0f2b126994184a35.txt,data/thermal-1-filtered/train/images/002464_png.rf.d1f5ca4b1ffcbe7d0f2b126994184a35.jpg,512,512,1.0,0.0,85.49,54.15,1119.86
train,IR_BIRD_012_frame2_jpg.rf.e676ebe02f856c3683a37a758fa3629e.txt,data/thermal-1-filtered/train/images/IR_BIRD_012_frame2_jpg.rf.e676ebe02f856c3683a37a758fa3629e.jpg,512,512,1.0,0.0,91.74,56.66,77.87
train,003031_png.rf.af120df440e8b8417f5e1855fbf99722.txt,data/thermal-1-filtered/train/images/003031_png.rf.af120df440e8b8417f5e1855fbf99722.jpg,512,512,1.0,0.0,88.64,58.21,2735.02
train,frame465_jpg.rf.2603375c3796dd21def27cdc070e8af9.txt,data/thermal-1-filtered/train/images/frame465_jpg.rf.2603375c3796dd21def27cdc070e8af9.jpg,512,512,1.0,3.031,90.47,43.33,152.68
train,frame112_jpg.rf.b1e0befbea02bbe0c80faadf4e785bd1.txt,data/thermal-1-filtered/train/images/frame112_jpg.rf.b1e0befbea02bbe0c80faadf4e785bd1.jpg,512,512,1.0,3.276,92.29,52.95,684.11
train,002351_png.rf.1351f6eb5638b958e41f22c43710b206.txt,data/thermal-1-filtered/train/images/002351_png.rf.1351f6eb5638b958e41f22c43710b206.jpg,512,512,1.0,0.0,88.2,55.55,1203.97
train,002359_png.rf.df6c266626789a7a4948d07a64f04e8e.txt,data/thermal-1-filtered/train/images/002359_png.rf.df6c266626789a7a4948d07a64f04e8e.jpg,512,512,1.0,0.0,75.36,54.23,315.35
train,IR_BIRD_012_frame261_jpg.rf.ca55e90b212f2fa6443a2db08a2287b4.txt,data/thermal-1-filtered/train/images/IR_BIRD_012_frame261_jpg.rf.ca55e90b212f2fa6443a2db08a2287b4.jpg,512,512,1.0,0.0,105.01,51.42,100.6
train,IR_BIRD_012_frame190_jpg.rf.95ae72df0698141d8cb3491d66d3e17a.txt,data/thermal-1-filtered/train/images/IR_BIRD_012_frame190_jpg.rf.95ae72df0698141d8cb3491d66d3e17a.jpg,512,512,1.0,0.0,100.3,49.35,53.17
train,003056_png.rf.d39ffc7fd37623f103f2d5c38cae32af.txt,data/thermal-1-filtered/train/images/003056_png.rf.d39ffc7fd37623f103f2d5c38cae32af.jpg,512,512,1.0,0.0,83.99,54.78,874.93
train,1199_png.rf.b6692b6569ba05fa5fe0fc3ee2506e94.txt,data/thermal-1-filtered/train/images/1199_png.rf.b6692b6569ba05fa5fe0fc3ee2506e94.jpg,512,512,1.0,0.0,122.23,52.18,76.99
train,frame17_jpg.rf.55ac2359e6fe7d25f09e37be888c7f1b.txt,data/thermal-1-filtered/train/images/frame17_jpg.rf.55ac2359e6fe7d25f09e37be888c7f1b.jpg,512,512,1.0,3.119,71.44,45.39,141.0
train,002301_png.rf.88e0a9f31f488a60f065bd6444c29e27.txt,data/thermal-1-filtered/train/images/002301_png.rf.88e0a9f31f488a60f065bd6444c29e27.jpg,512,512,1.0,0.0,90.05,57.11,2002.39
train,003786_png.rf.05283f19c357cbd3a1937073dec01ce3.txt,data/thermal-1-filtered/train/images/003786_png.rf.05283f19c357cbd3a1937073dec01ce3.jpg,512,512,1.0,0.0,101.24,58.26,535.0
train,IR_BIRD_012_frame268_jpg.rf.5b544d236bac30074488518558301229.txt,data/thermal-1-filtered/train/images/IR_BIRD_012_frame268_jpg.rf.5b544d236bac30074488518558301229.jpg,512,512,1.0,0.0,97.84,55.01,81.61
train,frame693_jpg.rf.f62d8e979d763e33aea5789acf7e7e14.txt,data/thermal-1-filtered/train/images/frame693_jpg.rf.f62d8e979d763e33aea5789acf7e7e14.jpg,512,512,1.0,3.138,45.71,27.51,197.73
train,002713_png.rf.91c90843a8b339d0f80e020f6ff36d96.txt,data/thermal-1-filtered/train/images/002713_png.rf.91c90843a8b339d0f80e020f6ff36d96.jpg,512,512,1.0,0.0,80.03,53.92,353.93
train,002534_png.rf.6cc66ce86b50b2e30d99acf338886255.txt,data/thermal-1-filtered/train/images/002534_png.rf.6cc66ce86b50b2e30d99acf338886255.jpg,512,512,1.0,0.0,90.03,54.98,831.26
train,ir_3_022090_jpg.rf.e2422f368ec1acc08c0cee42bc1f253b.txt,data/thermal-1-filtered/train/images/ir_3_022090_jpg.rf.e2422f368ec1acc08c0cee42bc1f253b.jpg,512,512,1.0,0.0,92.65,58.01,826.39
train,002398_png.rf.19ed3445b785bd21cf1170c700183920.txt,data/thermal-1-filtered/train/images/002398_png.rf.19ed3445b785bd21cf1170c700183920.jpg,512,512,1.0,0.0,88.96,53.79,541.76
train,ir_3_022200_jpg.rf.59c3d27dc35677da1097f8bde99752cb.txt,data/thermal-1-filtered/train/images/ir_3_022200_jpg.rf.59c3d27dc35677da1097f8bde99752cb.jpg,512,512,1.0,0.0,90.61,60.77,482.05
train,0_0_000103_jpg.rf.655cc0aece582adbec349c04536e19ff.txt,data/thermal-1-filtered/train/images/0_0_000103_jpg.rf.655cc0aece582adbec349c04536e19ff.jpg,512,512,1.0,0.0,120.51,51.71,94.2
train,002076_png.rf.a376994d4390e9d4e2515f5d935bf204.txt,data/thermal-1-filtered/train/images/002076_png.rf.a376994d4390e9d4e2515f5d935bf204.jpg,512,512,1.0,0.0,89.41,55.0,1376.12
train,frame478_jpg.rf.88a16e06c174f6c0e9ec629fff32268a.txt,data/thermal-1-filtered/train/images/frame478_jpg.rf.88a16e06c174f6c0e9ec629fff32268a.jpg,512,512,1.0,3.301,103.52,36.47,362.56
train,003429_png.rf.5ebf27320a6e50dbd6e56d0ce477d3e1.txt,data/thermal-1-filtered/train/images/003429_png.rf.5ebf27320a6e50dbd6e56d0ce477d3e1.jpg,512,512,1.0,0.0,84.65,54.77,570.74
train,0_0_000018_jpg.rf.8dcb5561012aedbdd262216d5bdaad30.txt,data/thermal-1-filtered/train/images/0_0_000018_jpg.rf.8dcb5561012aedbdd262216d5bdaad30.jpg,512,512,1.0,0.0,103.06,73.84,124.81
train,IR_BIRD_012_frame135_jpg.rf.de239096b190e52df0e9c9cd14051f3a.txt,data/thermal-1-filtered/train/images/IR_BIRD_012_frame135_jpg.rf.de239096b190e52df0e9c9cd14051f3a.jpg,512,512,1.0,0.0,103.24,49.63,75.59
train,003021_png.rf.2899dea08401f25d5626577555098616.txt,data/thermal-1-filtered/train/images/003021_png.rf.2899dea08401f25d5626577555098616.jpg,512,512,1.0,0.0,78.76,56.31,639.45
train,frame67_jpg.rf.81ca63c5c59b738b683b3cfe6abdae69.txt,data/thermal-1-filtered/train/images/frame67_jpg.rf.81ca63c5c59b738b683b3cfe6abdae69.jpg,512,512,1.0,3.052,89.27,55.05,189.03
train,002336_png.rf.b8d5f3641c3f5eac561c9fe42b3abe5a.txt,data/thermal-1-filtered/train/images/002336_png.rf.b8d5f3641c3f5eac561c9fe42b3abe5a.jpg,512,512,1.0,0.0,89.39,56.19,1530.75
train,IR_BIRD_012_frame272_jpg.rf.5dab7ff45651da6164530e7dc689c3a2.txt,data/thermal-1-filtered/train/images/IR_BIRD_012_frame272_jpg.rf.5dab7ff45651da6164530e7dc689c3a2.jpg,512,512,1.0,0.0,101.85,52.0,82.04
train,IR_BIRD_012_frame164_jpg.rf.6c61823f9f645fcde5db647d0acb6f85.txt,data/thermal-1-filtered/train/images/IR_BIRD_012_frame164_jpg.rf.6c61823f9f645fcde5db647d0acb6f85.jpg,512,512,1.0,0.0,91.5,55.48,72.45
train,003752_png.rf.f0b52d59b015a47abeb94fd5d1c6368b.txt,data/thermal-1-filtered/train/images/003752_png.rf.f0b52d59b015a47abeb94fd5d1c6368b.jpg,512,512,1.0,0.0,82.95,51.57,289.22
train,0_0_000064_jpg.rf.a73b7d02c3fa6925f50753a7e36a4590.txt,data/thermal-1-filtered/train/images/0_0_000064_jpg.rf.a73b7d02c3fa6925f50753a7e36a4590.jpg,512,512,1.0,0.0,68.9,69.46,47.03
train,003786_png.rf.ce058a82fedd036111cbcd56e5e988c4.txt,data/thermal-1-filtered/train/images/003786_png.rf.ce058a82fedd036111cbcd56e5e988c4.jpg,512,512,1.0,0.0,91.77,55.98,185.09
train,002367_png.rf.de7f0c4b99f4f2c470bf78bf1c8cf791.txt,data/thermal-1-filtered/train/images/002367_png.rf.de7f0c4b99f4f2c470bf78bf1c8cf791.jpg,512,512,1.0,0.0,77.98,49.08,237.39
train,frame589_jpg.rf.fc98d98ad456ed55ffdbf1c95698e921.txt,data/thermal-1-filtered/train/images/frame589_jpg.rf.fc98d98ad456ed55ffdbf1c95698e921.jpg,512,512,1.0,3.295,50.48,31.27,184.65
train,frame503_jpg.rf.31c587a8649fb088f4ffae8c1ba352c4.txt,data/thermal-1-filtered/train/images/frame503_jpg.rf.31c587a8649fb088f4ffae8c1ba352c4.jpg,512,512,1.0,3.192,77.09,32.21,162.63
train,002371_png.rf.7d3e9b33a3bbc47351b2d910cdc717f9.txt,data/thermal-1-filtered/train/images/002371_png.rf.7d3e9b33a3bbc47351b2d910cdc717f9.jpg,512,512,1.0,0.0,89.63,55.5,797.67
train,IR_BIRD_012_frame284_jpg.rf.376c5de9c464346cb918be3365b4c414.txt,data/thermal-1-filtered/train/images/IR_BIRD_012_frame284_jpg.rf.376c5de9c464346cb918be3365b4c414.jpg,512,512,1.0,0.0,97.99,54.68,97.28
train,IR_BIRD_012_frame205_jpg.rf.da6619825b30004f8d54b1616150e2ae.txt,data/thermal-1-filtered/train/images/IR_BIRD_012_frame205_jpg.rf.da6619825b30004f8d54b1616150e2ae.jpg,512,512,1.0,0.0,102.58,52.19,110.34
train,003037_png.rf.2b2279d1a15508df05534b95e0c6421d.txt,data/thermal-1-filtered/train/images/003037_png.rf.2b2279d1a15508df05534b95e0c6421d.jpg,512,512,1.0,0.0,85.07,55.23,734.51
train,frame653_jpg.rf.cde8646836f43abb5bbe4d7962125909.txt,data/thermal-1-filtered/train/images/frame653_jpg.rf.cde8646836f43abb5bbe4d7962125909.jpg,512,512,1.0,3.104,42.29,26.83,103.93
train,0_0_000044_jpg.rf.61c9c5e49426cead688d3abbabf372c8.txt,data/thermal-1-filtered/train/images/0_0_000044_jpg.rf.61c9c5e49426cead688d3abbabf372c8.jpg,512,512,1.0,0.0,82.81,72.48,110.8
train,IR_BIRD_012_frame210_jpg.rf.12ef991a536415a22e9cfbf183483954.txt,data/thermal-1-filtered/train/images/IR_BIRD_012_frame210_jpg.rf.12ef991a536415a22e9cfbf183483954.jpg,512,512,1.0,0.0,106.77,47.33,121.07
train,IR_BIRD_012_frame108_jpg.rf.0b61e596815267fad85b25d17d0d78c6.txt,data/thermal-1-filtered/train/images/IR_BIRD_012_frame108_jpg.rf.0b61e596815267fad85b25d17d0d78c6.jpg,512,512,1.0,0.0,104.21,49.47,74.86
train,IR_BIRD_012_frame227_jpg.rf.119de487a70da5d14a892dd200706ba5.txt,data/thermal-1-filtered/train/images/IR_BIRD_012_frame227_jpg.rf.119de487a70da5d14a892dd200706ba5.jpg,512,512,1.0,0.0,107.96,46.38,115.13
train,003051_png.rf.f0f79de405956e25d1673e01440f2197.txt,data/thermal-1-filtered/train/images/003051_png.rf.f0f79de405956e25d1673e01440f2197.jpg,512,512,1.0,0.0,90.02,57.63,2312.47
train,frame401_jpg.rf.6bf11e53a5d1a7110627b0fbb004d0c9.txt,data/thermal-1-filtered/train/images/frame401_jpg.rf.6bf11e53a5d1a7110627b0fbb004d0c9.jpg,512,512,1.0,3.237,88.27,40.98,208.76
train,IR_BIRD_012_frame106_jpg.rf.f84494118d64387253a49cfec4de982e.txt,data/thermal-1-filtered/train/images/IR_BIRD_012_frame106_jpg.rf.f84494118d64387253a49cfec4de982e.jpg,512,512,1.0,0.0,103.77,49.49,74.1
train,IR_BIRD_012_frame279_jpg.rf.5d6e091bb4f72fef487a42128be14ac6.txt,data/thermal-1-filtered/train/images/IR_BIRD_012_frame279_jpg.rf.5d6e091bb4f72fef487a42128be14ac6.jpg,512,512,1.0,0.0,101.48,52.81,86.31
train,002454_png.rf.8d3cf9b47c5ec878c63bc33a7af9257f.txt,data/thermal-1-filtered/train/images/002454_png.rf.8d3cf9b47c5ec878c63bc33a7af9257f.jpg,512,512,1.0,0.0,85.78,54.59,1172.3
train,IR_BIRD_012_frame147_jpg.rf.23543d1b51ca25f50e904d43a4917fbd.txt,data/thermal-1-filtered/train/images/IR_BIRD_012_frame147_jpg.rf.23543d1b51ca25f50e904d43a4917fbd.jpg,512,512,1.0,0.0,102.94,49.8,68.06
train,000007_png.rf.03e4f721f0c399efc81bddece31a4ff7.txt,data/thermal-1-filtered/train/images/000007_png.rf.03e4f721f0c399efc81bddece31a4ff7.jpg,512,512,1.0,0.0,85.45,57.52,413.14
train,003693_png.rf.33524d150023bac83d7c374e6d8999f9.txt,data/thermal-1-filtered/train/images/003693_png.rf.33524d150023bac83d7c374e6d8999f9.jpg,512,512,1.0,0.0,88.77,55.34,836.67
train,002557_png.rf.69b8a0e9dc824e48db1b2aeb80a908b8.txt,data/thermal-1-filtered/train/images/002557_png.rf.69b8a0e9dc824e48db1b2aeb80a908b8.jpg,512,512,1.0,0.0,77.81,52.27,353.2
train,frame610_jpg.rf.99d4d9f6f2324c59a5e5a1af9e905e4e.txt,data/thermal-1-filtered/train/images/frame610_jpg.rf.99d4d9f6f2324c59a5e5a1af9e905e4e.jpg,512,512,1.0,3.009,41.64,28.27,166.2
train,003872_png.rf.69606195e736a71d63945bc08a4ce328.txt,data/thermal-1-filtered/train/images/003872_png.rf.69606195e736a71d63945bc08a4ce328.jpg,512,512,1.0,0.0,90.98,55.52,422.82
train,IR_BIRD_012_frame156_jpg.rf.bafd20e86e4a1dc68b699b8ff2b6eebe.txt,data/thermal-1-filtered/train/images/IR_BIRD_012_frame156_jpg.rf.bafd20e86e4a1dc68b699b8ff2b6eebe.jpg,512,512,1.0,0.0,102.37,49.55,72.05
train,frame283_jpg.rf.e6ef94c1fffff7dcd0653c1386168145.txt,data/thermal-1-filtered/train/images/frame283_jpg.rf.e6ef94c1fffff7dcd0653c1386168145.jpg,512,512,1.0,3.238,99.9,58.59,577.87
train,002043_png.rf.378fd91f5abec668afde915dbf7a08d8.txt,data/thermal-1-filtered/train/images/002043_png.rf.378fd91f5abec668afde915dbf7a08d8.jpg,512,512,1.0,0.0,90.68,56.41,2654.81
train,IR_BIRD_012_frame121_jpg.rf.039f7e64c7890cdd129a7241dc392d66.txt,data/thermal-1-filtered/train/images/IR_BIRD_012_frame121_jpg.rf.039f7e64c7890cdd129a7241dc392d66.jpg,512,512,1.0,0.0,93.21,54.75,73.29
train,003763_png.rf.0e38eeef7fe5db230c2a2ce3d13588b0.txt,data/thermal-1-filtered/train/images/003763_png.rf.0e38eeef7fe5db230c2a2ce3d13588b0.jpg,512,512,1.0,0.0,94.99,51.78,312.29
train,ir_2_030860_jpg.rf.9062b179979cda3d00930eb6adaea6c0.txt,data/thermal-1-filtered/train/images/ir_2_030860_jpg.rf.9062b179979cda3d00930eb6adaea6c0.jpg,512,512,1.0,0.0,82.86,54.61,783.22
train,002450_png.rf.d79ba6269eeec6349c8e3a17f25f9aba.txt,data/thermal-1-filtered/train/images/002450_png.rf.d79ba6269eeec6349c8e3a17f25f9aba.jpg,512,512,1.0,0.0,83.08,52.69,445.45
train,003500_png.rf.cca2c7ea991541fa3249c8a39da439c1.txt,data/thermal-1-filtered/train/images/003500_png.rf.cca2c7ea991541fa3249c8a39da439c1.jpg,512,512,1.0,0.0,86.05,55.67,1543.55
train,002023_png.rf.2438ea12788198c7707e516866c8131f.txt,data/thermal-1-filtered/train/images/002023_png.rf.2438ea12788198c7707e516866c8131f.jpg,512,512,1.0,0.0,88.74,57.29,1095.98
train,ir_049450_jpg.rf.96c1c330e90c6e2fe8b503885a1d2e0b.txt,data/thermal-1-filtered/train/images/ir_049450_jpg.rf.96c1c330e90c6e2fe8b503885a1d2e0b.jpg,512,512,1.0,0.0,79.0,56.33,236.77
train,002680_png.rf.d1d26b9d1ecc33c7e00795b443333e93.txt,data/thermal-1-filtered/train/images/002680_png.rf.d1d26b9d1ecc33c7e00795b443333e93.jpg,512,512,1.0,0.0,93.58,53.38,637.46
train,002796_png.rf.3bac8de90dc0826bb8cf23539cfa2675.txt,data/thermal-1-filtered/train/images/002796_png.rf.3bac8de90dc0826bb8cf23539cfa2675.jpg,512,512,1.0,0.0,84.47,57.68,745.38
train,002438_png.rf.fa512ceba042d69fb2db7abdcc649287.txt,data/thermal-1-filtered/train/images/002438_png.rf.fa512ceba042d69fb2db7abdcc649287.jpg,512,512,1.0,0.0,76.15,53.27,444.7
train,frame494_jpg.rf.3bf6a710e7430941656ab7ae40c51820.txt,data/thermal-1-filtered/train/images/frame494_jpg.rf.3bf6a710e7430941656ab7ae40c51820.jpg,512,512,1.0,3.195,83.1,37.62,122.04
train,002328_png.rf.e81edb362d0b1998c30632d93aa262a6.txt,data/thermal-1-filtered/train/images/002328_png.rf.e81edb362d0b1998c30632d93aa262a6.jpg,512,512,1.0,0.0,85.59,55.13,693.99
train,frame727_jpg.rf.a773d7182330715ab0d46c04703ca72b.txt,data/thermal-1-filtered/train/images/frame727_jpg.rf.a773d7182330715ab0d46c04703ca72b.jpg,512,512,1.0,3.318,61.46,30.29,338.73
train,frame412_jpg.rf.ba1570129215ae0be7a1eee22b1fba5f.txt,data/thermal-1-filtered/train/images/frame412_jpg.rf.ba1570129215ae0be7a1eee22b1fba5f.jpg,512,512,1.0,3.084,83.64,45.19,142.8
train,003686_png.rf.51945c02e97ccb8f5c8cc343edfe680e.txt,data/thermal-1-filtered/train/images/003686_png.rf.51945c02e97ccb8f5c8cc343edfe680e.jpg,512,512,1.0,0.0,90.54,53.55,897.43
train,frame420_jpg.rf.464af9d071995f8be303f0b3a8cee72b.txt,data/thermal-1-filtered/train/images/frame420_jpg.rf.464af9d071995f8be303f0b3a8cee72b.jpg,512,512,1.0,3.238,90.82,45.57,534.17
train,frame266_jpg.rf.1f4e11dac71dd6641a8cc26d92ac912d.txt,data/thermal-1-filtered/train/images/frame266_jpg.rf.1f4e11dac71dd6641a8cc26d92ac912d.jpg,512,512,1.0,3.049,87.97,57.13,236.96
train,002049_png.rf.a0be0dfb4e6e6ada1ee276c04f6dd531.txt,data/thermal-1-filtered/train/images/002049_png.rf.a0be0dfb4e6e6ada1ee276c04f6dd531.jpg,512,512,1.0,0.0,84.73,54.06,1469.22
train,002739_png.rf.c7711b62e3c0a1bbe7b3a5aa7ab7264a.txt,data/thermal-1-filtered/train/images/002739_png.rf.c7711b62e3c0a1bbe7b3a5aa7ab7264a.jpg,512,512,1.0,0.0,108.56,59.99,153.05
train,002735_png.rf.1ae45456482d6705ad248a6b9272acaf.txt,data/thermal-1-filtered/train/images/002735_png.rf.1ae45456482d6705ad248a6b9272acaf.jpg,512,512,1.0,0.0,81.42,51.58,309.61
train,frame659_jpg.rf.448dff581cb43c15ee758ddf8dacb46a.txt,data/thermal-1-filtered/train/images/frame659_jpg.rf.448dff581cb43c15ee758ddf8dacb46a.jpg,512,512,1.0,3.311,55.31,33.38,426.35
train,002244_png.rf.48a63cd3f987446410e5a8eb99f7705e.txt,data/thermal-1-filtered/train/images/002244_png.rf.48a63cd3f987446410e5a8eb99f7705e.jpg,512,512,1.0,0.0,86.68,52.21,315.59
train,002377_png.rf.dbfda237213ece7f9f5e011e9f4349f9.txt,data/thermal-1-filtered/train/images/002377_png.rf.dbfda237213ece7f9f5e011e9f4349f9.jpg,512,512,1.0,0.0,90.54,55.93,1508.25
train,0_0_000241_jpg.rf.8d1096ba508ec8c365c434c764adec29.txt,data/thermal-1-filtered/train/images/0_0_000241_jpg.rf.8d1096ba508ec8c365c434c764adec29.jpg,512,512,1.0,0.0,129.51,44.14,37.92
train,0_0_000092_jpg.rf.31485d6066a80991a57e8faea64ef7ba.txt,data/thermal-1-filtered/train/images/0_0_000092_jpg.rf.31485d6066a80991a57e8faea64ef7ba.jpg,512,512,1.0,0.0,54.04,65.39,134.48
train,IR_BIRD_012_frame205_jpg.rf.eb3caf626945dcb6e1755aae73d04f13.txt,data/thermal-1-filtered/train/images/IR_BIRD_012_frame205_jpg.rf.eb3caf626945dcb6e1755aae73d04f13.jpg,512,512,1.0,0.0,107.79,46.28,155.3
train,002389_png.rf.390e2037d6163fcb3a558bdd7bc47ecb.txt,data/thermal-1-filtered/train/images/002389_png.rf.390e2037d6163fcb3a558bdd7bc47ecb.jpg,512,512,1.0,0.0,85.19,53.91,465.1
train,frame232_jpg.rf.c3e85aff68b03da546bf224511105f29.txt,data/thermal-1-filtered/train/images/frame232_jpg.rf.c3e85aff68b03da546bf224511105f29.jpg,512,512,1.0,3.025,89.92,51.47,181.1
train,frame387_jpg.rf.b52cd710f8b3135a26574a9e3a7e32a7.txt,data/thermal-1-filtered/train/images/frame387_jpg.rf.b52cd710f8b3135a26574a9e3a7e32a7.jpg,512,512,1.0,3.196,86.16,39.59,82.6
train,frame44_jpg.rf.0b962ba88992eb38c517c4a3833eaedf.txt,data/thermal-1-filtered/train/images/frame44_jpg.rf.0b962ba88992eb38c517c4a3833eaedf.jpg,512,512,1.0,3.061,80.49,46.94,107.65
train,002716_png.rf.24f3a59209288a61f64673b1756cabc0.txt,data/thermal-1-filtered/train/images/002716_png.rf.24f3a59209288a61f64673b1756cabc0.jpg,512,512,1.0,0.0,78.4,53.23,296.96
train,frame396_jpg.rf.3a9d1614c0ae84e90254eaba0eee591a.txt,data/thermal-1-filtered/train/images/frame396_jpg.rf.3a9d1614c0ae84e90254eaba0eee591a.jpg,512,512,1.0,3.255,90.09,39.95,194.8
train,frame650_jpg.rf.3a296f3d430b007f9a997f70f4561d0b.txt,data/thermal-1-filtered/train/images/frame650_jpg.rf.3a296f3d430b007f9a997f70f4561d0b.jpg,512,512,1.0,3.303,57.19,33.95,430.93
train,frame409_jpg.rf.b6b04582b33b8b236e3cde23480713f1.txt,data/thermal-1-filtered/train/images/frame409_jpg.rf.b6b04582b33b8b236e3cde23480713f1.jpg,512,512,1.0,3.133,84.58,44.04,153.38
train,frame702_jpg.rf.27a0b03f5d192adc7cf9e95a01403656.txt,data/thermal-1-filtered/train/images/frame702_jpg.rf.27a0b03f5d192adc7cf9e95a01403656.jpg,512,512,1.0,3.022,44.45,28.4,117.54
train,002720_png.rf.bb358143ee9454486b564803f01f0988.txt,data/thermal-1-filtered/train/images/002720_png.rf.bb358143ee9454486b564803f01f0988.jpg,512,512,1.0,0.0,86.11,55.69,868.28
train,frame28_jpg.rf.fc6e19397a63048c5b92c54d4e6e4491.txt,data/thermal-1-filtered/train/images/frame28_jpg.rf.fc6e19397a63048c5b92c54d4e6e4491.jpg,512,512,1.0,3.008,80.86,52.05,163.93
train,0_0_000038_jpg.rf.ff89621e95139a3783ee91ca56ea3fed.txt,data/thermal-1-filtered/train/images/0_0_000038_jpg.rf.ff89621e95139a3783ee91ca56ea3fed.jpg,512,512,1.0,0.0,98.8,72.06,177.88
train,002213_png.rf.eaa218f8ee325a211431a1d3573bdcf7.txt,data/thermal-1-filtered/train/images/002213_png.rf.eaa218f8ee325a211431a1d3573bdcf7.jpg,512,512,1.0,0.0,79.29,53.44,531.92
train,frame47_jpg.rf.283be385e57fda8f4cd17276113602e2.txt,data/thermal-1-filtered/train/images/frame47_jpg.rf.283be385e57fda8f4cd17276113602e2.jpg,512,512,1.0,3.187,91.26,50.18,546.77
train,frame273_jpg.rf.b2b0a805935a6ba941f1c70acd10acc6.txt,data/thermal-1-filtered/train/images/frame273_jpg.rf.b2b0a805935a6ba941f1c70acd10acc6.jpg,512,512,1.0,2.94,78.6,51.94,164.88
train,frame166_jpg.rf.f3c6ab99605d1d48007bade758759048.txt,data/thermal-1-filtered/train/images/frame166_jpg.rf.f3c6ab99605d1d48007bade758759048.jpg,512,512,1.0,3.14,89.01,52.79,212.26
train,002825_png.rf.9e4eed32c580731b3e963c51ca2e09d4.txt,data/thermal-1-filtered/train/images/002825_png.rf.9e4eed32c580731b3e963c51ca2e09d4.jpg,512,512,1.0,0.0,89.76,55.26,842.32
train,002686_png.rf.dcad798859631a70397b721169ce3f6b.txt,data/thermal-1-filtered/train/images/002686_png.rf.dcad798859631a70397b721169ce3f6b.jpg,512,512,1.0,0.0,85.83,54.51,2015.59
train,003749_png.rf.f559b9be0befec90c860da9b03c2046b.txt,data/thermal-1-filtered/train/images/003749_png.rf.f559b9be0befec90c860da9b03c2046b.jpg,512,512,1.0,0.0,92.65,54.09,1113.45
train,0_0_000362_jpg.rf.21901c14dc913caf14a06715ce978a52.txt,data/thermal-1-filtered/train/images/0_0_000362_jpg.rf.21901c14dc913caf14a06715ce978a52.jpg,512,512,1.0,0.0,65.18,59.53,280.1
train,frame711_jpg.rf.9c8fc12f3d331f2d4fa376e9cc139077.txt,data/thermal-1-filtered/train/images/frame711_jpg.rf.9c8fc12f3d331f2d4fa376e9cc139077.jpg,512,512,1.0,3.291,61.24,34.28,441.5
train,0_0_000237_jpg.rf.82cbb4f12915f4b9e5a770131358a1c3.txt,data/thermal-1-filtered/train/images/0_0_000237_jpg.rf.82cbb4f12915f4b9e5a770131358a1c3.jpg,512,512,1.0,0.0,39.27,38.44,55.2
train,frame493_jpg.rf.04a79d1f18fbab98bec027f4e4c67f2c.txt,data/thermal-1-filtered/train/images/frame493_jpg.rf.04a79d1f18fbab98bec027f4e4c67f2c.jpg,512,512,1.0,3.149,82.68,37.49,144.97
train,0_0_000240_jpg.rf.576e928e9c18fe67ed26181c12b31c93.txt,data/thermal-1-filtered/train/images/0_0_000240_jpg.rf.576e928e9c18fe67ed26181c12b31c93.jpg,512,512,1.0,0.0,35.87,39.11,50.86
train,002836_png.rf.dd361f02b1ef386bcd1b1f92d38cf385.txt,data/thermal-1-filtered/train/images/002836_png.rf.dd361f02b1ef386bcd1b1f92d38cf385.jpg,512,512,1.0,0.0,69.91,46.53,231.88
train,IR_BIRD_012_frame53_jpg.rf.d6f1a4b9ef958bdd8b1fbe4ca747464d.txt,data/thermal-1-filtered/train/images/IR_BIRD_012_frame53_jpg.rf.d6f1a4b9ef958bdd8b1fbe4ca747464d.jpg,512,512,1.0,0.0,96.11,51.93,67.53
train,frame309_jpg.rf.916872ec9567e689e0738c3a988b9958.txt,data/thermal-1-filtered/train/images/frame309_jpg.rf.916872ec9567e689e0738c3a988b9958.jpg,512,512,1.0,3.264,100.38,57.96,228.88
train,frame627_jpg.rf.eb1c08cca682dee12f593522df0e24cb.txt,data/thermal-1-filtered/train/images/frame627_jpg.rf.eb1c08cca682dee12f593522df0e24cb.jpg,512,512,1.0,3.195,46.92,30.52,181.02
train,frame362_jpg.rf.71c3c2fb881008eaf0e0c9476c70fcf5.txt,data/thermal-1-filtered/train/images/frame362_jpg.rf.71c3c2fb881008eaf0e0c9476c70fcf5.jpg,512,512,1.0,3.058,82.29,46.25,121.85
train,IR_BIRD_012_frame21_jpg.rf.329c51ba8e31653ff3d2776eb26e2327.txt,data/thermal-1-filtered/train/images/IR_BIRD_012_frame21_jpg.rf.329c51ba8e31653ff3d2776eb26e2327.jpg,512,512,1.0,0.0,101.18,46.31,69.26
train,002211_png.rf.ad062845cd91e9c9d99cc91d421fbd27.txt,data/thermal-1-filtered/train/images/002211_png.rf.ad062845cd91e9c9d99cc91d421fbd27.jpg,512,512,1.0,0.0,75.5,51.81,447.0
train,003086_png.rf.2cb823091cd3d63a434d7e4a2b11b3ea.txt,data/thermal-1-filtered/train/images/003086_png.rf.2cb823091cd3d63a434d7e4a2b11b3ea.jpg,512,512,1.0,0.0,75.29,53.75,638.65
train,IR_BIRD_012_frame196_jpg.rf.e56497024b40c0bad00f519e22b4f260.txt,data/thermal-1-filtered/train/images/IR_BIRD_012_frame196_jpg.rf.e56497024b40c0bad00f519e22b4f260.jpg,512,512,1.0,0.0,85.52,52.15,71.4
train,frame191_jpg.rf.a02e53a8579e0c28f54b73c07d0e13a1.txt,data/thermal-1-filtered/train/images/frame191_jpg.rf.a02e53a8579e0c28f54b73c07d0e13a1.jpg,512,512,1.0,3.301,91.41,42.87,453.0
train,frame442_jpg.rf.624c29700f60ac8bd20e9daa0a54d941.txt,data/thermal-1-filtered/train/images/frame442_jpg.rf.624c29700f60ac8bd20e9daa0a54d941.jpg,512,512,1.0,3.021,85.56,50.51,175.44
train,003840_png.rf.2618958e4821741c6eb18694b5b7163a.txt,data/thermal-1-filtered/train/images/003840_png.rf.2618958e4821741c6eb18694b5b7163a.jpg,512,512,1.0,0.0,96.91,56.97,1192.45
train,003743_png.rf.9beff572b597ee773fc28a09f8675193.txt,data/thermal-1-filtered/train/images/003743_png.rf.9beff572b597ee773fc28a09f8675193.jpg,512,512,1.0,0.0,82.41,54.37,450.34
train,frame124_jpg.rf.a191757485aa92e4f3cf39c25fc7a4e3.txt,data/thermal-1-filtered/train/images/frame124_jpg.rf.a191757485aa92e4f3cf39c25fc7a4e3.jpg,512,512,1.0,3.107,90.31,57.7,202.05
train,003792_png.rf.bdd95919e87c232c85a4ce6651831599.txt,data/thermal-1-filtered/train/images/003792_png.rf.bdd95919e87c232c85a4ce6651831599.jpg,512,512,1.0,0.0,86.03,56.18,157.11
train,IR_BIRD_012_frame240_jpg.rf.ea41860a07c7f0f859a85a16a3c424bd.txt,data/thermal-1-filtered/train/images/IR_BIRD_012_frame240_jpg.rf.ea41860a07c7f0f859a85a16a3c424bd.jpg,512,512,1.0,0.0,107.88,46.17,96.4
train,002793_png.rf.e3aa38374df62a5998e2106d8613a2c2.txt,data/thermal-1-filtered/train/images/002793_png.rf.e3aa38374df62a5998e2106d8613a2c2.jpg,512,512,1.0,0.0,86.91,55.59,754.13
train,frame63_jpg.rf.ced5e6bc21ba327e2a18f6c5ab231579.txt,data/thermal-1-filtered/train/images/frame63_jpg.rf.ced5e6bc21ba327e2a18f6c5ab231579.jpg,512,512,1.0,3.024,86.51,55.0,255.4
train,frame561_jpg.rf.086056ea6c05a04d87a0161ef4cc4719.txt,data/thermal-1-filtered/train/images/frame561_jpg.rf.086056ea6c05a04d87a0161ef4cc4719.jpg,512,512,1.0,3.307,59.34,33.63,420.68
train,002235_png.rf.f871eea82e4a16d3f166e3e5ebe2d893.txt,data/thermal-1-filtered/train/images/002235_png.rf.f871eea82e4a16d3f166e3e5ebe2d893.jpg,512,512,1.0,0.0,89.56,54.83,1357.05
train,002768_png.rf.e7c0c18554b4bb54635ca354e0731f51.txt,data/thermal-1-filtered/train/images/002768_png.rf.e7c0c18554b4bb54635ca354e0731f51.jpg,512,512,1.0,0.0,84.76,54.99,1332.32
train,002020_png.rf.e5683d14b6f5dda9ff57deaa94d135db.txt,data/thermal-1-filtered/train/images/002020_png.rf.e5683d14b6f5dda9ff57deaa94d135db.jpg,512,512,1.0,0.0,82.98,54.41,904.32
train,002783_png.rf.ac4478d72b7b8d0d66f329f4f284d329.txt,data/thermal-1-filtered/train/images/002783_png.rf.ac4478d72b7b8d0d66f329f4f284d329.jpg,512,512,1.0,0.0,83.65,60.76,285.69
train,002014_png.rf.12188b9e86f770352b1d8fd86e2bd1aa.txt,data/thermal-1-filtered/train/images/002014_png.rf.12188b9e86f770352b1d8fd86e2bd1aa.jpg,512,512,1.0,0.0,76.79,52.09,576.32
train,002421_png.rf.ec7ff1d79656dc86a59aa1975148577b.txt,data/thermal-1-filtered/train/images/002421_png.rf.ec7ff1d79656dc86a59aa1975148577b.jpg,512,512,1.0,0.0,83.37,54.68,434.42
train,frame249_jpg.rf.36d5dc5b8a1c3671be09be0016ce7aeb.txt,data/thermal-1-filtered/train/images/frame249_jpg.rf.36d5dc5b8a1c3671be09be0016ce7aeb.jpg,512,512,1.0,2.914,91.7,58.09,147.14
train,003761_png.rf.80e05c95af740d0c3dd438821fa60aa8.txt,data/thermal-1-filtered/train/images/003761_png.rf.80e05c95af740d0c3dd438821fa60aa8.jpg,512,512,1.0,0.0,91.93,55.89,291.25
train,002828_png.rf.e80ae0c80d951cdf017f029fddaaf194.txt,data/thermal-1-filtered/train/images/002828_png.rf.e80ae0c80d951cdf017f029fddaaf194.jpg,512,512,1.0,0.0,79.01,47.73,321.12
train,IR_BIRD_012_frame217_jpg.rf.53efb1fa86bc4acc7557f5b21264583d.txt,data/thermal-1-filtered/train/images/IR_BIRD_012_frame217_jpg.rf.53efb1fa86bc4acc7557f5b21264583d.jpg,512,512,1.0,0.0,105.64,48.84,107.54
train,002541_png.rf.138a99c5fe2d15293535d152ad49802c.txt,data/thermal-1-filtered/train/images/002541_png.rf.138a99c5fe2d15293535d152ad49802c.jpg,512,512,1.0,0.0,81.53,55.04,400.27
train,003789_png.rf.c6e8e062152135cc7bea419ba95aad72.txt,data/thermal-1-filtered/train/images/003789_png.rf.c6e8e062152135cc7bea419ba95aad72.jpg,512,512,1.0,0.0,89.49,57.78,173.6
train,IR_BIRD_012_frame10_jpg.rf.2d883f7d4dcdca6832006caf7c4f77b2.txt,data/thermal-1-filtered/train/images/IR_BIRD_012_frame10_jpg.rf.2d883f7d4dcdca6832006caf7c4f77b2.jpg,512,512,1.0,0.0,93.09,54.43,62.29
train,ir_2_020230_jpg.rf.4f74558b5491a0edf83a00c4034a7496.txt,data/thermal-1-filtered/train/images/ir_2_020230_jpg.rf.4f74558b5491a0edf83a00c4034a7496.jpg,512,512,1.0,0.0,96.62,60.61,1409.05
train,IR_BIRD_012_frame242_jpg.rf.1e3fc705f2f80ebc1622fc680c1198ac.txt,data/thermal-1-filtered/train/images/IR_BIRD_012_frame242_jpg.rf.1e3fc705f2f80ebc1622fc680c1198ac.jpg,512,512,1.0,0.0,102.39,54.03,74.7
train,003735_png.rf.33988a557ee93cd02354b9160fdf3bd7.txt,data/thermal-1-filtered/train/images/003735_png.rf.33988a557ee93cd02354b9160fdf3bd7.jpg,512,512,1.0,0.0,91.23,51.97,682.16
train,0_0_000272_jpg.rf.62f347cdf192f1897b0fde31dad7f1ee.txt,data/thermal-1-filtered/train/images/0_0_000272_jpg.rf.62f347cdf192f1897b0fde31dad7f1ee.jpg,512,512,1.0,0.0,54.28,33.74,46.64
train,002415_png.rf.68dd0cc636a0401ec846a3e7c416e13c.txt,data/thermal-1-filtered/train/images/002415_png.rf.68dd0cc636a0401ec846a3e7c416e13c.jpg,512,512,1.0,0.0,90.62,55.44,1213.65
train,003968_png.rf.c564644a256da45ee1d0960214fb60ab.txt,data/thermal-1-filtered/train/images/003968_png.rf.c564644a256da45ee1d0960214fb60ab.jpg,512,512,1.0,0.0,72.11,52.5,345.98
train,IR_BIRD_012_frame28_jpg.rf.b23f16de324972cd09153a1d7425ed60.txt,data/thermal-1-filtered/train/images/IR_BIRD_012_frame28_jpg.rf.b23f16de324972cd09153a1d7425ed60.jpg,512,512,1.0,0.0,97.17,51.18,68.47
train,frame181_jpg.rf.9fd8513a2ba41f5e6a6b5e9f86888061.txt,data/thermal-1-filtered/train/images/frame181_jpg.rf.9fd8513a2ba41f5e6a6b5e9f86888061.jpg,512,512,1.0,3.253,93.94,45.43,422.79
train,IR_BIRD_012_frame269_jpg.rf.066072554cc169e893925ba1be02db62.txt,data/thermal-1-filtered/train/images/IR_BIRD_012_frame269_jpg.rf.066072554cc169e893925ba1be02db62.jpg,512,512,1.0,0.0,97.49,55.09,86.45
train,002427_png.rf.9306905f3cc3d3286cd39f8e7d947ffb.txt,data/thermal-1-filtered/train/images/002427_png.rf.9306905f3cc3d3286cd39f8e7d947ffb.jpg,512,512,1.0,0.0,85.59,54.74,422.79
train,002469_png.rf.d760dc438aad98b660a0494642032dfa.txt,data/thermal-1-filtered/train/images/002469_png.rf.d760dc438aad98b660a0494642032dfa.jpg,512,512,1.0,0.0,85.95,55.09,1633.22
train,002715_png.rf.c44845a698a058499da51b1bc8346650.txt,data/thermal-1-filtered/train/images/002715_png.rf.c44845a698a058499da51b1bc8346650.jpg,512,512,1.0,0.0,85.84,55.56,995.65
train,IR_BIRD_012_frame145_jpg.rf.d1f04c64d9d503ec7b2468b834283590.txt,data/thermal-1-filtered/train/images/IR_BIRD_012_frame145_jpg.rf.d1f04c64d9d503ec7b2468b834283590.jpg,512,512,1.0,0.0,103.05,49.74,69.05
train,003757_png.rf.c500106a436ae142a8a6d8da9dcfccfb.txt,data/thermal-1-filtered/train/images/003757_png.rf.c500106a436ae142a8a6d8da9dcfccfb.jpg,512,512,1.0,0.0,94.32,54.46,1052.17
train,003786_png.rf.2cffe6f66394f7832c163597bf64b8fc.txt,data/thermal-1-filtered/train/images/003786_png.rf.2cffe6f66394f7832c163597bf64b8fc.jpg,512,512,1.0,0.0,89.14,56.8,160.45
train,002252_png.rf.3b61a9835fe88af7c6b9b5d6f9045b45.txt,data/thermal-1-filtered/train/images/002252_png.rf.3b61a9835fe88af7c6b9b5d6f9045b45.jpg,512,512,1.0,0.0,95.18,60.85,176.2
train,003730_png.rf.ebe93fbd9bcdcd4b9152c422db3ac9d3.txt,data/thermal-1-filtered/train/images/003730_png.rf.ebe93fbd9bcdcd4b9152c422db3ac9d3.jpg,512,512,1.0,0.0,82.73,52.84,578.12
train,frame11_jpg.rf.795b327b941ac04bc52cbac5b72a9ef1.txt,data/thermal-1-filtered/train/images/frame11_jpg.rf.795b327b941ac04bc52cbac5b72a9ef1.jpg,512,512,1.0,3.226,77.85,48.13,403.93
train,003032_png.rf.5d716a57c75c0c2e70213620f217847f.txt,data/thermal-1-filtered/train/images/003032_png.rf.5d716a57c75c0c2e70213620f217847f.jpg,512,512,1.0,0.0,86.26,55.64,1245.1
train,frame419_jpg.rf.da8c42ab20d515f0721b6f1b92ec971f.txt,data/thermal-1-filtered/train/images/frame419_jpg.rf.da8c42ab20d515f0721b6f1b92ec971f.jpg,512,512,1.0,3.219,87.37,44.57,233.65
train,002419_png.rf.1c280b07eebfaf1a33fc5afe2945c136.txt,data/thermal-1-filtered/train/images/002419_png.rf.1c280b07eebfaf1a33fc5afe2945c136.jpg,512,512,1.0,0.0,89.04,53.51,468.98
train,003055_png.rf.5812f2ba09b253ad8d623d5477aad1e5.txt,data/thermal-1-filtered/train/images/003055_png.rf.5812f2ba09b253ad8d623d5477aad1e5.jpg,512,512,1.0,0.0,89.31,58.21,2646.61
train,IR_BIRD_012_frame19_jpg.rf.708ad557869279895390bac2bd6d5898.txt,data/thermal-1-filtered/train/images/IR_BIRD_012_frame19_jpg.rf.708ad557869279895390bac2bd6d5898.jpg,512,512,1.0,0.0,101.17,46.31,69.23
train,002743_png.rf.2cb5022156aaf14bfb667bec0413a685.txt,data/thermal-1-filtered/train/images/002743_png.rf.2cb5022156aaf14bfb667bec0413a685.jpg,512,512,1.0,0.0,75.92,53.16,652.56
train,002367_png.rf.58f4a0ea831ed3dc0ccabc91f7754b2e.txt,data/thermal-1-filtered/train/images/002367_png.rf.58f4a0ea831ed3dc0ccabc91f7754b2e.jpg,512,512,1.0,0.0,84.1,53.27,353.87
train,frame622_jpg.rf.7f32719a3592a2b0527fd4ada3e73ce1.txt,data/thermal-1-filtered/train/images/frame622_jpg.rf.7f32719a3592a2b0527fd4ada3e73ce1.jpg,512,512,1.0,3.086,46.29,30.64,164.48
train,003064_png.rf.de6430cb7851b60f23bfb36ff3ef1146.txt,data/thermal-1-filtered/train/images/003064_png.rf.de6430cb7851b60f23bfb36ff3ef1146.jpg,512,512,1.0,0.0,89.43,58.12,3173.08
train,frame359_jpg.rf.c13aa030a7238ab8c0d9dc8638688e02.txt,data/thermal-1-filtered/train/images/frame359_jpg.rf.c13aa030a7238ab8c0d9dc8638688e02.jpg,512,512,1.0,3.206,94.24,48.17,488.13
train,frame677_jpg.rf.905727343fc0ecce7497e6a8c09eda2b.txt,data/thermal-1-filtered/train/images/frame677_jpg.rf.905727343fc0ecce7497e6a8c09eda2b.jpg,512,512,1.0,3.305,48.34,29.82,455.1
train,IR_BIRD_012_frame140_jpg.rf.e506d69b74578f5ccaa97c9ca1762829.txt,data/thermal-1-filtered/train/images/IR_BIRD_012_frame140_jpg.rf.e506d69b74578f5ccaa97c9ca1762829.jpg,512,512,1.0,0.0,90.83,55.02,74.7
train,frame384_jpg.rf.262391721405d6e75ac3e7d35e51e517.txt,data/thermal-1-filtered/train/images/frame384_jpg.rf.262391721405d6e75ac3e7d35e51e517.jpg,512,512,1.0,3.284,94.81,41.64,442.32
train,003838_png.rf.a51b1738a9b225a91fa123f76f65f865.txt,data/thermal-1-filtered/train/images/003838_png.rf.a51b1738a9b225a91fa123f76f65f865.jpg,512,512,1.0,0.0,97.12,56.62,926.48
train,IR_BIRD_012_frame108_jpg.rf.92ed968669ae17a160d19553d48fe59b.txt,data/thermal-1-filtered/train/images/IR_BIRD_012_frame108_jpg.rf.92ed968669ae17a160d19553d48fe59b.jpg,512,512,1.0,0.0,91.23,54.42,74.28
train,frame355_jpg.rf.b1c80b0bce2b5da1510f0968682cf02a.txt,data/thermal-1-filtered/train/images/frame355_jpg.rf.b1c80b0bce2b5da1510f0968682cf02a.jpg,512,512,1.0,3.205,93.04,47.46,491.6
train,002783_png.rf.ad69431fc6cf38f1ae9bf14e880ea46f.txt,data/thermal-1-filtered/train/images/002783_png.rf.ad69431fc6cf38f1ae9bf14e880ea46f.jpg,512,512,1.0,0.0,90.33,59.55,868.69
train,IR_BIRD_012_frame10_jpg.rf.843c395684eddd75b658e540cedfb8e1.txt,data/thermal-1-filtered/train/images/IR_BIRD_012_frame10_jpg.rf.843c395684eddd75b658e540cedfb8e1.jpg,512,512,1.0,0.0,101.18,46.31,69.69
train,frame551_jpg.rf.1adaea30b93f59b87462eba622bfce82.txt,data/thermal-1-filtered/train/images/frame551_jpg.rf.1adaea30b93f59b87462eba622bfce82.jpg,512,512,1.0,3.303,59.94,33.07,406.28
train,002013_png.rf.ac6ddeb5304fa5d8e9c663560089174a.txt,data/thermal-1-filtered/train/images/002013_png.rf.ac6ddeb5304fa5d8e9c663560089174a.jpg,512,512,1.0,0.0,82.09,57.14,758.2
train,ir_049620_jpg.rf.d0c0382aa8f384d8fb45eb8112fe4388.txt,data/thermal-1-filtered/train/images/ir_049620_jpg.rf.d0c0382aa8f384d8fb45eb8112fe4388.jpg,512,512,1.0,0.0,83.27,53.3,459.48
train,0_0_000151_jpg.rf.d878f3d09e30764b68bfe433aad0c8d2.txt,data/thermal-1-filtered/train/images/0_0_000151_jpg.rf.d878f3d09e30764b68bfe433aad0c8d2.jpg,512,512,1.0,0.0,125.03,52.17,95.39
train,IR_BIRD_012_frame50_jpg.rf.253b9f79e9d687d9364838ec10a4abcb.txt,data/thermal-1-filtered/train/images/IR_BIRD_012_frame50_jpg.rf.253b9f79e9d687d9364838ec10a4abcb.jpg,512,512,1.0,0.0,94.18,52.69,60.2
train,frame216_jpg.rf.7e926f5e629637499eb77b09ff55a237.txt,data/thermal-1-filtered/train/images/frame216_jpg.rf.7e926f5e629637499eb77b09ff55a237.jpg,512,512,1.0,3.204,90.89,47.03,95.83
train,0_0_000091_jpg.rf.a56d35ec785a19b52ab34b25ebf5c1d3.txt,data/thermal-1-filtered/train/images/0_0_000091_jpg.rf.a56d35ec785a19b52ab34b25ebf5c1d3.jpg,512,512,1.0,0.0,119.83,62.24,266.51
train,frame415_jpg.rf.fd4b330452cef72e9a6858114c3bd342.txt,data/thermal-1-filtered/train/images/frame415_jpg.rf.fd4b330452cef72e9a6858114c3bd342.jpg,512,512,1.0,3.267,89.22,41.94,449.64
train,frame297_jpg.rf.2368ace0c4b8097fdd91838f67817efc.txt,data/thermal-1-filtered/train/images/frame297_jpg.rf.2368ace0c4b8097fdd91838f67817efc.jpg,512,512,1.0,2.985,84.24,54.26,185.45
train,IR_BIRD_012_frame90_jpg.rf.bfe3b3900ffbaec0f9bcccb05040894f.txt,data/thermal-1-filtered/train/images/IR_BIRD_012_frame90_jpg.rf.bfe3b3900ffbaec0f9bcccb05040894f.jpg,512,512,1.0,0.0,93.32,54.86,65.44
train,001501_png.rf.8cc80cbf2be44e7411f9b5ff56deac81.txt,data/thermal-1-filtered/train/images/001501_png.rf.8cc80cbf2be44e7411f9b5ff56deac81.jpg,512,512,1.0,0.0,88.61,56.34,601.84
train,frame465_jpg.rf.da05ef55ed147901d983c21b343cfef6.txt,data/thermal-1-filtered/train/images/frame465_jpg.rf.da05ef55ed147901d983c21b343cfef6.jpg,512,512,1.0,3.153,95.01,40.16,237.58
train,003785_png.rf.72b63b710f870886fd63c552ab64b467.txt,data/thermal-1-filtered/train/images/003785_png.rf.72b63b710f870886fd63c552ab64b467.jpg,512,512,1.0,0.0,101.12,58.28,577.75
train,003680_png.rf.6e1bcaa3e4aaefd886609768723e1fa2.txt,data/thermal-1-filtered/train/images/003680_png.rf.6e1bcaa3e4aaefd886609768723e1fa2.jpg,512,512,1.0,0.0,79.2,51.8,711.91
train,IR_BIRD_012_frame130_jpg.rf.e5871d69867edc029fb341a6be90a002.txt,data/thermal-1-filtered/train/images/IR_BIRD_012_frame130_jpg.rf.e5871d69867edc029fb341a6be90a002.jpg,512,512,1.0,0.0,91.89,55.48,74.14
train,002265_png.rf.0880f8916f0d7f4fd55977a423e06aa8.txt,data/thermal-1-filtered/train/images/002265_png.rf.0880f8916f0d7f4fd55977a423e06aa8.jpg,512,512,1.0,0.0,78.08,53.35,145.18
train,003774_png.rf.0f1df02f271976db6d4c8b4cc84569be.txt,data/thermal-1-filtered/train/images/003774_png.rf.0f1df02f271976db6d4c8b4cc84569be.jpg,512,512,1.0,0.0,93.79,53.63,247.89
train,frame45_jpg.rf.98303989750d12aedecd9070676da5bc.txt,data/thermal-1-filtered/train/images/frame45_jpg.rf.98303989750d12aedecd9070676da5bc.jpg,512,512,1.0,2.85,73.76,48.65,129.51
train,IR_BIRD_012_frame112_jpg.rf.bfeea233971d884afc17f031e58cc844.txt,data/thermal-1-filtered/train/images/IR_BIRD_012_frame112_jpg.rf.bfeea233971d884afc17f031e58cc844.jpg,512,512,1.0,0.0,98.91,52.78,71.22
train,002039_png.rf.222aabdda02992ac3ef9ead3d00a97a1.txt,data/thermal-1-filtered/train/images/002039_png.rf.222aabdda02992ac3ef9ead3d00a97a1.jpg,512,512,1.0,0.0,89.64,58.32,1922.6
train,frame132_jpg.rf.22ab112f12e58f5fd94ab41c7d364173.txt,data/thermal-1-filtered/train/images/frame132_jpg.rf.22ab112f12e58f5fd94ab41c7d364173.jpg,512,512,1.0,2.976,88.68,57.83,156.03
train,IR_BIRD_012_frame18_jpg.rf.f9feb440f2697b9f4f9866f1380a5cad.txt,data/thermal-1-filtered/train/images/IR_BIRD_012_frame18_jpg.rf.f9feb440f2697b9f4f9866f1380a5cad.jpg,512,512,1.0,0.0,101.17,46.31,69.14
train,002544_png.rf.a794f67028438ddfe15e64160be8bc0c.txt,data/thermal-1-filtered/train/images/002544_png.rf.a794f67028438ddfe15e64160be8bc0c.jpg,512,512,1.0,0.0,81.45,53.82,395.82
train,frame421_jpg.rf.9d49a840be10bbf61300a1514b77e8ab.txt,data/thermal-1-filtered/train/images/frame421_jpg.rf.9d49a840be10bbf61300a1514b77e8ab.jpg,512,512,1.0,3.241,90.69,45.38,537.56
train,003717_png.rf.89287c984167f32f202e883e6293ac02.txt,data/thermal-1-filtered/train/images/003717_png.rf.89287c984167f32f202e883e6293ac02.jpg,512,512,1.0,0.0,80.21,53.15,590.34
train,003805_png.rf.26b2c05063e2eb1cbda5a7ff923888b3.txt,data/thermal-1-filtered/train/images/003805_png.rf.26b2c05063e2eb1cbda5a7ff923888b3.jpg,512,512,1.0,0.0,100.26,58.03,718.1
train,ir_2_017540_jpg.rf.3d6afaa264047044864ce02ac098a321.txt,data/thermal-1-filtered/train/images/ir_2_017540_jpg.rf.3d6afaa264047044864ce02ac098a321.jpg,512,512,1.0,0.0,91.4,59.19,1769.94
train,003087_png.rf.69f5624bace1490818009019637dd194.txt,data/thermal-1-filtered/train/images/003087_png.rf.69f5624bace1490818009019637dd194.jpg,512,512,1.0,0.0,82.08,55.56,825.82
train,001985_png.rf.574bf51ce4af09baf8415eda09b3831c.txt,data/thermal-1-filtered/train/images/001985_png.rf.574bf51ce4af09baf8415eda09b3831c.jpg,512,512,1.0,0.0,88.74,56.05,692.24
train,002414_png.rf.831863951fbce69ffde84e95c29db66b.txt,data/thermal-1-filtered/train/images/002414_png.rf.831863951fbce69ffde84e95c29db66b.jpg,512,512,1.0,0.0,80.16,53.0,370.84
train,002809_png.rf.66123e8c051117ef0cc2aeba2bc2e6f4.txt,data/thermal-1-filtered/train/images/002809_png.rf.66123e8c051117ef0cc2aeba2bc2e6f4.jpg,512,512,1.0,0.0,81.02,52.93,249.03
train,frame643_jpg.rf.a3a276f9528ae87409cc9db8361b9941.txt,data/thermal-1-filtered/train/images/frame643_jpg.rf.a3a276f9528ae87409cc9db8361b9941.jpg,512,512,1.0,3.06,44.59,30.19,159.74
train,ir_3_030830_jpg.rf.811157badee5b06ef1ea3d046d2d2867.txt,data/thermal-1-filtered/train/images/ir_3_030830_jpg.rf.811157badee5b06ef1ea3d046d2d2867.jpg,512,512,1.0,0.0,85.13,58.07,1364.48
train,002227_png.rf.cbef450308111bbdaa92cf5646ad656f.txt,data/thermal-1-filtered/train/images/002227_png.rf.cbef450308111bbdaa92cf5646ad656f.jpg,512,512,1.0,0.0,86.04,55.7,863.71
train,frame622_jpg.rf.fac24b1457d2aaf2827e3260475cc498.txt,data/thermal-1-filtered/train/images/frame622_jpg.rf.fac24b1457d2aaf2827e3260475cc498.jpg,512,512,1.0,3.313,55.94,34.33,436.62
train,002372_png.rf.bb6610c2a99db98b15efa52af56b0731.txt,data/thermal-1-filtered/train/images/002372_png.rf.bb6610c2a99db98b15efa52af56b0731.jpg,512,512,1.0,0.0,90.87,55.08,287.45
train,002710_png.rf.2b642abea44757a7483e04ffc77678d6.txt,data/thermal-1-filtered/train/images/002710_png.rf.2b642abea44757a7483e04ffc77678d6.jpg,512,512,1.0,0.0,73.68,48.53,295.09
train,002047_png.rf.aeb23d1df97a4c0adea1a1dc59e4085f.txt,data/thermal-1-filtered/train/images/002047_png.rf.aeb23d1df97a4c0adea1a1dc59e4085f.jpg,512,512,1.0,0.0,80.69,56.4,1411.98
train,IR_BIRD_012_frame186_jpg.rf.462a54395b2b3c2677dd37d1b5ce139a.txt,data/thermal-1-filtered/train/images/IR_BIRD_012_frame186_jpg.rf.462a54395b2b3c2677dd37d1b5ce139a.jpg,512,512,1.0,0.0,100.81,49.32,54.81
train,003535_png.rf.861599b5f342fb15ccf92f8b4f74d46e.txt,data/thermal-1-filtered/train/images/003535_png.rf.861599b5f342fb15ccf92f8b4f74d46e.jpg,512,512,1.0,0.0,77.39,48.14,144.1
train,frame409_jpg.rf.9436169f77090300a666281890506f5e.txt,data/thermal-1-filtered/train/images/frame409_jpg.rf.9436169f77090300a666281890506f5e.jpg,512,512,1.0,3.269,89.44,42.25,453.16
train,IR_BIRD_012_frame79_jpg.rf.9e69becef11d73ee8d8e7bcf4455d9d1.txt,data/thermal-1-filtered/train/images/IR_BIRD_012_frame79_jpg.rf.9e69becef11d73ee8d8e7bcf4455d9d1.jpg,512,512,1.0,0.0,91.63,56.52,72.96
train,frame556_jpg.rf.d748570344005e9d3bd4d9cd1b0174cd.txt,data/thermal-1-filtered/train/images/frame556_jpg.rf.d748570344005e9d3bd4d9cd1b0174cd.jpg,512,512,1.0,3.126,46.96,27.98,141.64
train,frame378_jpg.rf.01fcad502989624a09bf30dd1ba92e0a.txt,data/thermal-1-filtered/train/images/frame378_jpg.rf.01fcad502989624a09bf30dd1ba92e0a.jpg,512,512,1.0,3.044,82.96,44.22,136.3
train,frame556_jpg.rf.da6bb66c92eec914de85e88f46154b63.txt,data/thermal-1-filtered/train/images/frame556_jpg.rf.da6bb66c92eec914de85e88f46154b63.jpg,512,512,1.0,3.312,59.07,33.41,417.93
train,frame671_jpg.rf.dfd316f1b9d50a956e3371f3d6585c69.txt,data/thermal-1-filtered/train/images/frame671_jpg.rf.dfd316f1b9d50a956e3371f3d6585c69.jpg,512,512,1.0,3.169,42.54,27.99,160.18
train,002295_png.rf.a46f3d8d1167269cbd744dbfc47acafe.txt,data/thermal-1-filtered/train/images/002295_png.rf.a46f3d8d1167269cbd744dbfc47acafe.jpg,512,512,1.0,0.0,81.13,55.13,487.24
train,frame563_jpg.rf.480d55f929c68b2833ad0e84ff8f1faa.txt,data/thermal-1-filtered/train/images/frame563_jpg.rf.480d55f929c68b2833ad0e84ff8f1faa.jpg,512,512,1.0,3.106,47.42,28.43,107.05
train,002270_png.rf.da34b4477b42cf13a3e3ed5d527c00cc.txt,data/thermal-1-filtered/train/images/002270_png.rf.da34b4477b42cf13a3e3ed5d527c00cc.jpg,512,512,1.0,0.0,84.0,52.08,236.91
train,frame394_jpg.rf.1c55621f765fe2f6c2f79018b6880dff.txt,data/thermal-1-filtered/train/images/frame394_jpg.rf.1c55621f765fe2f6c2f79018b6880dff.jpg,512,512,1.0,2.972,80.44,44.98,111.05
train,002332_png.rf.5fd80a38bbaeb385cf90b884210d7af7.txt,data/thermal-1-filtered/train/images/002332_png.rf.5fd80a38bbaeb385cf90b884210d7af7.jpg,512,512,1.0,0.0,90.03,57.04,1567.86
train,frame35_jpg.rf.733f08dbe718615df27e6181686069af.txt,data/thermal-1-filtered/train/images/frame35_jpg.rf.733f08dbe718615df27e6181686069af.jpg,512,512,1.0,3.189,88.52,50.89,502.1
train,002434_png.rf.c31db5f3ded5b026ea57998196e612cd.txt,data/thermal-1-filtered/train/images/002434_png.rf.c31db5f3ded5b026ea57998196e612cd.jpg,512,512,1.0,0.0,82.66,53.95,442.66
train,frame49_jpg.rf.8675ac740f7f12194930a8a961941ce3.txt,data/thermal-1-filtered/train/images/frame49_jpg.rf.8675ac740f7f12194930a8a961941ce3.jpg,512,512,1.0,3.174,93.18,52.85,592.58
train,IR_BIRD_012_frame221_jpg.rf.77ae4c66c908833bbbe86c8820425705.txt,data/thermal-1-filtered/train/images/IR_BIRD_012_frame221_jpg.rf.77ae4c66c908833bbbe86c8820425705.jpg,512,512,1.0,0.0,97.96,57.69,93.24
train,002075_png.rf.e08b23ac523522a49cc6d50cef1ed551.txt,data/thermal-1-filtered/train/images/002075_png.rf.e08b23ac523522a49cc6d50cef1ed551.jpg,512,512,1.0,0.0,84.73,56.21,1194.8
train,002684_png.rf.ce921d3ef64a0dd4143e0772564787dd.txt,data/thermal-1-filtered/train/images/002684_png.rf.ce921d3ef64a0dd4143e0772564787dd.jpg,512,512,1.0,0.0,82.07,49.21,722.64
train,003028_png.rf.75c483a6121f4e6fd58c47ee85f00bd1.txt,data/thermal-1-filtered/train/images/003028_png.rf.75c483a6121f4e6fd58c47ee85f00bd1.jpg,512,512,1.0,0.0,88.46,58.19,2767.07
train,002704_png.rf.74693d8e549d345598283902f6c530a7.txt,data/thermal-1-filtered/train/images/002704_png.rf.74693d8e549d345598283902f6c530a7.jpg,512,512,1.0,0.0,81.18,56.67,1367.47
train,0_0_000018_jpg.rf.79381d0004fc7d8901fe1869aeeef718.txt,data/thermal-1-filtered/train/images/0_0_000018_jpg.rf.79381d0004fc7d8901fe1869aeeef718.jpg,512,512,1.0,0.0,104.89,73.65,92.47
train,002835_png.rf.b5f8bf66ff8dfd407c0948bb4c7feece.txt,data/thermal-1-filtered/train/images/002835_png.rf.b5f8bf66ff8dfd407c0948bb4c7feece.jpg,512,512,1.0,0.0,86.19,54.44,929.49
train,001982_png.rf.8e74dc7c0b537bcf200c0ae42180edca.txt,data/thermal-1-filtered/train/images/001982_png.rf.8e74dc7c0b537bcf200c0ae42180edca.jpg,512,512,1.0,0.0,86.83,55.63,708.09
train,0_0_000041_jpg.rf.dcc12bb2507aa14c482b1880608e7f0b.txt,data/thermal-1-filtered/train/images/0_0_000041_jpg.rf.dcc12bb2507aa14c482b1880608e7f0b.jpg,512,512,1.0,0.0,91.24,72.65,110.17
train,frame506_jpg.rf.53af9e52c960afdbc164f6f2bb50e20a.txt,data/thermal-1-filtered/train/images/frame506_jpg.rf.53af9e52c960afdbc164f6f2bb50e20a.jpg,512,512,1.0,3.303,86.1,34.68,388.68
train,002405_png.rf.b4983e5e6573725106aa83b3172bcb3f.txt,data/thermal-1-filtered/train/images/002405_png.rf.b4983e5e6573725106aa83b3172bcb3f.jpg,512,512,1.0,0.0,79.77,50.54,343.74
train,frame293_jpg.rf.9131210a8c5dd559353ff9835896a03c.txt,data/thermal-1-filtered/train/images/frame293_jpg.rf.9131210a8c5dd559353ff9835896a03c.jpg,512,512,1.0,3.263,101.03,54.92,552.23
train,frame468_jpg.rf.1017b1d1915c9c0ca28440885d60a43e.txt,data/thermal-1-filtered/train/images/frame468_jpg.rf.1017b1d1915c9c0ca28440885d60a43e.jpg,512,512,1.0,3.302,104.35,36.4,408.4
train,ir_2_017540_jpg.rf.6417a88889c33c615c6227810f54a749.txt,data/thermal-1-filtered/train/images/ir_2_017540_jpg.rf.6417a88889c33c615c6227810f54a749.jpg,512,512,1.0,0.0,78.63,57.54,549.7
train,003693_png.rf.cd7a1d464d860508f2ed4d78369f61c9.txt,data/thermal-1-filtered/train/images/003693_png.rf.cd7a1d464d860508f2ed4d78369f61c9.jpg,512,512,1.0,0.0,81.8,53.85,736.49
train,frame353_jpg.rf.1c2e147aecbdff5d5d1ec31a3098a506.txt,data/thermal-1-filtered/train/images/frame353_jpg.rf.1c2e147aecbdff5d5d1ec31a3098a506.jpg,512,512,1.0,3.2,90.25,44.39,485.53
train,002707_png.rf.e1b13bd5435e9b9c4299c3b47c4ae1a7.txt,data/thermal-1-filtered/train/images/002707_png.rf.e1b13bd5435e9b9c4299c3b47c4ae1a7.jpg,512,512,1.0,0.0,82.78,54.59,1100.47
train,frame386_jpg.rf.1904db608ee68f68ed50ba0cba229d3f.txt,data/thermal-1-filtered/train/images/frame386_jpg.rf.1904db608ee68f68ed50ba0cba229d3f.jpg,512,512,1.0,3.268,88.9,37.38,187.53
train,frame667_jpg.rf.3f2b26a9980b0c8ee7cb104f127311f1.txt,data/thermal-1-filtered/train/images/frame667_jpg.rf.3f2b26a9980b0c8ee7cb104f127311f1.jpg,512,512,1.0,3.17,41.42,24.49,93.3
train,0_0_000044_jpg.rf.755e1867d0675cec3f279501995eebbe.txt,data/thermal-1-filtered/train/images/0_0_000044_jpg.rf.755e1867d0675cec3f279501995eebbe.jpg,512,512,1.0,0.0,84.93,71.75,128.63
train,002710_png.rf.40116403f82f4305cd362fa54d1ea64c.txt,data/thermal-1-filtered/train/images/002710_png.rf.40116403f82f4305cd362fa54d1ea64c.jpg,512,512,1.0,0.0,84.21,54.31,956.44
train,001669_png.rf.ed4d8a497f50eb8a57bf8657dc10cbdd.txt,data/thermal-1-filtered/train/images/001669_png.rf.ed4d8a497f50eb8a57bf8657dc10cbdd.jpg,512,512,1.0,0.0,78.38,55.77,703.07
train,frame551_jpg.rf.cb1dda388254db43c40e053a2cfc6d3e.txt,data/thermal-1-filtered/train/images/frame551_jpg.rf.cb1dda388254db43c40e053a2cfc6d3e.jpg,512,512,1.0,3.045,44.18,26.33,95.68
train,frame277_jpg.rf.2a52e7dcc42bf73b5746827b7b13173a.txt,data/thermal-1-filtered/train/images/frame277_jpg.rf.2a52e7dcc42bf73b5746827b7b13173a.jpg,512,512,1.0,2.901,77.26,54.15,149.21
train,003820_png.rf.45437604c80dca2c5fbf66215eb4544b.txt,data/thermal-1-filtered/train/images/003820_png.rf.45437604c80dca2c5fbf66215eb4544b.jpg,512,512,1.0,0.0,96.86,52.63,472.44
train,002806_png.rf.ad5830d58fb7588d8fb66ca3d5bd0d2f.txt,data/thermal-1-filtered/train/images/002806_png.rf.ad5830d58fb7588d8fb66ca3d5bd0d2f.jpg,512,512,1.0,0.0,86.43,57.16,1223.22
train,002304_png.rf.e060f5decb5995be9ca381aa1793feaf.txt,data/thermal-1-filtered/train/images/002304_png.rf.e060f5decb5995be9ca381aa1793feaf.jpg,512,512,1.0,0.0,83.53,57.4,716.48
train,003865_png.rf.54bb035700e88733806549db14dd17d0.txt,data/thermal-1-filtered/train/images/003865_png.rf.54bb035700e88733806549db14dd17d0.jpg,512,512,1.0,0.0,96.51,56.85,1330.13
train,002015_png.rf.6e8a1e84d2b4eb0d006186c9ba7ed5af.txt,data/thermal-1-filtered/train/images/002015_png.rf.6e8a1e84d2b4eb0d006186c9ba7ed5af.jpg,512,512,1.0,0.0,89.94,58.4,2335.1
train,002077_png.rf.2db100767cea061a7c075458f95641b9.txt,data/thermal-1-filtered/train/images/002077_png.rf.2db100767cea061a7c075458f95641b9.jpg,512,512,1.0,0.0,80.84,57.61,1180.88
train,frame101_jpg.rf.9ca4fce3a45eef16e687a01e126375df.txt,data/thermal-1-filtered/train/images/frame101_jpg.rf.9ca4fce3a45eef16e687a01e126375df.jpg,512,512,1.0,3.28,96.71,50.14,630.61
train,img_0291_png.rf.1794741a8995212454a4e9b03aa5ee7c.txt,data/thermal-1-filtered/train/images/img_0291_png.rf.1794741a8995212454a4e9b03aa5ee7c.jpg,512,512,1.0,0.0,123.77,49.45,102.41
train,frame681_jpg.rf.da5461eb924cfe30ab8f8cd823567c46.txt,data/thermal-1-filtered/train/images/frame681_jpg.rf.da5461eb924cfe30ab8f8cd823567c46.jpg,512,512,1.0,3.102,40.03,24.28,151.78
train,frame252_jpg.rf.79aee644423bb7a2677d8c38e6455049.txt,data/thermal-1-filtered/train/images/frame252_jpg.rf.79aee644423bb7a2677d8c38e6455049.jpg,512,512,1.0,2.811,88.77,62.23,171.28
train,frame223_jpg.rf.ac276df07aaa8c14cd811247380f01e4.txt,data/thermal-1-filtered/train/images/frame223_jpg.rf.ac276df07aaa8c14cd811247380f01e4.jpg,512,512,1.0,2.964,85.24,52.14,133.6
train,frame651_jpg.rf.8589012eb7e71e915abe0c9f86abf489.txt,data/thermal-1-filtered/train/images/frame651_jpg.rf.8589012eb7e71e915abe0c9f86abf489.jpg,512,512,1.0,3.046,46.55,29.79,132.52
train,frame572_jpg.rf.f60c1413bcc48d4163ef72d86b30f260.txt,data/thermal-1-filtered/train/images/frame572_jpg.rf.f60c1413bcc48d4163ef72d86b30f260.jpg,512,512,1.0,3.304,57.92,34.15,419.72
train,frame167_jpg.rf.5528c4ae63a7b79755e7152773f1e436.txt,data/thermal-1-filtered/train/images/frame167_jpg.rf.5528c4ae63a7b79755e7152773f1e436.jpg,512,512,1.0,3.032,81.71,51.25,188.34
train,frame191_jpg.rf.c0df9b8b1212e23d52412676c41f8a77.txt,data/thermal-1-filtered/train/images/frame191_jpg.rf.c0df9b8b1212e23d52412676c41f8a77.jpg,512,512,1.0,3.107,86.15,47.54,153.36
train,001511_png.rf.9fb5f42b3722093a19e065c945f34e06.txt,data/thermal-1-filtered/train/images/001511_png.rf.9fb5f42b3722093a19e065c945f34e06.jpg,512,512,1.0,0.0,84.21,52.63,254.71
train,0_0_000056_jpg.rf.dcf273e56dc848b7f795bef320dd0303.txt,data/thermal-1-filtered/train/images/0_0_000056_jpg.rf.dcf273e56dc848b7f795bef320dd0303.jpg,512,512,1.0,0.0,55.25,62.73,114.21
train,003767_png.rf.9b150925d148bb7f74d75c58cf412492.txt,data/thermal-1-filtered/train/images/003767_png.rf.9b150925d148bb7f74d75c58cf412492.jpg,512,512,1.0,0.0,83.35,51.83,235.9
train,ir_2_029810_jpg.rf.0f861684a2e7f383cf95257678ff4298.txt,data/thermal-1-filtered/train/images/ir_2_029810_jpg.rf.0f861684a2e7f383cf95257678ff4298.jpg,512,512,1.0,0.0,87.76,57.34,917.32
train,002396_png.rf.ce744582152c8d4a3b1676bd5c818214.txt,data/thermal-1-filtered/train/images/002396_png.rf.ce744582152c8d4a3b1676bd5c818214.jpg,512,512,1.0,0.0,90.53,55.87,1142.69
train,0_0_000246_jpg.rf.6cbeeff11875c7cf9876ba108a9f5db6.txt,data/thermal-1-filtered/train/images/0_0_000246_jpg.rf.6cbeeff11875c7cf9876ba108a9f5db6.jpg,512,512,1.0,0.0,47.87,53.67,48.88
train,003710_png.rf.0a6ca233f3b8a54259995f318f9e8b88.txt,data/thermal-1-filtered/train/images/003710_png.rf.0a6ca233f3b8a54259995f318f9e8b88.jpg,512,512,1.0,0.0,84.74,54.27,727.13
train,frame422_jpg.rf.05fca7d363e8c47960481683c7a7c21c.txt,data/thermal-1-filtered/train/images/frame422_jpg.rf.05fca7d363e8c47960481683c7a7c21c.jpg,512,512,1.0,3.031,80.03,46.64,134.59
train,frame214_jpg.rf.a1ecd99a8c0f65a3cd918068f1d87866.txt,data/thermal-1-filtered/train/images/frame214_jpg.rf.a1ecd99a8c0f65a3cd918068f1d87866.jpg,512,512,1.0,3.072,88.53,48.9,152.66
train,003046_png.rf.245c9e4f86eeff529d5a2ee60112ca0a.txt,data/thermal-1-filtered/train/images/003046_png.rf.245c9e4f86eeff529d5a2ee60112ca0a.jpg,512,512,1.0,0.0,85.24,55.58,892.91
train,thermal_tzeelim_021750_jpg.rf.7121ce88d6adb861060aebe1e11e2008.txt,data/thermal-1-filtered/train/images/thermal_tzeelim_021750_jpg.rf.7121ce88d6adb861060aebe1e11e2008.jpg,512,512,1.0,0.0,83.0,54.73,358.5
train,002443_png.rf.ffb0c358aa4648fa6f0693778290324a.txt,data/thermal-1-filtered/train/images/002443_png.rf.ffb0c358aa4648fa6f0693778290324a.jpg,512,512,1.0,0.0,72.16,48.43,255.65
train,frame328_jpg.rf.2f57543fd87a665dea28854772033291.txt,data/thermal-1-filtered/train/images/frame328_jpg.rf.2f57543fd87a665dea28854772033291.jpg,512,512,1.0,3.05,88.54,55.71,172.0
train,003808_png.rf.fdad6ce6082ba06a312d4aa83167e350.txt,data/thermal-1-filtered/train/images/003808_png.rf.fdad6ce6082ba06a312d4aa83167e350.jpg,512,512,1.0,0.0,99.67,57.83,931.07
train,002290_png.rf.1b34b24fedd210f1ee324f9b94129d2f.txt,data/thermal-1-filtered/train/images/002290_png.rf.1b34b24fedd210f1ee324f9b94129d2f.jpg,512,512,1.0,0.0,84.8,53.39,315.35
train,IR_BIRD_012_frame135_jpg.rf.1e6ac4095541e2b94ffd166e2f65f2c8.txt,data/thermal-1-filtered/train/images/IR_BIRD_012_frame135_jpg.rf.1e6ac4095541e2b94ffd166e2f65f2c8.jpg,512,512,1.0,0.0,91.97,54.99,70.56
train,002731_png.rf.9dc1a469a6b454463d4ecb271d57b1ae.txt,data/thermal-1-filtered/train/images/002731_png.rf.9dc1a469a6b454463d4ecb271d57b1ae.jpg,512,512,1.0,0.0,72.02,51.87,171.35
train,003028_png.rf.4fcbbd6b3c6197c03503aff0aaf675a9.txt,data/thermal-1-filtered/train/images/003028_png.rf.4fcbbd6b3c6197c03503aff0aaf675a9.jpg,512,512,1.0,0.0,84.24,56.83,943.19
train,frame354_jpg.rf.d09284c8be5b042f1cc3de8f45980482.txt,data/thermal-1-filtered/train/images/frame354_jpg.rf.d09284c8be5b042f1cc3de8f45980482.jpg,512,512,1.0,3.142,85.43,45.92,140.38
train,frame394_jpg.rf.01ff86554207992716428ceb695decac.txt,data/thermal-1-filtered/train/images/frame394_jpg.rf.01ff86554207992716428ceb695decac.jpg,512,512,1.0,3.294,93.15,40.1,424.25
train,frame368_jpg.rf.80a2e659877daf6df8d1433e36258fee.txt,data/thermal-1-filtered/train/images/frame368_jpg.rf.80a2e659877daf6df8d1433e36258fee.jpg,512,512,1.0,3.032,85.88,46.58,154.35
train,IR_BIRD_012_frame177_jpg.rf.144d9653355df6ee2199a972f3bc5383.txt,data/thermal-1-filtered/train/images/IR_BIRD_012_frame177_jpg.rf.144d9653355df6ee2199a972f3bc5383.jpg,512,512,1.0,0.0,97.57,51.24,75.04
train,frame604_jpg.rf.9bec4a581f52d06fbe424c33674af57a.txt,data/thermal-1-filtered/train/images/frame604_jpg.rf.9bec4a581f52d06fbe424c33674af57a.jpg,512,512,1.0,3.148,50.13,31.96,178.59
train,002021_png.rf.9d43791dc25acb877bfe4cf365bb8c00.txt,data/thermal-1-filtered/train/images/002021_png.rf.9d43791dc25acb877bfe4cf365bb8c00.jpg,512,512,1.0,0.0,87.07,55.62,918.82
train,002839_png.rf.83189f8407ea36b13c20def5473b890c.txt,data/thermal-1-filtered/train/images/002839_png.rf.83189f8407ea36b13c20def5473b890c.jpg,512,512,1.0,0.0,87.13,56.06,657.94
train,frame259_jpg.rf.42aa2ee07154c16bee12298fb8de74b8.txt,data/thermal-1-filtered/train/images/frame259_jpg.rf.42aa2ee07154c16bee12298fb8de74b8.jpg,512,512,1.0,2.947,85.81,57.39,180.38
train,frame260_jpg.rf.fe7c5689828cbdec8b78bb675d66db75.txt,data/thermal-1-filtered/train/images/frame260_jpg.rf.fe7c5689828cbdec8b78bb675d66db75.jpg,512,512,1.0,3.118,97.03,57.23,679.53
train,003046_png.rf.c62e171af0238092cdb65dc260736110.txt,data/thermal-1-filtered/train/images/003046_png.rf.c62e171af0238092cdb65dc260736110.jpg,512,512,1.0,0.0,77.07,52.4,662.1
train,frame321_jpg.rf.cc776d5320383ce61271b027cf04eae2.txt,data/thermal-1-filtered/train/images/frame321_jpg.rf.cc776d5320383ce61271b027cf04eae2.jpg,512,512,1.0,3.29,105.06,58.43,567.37
train,002373_png.rf.bbec928d731a5e41f404297801af185a.txt,data/thermal-1-filtered/train/images/002373_png.rf.bbec928d731a5e41f404297801af185a.jpg,512,512,1.0,0.0,75.06,50.78,258.23
train,003777_png.rf.b3c2de34e2c70a47a803ab642137ba65.txt,data/thermal-1-filtered/train/images/003777_png.rf.b3c2de34e2c70a47a803ab642137ba65.jpg,512,512,1.0,0.0,95.09,54.35,232.29
train,003040_png.rf.33b2e02d67d66a3465d7110933550bdd.txt,data/thermal-1-filtered/train/images/003040_png.rf.33b2e02d67d66a3465d7110933550bdd.jpg,512,512,1.0,0.0,87.21,56.84,2071.68
train,frame354_jpg.rf.4d65ee1611d4e2efd976f8814eba0fbc.txt,data/thermal-1-filtered/train/images/frame354_jpg.rf.4d65ee1611d4e2efd976f8814eba0fbc.jpg,512,512,1.0,3.2,91.67,45.86,487.79
train,frame397_jpg.rf.61c3bcc43032c7d6c94e7111d1899c44.txt,data/thermal-1-filtered/train/images/frame397_jpg.rf.61c3bcc43032c7d6c94e7111d1899c44.jpg,512,512,1.0,3.051,82.87,43.8,125.81
train,002068_png.rf.d8f0bd4c3d1b0d350f34a19fb7005f2b.txt,data/thermal-1-filtered/train/images/002068_png.rf.d8f0bd4c3d1b0d350f34a19fb7005f2b.jpg,512,512,1.0,0.0,81.75,56.78,1148.26
train,002457_png.rf.7be8abaf752800db329b95c805fe8cb2.txt,data/thermal-1-filtered/train/images/002457_png.rf.7be8abaf752800db329b95c805fe8cb2.jpg,512,512,1.0,0.0,75.2,53.06,376.19
train,frame693_jpg.rf.2cf9ad70afdd0d68604105470cc821b3.txt,data/thermal-1-filtered/train/images/frame693_jpg.rf.2cf9ad70afdd0d68604105470cc821b3.jpg,512,512,1.0,3.214,48.39,29.27,254.07
train,001986_png.rf.f1406223fb4cf4f5cb441bcd107a57bd.txt,data/thermal-1-filtered/train/images/001986_png.rf.f1406223fb4cf4f5cb441bcd107a57bd.jpg,512,512,1.0,0.0,83.45,58.15,747.15
train,frame698_jpg.rf.b66d07b7fbc9d6ce581d133762323dbc.txt,data/thermal-1-filtered/train/images/frame698_jpg.rf.b66d07b7fbc9d6ce581d133762323dbc.jpg,512,512,1.0,3.297,51.57,31.88,472.36
train,002007_png.rf.4e576e468daf029ae0faab3298c26a60.txt,data/thermal-1-filtered/train/images/002007_png.rf.4e576e468daf029ae0faab3298c26a60.jpg,512,512,1.0,0.0,87.28,55.35,714.82
train,002589_png.rf.8c9aea584fd22a983880f350701bdfc5.txt,data/thermal-1-filtered/train/images/002589_png.rf.8c9aea584fd22a983880f350701bdfc5.jpg,512,512,1.0,0.0,79.2,51.27,385.3
train,frame324_jpg.rf.688ecb375ff77589c3c0c505172a4f6b.txt,data/thermal-1-filtered/train/images/frame324_jpg.rf.688ecb375ff77589c3c0c505172a4f6b.jpg,512,512,1.0,3.29,102.42,56.24,560.66
train,0_0_000032_jpg.rf.b776acf8be030fa476b83fb20414697e.txt,data/thermal-1-filtered/train/images/0_0_000032_jpg.rf.b776acf8be030fa476b83fb20414697e.jpg,512,512,1.0,0.0,102.74,71.11,111.36
train,IR_BIRD_012_frame186_jpg.rf.6d83fb88e47198fc571d071757f03724.txt,data/thermal-1-filtered/train/images/IR_BIRD_012_frame186_jpg.rf.6d83fb88e47198fc571d071757f03724.jpg,512,512,1.0,0.0,87.4,54.17,58.44
train,003843_png.rf.d19aabb00753e7d42ce26f41e62f7969.txt,data/thermal-1-filtered/train/images/003843_png.rf.d19aabb00753e7d42ce26f41e62f7969.jpg,512,512,1.0,0.0,91.56,57.61,437.47
train,frame553_jpg.rf.43c1e055736402c5f3c1421b09b4fb98.txt,data/thermal-1-filtered/train/images/frame553_jpg.rf.43c1e055736402c5f3c1421b09b4fb98.jpg,512,512,1.0,3.312,59.75,33.03,416.28
train,frame36_jpg.rf.6763693a06d4bb760038d3aa6f3f51b3.txt,data/thermal-1-filtered/train/images/frame36_jpg.rf.6763693a06d4bb760038d3aa6f3f51b3.jpg,512,512,1.0,3.11,80.95,48.22,144.4
train,0_0_000025_jpg.rf.6a7d026c2179240d6eb28253de13b615.txt,data/thermal-1-filtered/train/images/0_0_000025_jpg.rf.6a7d026c2179240d6eb28253de13b615.jpg,512,512,1.0,0.0,105.65,71.7,81.79
train,frame310_jpg.rf.5465b2f586461127ce2cc7221837aa4f.txt,data/thermal-1-filtered/train/images/frame310_jpg.rf.5465b2f586461127ce2cc7221837aa4f.jpg,512,512,1.0,3.297,106.43,58.31,555.27
train,002204_png.rf.c7a2f63d0124c89db16300fbaf793500.txt,data/thermal-1-filtered/train/images/002204_png.rf.c7a2f63d0124c89db16300fbaf793500.jpg,512,512,1.0,0.0,83.94,52.28,586.87
train,0_0_000079_jpg.rf.25e4b244ab21de8fc967f5c2df25db50.txt,data/thermal-1-filtered/train/images/0_0_000079_jpg.rf.25e4b244ab21de8fc967f5c2df25db50.jpg,512,512,1.0,0.0,62.97,70.45,119.68
train,0_0_000021_jpg.rf.39e3338453858e976bc927f1f2c4f6a9.txt,data/thermal-1-filtered/train/images/0_0_000021_jpg.rf.39e3338453858e976bc927f1f2c4f6a9.jpg,512,512,1.0,0.0,105.64,73.33,88.68
train,003776_png.rf.16d8ae6d43db427382af52eea996b558.txt,data/thermal-1-filtered/train/images/003776_png.rf.16d8ae6d43db427382af52eea996b558.jpg,512,512,1.0,0.0,99.51,57.69,649.51
train,frame170_jpg.rf.f9bd9921bfcc33e5979a146b0f33e566.txt,data/thermal-1-filtered/train/images/frame170_jpg.rf.f9bd9921bfcc33e5979a146b0f33e566.jpg,512,512,1.0,3.242,91.22,48.4,170.85
train,002457_png.rf.235d80bce77d48bd7b3b8347d1f2067a.txt,data/thermal-1-filtered/train/images/002457_png.rf.235d80bce77d48bd7b3b8347d1f2067a.jpg,512,512,1.0,0.0,76.06,52.6,381.07
train,ir_3_030830_jpg.rf.a3a1b1780e68c3197537eb422c26e334.txt,data/thermal-1-filtered/train/images/ir_3_030830_jpg.rf.a3a1b1780e68c3197537eb422c26e334.jpg,512,512,1.0,0.0,81.26,58.69,1371.5
train,frame280_jpg.rf.9f556e7bf932762ed1a0e3667bc494bd.txt,data/thermal-1-filtered/train/images/frame280_jpg.rf.9f556e7bf932762ed1a0e3667bc494bd.jpg,512,512,1.0,2.985,77.23,52.55,161.94
train,frame122_jpg.rf.f933e3b83adf87de7bfb7171010aee9a.txt,data/thermal-1-filtered/train/images/frame122_jpg.rf.f933e3b83adf87de7bfb7171010aee9a.jpg,512,512,1.0,3.211,94.97,56.13,704.29
train,003773_png.rf.941ed526e61707a0b2257d7668943465.txt,data/thermal-1-filtered/train/images/003773_png.rf.941ed526e61707a0b2257d7668943465.jpg,512,512,1.0,0.0,94.73,56.28,268.73
train,frame635_jpg.rf.fc2f67b16e350c05e315e9fcc2171935.txt,data/thermal-1-filtered/train/images/frame635_jpg.rf.fc2f67b16e350c05e315e9fcc2171935.jpg,512,512,1.0,3.195,51.11,32.24,190.79
train,frame709_jpg.rf.699d85aaa7f623035445ee1e1ebd2ce8.txt,data/thermal-1-filtered/train/images/frame709_jpg.rf.699d85aaa7f623035445ee1e1ebd2ce8.jpg,512,512,1.0,3.218,51.47,29.7,171.15
train,IR_BIRD_012_frame15_jpg.rf.e52985bf6b1eeb862331a7e2d4d88a88.txt,data/thermal-1-filtered/train/images/IR_BIRD_012_frame15_jpg.rf.e52985bf6b1eeb862331a7e2d4d88a88.jpg,512,512,1.0,0.0,93.01,53.66,71.57
train,frame426_jpg.rf.f1ce4d54c2e7e76649b293569630f447.txt,data/thermal-1-filtered/train/images/frame426_jpg.rf.f1ce4d54c2e7e76649b293569630f447.jpg,512,512,1.0,3.166,81.84,42.42,144.53
train,IR_BIRD_012_frame296_jpg.rf.3a04349f907fd51c5127346f71906e0d.txt,data/thermal-1-filtered/train/images/IR_BIRD_012_frame296_jpg.rf.3a04349f907fd51c5127346f71906e0d.jpg,512,512,1.0,0.0,107.9,45.78,125.43
train,frame166_jpg.rf.1fe5d288bdc7e1bae01561a6a1918d2e.txt,data/thermal-1-filtered/train/images/frame166_jpg.rf.1fe5d288bdc7e1bae01561a6a1918d2e.jpg,512,512,1.0,3.236,89.05,50.49,166.98
train,002342_png.rf.8951b50a7635912ee32ccde7fea9cedb.txt,data/thermal-1-filtered/train/images/002342_png.rf.8951b50a7635912ee32ccde7fea9cedb.jpg,512,512,1.0,0.0,78.98,54.02,425.81
train,002767_png.rf.cc4a299df178c4db91b27fabb03d54ad.txt,data/thermal-1-filtered/train/images/002767_png.rf.cc4a299df178c4db91b27fabb03d54ad.jpg,512,512,1.0,0.0,83.32,53.73,457.19
train,002015_png.rf.d10c18bb84881e1d133a410a29e628b4.txt,data/thermal-1-filtered/train/images/002015_png.rf.d10c18bb84881e1d133a410a29e628b4.jpg,512,512,1.0,0.0,74.22,52.82,531.43
train,002323_png.rf.835774ec575730f41d0c00ebd4479f91.txt,data/thermal-1-filtered/train/images/002323_png.rf.835774ec575730f41d0c00ebd4479f91.jpg,512,512,1.0,0.0,86.48,57.55,1824.89
train,IR_BIRD_012_frame10_jpg.rf.237369b151c41f2b7548344c066d0964.txt,data/thermal-1-filtered/train/images/IR_BIRD_012_frame10_jpg.rf.237369b151c41f2b7548344c066d0964.jpg,512,512,1.0,0.0,93.08,53.62,61.03
train,frame595_jpg.rf.e8730180748560dd1c99faddfe117c08.txt,data/thermal-1-filtered/train/images/frame595_jpg.rf.e8730180748560dd1c99faddfe117c08.jpg,512,512,1.0,3.252,46.05,27.03,128.8
train,002461_png.rf.dba1562a8a04b10deefd4c7edf9b156b.txt,data/thermal-1-filtered/train/images/002461_png.rf.dba1562a8a04b10deefd4c7edf9b156b.jpg,512,512,1.0,0.0,70.64,46.4,238.94
train,frame233_jpg.rf.2246021e9c8cfeed3f381b5582ae622b.txt,data/thermal-1-filtered/train/images/frame233_jpg.rf.2246021e9c8cfeed3f381b5582ae622b.jpg,512,512,1.0,2.996,88.79,51.42,207.79
train,ir_049450_jpg.rf.4485ebcd2e02fd733e4f9591e57bac79.txt,data/thermal-1-filtered/train/images/ir_049450_jpg.rf.4485ebcd2e02fd733e4f9591e57bac79.jpg,512,512,1.0,0.0,87.94,57.79,600.43
train,003844_png.rf.bf3579bee93d85b1ab93ce7ae143b305.txt,data/thermal-1-filtered/train/images/003844_png.rf.bf3579bee93d85b1ab93ce7ae143b305.jpg,512,512,1.0,0.0,96.91,57.35,1147.32
train,000008_png.rf.8987de6059b5607e9de7cd7c36b2df62.txt,data/thermal-1-filtered/train/images/000008_png.rf.8987de6059b5607e9de7cd7c36b2df62.jpg,512,512,1.0,0.0,99.96,62.54,1038.4
train,002612_png.rf.727b3dfae1f72f359f4ba15decebebab.txt,data/thermal-1-filtered/train/images/002612_png.rf.727b3dfae1f72f359f4ba15decebebab.jpg,512,512,1.0,0.0,88.7,56.15,1731.64
train,IR_BIRD_012_frame240_jpg.rf.121f3bd6e7a1ba29e0ce84cce755dd47.txt,data/thermal-1-filtered/train/images/IR_BIRD_012_frame240_jpg.rf.121f3bd6e7a1ba29e0ce84cce755dd47.jpg,512,512,1.0,0.0,104.51,51.67,85.16
train,002784_png.rf.f15582f5dbcafdbdb478aedfde95e6ca.txt,data/thermal-1-filtered/train/images/002784_png.rf.f15582f5dbcafdbdb478aedfde95e6ca.jpg,512,512,1.0,0.0,91.94,60.26,1073.46
train,frame248_jpg.rf.07738cb1338f62b7958f926aae56facd.txt,data/thermal-1-filtered/train/images/frame248_jpg.rf.07738cb1338f62b7958f926aae56facd.jpg,512,512,1.0,2.843,84.86,56.08,150.39
train,003787_png.rf.395100454dac57961d1901bfa7eea296.txt,data/thermal-1-filtered/train/images/003787_png.rf.395100454dac57961d1901bfa7eea296.jpg,512,512,1.0,0.0,93.35,59.29,193.56
train,002034_png.rf.5e50d26d7dd8d524726117067fff80ed.txt,data/thermal-1-filtered/train/images/002034_png.rf.5e50d26d7dd8d524726117067fff80ed.jpg,512,512,1.0,0.0,87.98,59.21,4281.16
train,frame655_jpg.rf.807fd1209b46ac38e24c3378c5fab94c.txt,data/thermal-1-filtered/train/images/frame655_jpg.rf.807fd1209b46ac38e24c3378c5fab94c.jpg,512,512,1.0,3.168,50.16,31.01,174.8
train,002234_png.rf.129e805bef71049a6756662415d2ed36.txt,data/thermal-1-filtered/train/images/002234_png.rf.129e805bef71049a6756662415d2ed36.jpg,512,512,1.0,0.0,88.94,55.09,1425.56
train,thermal_tzeelim_021410_jpg.rf.023455a49b13dcdaed3dcb1aaa95a0a1.txt,data/thermal-1-filtered/train/images/thermal_tzeelim_021410_jpg.rf.023455a49b13dcdaed3dcb1aaa95a0a1.jpg,512,512,1.0,0.0,88.79,58.53,631.91
train,ir_2_021930_jpg.rf.0ca296f5d210bff9ad3660288c9b1e4d.txt,data/thermal-1-filtered/train/images/ir_2_021930_jpg.rf.0ca296f5d210bff9ad3660288c9b1e4d.jpg,512,512,1.0,0.0,96.1,58.55,2445.01
train,frame603_jpg.rf.933394fa9144e97690f8c0a77e9cdd43.txt,data/thermal-1-filtered/train/images/frame603_jpg.rf.933394fa9144e97690f8c0a77e9cdd43.jpg,512,512,1.0,3.017,40.23,26.56,95.38
train,0_0_000129_jpg.rf.0e499f8001f3c6bbb789bbf07c35f3b2.txt,data/thermal-1-filtered/train/images/0_0_000129_jpg.rf.0e499f8001f3c6bbb789bbf07c35f3b2.jpg,512,512,1.0,0.0,133.5,55.66,82.92
train,003047_png.rf.3fb17a622d6d51affde675fb0280023c.txt,data/thermal-1-filtered/train/images/003047_png.rf.3fb17a622d6d51affde675fb0280023c.jpg,512,512,1.0,0.0,89.58,57.94,2645.72
train,IR_BIRD_012_frame49_jpg.rf.92521c0198b03771b77d55bf006b426c.txt,data/thermal-1-filtered/train/images/IR_BIRD_012_frame49_jpg.rf.92521c0198b03771b77d55bf006b426c.jpg,512,512,1.0,0.0,92.88,54.17,60.2
train,002731_png.rf.cf065f92fb3299d0218d55a6490b7a53.txt,data/thermal-1-filtered/train/images/002731_png.rf.cf065f92fb3299d0218d55a6490b7a53.jpg,512,512,1.0,0.0,72.86,51.9,157.46
train,0_0_000055_jpg.rf.12ac8f2de27c9f76996616f162d9cfb9.txt,data/thermal-1-filtered/train/images/0_0_000055_jpg.rf.12ac8f2de27c9f76996616f162d9cfb9.jpg,512,512,1.0,0.0,63.22,66.32,123.69
train,003764_png.rf.2f1f5c097256428804b687f0f8d652d4.txt,data/thermal-1-filtered/train/images/003764_png.rf.2f1f5c097256428804b687f0f8d652d4.jpg,512,512,1.0,0.0,95.18,51.78,300.72
train,002670_png.rf.47effb3acb2fe6a9f286425100e6345f.txt,data/thermal-1-filtered/train/images/002670_png.rf.47effb3acb2fe6a9f286425100e6345f.jpg,512,512,1.0,0.0,89.21,54.57,805.28
train,002355_png.rf.2946410543478f71107363f0bdf5c668.txt,data/thermal-1-filtered/train/images/002355_png.rf.2946410543478f71107363f0bdf5c668.jpg,512,512,1.0,0.0,88.4,55.78,1281.25
train,002838_png.rf.6274bf67052adb41aed40b91ca8bc9ff.txt,data/thermal-1-filtered/train/images/002838_png.rf.6274bf67052adb41aed40b91ca8bc9ff.jpg,512,512,1.0,0.0,75.35,54.77,393.55
train,ir_2_034570_jpg.rf.25a2b8a542bb47c5a5d90c5c8d4d48e5.txt,data/thermal-1-filtered/train/images/ir_2_034570_jpg.rf.25a2b8a542bb47c5a5d90c5c8d4d48e5.jpg,512,512,1.0,0.0,90.43,59.73,4136.25
train,001496_png.rf.fb978329dc699ea4cf879ee7604bd6e4.txt,data/thermal-1-filtered/train/images/001496_png.rf.fb978329dc699ea4cf879ee7604bd6e4.jpg,512,512,1.0,0.0,66.33,47.38,155.76
train,002825_png.rf.c32312a0541966c4485938b9b6f1f3f2.txt,data/thermal-1-filtered/train/images/002825_png.rf.c32312a0541966c4485938b9b6f1f3f2.jpg,512,512,1.0,0.0,85.49,54.1,338.43
train,003785_png.rf.425b01abb9038635c21f7e3ffc1922c8.txt,data/thermal-1-filtered/train/images/003785_png.rf.425b01abb9038635c21f7e3ffc1922c8.jpg,512,512,1.0,0.0,92.38,59.37,209.08
train,ir_3_028710_jpg.rf.9298821fca03b45f825807615cc92ae0.txt,data/thermal-1-filtered/train/images/ir_3_028710_jpg.rf.9298821fca03b45f825807615cc92ae0.jpg,512,512,1.0,0.0,77.19,52.71,501.38
train,IR_BIRD_012_frame219_jpg.rf.e583cd476e7d002afe2cbe965f1991cf.txt,data/thermal-1-filtered/train/images/IR_BIRD_012_frame219_jpg.rf.e583cd476e7d002afe2cbe965f1991cf.jpg,512,512,1.0,0.0,99.77,53.42,87.44
train,frame326_jpg.rf.9a69057f614f52784574eb67d7c24402.txt,data/thermal-1-filtered/train/images/frame326_jpg.rf.9a69057f614f52784574eb67d7c24402.jpg,512,512,1.0,3.179,92.92,54.38,193.83
train,IR_BIRD_012_frame112_jpg.rf.1f6e10237cf7e628adcdc75cb7f048db.txt,data/thermal-1-filtered/train/images/IR_BIRD_012_frame112_jpg.rf.1f6e10237cf7e628adcdc75cb7f048db.jpg,512,512,1.0,0.0,91.62,54.55,71.93
train,IR_BIRD_012_frame81_jpg.rf.33e77993ef3f0cf085b1c691a5af8d8c.txt,data/thermal-1-filtered/train/images/IR_BIRD_012_frame81_jpg.rf.33e77993ef3f0cf085b1c691a5af8d8c.jpg,512,512,1.0,0.0,96.32,51.12,67.93
train,003490_png.rf.36d56d40e989a7a2b9b9d0c13a115382.txt,data/thermal-1-filtered/train/images/003490_png.rf.36d56d40e989a7a2b9b9d0c13a115382.jpg,512,512,1.0,0.0,85.81,54.58,1528.33
train,IR_BIRD_012_frame110_jpg.rf.d0c8b3e2e916d1f82709a744fd96973f.txt,data/thermal-1-filtered/train/images/IR_BIRD_012_frame110_jpg.rf.d0c8b3e2e916d1f82709a744fd96973f.jpg,512,512,1.0,0.0,100.94,51.18,90.45
train,002292_png.rf.d5190301af65174080a47fde7044e85e.txt,data/thermal-1-filtered/train/images/002292_png.rf.d5190301af65174080a47fde7044e85e.jpg,512,512,1.0,0.0,85.84,55.79,576.85
train,002066_png.rf.fc8c9cf8a143d677a47650b1190ff880.txt,data/thermal-1-filtered/train/images/002066_png.rf.fc8c9cf8a143d677a47650b1190ff880.jpg,512,512,1.0,0.0,76.02,54.47,783.1
train,003803_png.rf.0e62bc4ddf33401f9cad97e49fd45453.txt,data/thermal-1-filtered/train/images/003803_png.rf.0e62bc4ddf33401f9cad97e49fd45453.jpg,512,512,1.0,0.0,100.56,58.5,697.59
train,002687_png.rf.924ceb21a6a0d4c4c8c90858fd071e4d.txt,data/thermal-1-filtered/train/images/002687_png.rf.924ceb21a6a0d4c4c8c90858fd071e4d.jpg,512,512,1.0,0.0,79.16,51.26,686.19
train,IR_BIRD_012_frame211_jpg.rf.5c036bc96b0dbdd91f1cacb84ff66952.txt,data/thermal-1-filtered/train/images/IR_BIRD_012_frame211_jpg.rf.5c036bc96b0dbdd91f1cacb84ff66952.jpg,512,512,1.0,0.0,98.16,55.93,107.06
train,003849_png.rf.ba1d8df55f6449025b965c6687c16976.txt,data/thermal-1-filtered/train/images/003849_png.rf.ba1d8df55f6449025b965c6687c16976.jpg,512,512,1.0,0.0,97.04,57.38,1200.62
train,IR_BIRD_012_frame69_jpg.rf.b11d07ad78857d2518f6b9938e160d01.txt,data/thermal-1-filtered/train/images/IR_BIRD_012_frame69_jpg.rf.b11d07ad78857d2518f6b9938e160d01.jpg,512,512,1.0,0.0,96.29,51.05,60.85
train,003429_png.rf.8baba70d8b5142fa6eab71756a156d8b.txt,data/thermal-1-filtered/train/images/003429_png.rf.8baba70d8b5142fa6eab71756a156d8b.jpg,512,512,1.0,0.0,85.02,54.02,539.17
train,002836_png.rf.dda807d070e148a845a72747adb94aa4.txt,data/thermal-1-filtered/train/images/002836_png.rf.dda807d070e148a845a72747adb94aa4.jpg,512,512,1.0,0.0,85.51,53.73,1077.37
train,002829_png.rf.547d001a512920eef5e180609d3f6102.txt,data/thermal-1-filtered/train/images/002829_png.rf.547d001a512920eef5e180609d3f6102.jpg,512,512,1.0,0.0,71.44,50.81,276.68
train,002747_png.rf.67ced8e28314b657892ee4a3a209cfdf.txt,data/thermal-1-filtered/train/images/002747_png.rf.67ced8e28314b657892ee4a3a209cfdf.jpg,512,512,1.0,0.0,79.83,53.03,486.02
train,IR_BIRD_012_frame86_jpg.rf.0cae9ef2e81047e261ead03810098a08.txt,data/thermal-1-filtered/train/images/IR_BIRD_012_frame86_jpg.rf.0cae9ef2e81047e261ead03810098a08.jpg,512,512,1.0,0.0,94.04,53.85,60.42
train,002376_png.rf.f0c3b26d4d6b70969ea36165b4a4706e.txt,data/thermal-1-filtered/train/images/002376_png.rf.f0c3b26d4d6b70969ea36165b4a4706e.jpg,512,512,1.0,0.0,86.13,53.74,534.15
train,frame36_jpg.rf.f009373e787ff9160869f446e151d7fa.txt,data/thermal-1-filtered/train/images/frame36_jpg.rf.f009373e787ff9160869f446e151d7fa.jpg,512,512,1.0,3.142,85.55,49.65,198.76
train,002380_png.rf.68a4db9249985b3b526ea15dc059fec2.txt,data/thermal-1-filtered/train/images/002380_png.rf.68a4db9249985b3b526ea15dc059fec2.jpg,512,512,1.0,0.0,90.49,56.22,1693.95
train,002835_png.rf.e49f501b61d946bc6befcf5f1277c140.txt,data/thermal-1-filtered/train/images/002835_png.rf.e49f501b61d946bc6befcf5f1277c140.jpg,512,512,1.0,0.0,74.6,50.3,263.44
train,003744_png.rf.f9403b3f55b0aa50d0415ae3369c1624.txt,data/thermal-1-filtered/train/images/003744_png.rf.f9403b3f55b0aa50d0415ae3369c1624.jpg,512,512,1.0,0.0,91.04,53.87,1469.96
train,003782_png.rf.21dfc32d30bcb3fd1aa6b8aeabb03837.txt,data/thermal-1-filtered/train/images/003782_png.rf.21dfc32d30bcb3fd1aa6b8aeabb03837.jpg,512,512,1.0,0.0,100.45,58.13,632.13
train,003715_png.rf.26e0d71456f4df34a6a02928dab3481d.txt,data/thermal-1-filtered/train/images/003715_png.rf.26e0d71456f4df34a6a02928dab3481d.jpg,512,512,1.0,0.0,92.21,52.87,787.81
train,002388_png.rf.06a692cfa71af0477258c1bcdaebd303.txt,data/thermal-1-filtered/train/images/002388_png.rf.06a692cfa71af0477258c1bcdaebd303.jpg,512,512,1.0,0.0,77.31,50.11,352.19
train,003697_png.rf.a780838591a00b69941fa94b137ec91b.txt,data/thermal-1-filtered/train/images/003697_png.rf.a780838591a00b69941fa94b137ec91b.jpg,512,512,1.0,0.0,83.17,55.76,863.16
train,002342_png.rf.e741f22e963b8330e6cfb51ab1a56e07.txt,data/thermal-1-filtered/train/images/002342_png.rf.e741f22e963b8330e6cfb51ab1a56e07.jpg,512,512,1.0,0.0,77.75,53.53,410.6
train,003807_png.rf.8842bd571ba3a00127f98644659d1a97.txt,data/thermal-1-filtered/train/images/003807_png.rf.8842bd571ba3a00127f98644659d1a97.jpg,512,512,1.0,0.0,90.77,54.17,262.58
train,ir_3_022220_jpg.rf.641ede848c8ecfcffc2f95f3bf0e8b35.txt,data/thermal-1-filtered/train/images/ir_3_022220_jpg.rf.641ede848c8ecfcffc2f95f3bf0e8b35.jpg,512,512,1.0,0.0,88.21,58.7,489.22
train,002030_png.rf.a279584ff1034607f13e81e838547c7e.txt,data/thermal-1-filtered/train/images/002030_png.rf.a279584ff1034607f13e81e838547c7e.jpg,512,512,1.0,0.0,77.57,53.1,1080.4
train,003715_png.rf.ec807e4f95633501e7a0a7c1b73c46f8.txt,data/thermal-1-filtered/train/images/003715_png.rf.ec807e4f95633501e7a0a7c1b73c46f8.jpg,512,512,1.0,0.0,90.12,55.88,2504.91
train,002264_png.rf.04fde4d62a49a8781d1479974b8e6673.txt,data/thermal-1-filtered/train/images/002264_png.rf.04fde4d62a49a8781d1479974b8e6673.jpg,512,512,1.0,0.0,87.83,53.4,686.06
train,frame59_jpg.rf.b56d7a5318349a0ce68f349520848c55.txt,data/thermal-1-filtered/train/images/frame59_jpg.rf.b56d7a5318349a0ce68f349520848c55.jpg,512,512,1.0,3.094,91.74,57.25,243.79
train,IR_BIRD_012_frame190_jpg.rf.fbf053a5388ce87ccb881b6e5861b560.txt,data/thermal-1-filtered/train/images/IR_BIRD_012_frame190_jpg.rf.fbf053a5388ce87ccb881b6e5861b560.jpg,512,512,1.0,0.0,92.79,53.4,60.12
train,IR_BIRD_012_frame67_jpg.rf.c390269bd42097fb60235dce304d1d02.txt,data/thermal-1-filtered/train/images/IR_BIRD_012_frame67_jpg.rf.c390269bd42097fb60235dce304d1d02.jpg,512,512,1.0,0.0,93.6,53.47,61.41
train,frame367_jpg.rf.f0181d4ae92c8a4ded961c7aa2b4364a.txt,data/thermal-1-filtered/train/images/frame367_jpg.rf.f0181d4ae92c8a4ded961c7aa2b4364a.jpg,512,512,1.0,3.245,95.09,46.03,498.57
train,003048_png.rf.8af9119538ae93cb99e4197b54dacd92.txt,data/thermal-1-filtered/train/images/003048_png.rf.8af9119538ae93cb99e4197b54dacd92.jpg,512,512,1.0,0.0,84.76,55.96,841.65
train,IR_BIRD_012_frame260_jpg.rf.44a97010a4b50d4fd5090d97b65577b8.txt,data/thermal-1-filtered/train/images/IR_BIRD_012_frame260_jpg.rf.44a97010a4b50d4fd5090d97b65577b8.jpg,512,512,1.0,0.0,106.41,50.55,97.78
train,frame680_jpg.rf.1111043c59a9868eb5cebf0cb6df160d.txt,data/thermal-1-filtered/train/images/frame680_jpg.rf.1111043c59a9868eb5cebf0cb6df160d.jpg,512,512,1.0,3.067,40.41,25.67,162.26
train,0_0_000362_jpg.rf.6dc1b680bd2b67052023cb95ec765cff.txt,data/thermal-1-filtered/train/images/0_0_000362_jpg.rf.6dc1b680bd2b67052023cb95ec765cff.jpg,512,512,1.0,0.0,62.64,58.61,72.03
train,002097_png.rf.7bc2a9acc78a6088e40ce8ea0cbd2712.txt,data/thermal-1-filtered/train/images/002097_png.rf.7bc2a9acc78a6088e40ce8ea0cbd2712.jpg,512,512,1.0,0.0,84.04,55.41,744.16
train,003849_png.rf.3a6731731158ca1dd691061dc1a7f9e7.txt,data/thermal-1-filtered/train/images/003849_png.rf.3a6731731158ca1dd691061dc1a7f9e7.jpg,512,512,1.0,0.0,86.05,57.6,410.15
train,thermal_tzeelim_014500_jpg.rf.473db01ed53aacadadc3554a3e2a47a4.txt,data/thermal-1-filtered/train/images/thermal_tzeelim_014500_jpg.rf.473db01ed53aacadadc3554a3e2a47a4.jpg,512,512,1.0,0.0,84.2,55.49,260.64
train,002164_png.rf.7c833a6e90dada893c9854f782d2fda4.txt,data/thermal-1-filtered/train/images/002164_png.rf.7c833a6e90dada893c9854f782d2fda4.jpg,512,512,1.0,0.0,80.62,57.35,1228.89
train,0_0_000129_jpg.rf.2e59d3ed0955b1b4e421e6bb4bf85b66.txt,data/thermal-1-filtered/train/images/0_0_000129_jpg.rf.2e59d3ed0955b1b4e421e6bb4bf85b66.jpg,512,512,1.0,0.0,86.53,63.55,79.95
train,frame36_jpg.rf.a75bae72c08814c345b1167abb1a5ce4.txt,data/thermal-1-filtered/train/images/frame36_jpg.rf.a75bae72c08814c345b1167abb1a5ce4.jpg,512,512,1.0,3.192,88.23,49.92,477.72
train,0_0_000184_jpg.rf.6522a6bcca045cc662cac0491cca5c28.txt,data/thermal-1-filtered/train/images/0_0_000184_jpg.rf.6522a6bcca045cc662cac0491cca5c28.jpg,512,512,1.0,0.0,65.68,38.8,88.17
train,ir_2_034570_jpg.rf.ad1223f43ddbc07ef8bf80739a6d4c2b.txt,data/thermal-1-filtered/train/images/ir_2_034570_jpg.rf.ad1223f43ddbc07ef8bf80739a6d4c2b.jpg,512,512,1.0,0.0,81.23,56.14,1115.77
train,002246_png.rf.b371f7780b955bc8cbf56e8a6ae3dd1e.txt,data/thermal-1-filtered/train/images/002246_png.rf.b371f7780b955bc8cbf56e8a6ae3dd1e.jpg,512,512,1.0,0.0,80.43,50.84,276.72
train,frame435_jpg.rf.7107b1620cbb16ada9e38bc839d21fd5.txt,data/thermal-1-filtered/train/images/frame435_jpg.rf.7107b1620cbb16ada9e38bc839d21fd5.jpg,512,512,1.0,3.254,88.24,45.02,629.69
train,002275_png.rf.6ac175aed84101c2118a2c7cc2d00baa.txt,data/thermal-1-filtered/train/images/002275_png.rf.6ac175aed84101c2118a2c7cc2d00baa.jpg,512,512,1.0,0.0,84.51,54.12,162.65
train,0_0_000063_jpg.rf.1c84b82d9d347e351a3f89b534820396.txt,data/thermal-1-filtered/train/images/0_0_000063_jpg.rf.1c84b82d9d347e351a3f89b534820396.jpg,512,512,1.0,0.0,68.93,69.02,51.01
train,0_0_000129_jpg.rf.d4c55418aa5f2f3209a900e9604c469a.txt,data/thermal-1-filtered/train/images/0_0_000129_jpg.rf.d4c55418aa5f2f3209a900e9604c469a.jpg,512,512,1.0,0.0,129.51,59.05,107.92
train,0_0_000051_jpg.rf.b717332f02e64b84f6c0144e297104a7.txt,data/thermal-1-filtered/train/images/0_0_000051_jpg.rf.b717332f02e64b84f6c0144e297104a7.jpg,512,512,1.0,0.0,100.83,64.68,129.0
train,ir_3_030880_jpg.rf.65255630cdd284e04d1f04817e929efc.txt,data/thermal-1-filtered/train/images/ir_3_030880_jpg.rf.65255630cdd284e04d1f04817e929efc.jpg,512,512,1.0,0.0,80.09,52.16,1068.27
train,002804_png.rf.501308425cb434c10394b55743009284.txt,data/thermal-1-filtered/train/images/002804_png.rf.501308425cb434c10394b55743009284.jpg,512,512,1.0,0.0,86.77,58.53,1256.47
train,002403_png.rf.c0657be8949a89d2fffb1824ba75cfa3.txt,data/thermal-1-filtered/train/images/002403_png.rf.c0657be8949a89d2fffb1824ba75cfa3.jpg,512,512,1.0,0.0,78.89,47.46,344.66
train,002046_png.rf.34150a93ac4654f76ea4ce638fc73b83.txt,data/thermal-1-filtered/train/images/002046_png.rf.34150a93ac4654f76ea4ce638fc73b83.jpg,512,512,1.0,0.0,74.92,53.49,1206.07
train,frame698_jpg.rf.291b8568ae1e53cad5962ecfdbfa6711.txt,data/thermal-1-filtered/train/images/frame698_jpg.rf.291b8568ae1e53cad5962ecfdbfa6711.jpg,512,512,1.0,3.069,44.02,28.29,167.15
train,002235_png.rf.f2fee00c919b07450cd34b3805e4f257.txt,data/thermal-1-filtered/train/images/002235_png.rf.f2fee00c919b07450cd34b3805e4f257.jpg,512,512,1.0,0.0,82.01,52.99,403.4
train,frame120_jpg.rf.5791cb3e092912f6516c4ba229113f5b.txt,data/thermal-1-filtered/train/images/frame120_jpg.rf.5791cb3e092912f6516c4ba229113f5b.jpg,512,512,1.0,3.028,84.3,54.57,148.34
train,frame14_jpg.rf.d62ba5c8696d0c80222f722d34f18777.txt,data/thermal-1-filtered/train/images/frame14_jpg.rf.d62ba5c8696d0c80222f722d34f18777.jpg,512,512,1.0,2.96,63.53,45.57,70.35
train,ir_3_018290_jpg.rf.3168b11e57d39643ec166b701706b5cd.txt,data/thermal-1-filtered/train/images/ir_3_018290_jpg.rf.3168b11e57d39643ec166b701706b5cd.jpg,512,512,1.0,0.0,88.82,59.11,2463.87
train,001998_png.rf.f29404102f33ed7608cf4aadd2a93d79.txt,data/thermal-1-filtered/train/images/001998_png.rf.f29404102f33ed7608cf4aadd2a93d79.jpg,512,512,1.0,0.0,88.4,55.83,908.1
train,003100_png.rf.a74044cdd7706886297a63e64902d538.txt,data/thermal-1-filtered/train/images/003100_png.rf.a74044cdd7706886297a63e64902d538.jpg,512,512,1.0,0.0,88.58,57.35,2329.38
train,002261_png.rf.208f9969d33816a0daceead9957d596b.txt,data/thermal-1-filtered/train/images/002261_png.rf.208f9969d33816a0daceead9957d596b.jpg,512,512,1.0,0.0,88.28,53.66,918.56
train,IR_BIRD_012_frame195_jpg.rf.28af14fd44b8f7799995f27e50aa1993.txt,data/thermal-1-filtered/train/images/IR_BIRD_012_frame195_jpg.rf.28af14fd44b8f7799995f27e50aa1993.jpg,512,512,1.0,0.0,91.88,51.97,62.95
train,frame405_jpg.rf.308c8bdd968079be1b600d72e260b230.txt,data/thermal-1-filtered/train/images/frame405_jpg.rf.308c8bdd968079be1b600d72e260b230.jpg,512,512,1.0,3.276,90.66,42.22,457.41
train,001656_png.rf.5fd8041fb4837066be3f31dfd1fb8c1e.txt,data/thermal-1-filtered/train/images/001656_png.rf.5fd8041fb4837066be3f31dfd1fb8c1e.jpg,512,512,1.0,0.0,88.15,58.17,2052.32
train,frame485_jpg.rf.bff234773a8b4c654cfe01d4303cfdc5.txt,data/thermal-1-filtered/train/images/frame485_jpg.rf.bff234773a8b4c654cfe01d4303cfdc5.jpg,512,512,1.0,3.008,87.19,39.43,157.8
train,frame643_jpg.rf.c00e4dc4b24c6a25567bd310edb71f78.txt,data/thermal-1-filtered/train/images/frame643_jpg.rf.c00e4dc4b24c6a25567bd310edb71f78.jpg,512,512,1.0,3.308,56.77,33.97,433.16
train,frame188_jpg.rf.d86c75874c5d09dff4ca09ade3d996c2.txt,data/thermal-1-filtered/train/images/frame188_jpg.rf.d86c75874c5d09dff4ca09ade3d996c2.jpg,512,512,1.0,3.267,89.53,43.62,185.0
train,003022_png.rf.21e1ed1f8a2db19dc89e9047888425b6.txt,data/thermal-1-filtered/train/images/003022_png.rf.21e1ed1f8a2db19dc89e9047888425b6.jpg,512,512,1.0,0.0,96.94,57.44,1113.32
train,frame422_jpg.rf.0100886aac786ba2cee2562df03706de.txt,data/thermal-1-filtered/train/images/frame422_jpg.rf.0100886aac786ba2cee2562df03706de.jpg,512,512,1.0,3.113,84.22,46.59,183.96
train,002255_png.rf.86dec27e3769f626f123aa663f8242ef.txt,data/thermal-1-filtered/train/images/002255_png.rf.86dec27e3769f626f123aa663f8242ef.jpg,512,512,1.0,0.0,85.74,55.08,329.82
train,002073_png.rf.1cc6ea8c6e5268e6ec62a2a7c3adeb38.txt,data/thermal-1-filtered/train/images/002073_png.rf.1cc6ea8c6e5268e6ec62a2a7c3adeb38.jpg,512,512,1.0,0.0,80.37,56.01,1075.43
train,frame309_jpg.rf.f5b4b42d8c03bb4332d5f0910a2c83b7.txt,data/thermal-1-filtered/train/images/frame309_jpg.rf.f5b4b42d8c03bb4332d5f0910a2c83b7.jpg,512,512,1.0,3.294,106.28,58.34,555.34
train,003087_png.rf.db4ac4e4d054475f08a4f470153a9838.txt,data/thermal-1-filtered/train/images/003087_png.rf.db4ac4e4d054475f08a4f470153a9838.jpg,512,512,1.0,0.0,86.52,55.37,890.59
train,003699_png.rf.5fbb5cde00b7c5431c22ec9b773c5ffc.txt,data/thermal-1-filtered/train/images/003699_png.rf.5fbb5cde00b7c5431c22ec9b773c5ffc.jpg,512,512,1.0,0.0,81.75,54.63,791.39
train,frame148_jpg.rf.f1b0828a081653f1d4f71535c9fba9b0.txt,data/thermal-1-filtered/train/images/frame148_jpg.rf.f1b0828a081653f1d4f71535c9fba9b0.jpg,512,512,1.0,3.263,97.37,50.75,180.31
train,002382_png.rf.65c4e1a14d05827d35487f2884028541.txt,data/thermal-1-filtered/train/images/002382_png.rf.65c4e1a14d05827d35487f2884028541.jpg,512,512,1.0,0.0,90.41,56.15,1799.37
train,frame432_jpg.rf.cf5205da0970e9d57f6e53fa80c8fb8c.txt,data/thermal-1-filtered/train/images/frame432_jpg.rf.cf5205da0970e9d57f6e53fa80c8fb8c.jpg,512,512,1.0,3.208,82.84,45.69,179.43
train,002687_png.rf.45734ef3151863bf9aba45488ad890dd.txt,data/thermal-1-filtered/train/images/002687_png.rf.45734ef3151863bf9aba45488ad890dd.jpg,512,512,1.0,0.0,79.45,54.19,792.01
train,frame637_jpg.rf.927582918818055838dbae3bfd41ebe1.txt,data/thermal-1-filtered/train/images/frame637_jpg.rf.927582918818055838dbae3bfd41ebe1.jpg,512,512,1.0,3.307,55.91,34.35,432.23
train,002298_png.rf.c4ed5cc93dc077ac958707271ebdd3a4.txt,data/thermal-1-filtered/train/images/002298_png.rf.c4ed5cc93dc077ac958707271ebdd3a4.jpg,512,512,1.0,0.0,82.97,56.74,599.01
train,003423_png.rf.3efdbd49766ae4b7d76e1afb8a10e07b.txt,data/thermal-1-filtered/train/images/003423_png.rf.3efdbd49766ae4b7d76e1afb8a10e07b.jpg,512,512,1.0,0.0,85.29,55.86,498.9
train,frame158_jpg.rf.2c74f9c20d338e27ec9a007f51140422.txt,data/thermal-1-filtered/train/images/frame158_jpg.rf.2c74f9c20d338e27ec9a007f51140422.jpg,512,512,1.0,3.117,92.54,53.74,157.99
train,frame711_jpg.rf.4a5db4d0708d5a39f9cfd99377f9709e.txt,data/thermal-1-filtered/train/images/frame711_jpg.rf.4a5db4d0708d5a39f9cfd99377f9709e.jpg,512,512,1.0,3.129,53.16,31.92,171.62
train,0_0_000081_jpg.rf.52d39fa2231d6a7b58d67e9fbc3bd1c6.txt,data/thermal-1-filtered/train/images/0_0_000081_jpg.rf.52d39fa2231d6a7b58d67e9fbc3bd1c6.jpg,512,512,1.0,0.0,63.92,71.52,142.12
train,0_0_000052_jpg.rf.aee95937da408c51dc90f37223a16927.txt,data/thermal-1-filtered/train/images/0_0_000052_jpg.rf.aee95937da408c51dc90f37223a16927.jpg,512,512,1.0,0.0,57.98,64.8,147.25
train,001512_png.rf.5aac2dc61ba33b83c5d93fb04f69a46a.txt,data/thermal-1-filtered/train/images/001512_png.rf.5aac2dc61ba33b83c5d93fb04f69a46a.jpg,512,512,1.0,0.0,80.06,52.37,166.61
train,frame615_jpg.rf.204e2aaef6875a2ec109460681f03d3e.txt,data/thermal-1-filtered/train/images/frame615_jpg.rf.204e2aaef6875a2ec109460681f03d3e.jpg,512,512,1.0,3.121,43.91,28.71,166.48
train,IR_BIRD_012_frame207_jpg.rf.7f49a07893e8d7ec01cac89fd574ee16.txt,data/thermal-1-filtered/train/images/IR_BIRD_012_frame207_jpg.rf.7f49a07893e8d7ec01cac89fd574ee16.jpg,512,512,1.0,0.0,107.78,46.27,135.59
train,002330_png.rf.0a49ff77ed6473ecede5250e3db5cb52.txt,data/thermal-1-filtered/train/images/002330_png.rf.0a49ff77ed6473ecede5250e3db5cb52.jpg,512,512,1.0,0.0,84.46,54.81,610.8
train,002831_png.rf.7acf555d773f42e0d12fad911d32d616.txt,data/thermal-1-filtered/train/images/002831_png.rf.7acf555d773f42e0d12fad911d32d616.jpg,512,512,1.0,0.0,83.08,52.82,344.11
train,frame632_jpg.rf.f3e07b8b73556bc1360b0e0367cd90f5.txt,data/thermal-1-filtered/train/images/frame632_jpg.rf.f3e07b8b73556bc1360b0e0367cd90f5.jpg,512,512,1.0,3.248,47.71,28.21,137.03
train,frame105_jpg.rf.eb38e8c9a0f39dd6df5d08cc09abc2c7.txt,data/thermal-1-filtered/train/images/frame105_jpg.rf.eb38e8c9a0f39dd6df5d08cc09abc2c7.jpg,512,512,1.0,3.074,80.78,52.03,130.58
train,002510_png.rf.a95348a5669d80dafb67d1338e36f175.txt,data/thermal-1-filtered/train/images/002510_png.rf.a95348a5669d80dafb67d1338e36f175.jpg,512,512,1.0,0.0,75.07,51.56,502.37
train,IR_BIRD_012_frame152_jpg.rf.2e4091884c27149a1609fb299659618e.txt,data/thermal-1-filtered/train/images/IR_BIRD_012_frame152_jpg.rf.2e4091884c27149a1609fb299659618e.jpg,512,512,1.0,0.0,102.71,49.6,68.78
train,0_0_000209_jpg.rf.07fd4b6c79896974998fb91646e6da3a.txt,data/thermal-1-filtered/train/images/0_0_000209_jpg.rf.07fd4b6c79896974998fb91646e6da3a.jpg,512,512,1.0,0.0,38.87,42.4,93.07
train,frame448_jpg.rf.054aa71caae6a5108a99a09ce25df1fc.txt,data/thermal-1-filtered/train/images/frame448_jpg.rf.054aa71caae6a5108a99a09ce25df1fc.jpg,512,512,1.0,3.267,97.71,45.27,564.23
train,002261_png.rf.3beba1ad7486401186504763aafcf04a.txt,data/thermal-1-filtered/train/images/002261_png.rf.3beba1ad7486401186504763aafcf04a.jpg,512,512,1.0,0.0,79.64,51.06,316.04
train,0_0_000030_jpg.rf.e720476645c44cf603e0fc84fbdde80c.txt,data/thermal-1-filtered/train/images/0_0_000030_jpg.rf.e720476645c44cf603e0fc84fbdde80c.jpg,512,512,1.0,0.0,99.15,71.08,120.86
train,ir_2_018280_jpg.rf.4801eca706692bc9fc5eac73c4f8592e.txt,data/thermal-1-filtered/train/images/ir_2_018280_jpg.rf.4801eca706692bc9fc5eac73c4f8592e.jpg,512,512,1.0,0.0,86.4,56.27,599.53
train,ir_2_032760_jpg.rf.05ffa335d66ac83a2ed2e7ba7c1463c9.txt,data/thermal-1-filtered/train/images/ir_2_032760_jpg.rf.05ffa335d66ac83a2ed2e7ba7c1463c9.jpg,512,512,1.0,0.0,89.05,57.82,1000.31
train,002344_png.rf.0d7951a8d7de6ea0bedef8e7f862deaf.txt,data/thermal-1-filtered/train/images/002344_png.rf.0d7951a8d7de6ea0bedef8e7f862deaf.jpg,512,512,1.0,0.0,88.35,55.75,1552.02
train,IR_BIRD_012_frame231_jpg.rf.4d3f5e13e9b3db7dfba347c5ab83977b.txt,data/thermal-1-filtered/train/images/IR_BIRD_012_frame231_jpg.rf.4d3f5e13e9b3db7dfba347c5ab83977b.jpg,512,512,1.0,0.0,98.08,56.67,76.08
train,002014_png.rf.ad3407467b54cee3ffe5fb38ea5ccdf7.txt,data/thermal-1-filtered/train/images/002014_png.rf.ad3407467b54cee3ffe5fb38ea5ccdf7.jpg,512,512,1.0,0.0,89.54,58.1,2543.65
train,002739_png.rf.ab89f498dd1133800725a602def62675.txt,data/thermal-1-filtered/train/images/002739_png.rf.ab89f498dd1133800725a602def62675.jpg,512,512,1.0,0.0,106.02,61.17,152.38
train,frame594_jpg.rf.333b8d68df4e40b979e78035c7bb7975.txt,data/thermal-1-filtered/train/images/frame594_jpg.rf.333b8d68df4e40b979e78035c7bb7975.jpg,512,512,1.0,3.066,47.61,31.38,164.13
train,002782_png.rf.7d6a1b5fcc1838d1c9af44ce02facb47.txt,data/thermal-1-filtered/train/images/002782_png.rf.7d6a1b5fcc1838d1c9af44ce02facb47.jpg,512,512,1.0,0.0,82.07,55.95,401.94
train,ir_3_016510_jpg.rf.f8eee3eef6d926901c3f8c24756c096c.txt,data/thermal-1-filtered/train/images/ir_3_016510_jpg.rf.f8eee3eef6d926901c3f8c24756c096c.jpg,512,512,1.0,0.0,82.72,59.02,970.86
train,003716_png.rf.ade37d47ddd20988118dd92840a65536.txt,data/thermal-1-filtered/train/images/003716_png.rf.ade37d47ddd20988118dd92840a65536.jpg,512,512,1.0,0.0,89.77,55.61,2383.46
train,frame115_jpg.rf.71fca4302d5460a298d205bb37bfc9a7.txt,data/thermal-1-filtered/train/images/frame115_jpg.rf.71fca4302d5460a298d205bb37bfc9a7.jpg,512,512,1.0,2.934,82.16,58.04,164.06
train,003754_png.rf.81d198977e225b1f6f8a0546dc069cd5.txt,data/thermal-1-filtered/train/images/003754_png.rf.81d198977e225b1f6f8a0546dc069cd5.jpg,512,512,1.0,0.0,94.04,54.37,1064.35
train,IR_BIRD_012_frame294_jpg.rf.c9e4e234b3c8a39d24b2c830ab326cff.txt,data/thermal-1-filtered/train/images/IR_BIRD_012_frame294_jpg.rf.c9e4e234b3c8a39d24b2c830ab326cff.jpg,512,512,1.0,0.0,102.46,52.76,102.54
train,img_0332_png.rf.564999ac653185fa96efa796822bf116.txt,data/thermal-1-filtered/train/images/img_0332_png.rf.564999ac653185fa96efa796822bf116.jpg,512,512,1.0,0.0,139.92,40.4,213.22
train,frame443_jpg.rf.dff1e6423fb7079c817015ac57876631.txt,data/thermal-1-filtered/train/images/frame443_jpg.rf.dff1e6423fb7079c817015ac57876631.jpg,512,512,1.0,3.277,93.39,44.72,608.46
train,002819_png.rf.a2d7340fd4e78d6d3fe5837e89377f73.txt,data/thermal-1-filtered/train/images/002819_png.rf.a2d7340fd4e78d6d3fe5837e89377f73.jpg,512,512,1.0,0.0,95.03,57.5,1483.15
train,frame435_jpg.rf.a15577ac61454d5b9aaf3e890708e554.txt,data/thermal-1-filtered/train/images/frame435_jpg.rf.a15577ac61454d5b9aaf3e890708e554.jpg,512,512,1.0,3.111,83.01,46.83,230.54
train,IR_BIRD_012_frame127_jpg.rf.4c781e15ff5c21570f8798dbdb04f70a.txt,data/thermal-1-filtered/train/images/IR_BIRD_012_frame127_jpg.rf.4c781e15ff5c21570f8798dbdb04f70a.jpg,512,512,1.0,0.0,91.06,55.19,69.89
train,003680_png.rf.6529cc41a6f08bb76330d5676d9ce9c7.txt,data/thermal-1-filtered/train/images/003680_png.rf.6529cc41a6f08bb76330d5676d9ce9c7.jpg,512,512,1.0,0.0,89.17,56.7,2963.84
train,002725_png.rf.655192366ab5cd899689321df18df0e7.txt,data/thermal-1-filtered/train/images/002725_png.rf.655192366ab5cd899689321df18df0e7.jpg,512,512,1.0,0.0,76.75,54.05,273.77
train,frame39_jpg.rf.9670d6228c7d118568f7d0a4da2d49fe.txt,data/thermal-1-filtered/train/images/frame39_jpg.rf.9670d6228c7d118568f7d0a4da2d49fe.jpg,512,512,1.0,3.205,88.8,48.11,530.63
train,0_0_000020_jpg.rf.7e1a95641207868ebe7493a4c1572810.txt,data/thermal-1-filtered/train/images/0_0_000020_jpg.rf.7e1a95641207868ebe7493a4c1572810.jpg,512,512,1.0,0.0,98.41,73.67,109.43
train,IR_BIRD_012_frame281_jpg.rf.cb3e41d0bdd1e37c620be17974ed8ac8.txt,data/thermal-1-filtered/train/images/IR_BIRD_012_frame281_jpg.rf.cb3e41d0bdd1e37c620be17974ed8ac8.jpg,512,512,1.0,0.0,97.52,55.55,86.52
train,frame523_jpg.rf.62c0ebfa93313bbdd6a6b57835204374.txt,data/thermal-1-filtered/train/images/frame523_jpg.rf.62c0ebfa93313bbdd6a6b57835204374.jpg,512,512,1.0,3.17,58.36,25.06,90.77
train,IR_BIRD_012_frame21_jpg.rf.eeba89becd5561c2c27654283789a536.txt,data/thermal-1-filtered/train/images/IR_BIRD_012_frame21_jpg.rf.eeba89becd5561c2c27654283789a536.jpg,512,512,1.0,0.0,90.04,55.44,72.6
train,003069_png.rf.2fa1ae690585efe4ef81f1003d86e9c7.txt,data/thermal-1-filtered/train/images/003069_png.rf.2fa1ae690585efe4ef81f1003d86e9c7.jpg,512,512,1.0,0.0,89.57,57.97,2535.24
train,003782_png.rf.8da1cf6b4c27c8cf4367fbfb51d6212c.txt,data/thermal-1-filtered/train/images/003782_png.rf.8da1cf6b4c27c8cf4367fbfb51d6212c.jpg,512,512,1.0,0.0,98.75,56.78,288.86
train,IR_BIRD_012_frame136_jpg.rf.d26a288fd30505c44b2493dd85d72cfc.txt,data/thermal-1-filtered/train/images/IR_BIRD_012_frame136_jpg.rf.d26a288fd30505c44b2493dd85d72cfc.jpg,512,512,1.0,0.0,94.68,53.87,83.7
train,003779_png.rf.75a7c04f6244e9e0978cd25612c768df.txt,data/thermal-1-filtered/train/images/003779_png.rf.75a7c04f6244e9e0978cd25612c768df.jpg,512,512,1.0,0.0,100.25,58.0,656.09
train,frame290_jpg.rf.8de2006bcc1cfc0840f541b09769d076.txt,data/thermal-1-filtered/train/images/frame290_jpg.rf.8de2006bcc1cfc0840f541b09769d076.jpg,512,512,1.0,3.271,96.13,52.69,615.48
train,002357_png.rf.b6dd59761e3e78cf26ae76b285419dd4.txt,data/thermal-1-filtered/train/images/002357_png.rf.b6dd59761e3e78cf26ae76b285419dd4.jpg,512,512,1.0,0.0,82.99,54.21,341.93
train,IR_BIRD_012_frame189_jpg.rf.237e9f3e4ea5a3f851b7d314a41114bf.txt,data/thermal-1-filtered/train/images/IR_BIRD_012_frame189_jpg.rf.237e9f3e4ea5a3f851b7d314a41114bf.jpg,512,512,1.0,0.0,100.21,49.34,54.3
train,frame714_jpg.rf.a98a912300ee0e3d3318208044505bed.txt,data/thermal-1-filtered/train/images/frame714_jpg.rf.a98a912300ee0e3d3318208044505bed.jpg,512,512,1.0,3.231,56.53,31.98,196.22
train,002058_png.rf.61684450aae155c650a71a515ba606b3.txt,data/thermal-1-filtered/train/images/002058_png.rf.61684450aae155c650a71a515ba606b3.jpg,512,512,1.0,0.0,88.18,58.87,4961.14
train,001793_png.rf.b98496a117d69a1398f1e227a265e538.txt,data/thermal-1-filtered/train/images/001793_png.rf.b98496a117d69a1398f1e227a265e538.jpg,512,512,1.0,0.0,83.51,55.6,599.13
train,003754_png.rf.a46c5e25d51f6977b7170e3ef828c8e8.txt,data/thermal-1-filtered/train/images/003754_png.rf.a46c5e25d51f6977b7170e3ef828c8e8.jpg,512,512,1.0,0.0,82.25,51.58,256.21
train,frame283_jpg.rf.6b452e63fd855d95ad9b0087d0867d7f.txt,data/thermal-1-filtered/train/images/frame283_jpg.rf.6b452e63fd855d95ad9b0087d0867d7f.jpg,512,512,1.0,3.075,89.58,57.16,209.72
train,000010_png.rf.e7c792ea4c973e86db759e8694a0b5a8.txt,data/thermal-1-filtered/train/images/000010_png.rf.e7c792ea4c973e86db759e8694a0b5a8.jpg,512,512,1.0,0.0,86.79,61.98,440.89
train,002545_png.rf.4a6793b2f5d27e8a1195426747a294c7.txt,data/thermal-1-filtered/train/images/002545_png.rf.4a6793b2f5d27e8a1195426747a294c7.jpg,512,512,1.0,0.0,80.46,55.09,402.87
train,001973_png.rf.06a56808061e78cf915c8aa4921ce98a.txt,data/thermal-1-filtered/train/images/001973_png.rf.06a56808061e78cf915c8aa4921ce98a.jpg,512,512,1.0,0.0,92.03,56.57,1633.29
train,IR_BIRD_012_frame27_jpg.rf.cfc49b6182eb25b46026a3bb46b2656e.txt,data/thermal-1-filtered/train/images/IR_BIRD_012_frame27_jpg.rf.cfc49b6182eb25b46026a3bb46b2656e.jpg,512,512,1.0,0.0,101.18,46.31,69.2
train,frame172_jpg.rf.a0b52bd966bb13b6d8ecec5690c4d64a.txt,data/thermal-1-filtered/train/images/frame172_jpg.rf.a0b52bd966bb13b6d8ecec5690c4d64a.jpg,512,512,1.0,3.25,92.6,47.58,212.42
train,003715_png.rf.4b362042bbfb44837257835908bec50e.txt,data/thermal-1-filtered/train/images/003715_png.rf.4b362042bbfb44837257835908bec50e.jpg,512,512,1.0,0.0,89.47,52.94,782.82
train,002209_png.rf.8fd6fd168263fe57dc968e84510cd012.txt,data/thermal-1-filtered/train/images/002209_png.rf.8fd6fd168263fe57dc968e84510cd012.jpg,512,512,1.0,0.0,88.1,51.57,621.86
train,003854_png.rf.8cbe51b3901d294e3126cd9d2f467d1d.txt,data/thermal-1-filtered/train/images/003854_png.rf.8cbe51b3901d294e3126cd9d2f467d1d.jpg,512,512,1.0,0.0,97.73,57.11,1223.92
train,002733_png.rf.9019df0af8d067fd59ef16bebef1bffc.txt,data/thermal-1-filtered/train/images/002733_png.rf.9019df0af8d067fd59ef16bebef1bffc.jpg,512,512,1.0,0.0,90.4,55.57,184.92
train,002069_png.rf.4f8968fe3c7787799c03368a4af80b6a.txt,data/thermal-1-filtered/train/images/002069_png.rf.4f8968fe3c7787799c03368a4af80b6a.jpg,512,512,1.0,0.0,82.93,56.42,1173.25
train,002355_png.rf.ee505c932525be3c358f3c76f3f02f1b.txt,data/thermal-1-filtered/train/images/002355_png.rf.ee505c932525be3c358f3c76f3f02f1b.jpg,512,512,1.0,0.0,82.71,54.66,428.06
train,002387_png.rf.af828b529a41f13d6bc641e374ad47a9.txt,data/thermal-1-filtered/train/images/002387_png.rf.af828b529a41f13d6bc641e374ad47a9.jpg,512,512,1.0,0.0,81.27,54.81,524.56
train,frame507_jpg.rf.4f030dc23210743f3a5eb6df565659ca.txt,data/thermal-1-filtered/train/images/frame507_jpg.rf.4f030dc23210743f3a5eb6df565659ca.jpg,512,512,1.0,3.06,72.95,35.34,144.08
train,frame630_jpg.rf.9e8ae6ebe7793c23aee242a3dd68673a.txt,data/thermal-1-filtered/train/images/frame630_jpg.rf.9e8ae6ebe7793c23aee242a3dd68673a.jpg,512,512,1.0,3.163,50.76,32.31,226.07
train,003035_png.rf.1586992342d63dd6d7535f5fb5cfe2e3.txt,data/thermal-1-filtered/train/images/003035_png.rf.1586992342d63dd6d7535f5fb5cfe2e3.jpg,512,512,1.0,0.0,84.77,56.35,862.6
train,002819_png.rf.becaf7ab4a414c1c73757b99681623b5.txt,data/thermal-1-filtered/train/images/002819_png.rf.becaf7ab4a414c1c73757b99681623b5.jpg,512,512,1.0,0.0,91.5,56.23,519.69
train,003062_png.rf.63911529a81f70d0256f9ddc52b64046.txt,data/thermal-1-filtered/train/images/003062_png.rf.63911529a81f70d0256f9ddc52b64046.jpg,512,512,1.0,0.0,89.71,58.24,2955.59
train,frame507_jpg.rf.e8018efd4681a0f3d2719698fab7e673.txt,data/thermal-1-filtered/train/images/frame507_jpg.rf.e8018efd4681a0f3d2719698fab7e673.jpg,512,512,1.0,3.221,78.09,32.66,160.37
train,003769_png.rf.fc8de8be03a36af438983eb8e167869f.txt,data/thermal-1-filtered/train/images/003769_png.rf.fc8de8be03a36af438983eb8e167869f.jpg,512,512,1.0,0.0,93.87,52.77,495.57
train,IR_BIRD_012_frame36_jpg.rf.b9488933545a9f24af7374c9941463cb.txt,data/thermal-1-filtered/train/images/IR_BIRD_012_frame36_jpg.rf.b9488933545a9f24af7374c9941463cb.jpg,512,512,1.0,0.0,101.18,46.31,69.73
train,003097_png.rf.a3bd71dbb103db253eb803c0db131379.txt,data/thermal-1-filtered/train/images/003097_png.rf.a3bd71dbb103db253eb803c0db131379.jpg,512,512,1.0,0.0,83.35,54.66,758.81
train,001991_png.rf.715c83063234c18ace0e5a3fe5179280.txt,data/thermal-1-filtered/train/images/001991_png.rf.715c83063234c18ace0e5a3fe5179280.jpg,512,512,1.0,0.0,92.22,59.07,2562.24
train,002833_png.rf.b4af3e317be407755374e79b17f81c7e.txt,data/thermal-1-filtered/train/images/002833_png.rf.b4af3e317be407755374e79b17f81c7e.jpg,512,512,1.0,0.0,78.11,52.06,310.99
train,frame575_jpg.rf.63c9294b8623357737e76a28560e5769.txt,data/thermal-1-filtered/train/images/frame575_jpg.rf.63c9294b8623357737e76a28560e5769.jpg,512,512,1.0,3.329,56.0,32.73,368.51
train,002398_png.rf.54c469d90d9fa96d1df14af334bc8841.txt,data/thermal-1-filtered/train/images/002398_png.rf.54c469d90d9fa96d1df14af334bc8841.jpg,512,512,1.0,0.0,90.57,55.53,1439.33
train,IR_BIRD_012_frame23_jpg.rf.38d716353dd512818ca2c235efc3098c.txt,data/thermal-1-filtered/train/images/IR_BIRD_012_frame23_jpg.rf.38d716353dd512818ca2c235efc3098c.jpg,512,512,1.0,0.0,91.42,54.64,62.6
train,003042_png.rf.d61fd2757339fe11775ced8131be90ad.txt,data/thermal-1-filtered/train/images/003042_png.rf.d61fd2757339fe11775ced8131be90ad.jpg,512,512,1.0,0.0,88.46,56.22,1536.2
train,002464_png.rf.f7842f59f9e5e474cb5672c8999aba25.txt,data/thermal-1-filtered/train/images/002464_png.rf.f7842f59f9e5e474cb5672c8999aba25.jpg,512,512,1.0,0.0,84.16,52.69,470.7
train,ir_3_030810_jpg.rf.39c67d13c4a2be94856d47e5cfb18b74.txt,data/thermal-1-filtered/train/images/ir_3_030810_jpg.rf.39c67d13c4a2be94856d47e5cfb18b74.jpg,512,512,1.0,0.0,81.77,56.61,1238.34
train,frame111_jpg.rf.26264a66ada2a03aa654686c94db4162.txt,data/thermal-1-filtered/train/images/frame111_jpg.rf.26264a66ada2a03aa654686c94db4162.jpg,512,512,1.0,3.133,85.8,54.48,206.97
train,frame20_jpg.rf.f18fa1a7057495191f0c8c40d73e9445.txt,data/thermal-1-filtered/train/images/frame20_jpg.rf.f18fa1a7057495191f0c8c40d73e9445.jpg,512,512,1.0,3.175,76.02,44.0,121.66
train,IR_BIRD_012_frame74_jpg.rf.8b498924f8adb74bd0537d938d2d9b9e.txt,data/thermal-1-filtered/train/images/IR_BIRD_012_frame74_jpg.rf.8b498924f8adb74bd0537d938d2d9b9e.jpg,512,512,1.0,0.0,91.3,54.31,73.5
train,IR_BIRD_012_frame159_jpg.rf.d621dd28d4d9141d1ae7838e6ca6edae.txt,data/thermal-1-filtered/train/images/IR_BIRD_012_frame159_jpg.rf.d621dd28d4d9141d1ae7838e6ca6edae.jpg,512,512,1.0,0.0,101.98,49.66,72.07
train,IR_BIRD_012_frame257_jpg.rf.2700446acbef7d1049955d873914ecf8.txt,data/thermal-1-filtered/train/images/IR_BIRD_012_frame257_jpg.rf.2700446acbef7d1049955d873914ecf8.jpg,512,512,1.0,0.0,107.64,45.73,116.69
train,002257_png.rf.7e2f570cb3fd011eed64590378272b59.txt,data/thermal-1-filtered/train/images/002257_png.rf.7e2f570cb3fd011eed64590378272b59.jpg,512,512,1.0,0.0,91.12,56.67,544.39
train,IR_BIRD_012_frame108_jpg.rf.673dd7f13862ccd41a9a6cb722d053b3.txt,data/thermal-1-filtered/train/images/IR_BIRD_012_frame108_jpg.rf.673dd7f13862ccd41a9a6cb722d053b3.jpg,512,512,1.0,0.0,96.37,56.24,84.44
train,IR_BIRD_012_frame173_jpg.rf.087ca74004a0c06c26f8ed8384f947a0.txt,data/thermal-1-filtered/train/images/IR_BIRD_012_frame173_jpg.rf.087ca74004a0c06c26f8ed8384f947a0.jpg,512,512,1.0,0.0,92.31,54.31,78.34
train,frame32_jpg.rf.9350cb1a6fba35244465a8bc000b2bea.txt,data/thermal-1-filtered/train/images/frame32_jpg.rf.9350cb1a6fba35244465a8bc000b2bea.jpg,512,512,1.0,2.875,73.51,51.05,155.66
train,0_0_000035_jpg.rf.4d36f99482bbebf55c314d173f0cd85c.txt,data/thermal-1-filtered/train/images/0_0_000035_jpg.rf.4d36f99482bbebf55c314d173f0cd85c.jpg,512,512,1.0,0.0,102.95,65.59,49.06
train,frame339_jpg.rf.7b41616f3b34229777fe785baf00800f.txt,data/thermal-1-filtered/train/images/frame339_jpg.rf.7b41616f3b34229777fe785baf00800f.jpg,512,512,1.0,3.154,93.63,51.16,144.22
train,ir_3_022090_jpg.rf.b06380d43ea3c76e20d2f8b90f9ff73a.txt,data/thermal-1-filtered/train/images/ir_3_022090_jpg.rf.b06380d43ea3c76e20d2f8b90f9ff73a.jpg,512,512,1.0,0.0,84.97,54.5,334.87
train,003709_png.rf.ade280de710bf6fd0d87d7f0c3ba7671.txt,data/thermal-1-filtered/train/images/003709_png.rf.ade280de710bf6fd0d87d7f0c3ba7671.jpg,512,512,1.0,0.0,89.71,56.04,2481.43
train,0_0_000067_jpg.rf.13809dbea9904b9fede8c42e7761eeb3.txt,data/thermal-1-filtered/train/images/0_0_000067_jpg.rf.13809dbea9904b9fede8c42e7761eeb3.jpg,512,512,1.0,0.0,53.07,64.08,76.61
train,frame111_jpg.rf.1c8a126653dce3341359606222235ea6.txt,data/thermal-1-filtered/train/images/frame111_jpg.rf.1c8a126653dce3341359606222235ea6.jpg,512,512,1.0,3.279,92.15,53.02,665.25
train,002435_png.rf.283d70c3b60980e01ce75b98f3e16ec3.txt,data/thermal-1-filtered/train/images/002435_png.rf.283d70c3b60980e01ce75b98f3e16ec3.jpg,512,512,1.0,0.0,80.02,53.88,454.94
train,003714_png.rf.ad40f66f95902f1f62e3da8cf7a6494a.txt,data/thermal-1-filtered/train/images/003714_png.rf.ad40f66f95902f1f62e3da8cf7a6494a.jpg,512,512,1.0,0.0,89.91,55.67,2296.13
train,003723_png.rf.14d7fce828cb511d2529227a35181952.txt,data/thermal-1-filtered/train/images/003723_png.rf.14d7fce828cb511d2529227a35181952.jpg,512,512,1.0,0.0,89.82,55.14,2282.2
train,002429_png.rf.8d148d20a6aa04fe31c50df2d8221749.txt,data/thermal-1-filtered/train/images/002429_png.rf.8d148d20a6aa04fe31c50df2d8221749.jpg,512,512,1.0,0.0,82.76,55.66,426.27
train,002442_png.rf.6bd5c85c8bd804eb5a06afbef7138dca.txt,data/thermal-1-filtered/train/images/002442_png.rf.6bd5c85c8bd804eb5a06afbef7138dca.jpg,512,512,1.0,0.0,85.05,54.23,1243.63
train,frame103_jpg.rf.25fb1335f37c1824f016b491a370303a.txt,data/thermal-1-filtered/train/images/frame103_jpg.rf.25fb1335f37c1824f016b491a370303a.jpg,512,512,1.0,3.254,92.68,48.87,217.14
train,IR_BIRD_012_frame77_jpg.rf.06de33b753e0604f58dbf1de9d78ecf7.txt,data/thermal-1-filtered/train/images/IR_BIRD_012_frame77_jpg.rf.06de33b753e0604f58dbf1de9d78ecf7.jpg,512,512,1.0,0.0,100.19,48.62,78.57
train,frame546_jpg.rf.9955480a96d65efeb602d8817c5a60bb.txt,data/thermal-1-filtered/train/images/frame546_jpg.rf.9955480a96d65efeb602d8817c5a60bb.jpg,512,512,1.0,3.311,60.87,32.58,406.24
train,IR_BIRD_012_frame281_jpg.rf.2c402db9d1cf0f2542e22d64af253d53.txt,data/thermal-1-filtered/train/images/IR_BIRD_012_frame281_jpg.rf.2c402db9d1cf0f2542e22d64af253d53.jpg,512,512,1.0,0.0,107.95,45.77,120.97
train,003818_png.rf.369863a114325d8fc9bad8c90633be75.txt,data/thermal-1-filtered/train/images/003818_png.rf.369863a114325d8fc9bad8c90633be75.jpg,512,512,1.0,0.0,97.74,57.24,1239.1
train,frame713_jpg.rf.c3ec30d58825d44be2bca45dba82b4e7.txt,data/thermal-1-filtered/train/images/frame713_jpg.rf.c3ec30d58825d44be2bca45dba82b4e7.jpg,512,512,1.0,2.991,49.44,30.31,154.72
train,002417_png.rf.ab87e2496e794452b9e3773600b9dbb5.txt,data/thermal-1-filtered/train/images/002417_png.rf.ab87e2496e794452b9e3773600b9dbb5.jpg,512,512,1.0,0.0,90.22,55.21,1311.86
train,frame608_jpg.rf.e854d452005b9350d3c3b83ee967990e.txt,data/thermal-1-filtered/train/images/frame608_jpg.rf.e854d452005b9350d3c3b83ee967990e.jpg,512,512,1.0,3.289,49.09,29.81,218.19
train,frame446_jpg.rf.189efa8db559feac2086e55df25e5373.txt,data/thermal-1-filtered/train/images/frame446_jpg.rf.189efa8db559feac2086e55df25e5373.jpg,512,512,1.0,3.265,96.48,45.81,572.47
train,002263_png.rf.b602fe574408e090040d5297e1d859d6.txt,data/thermal-1-filtered/train/images/002263_png.rf.b602fe574408e090040d5297e1d859d6.jpg,512,512,1.0,0.0,88.87,53.44,923.57
train,003767_png.rf.f93fbfb70e8d53d8025e5bcd4ce70c77.txt,data/thermal-1-filtered/train/images/003767_png.rf.f93fbfb70e8d53d8025e5bcd4ce70c77.jpg,512,512,1.0,0.0,83.37,52.57,242.23
train,002419_png.rf.2c06236b8665dd9e81b142e0700d5cf8.txt,data/thermal-1-filtered/train/images/002419_png.rf.2c06236b8665dd9e81b142e0700d5cf8.jpg,512,512,1.0,0.0,78.06,54.24,395.69
train,002745_png.rf.cf05ec873e42477ac974c9bd72b69245.txt,data/thermal-1-filtered/train/images/002745_png.rf.cf05ec873e42477ac974c9bd72b69245.jpg,512,512,1.0,0.0,78.97,50.58,583.19
train,001981_png.rf.72a68d319c9fc0c1169d7271cf24f01f.txt,data/thermal-1-filtered/train/images/001981_png.rf.72a68d319c9fc0c1169d7271cf24f01f.jpg,512,512,1.0,0.0,89.83,55.77,732.37
train,003703_png.rf.40599b451257427c2f6d9b7ae0fd328e.txt,data/thermal-1-filtered/train/images/003703_png.rf.40599b451257427c2f6d9b7ae0fd328e.jpg,512,512,1.0,0.0,88.89,56.01,2632.64
train,IR_BIRD_012_frame284_jpg.rf.4430435359cb552e57e8fcb2402e77ae.txt,data/thermal-1-filtered/train/images/IR_BIRD_012_frame284_jpg.rf.4430435359cb552e57e8fcb2402e77ae.jpg,512,512,1.0,0.0,107.94,45.76,121.54
train,002072_png.rf.df63819010a12ef58c937442114523ce.txt,data/thermal-1-filtered/train/images/002072_png.rf.df63819010a12ef58c937442114523ce.jpg,512,512,1.0,0.0,82.55,53.55,1101.73
train,002417_png.rf.94c808eccc1a3790b1da3fcc82a9575a.txt,data/thermal-1-filtered/train/images/002417_png.rf.94c808eccc1a3790b1da3fcc82a9575a.jpg,512,512,1.0,0.0,81.79,53.95,439.64
train,003775_png.rf.201f62dd70c1526c6fb3772bea63a9c3.txt,data/thermal-1-filtered/train/images/003775_png.rf.201f62dd70c1526c6fb3772bea63a9c3.jpg,512,512,1.0,0.0,86.71,57.96,251.16
train,002832_png.rf.7a08282097a85d5f9d37050323c8c7a7.txt,data/thermal-1-filtered/train/images/002832_png.rf.7a08282097a85d5f9d37050323c8c7a7.jpg,512,512,1.0,0.0,85.48,54.38,936.15
train,002214_png.rf.7f294417af9d3e5cb96b6a1cc963e7d9.txt,data/thermal-1-filtered/train/images/002214_png.rf.7f294417af9d3e5cb96b6a1cc963e7d9.jpg,512,512,1.0,0.0,90.19,55.64,1857.62
train,IR_BIRD_012_frame237_jpg.rf.05feabcfa4c71c30975d677df365fc52.txt,data/thermal-1-filtered/train/images/IR_BIRD_012_frame237_jpg.rf.05feabcfa4c71c30975d677df365fc52.jpg,512,512,1.0,0.0,98.46,55.89,76.3
train,002291_png.rf.5755a52b526e65c35130b8af0fa1e5aa.txt,data/thermal-1-filtered/train/images/002291_png.rf.5755a52b526e65c35130b8af0fa1e5aa.jpg,512,512,1.0,0.0,90.73,55.03,822.11
train,frame692_jpg.rf.2000212f12c561f1a4dd06a2fe9fb257.txt,data/thermal-1-filtered/train/images/frame692_jpg.rf.2000212f12c561f1a4dd06a2fe9fb257.jpg,512,512,1.0,3.308,51.28,30.13,475.27
train,002541_png.rf.9124b6d6538ecee0b4a4a05ab88ad7eb.txt,data/thermal-1-filtered/train/images/002541_png.rf.9124b6d6538ecee0b4a4a05ab88ad7eb.jpg,512,512,1.0,0.0,89.99,55.76,1201.05
train,frame230_jpg.rf.0de335e661634ff5d7ded3dc736940ae.txt,data/thermal-1-filtered/train/images/frame230_jpg.rf.0de335e661634ff5d7ded3dc736940ae.jpg,512,512,1.0,3.214,94.74,47.59,376.35
train,frame71_jpg.rf.c3e149f64ba119d931e86facf56364d6.txt,data/thermal-1-filtered/train/images/frame71_jpg.rf.c3e149f64ba119d931e86facf56364d6.jpg,512,512,1.0,3.057,86.29,52.79,119.61
train,frame180_jpg.rf.b32149f17a6466c260bd11d172c4060d.txt,data/thermal-1-filtered/train/images/frame180_jpg.rf.b32149f17a6466c260bd11d172c4060d.jpg,512,512,1.0,2.997,85.24,51.54,114.49
train,0_0_001186_jpg.rf.8c8e2e83327e40d3c41bb1d71605afdb.txt,data/thermal-1-filtered/train/images/0_0_001186_jpg.rf.8c8e2e83327e40d3c41bb1d71605afdb.jpg,512,512,1.0,0.0,119.57,56.33,295.49
train,002552_png.rf.27ff681b8923ccfb5deb6ff5b0099688.txt,data/thermal-1-filtered/train/images/002552_png.rf.27ff681b8923ccfb5deb6ff5b0099688.jpg,512,512,1.0,0.0,88.36,56.13,642.46
train,ir_2_021310_jpg.rf.2ad2ed616da086ef1257df0df3b337f7.txt,data/thermal-1-filtered/train/images/ir_2_021310_jpg.rf.2ad2ed616da086ef1257df0df3b337f7.jpg,512,512,1.0,0.0,89.47,54.93,1329.38
train,IR_BIRD_012_frame3_jpg.rf.47c1298369549333e578673e8d87532c.txt,data/thermal-1-filtered/train/images/IR_BIRD_012_frame3_jpg.rf.47c1298369549333e578673e8d87532c.jpg,512,512,1.0,0.0,97.42,51.6,67.45
train,002609_png.rf.dff2fdd2822513775075378ed3c41279.txt,data/thermal-1-filtered/train/images/002609_png.rf.dff2fdd2822513775075378ed3c41279.jpg,512,512,1.0,0.0,84.08,56.4,749.27
train,002380_png.rf.471f68662084aa1b251da152ea99bb9f.txt,data/thermal-1-filtered/train/images/002380_png.rf.471f68662084aa1b251da152ea99bb9f.jpg,512,512,1.0,0.0,91.36,53.72,662.93
train,frame101_jpg.rf.9784303b94d306b380b6fc22d1984f62.txt,data/thermal-1-filtered/train/images/frame101_jpg.rf.9784303b94d306b380b6fc22d1984f62.jpg,512,512,1.0,3.067,87.64,53.12,171.87
train,frame322_jpg.rf.6ed72d052efc1631de84e17027d54859.txt,data/thermal-1-filtered/train/images/frame322_jpg.rf.6ed72d052efc1631de84e17027d54859.jpg,512,512,1.0,3.209,93.66,57.69,122.49
train,frame224_jpg.rf.bb6c63562257e8fad9f8f11bd6ac117e.txt,data/thermal-1-filtered/train/images/frame224_jpg.rf.bb6c63562257e8fad9f8f11bd6ac117e.jpg,512,512,1.0,2.954,84.19,51.83,142.95
train,frame498_jpg.rf.02d8958d29de8085f51dff4e31c31176.txt,data/thermal-1-filtered/train/images/frame498_jpg.rf.02d8958d29de8085f51dff4e31c31176.jpg,512,512,1.0,3.302,90.11,35.3,374.55
train,003056_png.rf.3c8238b5fd2de53cbae82c7285ac76b8.txt,data/thermal-1-filtered/train/images/003056_png.rf.3c8238b5fd2de53cbae82c7285ac76b8.jpg,512,512,1.0,0.0,89.18,57.76,2843.74
train,IR_BIRD_012_frame27_jpg.rf.44655b5a1fed3bb107dd3aa5b01437e8.txt,data/thermal-1-filtered/train/images/IR_BIRD_012_frame27_jpg.rf.44655b5a1fed3bb107dd3aa5b01437e8.jpg,512,512,1.0,0.0,94.88,51.94,67.31
train,IR_BIRD_012_frame139_jpg.rf.2f17f388da0ba8e58ed629663f1807dc.txt,data/thermal-1-filtered/train/images/IR_BIRD_012_frame139_jpg.rf.2f17f388da0ba8e58ed629663f1807dc.jpg,512,512,1.0,0.0,103.2,49.68,75.77
train,003780_png.rf.98e3acad800608f61bcb545e66cea49f.txt,data/thermal-1-filtered/train/images/003780_png.rf.98e3acad800608f61bcb545e66cea49f.jpg,512,512,1.0,0.0,93.04,58.71,234.68
train,001793_png.rf.33eddfd1fa2d8750bd987e1e09e0c3b8.txt,data/thermal-1-filtered/train/images/001793_png.rf.33eddfd1fa2d8750bd987e1e09e0c3b8.jpg,512,512,1.0,0.0,83.2,55.25,582.79
train,002794_png.rf.556963e1bb00c6f9e1ec7feb2b7e986a.txt,data/thermal-1-filtered/train/images/002794_png.rf.556963e1bb00c6f9e1ec7feb2b7e986a.jpg,512,512,1.0,0.0,89.04,55.86,690.51
train,frame502_jpg.rf.0b9b12f104e8e0f74fe5375be3bd4c24.txt,data/thermal-1-filtered/train/images/frame502_jpg.rf.0b9b12f104e8e0f74fe5375be3bd4c24.jpg,512,512,1.0,3.251,83.81,34.18,167.6
train,IR_BIRD_012_frame20_jpg.rf.70a116b59a88efaedd1d0254a4558ce4.txt,data/thermal-1-filtered/train/images/IR_BIRD_012_frame20_jpg.rf.70a116b59a88efaedd1d0254a4558ce4.jpg,512,512,1.0,0.0,101.17,46.31,69.11
train,IR_BIRD_012_frame56_jpg.rf.5bc28de983ee868c4cb517a2b11de4f1.txt,data/thermal-1-filtered/train/images/IR_BIRD_012_frame56_jpg.rf.5bc28de983ee868c4cb517a2b11de4f1.jpg,512,512,1.0,0.0,92.68,54.62,70.69
train,frame453_jpg.rf.ba849ae1c5d3375126fa8fdfc89e4e1e.txt,data/thermal-1-filtered/train/images/frame453_jpg.rf.ba849ae1c5d3375126fa8fdfc89e4e1e.jpg,512,512,1.0,3.197,88.11,39.12,193.1
train,frame286_jpg.rf.36b5dee7422f88f641d7142a0e1d752c.txt,data/thermal-1-filtered/train/images/frame286_jpg.rf.36b5dee7422f88f641d7142a0e1d752c.jpg,512,512,1.0,2.947,78.26,52.3,144.01
train,frame339_jpg.rf.48794d6257c43d3ab5744c1df892608b.txt,data/thermal-1-filtered/train/images/frame339_jpg.rf.48794d6257c43d3ab5744c1df892608b.jpg,512,512,1.0,3.06,93.96,53.03,197.17
train,003747_png.rf.f112e43f765e8e9dcb8ff0316224dcbd.txt,data/thermal-1-filtered/train/images/003747_png.rf.f112e43f765e8e9dcb8ff0316224dcbd.jpg,512,512,1.0,0.0,92.16,53.98,1226.12
train,000006_png.rf.ba602a93a1dcbf6a482a1f0249b91b0d.txt,data/thermal-1-filtered/train/images/000006_png.rf.ba602a93a1dcbf6a482a1f0249b91b0d.jpg,512,512,1.0,0.0,91.85,61.64,446.2
train,IR_BIRD_012_frame94_jpg.rf.87014f030e98511fad63087d9e71cba5.txt,data/thermal-1-filtered/train/images/IR_BIRD_012_frame94_jpg.rf.87014f030e98511fad63087d9e71cba5.jpg,512,512,1.0,0.0,102.88,51.37,92.39
train,0_0_000407_jpg.rf.9daa407aa5c64d2edf9e5c177d0ead8e.txt,data/thermal-1-filtered/train/images/0_0_000407_jpg.rf.9daa407aa5c64d2edf9e5c177d0ead8e.jpg,512,512,1.0,0.0,99.37,75.85,152.46
train,frame209_jpg.rf.410d9395a3112aaf365eac17c503a967.txt,data/thermal-1-filtered/train/images/frame209_jpg.rf.410d9395a3112aaf365eac17c503a967.jpg,512,512,1.0,3.254,92.58,44.25,191.77
train,frame725_jpg.rf.1143f91d17d6d0ddefabf5193a68fc64.txt,data/thermal-1-filtered/train/images/frame725_jpg.rf.1143f91d17d6d0ddefabf5193a68fc64.jpg,512,512,1.0,3.238,62.14,32.56,189.89
train,0_0_000024_jpg.rf.8182243950a98395b23756d6816ef790.txt,data/thermal-1-filtered/train/images/0_0_000024_jpg.rf.8182243950a98395b23756d6816ef790.jpg,512,512,1.0,0.0,101.89,71.72,118.72
train,003781_png.rf.ace6c186108dd9ad534610f64f03902f.txt,data/thermal-1-filtered/train/images/003781_png.rf.ace6c186108dd9ad534610f64f03902f.jpg,512,512,1.0,0.0,96.24,57.6,255.52
train,002739_png.rf.6198edcf79339e0e234a06869f3c67c6.txt,data/thermal-1-filtered/train/images/002739_png.rf.6198edcf79339e0e234a06869f3c67c6.jpg,512,512,1.0,0.0,111.78,59.78,187.51
train,frame149_jpg.rf.33eb7d8b2829ee001625e3e9eca2746d.txt,data/thermal-1-filtered/train/images/frame149_jpg.rf.33eb7d8b2829ee001625e3e9eca2746d.jpg,512,512,1.0,3.089,92.99,54.86,143.96
train,frame430_jpg.rf.416ec25203a17103450eb749d451d2da.txt,data/thermal-1-filtered/train/images/frame430_jpg.rf.416ec25203a17103450eb749d451d2da.jpg,512,512,1.0,3.014,75.69,46.13,109.37
train,frame113_jpg.rf.9ce99f21c23bea7773521cb674f9f1fa.txt,data/thermal-1-filtered/train/images/frame113_jpg.rf.9ce99f21c23bea7773521cb674f9f1fa.jpg,512,512,1.0,2.951,81.29,56.94,182.89
train,frame383_jpg.rf.9abe1235c94025f20855be92c8d85364.txt,data/thermal-1-filtered/train/images/frame383_jpg.rf.9abe1235c94025f20855be92c8d85364.jpg,512,512,1.0,3.13,89.12,44.39,153.94
train,002266_png.rf.4d3d20fa8a9c77a561a359a1cb1262e5.txt,data/thermal-1-filtered/train/images/002266_png.rf.4d3d20fa8a9c77a561a359a1cb1262e5.jpg,512,512,1.0,0.0,76.75,53.28,99.38
train,002415_png.rf.9f146af5e4bc47b0c5a2d0d2aaa3ae96.txt,data/thermal-1-filtered/train/images/002415_png.rf.9f146af5e4bc47b0c5a2d0d2aaa3ae96.jpg,512,512,1.0,0.0,85.51,55.87,648.58
train,002231_png.rf.b90babdcaf58b9e1fd5e5bb59a0d3f39.txt,data/thermal-1-filtered/train/images/002231_png.rf.b90babdcaf58b9e1fd5e5bb59a0d3f39.jpg,512,512,1.0,0.0,87.88,55.98,1320.7
train,002238_png.rf.f2bdbd16533b8939bfaacf6f3ecbb16b.txt,data/thermal-1-filtered/train/images/002238_png.rf.f2bdbd16533b8939bfaacf6f3ecbb16b.jpg,512,512,1.0,0.0,81.25,52.79,420.07
train,IR_BIRD_012_frame133_jpg.rf.448ce337ae5d365d283038889d92e5f4.txt,data/thermal-1-filtered/train/images/IR_BIRD_012_frame133_jpg.rf.448ce337ae5d365d283038889d92e5f4.jpg,512,512,1.0,0.0,103.37,49.64,75.35
train,003695_png.rf.675d0a41bf48e7986c262ce0425373d5.txt,data/thermal-1-filtered/train/images/003695_png.rf.675d0a41bf48e7986c262ce0425373d5.jpg,512,512,1.0,0.0,83.09,54.72,797.21
train,img_0456_png.rf.d425583c4ec2ea6c80d7884319d9f85d.txt,data/thermal-1-filtered/train/images/img_0456_png.rf.d425583c4ec2ea6c80d7884319d9f85d.jpg,512,512,1.0,0.0,120.32,59.29,96.08
train,frame189_jpg.rf.5ecaaf57a617823a500e3fdb60da8d4b.txt,data/thermal-1-filtered/train/images/frame189_jpg.rf.5ecaaf57a617823a500e3fdb60da8d4b.jpg,512,512,1.0,3.293,90.01,43.12,451.88
train,0_0_000034_jpg.rf.c215c4bd60b37123fa9a4d2a643bf456.txt,data/thermal-1-filtered/train/images/0_0_000034_jpg.rf.c215c4bd60b37123fa9a4d2a643bf456.jpg,512,512,1.0,0.0,106.45,69.83,97.72
train,002444_png.rf.8f27debb494a402a72a675e321281ad7.txt,data/thermal-1-filtered/train/images/002444_png.rf.8f27debb494a402a72a675e321281ad7.jpg,512,512,1.0,0.0,85.25,54.66,1283.23
train,003038_png.rf.ad0944a9b0dae1c85a323c0b1726bd34.txt,data/thermal-1-filtered/train/images/003038_png.rf.ad0944a9b0dae1c85a323c0b1726bd34.jpg,512,512,1.0,0.0,83.44,55.63,759.46
train,0_0_000016_jpg.rf.7f663d0c6286485b06d4829c7b163972.txt,data/thermal-1-filtered/train/images/0_0_000016_jpg.rf.7f663d0c6286485b06d4829c7b163972.jpg,512,512,1.0,0.0,97.12,75.76,136.88
train,frame169_jpg.rf.0011ae8e78525e84b86513775bfb5a89.txt,data/thermal-1-filtered/train/images/frame169_jpg.rf.0011ae8e78525e84b86513775bfb5a89.jpg,512,512,1.0,3.239,89.08,47.05,163.49
train,002270_png.rf.8340c6da17b22e7a17c3cc098065680f.txt,data/thermal-1-filtered/train/images/002270_png.rf.8340c6da17b22e7a17c3cc098065680f.jpg,512,512,1.0,0.0,86.66,52.91,477.62
train,003834_png.rf.841d593dcb4cdc47a3d0b9174c50edfa.txt,data/thermal-1-filtered/train/images/003834_png.rf.841d593dcb4cdc47a3d0b9174c50edfa.jpg,512,512,1.0,0.0,93.75,56.84,434.57
train,002745_png.rf.4fc97b6f71c800d6803e77bc39ee1445.txt,data/thermal-1-filtered/train/images/002745_png.rf.4fc97b6f71c800d6803e77bc39ee1445.jpg,512,512,1.0,0.0,83.52,54.23,1766.27
train,002541_png.rf.5355772bcc6402017e1267e163c56a55.txt,data/thermal-1-filtered/train/images/002541_png.rf.5355772bcc6402017e1267e163c56a55.jpg,512,512,1.0,0.0,85.48,55.01,429.08
train,IR_BIRD_012_frame30_jpg.rf.e212b2ff0345e7c62e80fb4b42d19603.txt,data/thermal-1-filtered/train/images/IR_BIRD_012_frame30_jpg.rf.e212b2ff0345e7c62e80fb4b42d19603.jpg,512,512,1.0,0.0,92.92,53.72,72.84
train,002250_png.rf.d3dc920ff72148a4d3970357ac0e1105.txt,data/thermal-1-filtered/train/images/002250_png.rf.d3dc920ff72148a4d3970357ac0e1105.jpg,512,512,1.0,0.0,66.21,45.32,81.34
train,002446_png.rf.4fe265bce70c4ee40a09de2a1c47734e.txt,data/thermal-1-filtered/train/images/002446_png.rf.4fe265bce70c4ee40a09de2a1c47734e.jpg,512,512,1.0,0.0,78.38,50.74,344.77
train,002401_png.rf.c03a529568a244aab38373007f60cb8c.txt,data/thermal-1-filtered/train/images/002401_png.rf.c03a529568a244aab38373007f60cb8c.jpg,512,512,1.0,0.0,90.63,55.4,1399.67
train,frame325_jpg.rf.4561c404bc514eef0153635a236375b1.txt,data/thermal-1-filtered/train/images/frame325_jpg.rf.4561c404bc514eef0153635a236375b1.jpg,512,512,1.0,3.283,100.36,54.18,548.51
train,003023_png.rf.5b24259a32819da6974b8d3e3bcd2bc1.txt,data/thermal-1-filtered/train/images/003023_png.rf.5b24259a32819da6974b8d3e3bcd2bc1.jpg,512,512,1.0,0.0,82.43,52.76,796.93
train,img_0306_png.rf.ae4b804751f695f063d006953826db2d.txt,data/thermal-1-filtered/train/images/img_0306_png.rf.ae4b804751f695f063d006953826db2d.jpg,512,512,1.0,0.0,101.36,28.2,196.26
train,0_0_000107_jpg.rf.b6ce4d015cd9f25b2e2f9de3e61a2a26.txt,data/thermal-1-filtered/train/images/0_0_000107_jpg.rf.b6ce4d015cd9f25b2e2f9de3e61a2a26.jpg,512,512,1.0,0.0,118.77,57.25,94.31
train,0_0_000021_jpg.rf.26f7a79dee7df5394d6c8932e890a63e.txt,data/thermal-1-filtered/train/images/0_0_000021_jpg.rf.26f7a79dee7df5394d6c8932e890a63e.jpg,512,512,1.0,0.0,106.83,71.59,136.71
train,ir_2_030920_jpg.rf.dc3fe256c59ef5c054bbf8902e62de52.txt,data/thermal-1-filtered/train/images/ir_2_030920_jpg.rf.dc3fe256c59ef5c054bbf8902e62de52.jpg,512,512,1.0,0.0,89.54,60.99,1279.17
train,001498_png.rf.bb78c436ed3e747be63d74937097258f.txt,data/thermal-1-filtered/train/images/001498_png.rf.bb78c436ed3e747be63d74937097258f.jpg,512,512,1.0,0.0,88.74,56.36,606.83
train,ir_3_031670_jpg.rf.57bcb1f7bb42d008e2ae4f236ab63254.txt,data/thermal-1-filtered/train/images/ir_3_031670_jpg.rf.57bcb1f7bb42d008e2ae4f236ab63254.jpg,512,512,1.0,0.0,95.18,58.19,2695.17
train,002713_png.rf.28c388863898d759cbad45499a07f435.txt,data/thermal-1-filtered/train/images/002713_png.rf.28c388863898d759cbad45499a07f435.jpg,512,512,1.0,0.0,84.41,54.69,899.66
train,frame599_jpg.rf.bf2d88ba10f3d14d02819854825e77a0.txt,data/thermal-1-filtered/train/images/frame599_jpg.rf.bf2d88ba10f3d14d02819854825e77a0.jpg,512,512,1.0,3.311,56.9,34.34,424.23
train,IR_BIRD_012_frame224_jpg.rf.e0c6fccc083d8e27f2459c8e25350775.txt,data/thermal-1-filtered/train/images/IR_BIRD_012_frame224_jpg.rf.e0c6fccc083d8e27f2459c8e25350775.jpg,512,512,1.0,0.0,107.94,46.3,115.75
train,frame459_jpg.rf.5331b5a83683ec0d2f31b483640096dd.txt,data/thermal-1-filtered/train/images/frame459_jpg.rf.5331b5a83683ec0d2f31b483640096dd.jpg,512,512,1.0,3.237,90.18,39.18,143.84
train,003420_png.rf.c35b2e15f8ed34e839c9ae4edf6e6e46.txt,data/thermal-1-filtered/train/images/003420_png.rf.c35b2e15f8ed34e839c9ae4edf6e6e46.jpg,512,512,1.0,0.0,91.53,56.52,1466.1
train,ir_2_018280_jpg.rf.860a1b2aa4e4a1af26b49a36da11bca8.txt,data/thermal-1-filtered/train/images/ir_2_018280_jpg.rf.860a1b2aa4e4a1af26b49a36da11bca8.jpg,512,512,1.0,0.0,98.78,58.31,2016.5
train,002241_png.rf.bd12ef4fdd89304f629460c41a73e269.txt,data/thermal-1-filtered/train/images/002241_png.rf.bd12ef4fdd89304f629460c41a73e269.jpg,512,512,1.0,0.0,82.9,53.75,315.31
train,frame526_jpg.rf.30e3afecc5715b09d775e092ad6c7b24.txt,data/thermal-1-filtered/train/images/frame526_jpg.rf.30e3afecc5715b09d775e092ad6c7b24.jpg,512,512,1.0,3.085,55.12,26.87,90.25
train,IR_BIRD_012_frame298_jpg.rf.70e3cab8c9a749bd3800d47b20db1cdb.txt,data/thermal-1-filtered/train/images/IR_BIRD_012_frame298_jpg.rf.70e3cab8c9a749bd3800d47b20db1cdb.jpg,512,512,1.0,0.0,107.9,45.77,126.33
train,frame269_jpg.rf.165152bd55805a55b3fab39d9eb03e2b.txt,data/thermal-1-filtered/train/images/frame269_jpg.rf.165152bd55805a55b3fab39d9eb03e2b.jpg,512,512,1.0,3.145,91.34,53.04,658.95
train,frame578_jpg.rf.b9b484c9adc39fa28d2faab16d82a677.txt,data/thermal-1-filtered/train/images/frame578_jpg.rf.b9b484c9adc39fa28d2faab16d82a677.jpg,512,512,1.0,3.201,47.41,28.48,147.99
train,001504_png.rf.51e5224cd0ed11eb7e5304232e8060ea.txt,data/thermal-1-filtered/train/images/001504_png.rf.51e5224cd0ed11eb7e5304232e8060ea.jpg,512,512,1.0,0.0,88.79,56.3,569.04
train,IR_BIRD_012_frame294_jpg.rf.86b7398aef50be679f72111fbdd32b3f.txt,data/thermal-1-filtered/train/images/IR_BIRD_012_frame294_jpg.rf.86b7398aef50be679f72111fbdd32b3f.jpg,512,512,1.0,0.0,107.9,45.77,125.41
train,IR_BIRD_012_frame138_jpg.rf.341c4810e78fc88d271809df58918d91.txt,data/thermal-1-filtered/train/images/IR_BIRD_012_frame138_jpg.rf.341c4810e78fc88d271809df58918d91.jpg,512,512,1.0,0.0,102.99,49.66,76.61
train,002277_png.rf.656224278fa9f0499ae6a707cd1603c3.txt,data/thermal-1-filtered/train/images/002277_png.rf.656224278fa9f0499ae6a707cd1603c3.jpg,512,512,1.0,0.0,70.8,48.12,95.78
train,002064_png.rf.1ca7896ed715addb9bf22ad583c088c9.txt,data/thermal-1-filtered/train/images/002064_png.rf.1ca7896ed715addb9bf22ad583c088c9.jpg,512,512,1.0,0.0,77.92,51.02,1037.19
train,003968_png.rf.9a1ac07a334d79af8dd4bc9533d299a0.txt,data/thermal-1-filtered/train/images/003968_png.rf.9a1ac07a334d79af8dd4bc9533d299a0.jpg,512,512,1.0,0.0,75.73,54.92,435.09
train,002705_png.rf.b534afdcbe70ee50f71d88fa6e62333c.txt,data/thermal-1-filtered/train/images/002705_png.rf.b534afdcbe70ee50f71d88fa6e62333c.jpg,512,512,1.0,0.0,83.55,56.38,1512.13
train,frame471_jpg.rf.456676e4104548071055263f8f54c90e.txt,data/thermal-1-filtered/train/images/frame471_jpg.rf.456676e4104548071055263f8f54c90e.jpg,512,512,1.0,3.306,107.74,43.53,500.17
train,frame438_jpg.rf.9df428ea3a4611b066a402021f21bd24.txt,data/thermal-1-filtered/train/images/frame438_jpg.rf.9df428ea3a4611b066a402021f21bd24.jpg,512,512,1.0,3.265,88.07,42.29,607.85
train,002774_png.rf.55e832981fbf0d024d9faf5f5bef7f19.txt,data/thermal-1-filtered/train/images/002774_png.rf.55e832981fbf0d024d9faf5f5bef7f19.jpg,512,512,1.0,0.0,82.96,54.32,955.26
train,IR_BIRD_012_frame295_jpg.rf.deb3b657d09cebdb25bc182341bd7db4.txt,data/thermal-1-filtered/train/images/IR_BIRD_012_frame295_jpg.rf.deb3b657d09cebdb25bc182341bd7db4.jpg,512,512,1.0,0.0,98.7,55.1,91.3
train,0_0_000055_jpg.rf.a32e66c4e28a7b2060952913788a76c7.txt,data/thermal-1-filtered/train/images/0_0_000055_jpg.rf.a32e66c4e28a7b2060952913788a76c7.jpg,512,512,1.0,0.0,69.31,68.88,172.43
train,frame500_jpg.rf.abc548e6932a48bd3bee8c05408c98d3.txt,data/thermal-1-filtered/train/images/frame500_jpg.rf.abc548e6932a48bd3bee8c05408c98d3.jpg,512,512,1.0,3.213,82.38,34.72,179.07
train,0_0_000268_jpg.rf.f943622e399bfcbad7a3247c39b36d02.txt,data/thermal-1-filtered/train/images/0_0_000268_jpg.rf.f943622e399bfcbad7a3247c39b36d02.jpg,512,512,1.0,0.0,67.83,46.89,9.71
train,002059_png.rf.0916b7714efdfa5f5563d15b2b35d10b.txt,data/thermal-1-filtered/train/images/002059_png.rf.0916b7714efdfa5f5563d15b2b35d10b.jpg,512,512,1.0,0.0,77.6,52.05,1336.78
train,IR_BIRD_012_frame247_jpg.rf.8484c0716639e674810aaa65c21c2dec.txt,data/thermal-1-filtered/train/images/IR_BIRD_012_frame247_jpg.rf.8484c0716639e674810aaa65c21c2dec.jpg,512,512,1.0,0.0,97.51,55.92,75.79
train,0_0_000631_jpg.rf.961baa2c92c37b163feb3c739a22d0cc.txt,data/thermal-1-filtered/train/images/0_0_000631_jpg.rf.961baa2c92c37b163feb3c739a22d0cc.jpg,512,512,1.0,0.0,106.21,57.58,141.23
train,003022_png.rf.a36e6fa8901d57441bf936ccc727d930.txt,data/thermal-1-filtered/train/images/003022_png.rf.a36e6fa8901d57441bf936ccc727d930.jpg,512,512,1.0,0.0,88.15,55.72,390.54
train,frame49_jpg.rf.4e5576e169e12c21a90a70ac24752e89.txt,data/thermal-1-filtered/train/images/frame49_jpg.rf.4e5576e169e12c21a90a70ac24752e89.jpg,512,512,1.0,3.099,85.73,50.96,235.82
train,002070_png.rf.a75b394ede33d9e6e6c4858333fe3ca3.txt,data/thermal-1-filtered/train/images/002070_png.rf.a75b394ede33d9e6e6c4858333fe3ca3.jpg,512,512,1.0,0.0,89.5,58.04,3889.03
train,003734_png.rf.a092efcbca113f2765457e5c7137d42b.txt,data/thermal-1-filtered/train/images/003734_png.rf.a092efcbca113f2765457e5c7137d42b.jpg,512,512,1.0,0.0,87.62,51.77,554.16
train,0_0_000123_jpg.rf.4958f6163dbfb270c27b6c7886cf770c.txt,data/thermal-1-filtered/train/images/0_0_000123_jpg.rf.4958f6163dbfb270c27b6c7886cf770c.jpg,512,512,1.0,0.0,133.34,54.44,71.2
train,frame329_jpg.rf.d74cba1ca056b889a73db28a70370a51.txt,data/thermal-1-filtered/train/images/frame329_jpg.rf.d74cba1ca056b889a73db28a70370a51.jpg,512,512,1.0,3.283,98.29,53.13,219.2
train,002771_png.rf.ece61f028b6531d1e3b549654a7081b2.txt,data/thermal-1-filtered/train/images/002771_png.rf.ece61f028b6531d1e3b549654a7081b2.jpg,512,512,1.0,0.0,79.57,54.91,450.67
train,001998_png.rf.06cc0d44473096956c160a1d05f086d0.txt,data/thermal-1-filtered/train/images/001998_png.rf.06cc0d44473096956c160a1d05f086d0.jpg,512,512,1.0,0.0,91.71,58.19,2408.72
train,002826_png.rf.c424cdaf5df8c1d5830bebdd4d4a362f.txt,data/thermal-1-filtered/train/images/002826_png.rf.c424cdaf5df8c1d5830bebdd4d4a362f.jpg,512,512,1.0,0.0,75.78,53.43,300.27
train,002353_png.rf.b1c83af63e8a1213d804956c731c6334.txt,data/thermal-1-filtered/train/images/002353_png.rf.b1c83af63e8a1213d804956c731c6334.jpg,512,512,1.0,0.0,77.16,53.03,363.06
train,frame127_jpg.rf.9529dee608a61bb4861cdf05214840c3.txt,data/thermal-1-filtered/train/images/frame127_jpg.rf.9529dee608a61bb4861cdf05214840c3.jpg,512,512,1.0,3.202,97.31,57.97,205.83
train,frame641_jpg.rf.4eea9c36e58fbaeaa806a7d6a5fbb2e6.txt,data/thermal-1-filtered/train/images/frame641_jpg.rf.4eea9c36e58fbaeaa806a7d6a5fbb2e6.jpg,512,512,1.0,3.31,56.99,34.01,431.86
train,002545_png.rf.033d6c59beadebe30b8ad5e0d951957d.txt,data/thermal-1-filtered/train/images/002545_png.rf.033d6c59beadebe30b8ad5e0d951957d.jpg,512,512,1.0,0.0,77.87,55.03,392.62
train,002445_png.rf.9acb50aeddd9e73b37f828b8dd95b4a3.txt,data/thermal-1-filtered/train/images/002445_png.rf.9acb50aeddd9e73b37f828b8dd95b4a3.jpg,512,512,1.0,0.0,81.17,52.98,455.08
train,002685_png.rf.431d1db366c2700f875b020c3b5df49a.txt,data/thermal-1-filtered/train/images/002685_png.rf.431d1db366c2700f875b020c3b5df49a.jpg,512,512,1.0,0.0,84.41,52.99,2135.59
train,0_0_000340_jpg.rf.e383c536d0ba401105eff2ff90269c86.txt,data/thermal-1-filtered/train/images/0_0_000340_jpg.rf.e383c536d0ba401105eff2ff90269c86.jpg,512,512,1.0,0.0,70.8,69.78,84.1
train,0_0_000204_jpg.rf.42f8b45bf7b2647b5e7fbf7913c3796b.txt,data/thermal-1-filtered/train/images/0_0_000204_jpg.rf.42f8b45bf7b2647b5e7fbf7913c3796b.jpg,512,512,1.0,0.0,49.56,52.86,139.46
train,IR_BIRD_012_frame84_jpg.rf.9988f300348547c706badc9d4ca12b60.txt,data/thermal-1-filtered/train/images/IR_BIRD_012_frame84_jpg.rf.9988f300348547c706badc9d4ca12b60.jpg,512,512,1.0,0.0,96.14,53.36,70.61
train,ir_3_016490_jpg.rf.6e7fa34a15ef424a5050dfaca40416c9.txt,data/thermal-1-filtered/train/images/ir_3_016490_jpg.rf.6e7fa34a15ef424a5050dfaca40416c9.jpg,512,512,1.0,0.0,89.84,60.28,3345.83
train,002820_png.rf.4b27f733b3b602d09624ee3993dbb056.txt,data/thermal-1-filtered/train/images/002820_png.rf.4b27f733b3b602d09624ee3993dbb056.jpg,512,512,1.0,0.0,95.2,58.08,1745.99
train,003856_png.rf.bf92917755b964f673f351bfd0d1da4f.txt,data/thermal-1-filtered/train/images/003856_png.rf.bf92917755b964f673f351bfd0d1da4f.jpg,512,512,1.0,0.0,89.09,57.45,404.8
train,IR_BIRD_012_frame23_jpg.rf.18138c7ef4cf1beb96d35e81b545a09b.txt,data/thermal-1-filtered/train/images/IR_BIRD_012_frame23_jpg.rf.18138c7ef4cf1beb96d35e81b545a09b.jpg,512,512,1.0,0.0,101.18,46.31,69.3
train,003814_png.rf.dba9b45a798f10cc11a0bbff60337f4d.txt,data/thermal-1-filtered/train/images/003814_png.rf.dba9b45a798f10cc11a0bbff60337f4d.jpg,512,512,1.0,0.0,85.82,58.93,328.39
train,002353_png.rf.771039173fb7d217afbe1ae2b9654ace.txt,data/thermal-1-filtered/train/images/002353_png.rf.771039173fb7d217afbe1ae2b9654ace.jpg,512,512,1.0,0.0,77.09,55.31,406.59
train,frame674_jpg.rf.3ea9879afc95c947414f769abe531d58.txt,data/thermal-1-filtered/train/images/frame674_jpg.rf.3ea9879afc95c947414f769abe531d58.jpg,512,512,1.0,3.166,41.23,25.14,171.92
train,frame28_jpg.rf.37231c5a94fda0f328023d360399d8ac.txt,data/thermal-1-filtered/train/images/frame28_jpg.rf.37231c5a94fda0f328023d360399d8ac.jpg,512,512,1.0,2.884,70.74,47.6,147.88
train,003748_png.rf.5cdbabaa76fadabc28cf6d29af8b96ac.txt,data/thermal-1-filtered/train/images/003748_png.rf.5cdbabaa76fadabc28cf6d29af8b96ac.jpg,512,512,1.0,0.0,92.34,54.04,1171.28
train,frame213_jpg.rf.1a477ff7a2125ee2cb59cbc619b3ae5b.txt,data/thermal-1-filtered/train/images/frame213_jpg.rf.1a477ff7a2125ee2cb59cbc619b3ae5b.jpg,512,512,1.0,3.29,94.0,42.91,404.44
train,002336_png.rf.c83f716a177f5ec81ca3544c8153a670.txt,data/thermal-1-filtered/train/images/002336_png.rf.c83f716a177f5ec81ca3544c8153a670.jpg,512,512,1.0,0.0,81.21,55.19,527.04
train,frame491_jpg.rf.044367d442be36fb73b7d1e42b0839b5.txt,data/thermal-1-filtered/train/images/frame491_jpg.rf.044367d442be36fb73b7d1e42b0839b5.jpg,512,512,1.0,3.088,80.45,39.66,141.37
train,frame45_jpg.rf.c69bf8fb15552bc181ec929763cc08a4.txt,data/thermal-1-filtered/train/images/frame45_jpg.rf.c69bf8fb15552bc181ec929763cc08a4.jpg,512,512,1.0,3.182,89.87,48.61,520.12
train,frame721_jpg.rf.0d9d371ba159e1e815d330bf48d2056b.txt,data/thermal-1-filtered/train/images/frame721_jpg.rf.0d9d371ba159e1e815d330bf48d2056b.jpg,512,512,1.0,3.285,60.97,29.27,165.8
train,frame124_jpg.rf.62f701e9ef710c42d2282149955de987.txt,data/thermal-1-filtered/train/images/frame124_jpg.rf.62f701e9ef710c42d2282149955de987.jpg,512,512,1.0,3.093,90.1,58.25,220.73
train,003858_png.rf.96f14aa4d8fa960bc398ac9a793623cc.txt,data/thermal-1-filtered/train/images/003858_png.rf.96f14aa4d8fa960bc398ac9a793623cc.jpg,512,512,1.0,0.0,94.58,56.79,476.27
train,frame494_jpg.rf.7952a92e6749f115466d9158c189092e.txt,data/thermal-1-filtered/train/images/frame494_jpg.rf.7952a92e6749f115466d9158c189092e.jpg,512,512,1.0,3.31,91.53,36.09,377.92
train,003819_png.rf.cb39325775fdd5001e0909e1a9fbc712.txt,data/thermal-1-filtered/train/images/003819_png.rf.cb39325775fdd5001e0909e1a9fbc712.jpg,512,512,1.0,0.0,97.81,57.06,1282.98
train,003061_png.rf.c02e1feb897294368fb996dbefc90c92.txt,data/thermal-1-filtered/train/images/003061_png.rf.c02e1feb897294368fb996dbefc90c92.jpg,512,512,1.0,0.0,84.74,57.3,810.95
train,IR_BIRD_012_frame251_jpg.rf.56ab255b86840c8a242fc3193f27bb2e.txt,data/thermal-1-filtered/train/images/IR_BIRD_012_frame251_jpg.rf.56ab255b86840c8a242fc3193f27bb2e.jpg,512,512,1.0,0.0,104.52,49.82,95.46
train,003759_png.rf.46c221d9fed79fa18043bf5d19f6f5c8.txt,data/thermal-1-filtered/train/images/003759_png.rf.46c221d9fed79fa18043bf5d19f6f5c8.jpg,512,512,1.0,0.0,85.49,50.26,206.99
train,002336_png.rf.bb45eba894c534e24fcc1fed8bd954b2.txt,data/thermal-1-filtered/train/images/002336_png.rf.bb45eba894c534e24fcc1fed8bd954b2.jpg,512,512,1.0,0.0,84.74,54.3,521.98
train,frame150_jpg.rf.d007732a220488338d26282040e33d71.txt,data/thermal-1-filtered/train/images/frame150_jpg.rf.d007732a220488338d26282040e33d71.jpg,512,512,1.0,3.032,92.85,57.05,139.4
train,000013_png.rf.52ed9417a4b5733fdfdd619f3648d3c5.txt,data/thermal-1-filtered/train/images/000013_png.rf.52ed9417a4b5733fdfdd619f3648d3c5.jpg,512,512,1.0,0.0,100.26,62.43,965.19
train,frame229_jpg.rf.4b6452e335fbba48e75fb500e040ccac.txt,data/thermal-1-filtered/train/images/frame229_jpg.rf.4b6452e335fbba48e75fb500e040ccac.jpg,512,512,1.0,3.204,94.02,47.43,382.39
train,0_0_000107_jpg.rf.c735810fe3fa04cd2076c4ccd25c5149.txt,data/thermal-1-filtered/train/images/0_0_000107_jpg.rf.c735810fe3fa04cd2076c4ccd25c5149.jpg,512,512,1.0,0.0,126.9,48.6,33.03
train,IR_BIRD_012_frame221_jpg.rf.70486195c97b13742cdf2fdf3f7b815a.txt,data/thermal-1-filtered/train/images/IR_BIRD_012_frame221_jpg.rf.70486195c97b13742cdf2fdf3f7b815a.jpg,512,512,1.0,0.0,107.83,46.33,131.8
train,IR_BIRD_012_frame86_jpg.rf.49ff37216d47cc4a2e621223bb17cbb9.txt,data/thermal-1-filtered/train/images/IR_BIRD_012_frame86_jpg.rf.49ff37216d47cc4a2e621223bb17cbb9.jpg,512,512,1.0,0.0,93.3,53.7,69.04
train,frame72_jpg.rf.f0dadccb7bbfe5d7a5ea1f91fe56a7af.txt,data/thermal-1-filtered/train/images/frame72_jpg.rf.f0dadccb7bbfe5d7a5ea1f91fe56a7af.jpg,512,512,1.0,3.234,90.2,50.09,164.71
train,frame329_jpg.rf.6b8f592d624af583c0c90e5826952a04.txt,data/thermal-1-filtered/train/images/frame329_jpg.rf.6b8f592d624af583c0c90e5826952a04.jpg,512,512,1.0,3.281,99.39,52.99,536.83
train,ir_3_036060_jpg.rf.43bd69ac807cf7e1f373dc175e09138c.txt,data/thermal-1-filtered/train/images/ir_3_036060_jpg.rf.43bd69ac807cf7e1f373dc175e09138c.jpg,512,512,1.0,0.0,82.93,58.47,583.57
train,IR_BIRD_012_frame97_jpg.rf.9c099dc9fcddae49b416fa304962b553.txt,data/thermal-1-filtered/train/images/IR_BIRD_012_frame97_jpg.rf.9c099dc9fcddae49b416fa304962b553.jpg,512,512,1.0,0.0,104.03,49.1,68.0
train,IR_BIRD_012_frame268_jpg.rf.e1a504567e6a04a45c4b0b69ee8a7b55.txt,data/thermal-1-filtered/train/images/IR_BIRD_012_frame268_jpg.rf.e1a504567e6a04a45c4b0b69ee8a7b55.jpg,512,512,1.0,0.0,99.42,56.99,88.65
train,IR_BIRD_012_frame125_jpg.rf.87c5f319afa503b1e5afdd8cf0854cdb.txt,data/thermal-1-filtered/train/images/IR_BIRD_012_frame125_jpg.rf.87c5f319afa503b1e5afdd8cf0854cdb.jpg,512,512,1.0,0.0,103.64,49.64,67.65
train,002962_png.rf.48d609a9a47b757a6caa1b44e344e6cc.txt,data/thermal-1-filtered/train/images/002962_png.rf.48d609a9a47b757a6caa1b44e344e6cc.jpg,512,512,1.0,0.0,80.06,60.0,1466.48
train,frame514_jpg.rf.5f112579c823d408095f67f07fbcb637.txt,data/thermal-1-filtered/train/images/frame514_jpg.rf.5f112579c823d408095f67f07fbcb637.jpg,512,512,1.0,3.171,72.58,27.12,88.13
train,003038_png.rf.16046f35926c48dec1722028300ed8f5.txt,data/thermal-1-filtered/train/images/003038_png.rf.16046f35926c48dec1722028300ed8f5.jpg,512,512,1.0,0.0,89.93,58.11,2374.08
train,IR_BIRD_012_frame255_jpg.rf.41c530dc78fb1699258c598ef6fd70b9.txt,data/thermal-1-filtered/train/images/IR_BIRD_012_frame255_jpg.rf.41c530dc78fb1699258c598ef6fd70b9.jpg,512,512,1.0,0.0,102.65,53.93,91.5
train,img_0457_png.rf.9caae43e83ccd12a79578c46ccee5862.txt,data/thermal-1-filtered/train/images/img_0457_png.rf.9caae43e83ccd12a79578c46ccee5862.jpg,512,512,1.0,0.0,141.38,46.99,110.17
train,003852_png.rf.61e3479c23d7a07dc57e9d4feb5c92f9.txt,data/thermal-1-filtered/train/images/003852_png.rf.61e3479c23d7a07dc57e9d4feb5c92f9.jpg,512,512,1.0,0.0,87.44,57.62,431.31
train,002840_png.rf.705acc7e1fca77227dc0527b4fe506a8.txt,data/thermal-1-filtered/train/images/002840_png.rf.705acc7e1fca77227dc0527b4fe506a8.jpg,512,512,1.0,0.0,84.55,54.74,701.54
train,IR_BIRD_012_frame149_jpg.rf.f64a7f73383b40e32d31a186fbf15ce3.txt,data/thermal-1-filtered/train/images/IR_BIRD_012_frame149_jpg.rf.f64a7f73383b40e32d31a186fbf15ce3.jpg,512,512,1.0,0.0,92.08,53.69,69.43
train,002057_png.rf.a2ca8beda087250d72b8671c1851a091.txt,data/thermal-1-filtered/train/images/002057_png.rf.a2ca8beda087250d72b8671c1851a091.jpg,512,512,1.0,0.0,87.51,55.42,1641.77
train,003695_png.rf.6fcd677e10a7adae532ad907dbe4426b.txt,data/thermal-1-filtered/train/images/003695_png.rf.6fcd677e10a7adae532ad907dbe4426b.jpg,512,512,1.0,0.0,89.26,56.34,2573.77
train,IR_BIRD_012_frame169_jpg.rf.5923952761ee2e76335d6e0ba009afd1.txt,data/thermal-1-filtered/train/images/IR_BIRD_012_frame169_jpg.rf.5923952761ee2e76335d6e0ba009afd1.jpg,512,512,1.0,0.0,101.75,49.5,62.22
train,frame560_jpg.rf.f4af74e01d2b791d7262bd11550c0a21.txt,data/thermal-1-filtered/train/images/frame560_jpg.rf.f4af74e01d2b791d7262bd11550c0a21.jpg,512,512,1.0,3.299,56.77,31.83,194.69
train,IR_BIRD_012_frame131_jpg.rf.b00aa117db0bd2778f6bb1f1c1fc1658.txt,data/thermal-1-filtered/train/images/IR_BIRD_012_frame131_jpg.rf.b00aa117db0bd2778f6bb1f1c1fc1658.jpg,512,512,1.0,0.0,103.48,49.62,75.18
train,002710_png.rf.123bd24f94f034292d1380c995851345.txt,data/thermal-1-filtered/train/images/002710_png.rf.123bd24f94f034292d1380c995851345.jpg,512,512,1.0,0.0,77.28,51.75,346.58
train,IR_BIRD_012_frame101_jpg.rf.8dff0887111e066c4085909c3e19000c.txt,data/thermal-1-filtered/train/images/IR_BIRD_012_frame101_jpg.rf.8dff0887111e066c4085909c3e19000c.jpg,512,512,1.0,0.0,90.66,54.1,82.62
train,002079_png.rf.f382588594477f8bc75aa4f292db62d9.txt,data/thermal-1-filtered/train/images/002079_png.rf.f382588594477f8bc75aa4f292db62d9.jpg,512,512,1.0,0.0,86.0,57.48,2011.68
train,frame445_jpg.rf.900ebbb4fc5f4a52c4a995bae010f135.txt,data/thermal-1-filtered/train/images/frame445_jpg.rf.900ebbb4fc5f4a52c4a995bae010f135.jpg,512,512,1.0,3.254,93.47,45.31,303.68
train,IR_BIRD_012_frame256_jpg.rf.25392833011756e8c94ec9b1c161becc.txt,data/thermal-1-filtered/train/images/IR_BIRD_012_frame256_jpg.rf.25392833011756e8c94ec9b1c161becc.jpg,512,512,1.0,0.0,107.64,45.73,116.63
train,IR_BIRD_012_frame242_jpg.rf.436ed8837133b6706c4e95aa7ec98803.txt,data/thermal-1-filtered/train/images/IR_BIRD_012_frame242_jpg.rf.436ed8837133b6706c4e95aa7ec98803.jpg,512,512,1.0,0.0,99.97,53.96,90.28
train,IR_BIRD_012_frame301_jpg.rf.10356a4e08aa3a073490577b215bcace.txt,data/thermal-1-filtered/train/images/IR_BIRD_012_frame301_jpg.rf.10356a4e08aa3a073490577b215bcace.jpg,512,512,1.0,0.0,107.89,45.77,126.59
train,003851_png.rf.fd7aa260084e050446cfe7d767f52b1c.txt,data/thermal-1-filtered/train/images/003851_png.rf.fd7aa260084e050446cfe7d767f52b1c.jpg,512,512,1.0,0.0,84.45,54.02,321.92
train,IR_BIRD_012_frame235_jpg.rf.0969a7427fc18a2cb36b6767aead1b4e.txt,data/thermal-1-filtered/train/images/IR_BIRD_012_frame235_jpg.rf.0969a7427fc18a2cb36b6767aead1b4e.jpg,512,512,1.0,0.0,100.87,55.43,84.59
train,IR_BIRD_012_frame176_jpg.rf.965467ab0561b59c21a7a1b398863ef7.txt,data/thermal-1-filtered/train/images/IR_BIRD_012_frame176_jpg.rf.965467ab0561b59c21a7a1b398863ef7.jpg,512,512,1.0,0.0,97.82,51.26,74.18
train,003863_png.rf.55e0e281f4b6617c9684c4ba140cfc73.txt,data/thermal-1-filtered/train/images/003863_png.rf.55e0e281f4b6617c9684c4ba140cfc73.jpg,512,512,1.0,0.0,98.16,55.23,482.47
train,003069_png.rf.479dd34e5e375167658a6cdc2bbc0875.txt,data/thermal-1-filtered/train/images/003069_png.rf.479dd34e5e375167658a6cdc2bbc0875.jpg,512,512,1.0,0.0,83.01,55.67,801.19
train,003687_png.rf.c257e6ce2b3c95d616b28c12de9502a8.txt,data/thermal-1-filtered/train/images/003687_png.rf.c257e6ce2b3c95d616b28c12de9502a8.jpg,512,512,1.0,0.0,89.17,56.37,2792.77
train,ir_3_036060_jpg.rf.754bea608e690fb7d76f50cfebcd07b2.txt,data/thermal-1-filtered/train/images/ir_3_036060_jpg.rf.754bea608e690fb7d76f50cfebcd07b2.jpg,512,512,1.0,0.0,90.79,59.2,1830.61
train,002769_png.rf.a69a9df10d3940c783a916860572255a.txt,data/thermal-1-filtered/train/images/002769_png.rf.a69a9df10d3940c783a916860572255a.jpg,512,512,1.0,0.0,84.91,55.29,1317.09
train,002029_png.rf.1bd9104b96822792297c08cf2d85c094.txt,data/thermal-1-filtered/train/images/002029_png.rf.1bd9104b96822792297c08cf2d85c094.jpg,512,512,1.0,0.0,82.49,57.34,1297.99
train,003726_png.rf.6043dd37e4ab28052ff51575ffc9ebe0.txt,data/thermal-1-filtered/train/images/003726_png.rf.6043dd37e4ab28052ff51575ffc9ebe0.jpg,512,512,1.0,0.0,84.98,53.54,712.92
train,002053_png.rf.def97062b3ddda34d4226956b2806da6.txt,data/thermal-1-filtered/train/images/002053_png.rf.def97062b3ddda34d4226956b2806da6.jpg,512,512,1.0,0.0,82.44,56.7,1549.69
train,frame133_jpg.rf.4b5c1412e6ab332c6d33ddc563693066.txt,data/thermal-1-filtered/train/images/frame133_jpg.rf.4b5c1412e6ab332c6d33ddc563693066.jpg,512,512,1.0,3.093,92.05,55.86,161.11
train,002228_png.rf.ea2af0dabafecef40206de70ea9b2f61.txt,data/thermal-1-filtered/train/images/002228_png.rf.ea2af0dabafecef40206de70ea9b2f61.jpg,512,512,1.0,0.0,89.73,56.77,2432.32
train,frame511_jpg.rf.fe462999624739b74c41ee46b136adba.txt,data/thermal-1-filtered/train/images/frame511_jpg.rf.fe462999624739b74c41ee46b136adba.jpg,512,512,1.0,3.083,70.58,28.29,139.73
train,frame708_jpg.rf.1c36d98fbea1501531a9fbeccc4d457d.txt,data/thermal-1-filtered/train/images/frame708_jpg.rf.1c36d98fbea1501531a9fbeccc4d457d.jpg,512,512,1.0,3.221,54.64,33.21,196.32
train,001991_png.rf.b7b92e3540b7f8d0a504e0251a567805.txt,data/thermal-1-filtered/train/images/001991_png.rf.b7b92e3540b7f8d0a504e0251a567805.jpg,512,512,1.0,0.0,89.34,58.56,902.19
train,002464_png.rf.6152243423a8196c43aaa67f76345212.txt,data/thermal-1-filtered/train/images/002464_png.rf.6152243423a8196c43aaa67f76345212.jpg,512,512,1.0,0.0,75.92,51.98,367.14
train,frame504_jpg.rf.d3eaaf17ae7d1b89d8534d66a2f8e4f8.txt,data/thermal-1-filtered/train/images/frame504_jpg.rf.d3eaaf17ae7d1b89d8534d66a2f8e4f8.jpg,512,512,1.0,3.296,85.46,34.23,227.33
train,002386_png.rf.ecb2a2843422cb10409dc3519c136618.txt,data/thermal-1-filtered/train/images/002386_png.rf.ecb2a2843422cb10409dc3519c136618.jpg,512,512,1.0,0.0,89.19,55.43,1589.38
train,ir_035420_jpg.rf.889f4ddb93d6dbec542e05185a86d5c9.txt,data/thermal-1-filtered/train/images/ir_035420_jpg.rf.889f4ddb93d6dbec542e05185a86d5c9.jpg,512,512,1.0,0.0,84.66,59.77,1663.84
train,IR_BIRD_012_frame194_jpg.rf.80cf58b55196e2eb4e02587b1d02c596.txt,data/thermal-1-filtered/train/images/IR_BIRD_012_frame194_jpg.rf.80cf58b55196e2eb4e02587b1d02c596.jpg,512,512,1.0,0.0,87.09,53.49,71.79
train,002692_png.rf.8392f033ac0bc94abfff381ebd245d5d.txt,data/thermal-1-filtered/train/images/002692_png.rf.8392f033ac0bc94abfff381ebd245d5d.jpg,512,512,1.0,0.0,87.35,56.41,2164.96
train,frame519_jpg.rf.2742ca2116482bced7829ff9c81f50ff.txt,data/thermal-1-filtered/train/images/frame519_jpg.rf.2742ca2116482bced7829ff9c81f50ff.jpg,512,512,1.0,3.103,62.62,28.38,99.17
train,ir_048760_jpg.rf.12267b28d4e429d9cac817f614076a96.txt,data/thermal-1-filtered/train/images/ir_048760_jpg.rf.12267b28d4e429d9cac817f614076a96.jpg,512,512,1.0,0.0,79.81,57.39,835.26
train,frame179_jpg.rf.96a3afdda9bc5b11c56869480199b72f.txt,data/thermal-1-filtered/train/images/frame179_jpg.rf.96a3afdda9bc5b11c56869480199b72f.jpg,512,512,1.0,3.247,94.04,47.26,168.23
train,0_0_000509_jpg.rf.92c40bf7b5874d81baf8537bbfe3ac09.txt,data/thermal-1-filtered/train/images/0_0_000509_jpg.rf.92c40bf7b5874d81baf8537bbfe3ac09.jpg,512,512,1.0,0.0,136.29,71.19,120.66
train,002444_png.rf.7f909b65cc8f179913c7d7aeabf3dd54.txt,data/thermal-1-filtered/train/images/002444_png.rf.7f909b65cc8f179913c7d7aeabf3dd54.jpg,512,512,1.0,0.0,75.42,52.42,394.72
train,002350_png.rf.51f806182a2c5e00bc7462d913fa3e75.txt,data/thermal-1-filtered/train/images/002350_png.rf.51f806182a2c5e00bc7462d913fa3e75.jpg,512,512,1.0,0.0,74.14,53.21,359.54
train,002034_png.rf.25562769689e79cbb7537d8575a2f690.txt,data/thermal-1-filtered/train/images/002034_png.rf.25562769689e79cbb7537d8575a2f690.jpg,512,512,1.0,0.0,81.64,52.29,1244.42
train,IR_BIRD_012_frame123_jpg.rf.c4a0b967809b299fc5d857d3364c77f1.txt,data/thermal-1-filtered/train/images/IR_BIRD_012_frame123_jpg.rf.c4a0b967809b299fc5d857d3364c77f1.jpg,512,512,1.0,0.0,93.03,55.53,78.52
train,frame312_jpg.rf.a66d978f6df7750cb1e99de11a84f8ad.txt,data/thermal-1-filtered/train/images/frame312_jpg.rf.a66d978f6df7750cb1e99de11a84f8ad.jpg,512,512,1.0,3.001,93.55,62.66,121.18
train,frame432_jpg.rf.0cc6b513be5e53f09d5be139365553d3.txt,data/thermal-1-filtered/train/images/frame432_jpg.rf.0cc6b513be5e53f09d5be139365553d3.jpg,512,512,1.0,2.955,77.23,49.3,182.15
train,002078_png.rf.c34cd4493a398bc7d6f04c4708ba3cfc.txt,data/thermal-1-filtered/train/images/002078_png.rf.c34cd4493a398bc7d6f04c4708ba3cfc.jpg,512,512,1.0,0.0,90.32,58.08,3903.55
train,frame590_jpg.rf.411903b34f6d676cd54ab0e7f433c0f1.txt,data/thermal-1-filtered/train/images/frame590_jpg.rf.411903b34f6d676cd54ab0e7f433c0f1.jpg,512,512,1.0,3.308,57.29,34.35,422.6
train,frame415_jpg.rf.c54f358a74724360df7272612297eb9d.txt,data/thermal-1-filtered/train/images/frame415_jpg.rf.c54f358a74724360df7272612297eb9d.jpg,512,512,1.0,3.254,88.57,41.95,211.02
train,frame262_jpg.rf.e265f95cd6032b815e4baa639fe28e75.txt,data/thermal-1-filtered/train/images/frame262_jpg.rf.e265f95cd6032b815e4baa639fe28e75.jpg,512,512,1.0,2.819,82.1,59.01,166.06
train,frame703_jpg.rf.10c9278e7f577b3e41b45b7d79567178.txt,data/thermal-1-filtered/train/images/frame703_jpg.rf.10c9278e7f577b3e41b45b7d79567178.jpg,512,512,1.0,3.252,52.63,31.78,209.63
train,003771_png.rf.48a30fb3f89ff31219953964402172c4.txt,data/thermal-1-filtered/train/images/003771_png.rf.48a30fb3f89ff31219953964402172c4.jpg,512,512,1.0,0.0,97.44,56.22,901.22
train,001507_png.rf.38c0502f8e38a2a6b3a64f004fa75f86.txt,data/thermal-1-filtered/train/images/001507_png.rf.38c0502f8e38a2a6b3a64f004fa75f86.jpg,512,512,1.0,0.0,96.08,56.5,277.55
train,002072_png.rf.bc646c1ec67a51199de304c2ec5d4ecc.txt,data/thermal-1-filtered/train/images/002072_png.rf.bc646c1ec67a51199de304c2ec5d4ecc.jpg,512,512,1.0,0.0,82.27,54.33,1117.88
train,frame413_jpg.rf.04dc2de753783660f3c7d31c27fb0653.txt,data/thermal-1-filtered/train/images/frame413_jpg.rf.04dc2de753783660f3c7d31c27fb0653.jpg,512,512,1.0,3.26,89.52,41.15,172.14
train,003850_png.rf.3967f22f38d66bbbfa37674f23379d50.txt,data/thermal-1-filtered/train/images/003850_png.rf.3967f22f38d66bbbfa37674f23379d50.jpg,512,512,1.0,0.0,81.81,54.57,302.63
train,frame313_jpg.rf.3a7aab1a67c2868ca8f60ee89944b94c.txt,data/thermal-1-filtered/train/images/frame313_jpg.rf.3a7aab1a67c2868ca8f60ee89944b94c.jpg,512,512,1.0,3.028,94.29,61.62,177.85
train,002323_png.rf.902682fe1a15fcc50b203d31993135c9.txt,data/thermal-1-filtered/train/images/002323_png.rf.902682fe1a15fcc50b203d31993135c9.jpg,512,512,1.0,0.0,87.77,55.26,707.18
train,IR_BIRD_012_frame119_jpg.rf.cf260c29c220861e9d5407d42cc4a5df.txt,data/thermal-1-filtered/train/images/IR_BIRD_012_frame119_jpg.rf.cf260c29c220861e9d5407d42cc4a5df.jpg,512,512,1.0,0.0,103.84,49.59,69.94
train,002840_png.rf.164953c3395ab23174290bdc36a1ae2b.txt,data/thermal-1-filtered/train/images/002840_png.rf.164953c3395ab23174290bdc36a1ae2b.jpg,512,512,1.0,0.0,73.76,53.64,245.11
train,IR_BIRD_012_frame280_jpg.rf.dc66dd68c9cf0e13086d01bd1047e3a8.txt,data/thermal-1-filtered/train/images/IR_BIRD_012_frame280_jpg.rf.dc66dd68c9cf0e13086d01bd1047e3a8.jpg,512,512,1.0,0.0,97.89,55.77,104.52
train,002703_png.rf.880957a1f7206193264fee44ee67c434.txt,data/thermal-1-filtered/train/images/002703_png.rf.880957a1f7206193264fee44ee67c434.jpg,512,512,1.0,0.0,69.13,49.44,188.46
train,frame696_jpg.rf.db0c32d979362ef77921f19f06dd3524.txt,data/thermal-1-filtered/train/images/frame696_jpg.rf.db0c32d979362ef77921f19f06dd3524.jpg,512,512,1.0,3.264,43.88,26.27,118.89
train,frame245_jpg.rf.f4b11349b0b2dcac084320ba2642c693.txt,data/thermal-1-filtered/train/images/frame245_jpg.rf.f4b11349b0b2dcac084320ba2642c693.jpg,512,512,1.0,3.008,95.14,55.83,142.28
train,002079_png.rf.234b5c78aae46596919b798eadecac2a.txt,data/thermal-1-filtered/train/images/002079_png.rf.234b5c78aae46596919b798eadecac2a.jpg,512,512,1.0,0.0,90.01,58.4,4260.35
train,000004_png.rf.0bfe90d3862a81235e0a8e77e5e97754.txt,data/thermal-1-filtered/train/images/000004_png.rf.0bfe90d3862a81235e0a8e77e5e97754.jpg,512,512,1.0,0.0,90.85,60.16,449.03
train,frame426_jpg.rf.30f84c8e7f27da11fb26a799189a28f3.txt,data/thermal-1-filtered/train/images/frame426_jpg.rf.30f84c8e7f27da11fb26a799189a28f3.jpg,512,512,1.0,3.253,85.51,40.85,436.83
train,002294_png.rf.7d1ccd7b60e2538b2a315bb05d19fbe0.txt,data/thermal-1-filtered/train/images/002294_png.rf.7d1ccd7b60e2538b2a315bb05d19fbe0.jpg,512,512,1.0,0.0,90.29,55.66,1340.94
train,IR_BIRD_012_frame37_jpg.rf.7b949ef8f8e3e61aaa047c40b885f84c.txt,data/thermal-1-filtered/train/images/IR_BIRD_012_frame37_jpg.rf.7b949ef8f8e3e61aaa047c40b885f84c.jpg,512,512,1.0,0.0,101.18,46.31,69.66
train,frame505_jpg.rf.f4d91bfb94e1e42ac0e2d15b86002345.txt,data/thermal-1-filtered/train/images/frame505_jpg.rf.f4d91bfb94e1e42ac0e2d15b86002345.jpg,512,512,1.0,3.01,70.15,35.55,107.69
train,0_0_000058_jpg.rf.a428efcdf541f6c1c65b8097efccd1c7.txt,data/thermal-1-filtered/train/images/0_0_000058_jpg.rf.a428efcdf541f6c1c65b8097efccd1c7.jpg,512,512,1.0,0.0,66.59,67.94,118.69
train,1189_png.rf.30d2dab0433ca8f567406b1176a029e7.txt,data/thermal-1-filtered/train/images/1189_png.rf.30d2dab0433ca8f567406b1176a029e7.jpg,512,512,1.0,0.0,96.14,41.86,77.52
train,frame461_jpg.rf.6f9a6a0302bef988754d8c1a88d0e39a.txt,data/thermal-1-filtered/train/images/frame461_jpg.rf.6f9a6a0302bef988754d8c1a88d0e39a.jpg,512,512,1.0,3.211,94.5,43.29,187.5
train,0_0_000036_jpg.rf.050801442b750b1905f1fd33801c1718.txt,data/thermal-1-filtered/train/images/0_0_000036_jpg.rf.050801442b750b1905f1fd33801c1718.jpg,512,512,1.0,0.0,106.56,69.82,160.52
train,003036_png.rf.93371af0afedca7febbfa990a736e7e6.txt,data/thermal-1-filtered/train/images/003036_png.rf.93371af0afedca7febbfa990a736e7e6.jpg,512,512,1.0,0.0,80.63,55.29,769.34
train,002213_png.rf.bc96b14abbca53d924e47cb87ee5fe84.txt,data/thermal-1-filtered/train/images/002213_png.rf.bc96b14abbca53d924e47cb87ee5fe84.jpg,512,512,1.0,0.0,90.25,55.79,1662.61
train,ir_3_015050_jpg.rf.76609c797cffe47c9d4d09dfe5aebbd1.txt,data/thermal-1-filtered/train/images/ir_3_015050_jpg.rf.76609c797cffe47c9d4d09dfe5aebbd1.jpg,512,512,1.0,0.0,91.58,59.61,2923.15
train,003105_png.rf.044a9f3d6abcde00b7b2629af1f42629.txt,data/thermal-1-filtered/train/images/003105_png.rf.044a9f3d6abcde00b7b2629af1f42629.jpg,512,512,1.0,0.0,89.56,57.52,2355.24
train,IR_BIRD_012_frame188_jpg.rf.4fed0ae6b9a2fc2dd64e38249f1f544e.txt,data/thermal-1-filtered/train/images/IR_BIRD_012_frame188_jpg.rf.4fed0ae6b9a2fc2dd64e38249f1f544e.jpg,512,512,1.0,0.0,94.71,52.58,67.03
train,002713_png.rf.bc3b54e21dbd0c94b92e59cc600ff223.txt,data/thermal-1-filtered/train/images/002713_png.rf.bc3b54e21dbd0c94b92e59cc600ff223.jpg,512,512,1.0,0.0,81.9,53.87,368.6
train,frame137_jpg.rf.8ad22a9f6e7f082dd5546e8d18d4a49d.txt,data/thermal-1-filtered/train/images/frame137_jpg.rf.8ad22a9f6e7f082dd5546e8d18d4a49d.jpg,512,512,1.0,3.235,97.64,51.92,250.42
train,002412_png.rf.d90e88eeabccfcdfbe4df2c0f1366788.txt,data/thermal-1-filtered/train/images/002412_png.rf.d90e88eeabccfcdfbe4df2c0f1366788.jpg,512,512,1.0,0.0,73.35,48.9,238.93
train,002295_png.rf.d58e9b6d88c34066eff41dd59d036c1e.txt,data/thermal-1-filtered/train/images/002295_png.rf.d58e9b6d88c34066eff41dd59d036c1e.jpg,512,512,1.0,0.0,90.74,56.17,1436.0
train,0_0_000358_jpg.rf.d6e546e94e420b454cdfc9a11abed8aa.txt,data/thermal-1-filtered/train/images/0_0_000358_jpg.rf.d6e546e94e420b454cdfc9a11abed8aa.jpg,512,512,1.0,0.0,78.16,74.43,40.36
train,frame117_jpg.rf.a1c6d9fef10281a8b7b50128438e191c.txt,data/thermal-1-filtered/train/images/frame117_jpg.rf.a1c6d9fef10281a8b7b50128438e191c.jpg,512,512,1.0,3.252,95.03,55.18,669.84
train,IR_BIRD_012_frame203_jpg.rf.ac59f3a5f9dbf7ad83c096dd7f0cc375.txt,data/thermal-1-filtered/train/images/IR_BIRD_012_frame203_jpg.rf.ac59f3a5f9dbf7ad83c096dd7f0cc375.jpg,512,512,1.0,0.0,99.28,50.11,21.69
train,002198_png.rf.46341c2dfde37224f891ea868d1b9e38.txt,data/thermal-1-filtered/train/images/002198_png.rf.46341c2dfde37224f891ea868d1b9e38.jpg,512,512,1.0,0.0,83.64,53.66,600.48
train,002345_png.rf.c94e5f5884a789768ef54e64fe92810f.txt,data/thermal-1-filtered/train/images/002345_png.rf.c94e5f5884a789768ef54e64fe92810f.jpg,512,512,1.0,0.0,81.86,52.26,340.11
train,002694_png.rf.28e98f27cd0fa791173f099f20a0d655.txt,data/thermal-1-filtered/train/images/002694_png.rf.28e98f27cd0fa791173f099f20a0d655.jpg,512,512,1.0,0.0,86.12,56.02,2335.4
train,frame613_jpg.rf.3320aa05bfe8a41f400fa5c4d15f2010.txt,data/thermal-1-filtered/train/images/frame613_jpg.rf.3320aa05bfe8a41f400fa5c4d15f2010.jpg,512,512,1.0,3.295,50.5,30.34,199.39
train,003827_png.rf.a4c8d0555214d1dbbea035e96d8dbcb6.txt,data/thermal-1-filtered/train/images/003827_png.rf.a4c8d0555214d1dbbea035e96d8dbcb6.jpg,512,512,1.0,0.0,93.01,56.39,459.39
train,frame471_jpg.rf.0f2358804c42a087dc4c87ca940f5772.txt,data/thermal-1-filtered/train/images/frame471_jpg.rf.0f2358804c42a087dc4c87ca940f5772.jpg,512,512,1.0,3.078,95.26,47.39,194.9
train,002775_png.rf.d75e1c59acd566dd1788b1a8aeb4de7c.txt,data/thermal-1-filtered/train/images/002775_png.rf.d75e1c59acd566dd1788b1a8aeb4de7c.jpg,512,512,1.0,0.0,80.33,52.51,325.14
train,002335_png.rf.08cd9a866bc75216ca95dcaee8e487d7.txt,data/thermal-1-filtered/train/images/002335_png.rf.08cd9a866bc75216ca95dcaee8e487d7.jpg,512,512,1.0,0.0,72.86,52.23,426.23
train,IR_BIRD_012_frame13_jpg.rf.b154dc1cb0b918397d57b66d97306a0c.txt,data/thermal-1-filtered/train/images/IR_BIRD_012_frame13_jpg.rf.b154dc1cb0b918397d57b66d97306a0c.jpg,512,512,1.0,0.0,101.18,46.31,69.39
train,002832_png.rf.e60d31fe3b7560a50df478fbcc031fea.txt,data/thermal-1-filtered/train/images/002832_png.rf.e60d31fe3b7560a50df478fbcc031fea.jpg,512,512,1.0,0.0,69.08,50.4,240.08
train,ir_2_029810_jpg.rf.77b56849f8a5ec3b6c0e991677e721a9.txt,data/thermal-1-filtered/train/images/ir_2_029810_jpg.rf.77b56849f8a5ec3b6c0e991677e721a9.jpg,512,512,1.0,0.0,82.22,53.5,634.97
train,IR_BIRD_012_frame299_jpg.rf.e3b8fb48c0ec5987377791754d796c98.txt,data/thermal-1-filtered/train/images/IR_BIRD_012_frame299_jpg.rf.e3b8fb48c0ec5987377791754d796c98.jpg,512,512,1.0,0.0,100.01,56.66,96.43
train,002771_png.rf.683015eefe1078d26a7ce73499c7efdc.txt,data/thermal-1-filtered/train/images/002771_png.rf.683015eefe1078d26a7ce73499c7efdc.jpg,512,512,1.0,0.0,84.63,55.95,1214.47
train,002232_png.rf.6dd7ed34242b486b7781fd37b3bf5aa4.txt,data/thermal-1-filtered/train/images/002232_png.rf.6dd7ed34242b486b7781fd37b3bf5aa4.jpg,512,512,1.0,0.0,78.93,53.15,336.57
train,003692_png.rf.8e069280ea8c8bf1368838ea6f2aa856.txt,data/thermal-1-filtered/train/images/003692_png.rf.8e069280ea8c8bf1368838ea6f2aa856.jpg,512,512,1.0,0.0,85.94,54.8,807.34
train,002697_png.rf.3e3691b22809f18e6a5bbbb972a878a2.txt,data/thermal-1-filtered/train/images/002697_png.rf.3e3691b22809f18e6a5bbbb972a878a2.jpg,512,512,1.0,0.0,85.33,56.16,2694.39
train,002286_png.rf.ae2fd9c926f5b2284361296057e7d36e.txt,data/thermal-1-filtered/train/images/002286_png.rf.ae2fd9c926f5b2284361296057e7d36e.jpg,512,512,1.0,0.0,77.92,48.81,158.39
train,IR_BIRD_012_frame199_jpg.rf.79ae57e67e81202f7af2a0548115e7f0.txt,data/thermal-1-filtered/train/images/IR_BIRD_012_frame199_jpg.rf.79ae57e67e81202f7af2a0548115e7f0.jpg,512,512,1.0,0.0,98.34,49.68,88.33
train,0_0_000070_jpg.rf.439b54b4e707736e8cd07a2043869cf1.txt,data/thermal-1-filtered/train/images/0_0_000070_jpg.rf.439b54b4e707736e8cd07a2043869cf1.jpg,512,512,1.0,0.0,94.31,62.69,92.12
train,002007_png.rf.bde817446546d9e24ac8ce7130739e90.txt,data/thermal-1-filtered/train/images/002007_png.rf.bde817446546d9e24ac8ce7130739e90.jpg,512,512,1.0,0.0,86.21,54.75,736.51
train,003107_png.rf.080968c354cb7eaea8b72cc4d41c805c.txt,data/thermal-1-filtered/train/images/003107_png.rf.080968c354cb7eaea8b72cc4d41c805c.jpg,512,512,1.0,0.0,84.47,56.36,808.71
train,IR_BIRD_012_frame299_jpg.rf.12bcf1707daa6615ac1603264bb2d1ae.txt,data/thermal-1-filtered/train/images/IR_BIRD_012_frame299_jpg.rf.12bcf1707daa6615ac1603264bb2d1ae.jpg,512,512,1.0,0.0,102.08,51.97,100.22
train,002016_png.rf.1d45c4c4d9c001521057c6e41fdcfedd.txt,data/thermal-1-filtered/train/images/002016_png.rf.1d45c4c4d9c001521057c6e41fdcfedd.jpg,512,512,1.0,0.0,82.08,54.14,779.89
train,IR_BIRD_012_frame166_jpg.rf.62613d7287c59b97d936f79fbf779bb1.txt,data/thermal-1-filtered/train/images/IR_BIRD_012_frame166_jpg.rf.62613d7287c59b97d936f79fbf779bb1.jpg,512,512,1.0,0.0,102.04,49.36,65.16
train,frame468_jpg.rf.71e3fede248814e51d4e1623eb696f1b.txt,data/thermal-1-filtered/train/images/frame468_jpg.rf.71e3fede248814e51d4e1623eb696f1b.jpg,512,512,1.0,3.004,90.89,44.5,152.55
train,frame207_jpg.rf.7e041affd772a01696f5b6531ebcfd7a.txt,data/thermal-1-filtered/train/images/frame207_jpg.rf.7e041affd772a01696f5b6531ebcfd7a.jpg,512,512,1.0,3.296,94.02,43.03,400.72
train,frame129_jpg.rf.4fe3acb2f29afba3d038abf27e3eeaae.txt,data/thermal-1-filtered/train/images/frame129_jpg.rf.4fe3acb2f29afba3d038abf27e3eeaae.jpg,512,512,1.0,3.206,93.02,55.44,207.73
train,frame458_jpg.rf.842ca8d8b29837503b773f5a0ccd5bdb.txt,data/thermal-1-filtered/train/images/frame458_jpg.rf.842ca8d8b29837503b773f5a0ccd5bdb.jpg,512,512,1.0,2.991,83.06,44.76,119.68
train,IR_BIRD_012_frame148_jpg.rf.b8072718597b4df104f300c32e0e7072.txt,data/thermal-1-filtered/train/images/IR_BIRD_012_frame148_jpg.rf.b8072718597b4df104f300c32e0e7072.jpg,512,512,1.0,0.0,94.22,54.04,76.98
train,002098_png.rf.96049bbd590c4c9cda38a316dd912e5a.txt,data/thermal-1-filtered/train/images/002098_png.rf.96049bbd590c4c9cda38a316dd912e5a.jpg,512,512,1.0,0.0,81.55,55.73,778.35
train,IR_BIRD_012_frame180_jpg.rf.72a31f43f94ef41b5a93f407388cfb0b.txt,data/thermal-1-filtered/train/images/IR_BIRD_012_frame180_jpg.rf.72a31f43f94ef41b5a93f407388cfb0b.jpg,512,512,1.0,0.0,89.55,52.65,73.53
train,001986_png.rf.7061b89c1b2cd5919a8a0dab02251a6b.txt,data/thermal-1-filtered/train/images/001986_png.rf.7061b89c1b2cd5919a8a0dab02251a6b.jpg,512,512,1.0,0.0,91.27,57.85,2229.42
train,002077_png.rf.b3a4a6060522adf785a7df6a98c005d9.txt,data/thermal-1-filtered/train/images/002077_png.rf.b3a4a6060522adf785a7df6a98c005d9.jpg,512,512,1.0,0.0,90.71,58.25,3895.93
train,002241_png.rf.48b8897b5c148b85736f1af67933795c.txt,data/thermal-1-filtered/train/images/002241_png.rf.48b8897b5c148b85736f1af67933795c.jpg,512,512,1.0,0.0,73.36,48.05,160.59
train,IR_BIRD_012_frame98_jpg.rf.5d8a028a5fbcf255fb9a4fe51e02c20c.txt,data/thermal-1-filtered/train/images/IR_BIRD_012_frame98_jpg.rf.5d8a028a5fbcf255fb9a4fe51e02c20c.jpg,512,512,1.0,0.0,103.83,49.35,64.85
train,frame309_jpg.rf.d8a355224825b5532069d264d3c1ad4a.txt,data/thermal-1-filtered/train/images/frame309_jpg.rf.d8a355224825b5532069d264d3c1ad4a.jpg,512,512,1.0,3.238,100.27,58.67,208.96
train,frame717_jpg.rf.f1c9c0887b62697351b168272569b982.txt,data/thermal-1-filtered/train/images/frame717_jpg.rf.f1c9c0887b62697351b168272569b982.jpg,512,512,1.0,3.096,53.87,29.19,165.47
train,IR_BIRD_012_frame230_jpg.rf.dbc69bf7bd4d76ccca7fd0588713680a.txt,data/thermal-1-filtered/train/images/IR_BIRD_012_frame230_jpg.rf.dbc69bf7bd4d76ccca7fd0588713680a.jpg,512,512,1.0,0.0,98.23,57.49,94.72
train,002053_png.rf.ff17e1c9d6655e94f121f535596d43d1.txt,data/thermal-1-filtered/train/images/002053_png.rf.ff17e1c9d6655e94f121f535596d43d1.jpg,512,512,1.0,0.0,81.63,54.13,1475.48
train,002529_png.rf.285668e7ce585f108ffdd2d879f37177.txt,data/thermal-1-filtered/train/images/002529_png.rf.285668e7ce585f108ffdd2d879f37177.jpg,512,512,1.0,0.0,77.9,53.88,303.7
train,002286_png.rf.9d6b9eba888d16bec436e9e62633851a.txt,data/thermal-1-filtered/train/images/002286_png.rf.9d6b9eba888d16bec436e9e62633851a.jpg,512,512,1.0,0.0,81.95,56.37,347.25
train,frame179_jpg.rf.b8f7900ce33cdc1abeb049be7a718f30.txt,data/thermal-1-filtered/train/images/frame179_jpg.rf.b8f7900ce33cdc1abeb049be7a718f30.jpg,512,512,1.0,3.256,95.6,45.46,413.88
train,frame50_jpg.rf.0e3a79d223c8b20d2e9752cf28c2c351.txt,data/thermal-1-filtered/train/images/frame50_jpg.rf.0e3a79d223c8b20d2e9752cf28c2c351.jpg,512,512,1.0,3.169,93.28,53.55,597.9
train,002296_png.rf.08b901a200df3a14ef0ad0cbb0cdf0ce.txt,data/thermal-1-filtered/train/images/002296_png.rf.08b901a200df3a14ef0ad0cbb0cdf0ce.jpg,512,512,1.0,0.0,87.21,54.69,485.85
train,frame252_jpg.rf.b34180547b53bde776048cdb7d60db1d.txt,data/thermal-1-filtered/train/images/frame252_jpg.rf.b34180547b53bde776048cdb7d60db1d.jpg,512,512,1.0,3.093,98.6,58.12,254.68
train,002741_png.rf.50a9b0d6eebadff182f446219bdd8f3f.txt,data/thermal-1-filtered/train/images/002741_png.rf.50a9b0d6eebadff182f446219bdd8f3f.jpg,512,512,1.0,0.0,75.28,48.25,438.22
train,003700_png.rf.06d9ea7eae6ae5dbe56867935bec8dfa.txt,data/thermal-1-filtered/train/images/003700_png.rf.06d9ea7eae6ae5dbe56867935bec8dfa.jpg,512,512,1.0,0.0,87.56,54.6,959.46
train,002743_png.rf.e48705d2ff61fbcb7bd5a92de354243f.txt,data/thermal-1-filtered/train/images/002743_png.rf.e48705d2ff61fbcb7bd5a92de354243f.jpg,512,512,1.0,0.0,72.25,46.87,456.21
train,002215_png.rf.aee7f80add7a732af6233ceb74141bde.txt,data/thermal-1-filtered/train/images/002215_png.rf.aee7f80add7a732af6233ceb74141bde.jpg,512,512,1.0,0.0,81.57,54.11,455.43
train,frame621_jpg.rf.ec3585766bac2a2813101d34564d9368.txt,data/thermal-1-filtered/train/images/frame621_jpg.rf.ec3585766bac2a2813101d34564d9368.jpg,512,512,1.0,3.313,55.81,34.26,436.23
train,0_0_000102_jpg.rf.2c697fc3507a1e62c48c2496d26a9efd.txt,data/thermal-1-filtered/train/images/0_0_000102_jpg.rf.2c697fc3507a1e62c48c2496d26a9efd.jpg,512,512,1.0,0.0,127.11,47.82,22.82
train,003697_png.rf.d6a942ced993bcca75145a35c5c1de1c.txt,data/thermal-1-filtered/train/images/003697_png.rf.d6a942ced993bcca75145a35c5c1de1c.jpg,512,512,1.0,0.0,79.78,52.64,654.47
train,ir_3_031530_jpg.rf.3d4f34c275e3ddf6c262a8ddab4b575a.txt,data/thermal-1-filtered/train/images/ir_3_031530_jpg.rf.3d4f34c275e3ddf6c262a8ddab4b575a.jpg,512,512,1.0,0.0,85.71,58.31,1027.91
train,frame603_jpg.rf.1505b8b49470824c81594472295a8f3b.txt,data/thermal-1-filtered/train/images/frame603_jpg.rf.1505b8b49470824c81594472295a8f3b.jpg,512,512,1.0,3.27,53.24,32.62,207.24
train,frame694_jpg.rf.d3924ecdbc4b9d53993532f475015375.txt,data/thermal-1-filtered/train/images/frame694_jpg.rf.d3924ecdbc4b9d53993532f475015375.jpg,512,512,1.0,3.028,39.71,23.39,112.58
train,IR_BIRD_012_frame129_jpg.rf.321875abcd597613d8d5a5c8984002e7.txt,data/thermal-1-filtered/train/images/IR_BIRD_012_frame129_jpg.rf.321875abcd597613d8d5a5c8984002e7.jpg,512,512,1.0,0.0,101.9,50.19,85.16
train,frame473_jpg.rf.54da19e615cae5bd8996af5646c6a3eb.txt,data/thermal-1-filtered/train/images/frame473_jpg.rf.54da19e615cae5bd8996af5646c6a3eb.jpg,512,512,1.0,3.301,107.32,44.13,520.66
train,ir_038830_jpg.rf.c678ec273c060e66c3a3bfbde2b198e4.txt,data/thermal-1-filtered/train/images/ir_038830_jpg.rf.c678ec273c060e66c3a3bfbde2b198e4.jpg,512,512,1.0,0.0,81.98,55.17,538.44
train,frame546_jpg.rf.58c40d632fb117c4706381b218871b13.txt,data/thermal-1-filtered/train/images/frame546_jpg.rf.58c40d632fb117c4706381b218871b13.jpg,512,512,1.0,3.127,52.27,29.76,139.29
train,frame621_jpg.rf.06bbcc51e56430556f34e306d13ecba4.txt,data/thermal-1-filtered/train/images/frame621_jpg.rf.06bbcc51e56430556f34e306d13ecba4.jpg,512,512,1.0,3.225,45.14,26.91,97.7
train,frame407_jpg.rf.7726e4ba5f852b34b51d0fb0fef050c6.txt,data/thermal-1-filtered/train/images/frame407_jpg.rf.7726e4ba5f852b34b51d0fb0fef050c6.jpg,512,512,1.0,3.274,90.54,42.24,456.16
train,002803_png.rf.c5abdf8fcd01dfe875663cf3746741b9.txt,data/thermal-1-filtered/train/images/002803_png.rf.c5abdf8fcd01dfe875663cf3746741b9.jpg,512,512,1.0,0.0,83.08,57.36,354.38
train,002065_png.rf.fb3a210515c54f64945d35e0c5b60fad.txt,data/thermal-1-filtered/train/images/002065_png.rf.fb3a210515c54f64945d35e0c5b60fad.jpg,512,512,1.0,0.0,87.68,57.52,2591.41
train,002325_png.rf.f15653eb5f00c38a23b04a25c25a2308.txt,data/thermal-1-filtered/train/images/002325_png.rf.f15653eb5f00c38a23b04a25c25a2308.jpg,512,512,1.0,0.0,88.36,57.66,2148.55
train,IR_BIRD_012_frame36_jpg.rf.54ef2029dfc64588016052add4c89e3c.txt,data/thermal-1-filtered/train/images/IR_BIRD_012_frame36_jpg.rf.54ef2029dfc64588016052add4c89e3c.jpg,512,512,1.0,0.0,92.63,54.99,72.29
train,0_0_000061_jpg.rf.e20388393f41976edf193a5ff7205211.txt,data/thermal-1-filtered/train/images/0_0_000061_jpg.rf.e20388393f41976edf193a5ff7205211.jpg,512,512,1.0,0.0,65.02,66.83,113.79
train,IR_BIRD_012_frame272_jpg.rf.ab39cac45ef82dcf1abd82c56491d521.txt,data/thermal-1-filtered/train/images/IR_BIRD_012_frame272_jpg.rf.ab39cac45ef82dcf1abd82c56491d521.jpg,512,512,1.0,0.0,107.96,45.78,114.45
train,IR_BIRD_012_frame174_jpg.rf.2059774e4fafab2eb692d3e090d32222.txt,data/thermal-1-filtered/train/images/IR_BIRD_012_frame174_jpg.rf.2059774e4fafab2eb692d3e090d32222.jpg,512,512,1.0,0.0,101.15,49.46,61.24
train,003065_png.rf.5ceb07ebb6e3c119046872d5b772c691.txt,data/thermal-1-filtered/train/images/003065_png.rf.5ceb07ebb6e3c119046872d5b772c691.jpg,512,512,1.0,0.0,81.31,57.95,980.53
train,003763_png.rf.ec35afd5e9f5c7a176207b2552847d5e.txt,data/thermal-1-filtered/train/images/003763_png.rf.ec35afd5e9f5c7a176207b2552847d5e.jpg,512,512,1.0,0.0,97.51,55.39,1104.56
train,0_0_000003_jpg.rf.c40d7e23b1b1dae3b292ab2ffb6a94bc.txt,data/thermal-1-filtered/train/images/0_0_000003_jpg.rf.c40d7e23b1b1dae3b292ab2ffb6a94bc.jpg,512,512,1.0,0.0,102.75,73.04,110.74
train,IR_BIRD_012_frame192_jpg.rf.7aa56608c097c160ed40a610dcb1dc73.txt,data/thermal-1-filtered/train/images/IR_BIRD_012_frame192_jpg.rf.7aa56608c097c160ed40a610dcb1dc73.jpg,512,512,1.0,0.0,100.1,49.15,53.57
train,003062_png.rf.ab71348ad5c9fbf23990a2e075ea0712.txt,data/thermal-1-filtered/train/images/003062_png.rf.ab71348ad5c9fbf23990a2e075ea0712.jpg,512,512,1.0,0.0,86.05,56.17,919.88
train,002020_png.rf.b0534d08cea176f575a6a301fbfe6e3a.txt,data/thermal-1-filtered/train/images/002020_png.rf.b0534d08cea176f575a6a301fbfe6e3a.jpg,512,512,1.0,0.0,89.94,58.45,3124.3
train,frame711_jpg.rf.cfb191301df64b703fbccd753e8fad42.txt,data/thermal-1-filtered/train/images/frame711_jpg.rf.cfb191301df64b703fbccd753e8fad42.jpg,512,512,1.0,3.253,57.07,31.98,205.3
train,IR_BIRD_012_frame246_jpg.rf.9987f812380266484a920a52edb39399.txt,data/thermal-1-filtered/train/images/IR_BIRD_012_frame246_jpg.rf.9987f812380266484a920a52edb39399.jpg,512,512,1.0,0.0,99.94,55.09,87.92
train,frame353_jpg.rf.2ca1406f94f864ac157421b6d2d4bb72.txt,data/thermal-1-filtered/train/images/frame353_jpg.rf.2ca1406f94f864ac157421b6d2d4bb72.jpg,512,512,1.0,3.012,81.92,46.55,162.71
train,frame484_jpg.rf.a6a8a342a416accbdae0d7cd0b747378.txt,data/thermal-1-filtered/train/images/frame484_jpg.rf.a6a8a342a416accbdae0d7cd0b747378.jpg,512,512,1.0,3.217,97.0,36.67,163.95
train,002407_png.rf.f397d97a0e6045046de2ba27a342df07.txt,data/thermal-1-filtered/train/images/002407_png.rf.f397d97a0e6045046de2ba27a342df07.jpg,512,512,1.0,0.0,84.3,50.97,378.66
train,0_0_000058_jpg.rf.3b9fb06ccb418a8274b9cda0fecf91b1.txt,data/thermal-1-filtered/train/images/0_0_000058_jpg.rf.3b9fb06ccb418a8274b9cda0fecf91b1.jpg,512,512,1.0,0.0,69.48,68.43,124.64
train,IR_BIRD_012_frame177_jpg.rf.9b6e8af5cf10c2d60e97175f664b7ded.txt,data/thermal-1-filtered/train/images/IR_BIRD_012_frame177_jpg.rf.9b6e8af5cf10c2d60e97175f664b7ded.jpg,512,512,1.0,0.0,90.43,54.83,63.67
train,IR_BIRD_012_frame26_jpg.rf.952fedcdf90e24c6ad319a56dad79a38.txt,data/thermal-1-filtered/train/images/IR_BIRD_012_frame26_jpg.rf.952fedcdf90e24c6ad319a56dad79a38.jpg,512,512,1.0,0.0,98.77,49.43,63.24
train,002807_png.rf.2d3ee24c31b0282e99bddd5dcd373c22.txt,data/thermal-1-filtered/train/images/002807_png.rf.2d3ee24c31b0282e99bddd5dcd373c22.jpg,512,512,1.0,0.0,88.02,56.88,870.19
train,003704_png.rf.2c252c8f1e750a6ffdaf6828d33905ba.txt,data/thermal-1-filtered/train/images/003704_png.rf.2c252c8f1e750a6ffdaf6828d33905ba.jpg,512,512,1.0,0.0,86.3,55.98,817.49
train,thermal_tzeelim_021720_jpg.rf.e0f2e20916d9cd2fb9c1f3343b3a0416.txt,data/thermal-1-filtered/train/images/thermal_tzeelim_021720_jpg.rf.e0f2e20916d9cd2fb9c1f3343b3a0416.jpg,512,512,1.0,0.0,78.91,50.59,303.84
train,003840_png.rf.e8615b68742008d0e239307ebea84b8b.txt,data/thermal-1-filtered/train/images/003840_png.rf.e8615b68742008d0e239307ebea84b8b.jpg,512,512,1.0,0.0,93.51,55.96,421.74
train,frame290_jpg.rf.923f7cd28e0687731e8c052b60302dde.txt,data/thermal-1-filtered/train/images/frame290_jpg.rf.923f7cd28e0687731e8c052b60302dde.jpg,512,512,1.0,2.94,81.06,53.51,161.35
train,frame306_jpg.rf.d6d974534c914571dda57b67d9ebe2a2.txt,data/thermal-1-filtered/train/images/frame306_jpg.rf.d6d974534c914571dda57b67d9ebe2a2.jpg,512,512,1.0,3.307,107.65,56.92,537.86
train,frame106_jpg.rf.77875cdaa90e3ac288a53e2a705f79aa.txt,data/thermal-1-filtered/train/images/frame106_jpg.rf.77875cdaa90e3ac288a53e2a705f79aa.jpg,512,512,1.0,3.28,85.15,51.98,196.29
train,frame59_jpg.rf.43f53aff2008b3eb2af4d9cace44eb2d.txt,data/thermal-1-filtered/train/images/frame59_jpg.rf.43f53aff2008b3eb2af4d9cace44eb2d.jpg,512,512,1.0,3.177,95.12,55.82,605.01
train,IR_BIRD_012_frame87_jpg.rf.728fcd2249103583451b03cf2cbbaa39.txt,data/thermal-1-filtered/train/images/IR_BIRD_012_frame87_jpg.rf.728fcd2249103583451b03cf2cbbaa39.jpg,512,512,1.0,0.0,101.22,46.3,70.0
train,002297_png.rf.ac98f3130714801396e5310d0417685d.txt,data/thermal-1-filtered/train/images/002297_png.rf.ac98f3130714801396e5310d0417685d.jpg,512,512,1.0,0.0,89.15,54.56,535.06
train,002826_png.rf.8d9564510205163fcf9ede0a5dfeb568.txt,data/thermal-1-filtered/train/images/002826_png.rf.8d9564510205163fcf9ede0a5dfeb568.jpg,512,512,1.0,0.0,88.64,55.03,904.72
train,002276_png.rf.7205f5285aadc1f8f417be8cd72c27ae.txt,data/thermal-1-filtered/train/images/002276_png.rf.7205f5285aadc1f8f417be8cd72c27ae.jpg,512,512,1.0,0.0,86.71,52.6,190.12
train,frame226_jpg.rf.aa95f29cfc9baa836febdd0faddaf354.txt,data/thermal-1-filtered/train/images/frame226_jpg.rf.aa95f29cfc9baa836febdd0faddaf354.jpg,512,512,1.0,2.874,81.36,53.89,94.39
train,002443_png.rf.dbaf9de75cc55a467b46738ec3b5724a.txt,data/thermal-1-filtered/train/images/002443_png.rf.dbaf9de75cc55a467b46738ec3b5724a.jpg,512,512,1.0,0.0,85.35,54.68,1137.77
train,frame150_jpg.rf.3521dc4b2a41e507a556cf9aad31500e.txt,data/thermal-1-filtered/train/images/frame150_jpg.rf.3521dc4b2a41e507a556cf9aad31500e.jpg,512,512,1.0,3.164,94.45,53.15,151.12
train,IR_BIRD_012_frame47_jpg.rf.6ff68d80e114725cfaff920baf96087c.txt,data/thermal-1-filtered/train/images/IR_BIRD_012_frame47_jpg.rf.6ff68d80e114725cfaff920baf96087c.jpg,512,512,1.0,0.0,100.57,48.53,79.12
train,frame613_jpg.rf.70169a161e82f25a4e82c9c2c53c0c13.txt,data/thermal-1-filtered/train/images/frame613_jpg.rf.70169a161e82f25a4e82c9c2c53c0c13.jpg,512,512,1.0,3.313,56.85,34.2,436.35
train,frame387_jpg.rf.ddb84d826d4591b9a36f44c8c733f5c1.txt,data/thermal-1-filtered/train/images/frame387_jpg.rf.ddb84d826d4591b9a36f44c8c733f5c1.jpg,512,512,1.0,3.047,77.29,39.13,78.2
train,IR_BIRD_012_frame67_jpg.rf.5c53de5d3bc486cf2e96af9943787989.txt,data/thermal-1-filtered/train/images/IR_BIRD_012_frame67_jpg.rf.5c53de5d3bc486cf2e96af9943787989.jpg,512,512,1.0,0.0,99.54,49.65,64.11
train,IR_BIRD_012_frame139_jpg.rf.87472915d7b4c019d0e9aa4cc6ba8c1c.txt,data/thermal-1-filtered/train/images/IR_BIRD_012_frame139_jpg.rf.87472915d7b4c019d0e9aa4cc6ba8c1c.jpg,512,512,1.0,0.0,90.48,54.63,80.9
train,frame140_jpg.rf.4ca0f2d0484d103b8aaacfe7e4bc201c.txt,data/thermal-1-filtered/train/images/frame140_jpg.rf.4ca0f2d0484d103b8aaacfe7e4bc201c.jpg,512,512,1.0,3.295,99.97,51.15,435.98
train,0_0_000003_jpg.rf.50ae9baa0e3a2b3032db0bfa60cf84ef.txt,data/thermal-1-filtered/train/images/0_0_000003_jpg.rf.50ae9baa0e3a2b3032db0bfa60cf84ef.jpg,512,512,1.0,0.0,97.73,74.03,135.29
train,frame200_jpg.rf.0b329953cb8c3da57cdb86f2658a649b.txt,data/thermal-1-filtered/train/images/frame200_jpg.rf.0b329953cb8c3da57cdb86f2658a649b.jpg,512,512,1.0,3.158,89.06,46.9,118.04
train,002361_png.rf.cd02ee5728b022c70382913e0c4debb1.txt,data/thermal-1-filtered/train/images/002361_png.rf.cd02ee5728b022c70382913e0c4debb1.jpg,512,512,1.0,0.0,72.0,49.05,211.26
train,0_0_000257_jpg.rf.6db0955eb6b51459290718fb02974d67.txt,data/thermal-1-filtered/train/images/0_0_000257_jpg.rf.6db0955eb6b51459290718fb02974d67.jpg,512,512,1.0,0.0,44.1,50.66,37.7
train,002810_png.rf.6478bf485544ee4edfb69ae4f66149ed.txt,data/thermal-1-filtered/train/images/002810_png.rf.6478bf485544ee4edfb69ae4f66149ed.jpg,512,512,1.0,0.0,88.33,55.41,733.11
train,ir_047270_jpg.rf.37071f3cfdbf23ee894ace8a43cf4481.txt,data/thermal-1-filtered/train/images/ir_047270_jpg.rf.37071f3cfdbf23ee894ace8a43cf4481.jpg,512,512,1.0,0.0,82.96,60.46,248.61
train,002729_png.rf.dece2b15b3029de552d7a18b9ae4d855.txt,data/thermal-1-filtered/train/images/002729_png.rf.dece2b15b3029de552d7a18b9ae4d855.jpg,512,512,1.0,0.0,78.17,53.86,188.45
train,frame130_jpg.rf.39bf6277a3fa5fdd3d18c41c807779a9.txt,data/thermal-1-filtered/train/images/frame130_jpg.rf.39bf6277a3fa5fdd3d18c41c807779a9.jpg,512,512,1.0,2.956,86.77,58.46,139.35
train,frame630_jpg.rf.5827331884f92c08eaccf8ea55645e65.txt,data/thermal-1-filtered/train/images/frame630_jpg.rf.5827331884f92c08eaccf8ea55645e65.jpg,512,512,1.0,3.307,56.12,34.13,438.9
train,003746_png.rf.a85ff5c78b4ae1842d54858371c61056.txt,data/thermal-1-filtered/train/images/003746_png.rf.a85ff5c78b4ae1842d54858371c61056.jpg,512,512,1.0,0.0,90.05,52.02,849.54
train,002952_png.rf.48a1d921e673d982c89fa3d2dea479d9.txt,data/thermal-1-filtered/train/images/002952_png.rf.48a1d921e673d982c89fa3d2dea479d9.jpg,512,512,1.0,0.0,84.84,54.34,2165.24
train,IR_BIRD_012_frame256_jpg.rf.d8e626db8a8a005d62524d7ce1b1a97e.txt,data/thermal-1-filtered/train/images/IR_BIRD_012_frame256_jpg.rf.d8e626db8a8a005d62524d7ce1b1a97e.jpg,512,512,1.0,0.0,103.43,51.45,92.84
train,frame161_jpg.rf.96c658808e3f9ff90b965c4623d53b21.txt,data/thermal-1-filtered/train/images/frame161_jpg.rf.96c658808e3f9ff90b965c4623d53b21.jpg,512,512,1.0,3.298,99.08,50.9,414.71
train,002006_png.rf.e5a51d5a33cda011125c8504f5751be1.txt,data/thermal-1-filtered/train/images/002006_png.rf.e5a51d5a33cda011125c8504f5751be1.jpg,512,512,1.0,0.0,89.89,55.92,850.48
train,0_0_000081_jpg.rf.af1889e885205605029e684b02fcb612.txt,data/thermal-1-filtered/train/images/0_0_000081_jpg.rf.af1889e885205605029e684b02fcb612.jpg,512,512,1.0,0.0,68.0,72.74,211.58
train,0_0_000066_jpg.rf.ecc00aa42e987e420d8302e643aab4f7.txt,data/thermal-1-filtered/train/images/0_0_000066_jpg.rf.ecc00aa42e987e420d8302e643aab4f7.jpg,512,512,1.0,0.0,69.03,69.85,47.19
train,frame683_jpg.rf.70269cf5d4cf8233b17996ee66c07b35.txt,data/thermal-1-filtered/train/images/frame683_jpg.rf.70269cf5d4cf8233b17996ee66c07b35.jpg,512,512,1.0,3.309,49.77,29.83,456.1
train,002716_png.rf.f0fb37c0f684e1402f89ff2789052b5f.txt,data/thermal-1-filtered/train/images/002716_png.rf.f0fb37c0f684e1402f89ff2789052b5f.jpg,512,512,1.0,0.0,75.94,54.49,274.22
train,frame1_jpg.rf.664fd4b9e70e463cbff19e8a9b64fe8c.txt,data/thermal-1-filtered/train/images/frame1_jpg.rf.664fd4b9e70e463cbff19e8a9b64fe8c.jpg,512,512,1.0,3.257,77.69,43.97,420.66
train,002325_png.rf.40894f7753799af294e419fb13f324e5.txt,data/thermal-1-filtered/train/images/002325_png.rf.40894f7753799af294e419fb13f324e5.jpg,512,512,1.0,0.0,83.39,56.71,762.67
train,0_0_000034_jpg.rf.99f05ea0ac9a025705aa8a0de68a8431.txt,data/thermal-1-filtered/train/images/0_0_000034_jpg.rf.99f05ea0ac9a025705aa8a0de68a8431.jpg,512,512,1.0,0.0,103.33,65.66,44.22
train,003768_png.rf.de7844da392632fd125772a0e50840d7.txt,data/thermal-1-filtered/train/images/003768_png.rf.de7844da392632fd125772a0e50840d7.jpg,512,512,1.0,0.0,95.7,55.03,1011.38
train,002663_png.rf.4f630c0fe6d63492871b8022efb1d30c.txt,data/thermal-1-filtered/train/images/002663_png.rf.4f630c0fe6d63492871b8022efb1d30c.jpg,512,512,1.0,0.0,90.0,54.14,918.21
train,001656_png.rf.49ad5a2bd1d5516439cd050ca47ce268.txt,data/thermal-1-filtered/train/images/001656_png.rf.49ad5a2bd1d5516439cd050ca47ce268.jpg,512,512,1.0,0.0,77.46,56.39,629.67
train,IR_BIRD_012_frame210_jpg.rf.a06d0013f432efdfde6f95d39429c5b0.txt,data/thermal-1-filtered/train/images/IR_BIRD_012_frame210_jpg.rf.a06d0013f432efdfde6f95d39429c5b0.jpg,512,512,1.0,0.0,107.75,46.26,136.22
train,IR_BIRD_012_frame149_jpg.rf.cb72f16c84176ccb7a47b73731d4c68d.txt,data/thermal-1-filtered/train/images/IR_BIRD_012_frame149_jpg.rf.cb72f16c84176ccb7a47b73731d4c68d.jpg,512,512,1.0,0.0,89.23,54.56,79.39
train,003060_png.rf.e2b1836f3553e503c6d23e7b563234de.txt,data/thermal-1-filtered/train/images/003060_png.rf.e2b1836f3553e503c6d23e7b563234de.jpg,512,512,1.0,0.0,88.82,57.64,2717.78
train,003040_png.rf.7870627f5db7ac7cdf48209e6f982e19.txt,data/thermal-1-filtered/train/images/003040_png.rf.7870627f5db7ac7cdf48209e6f982e19.jpg,512,512,1.0,0.0,83.93,54.49,738.32
train,IR_BIRD_012_frame227_jpg.rf.7ea49d6f46ffd19fec5f19b84792e772.txt,data/thermal-1-filtered/train/images/IR_BIRD_012_frame227_jpg.rf.7ea49d6f46ffd19fec5f19b84792e772.jpg,512,512,1.0,0.0,101.82,54.19,92.33
train,IR_BIRD_012_frame46_jpg.rf.647eea995486c790c80904f85122446e.txt,data/thermal-1-filtered/train/images/IR_BIRD_012_frame46_jpg.rf.647eea995486c790c80904f85122446e.jpg,512,512,1.0,0.0,101.18,46.31,69.37
train,003699_png.rf.93e158ba865da27b8750863009130604.txt,data/thermal-1-filtered/train/images/003699_png.rf.93e158ba865da27b8750863009130604.jpg,512,512,1.0,0.0,89.18,56.35,2787.61
train,002734_png.rf.761e01126acb07af9de56723eafa23d0.txt,data/thermal-1-filtered/train/images/002734_png.rf.761e01126acb07af9de56723eafa23d0.jpg,512,512,1.0,0.0,88.45,54.45,879.1
train,frame209_jpg.rf.37e1f5797394d1a8fc72a6b799c5d571.txt,data/thermal-1-filtered/train/images/frame209_jpg.rf.37e1f5797394d1a8fc72a6b799c5d571.jpg,512,512,1.0,3.177,91.45,47.33,146.4
train,frame509_jpg.rf.51fe21e211b98e4699f0f69beb060d74.txt,data/thermal-1-filtered/train/images/frame509_jpg.rf.51fe21e211b98e4699f0f69beb060d74.jpg,512,512,1.0,3.082,73.31,31.81,143.53
train,002822_png.rf.3a9dbe728b3d52ceb2a03c2a7aa6a7f0.txt,data/thermal-1-filtered/train/images/002822_png.rf.3a9dbe728b3d52ceb2a03c2a7aa6a7f0.jpg,512,512,1.0,0.0,87.46,55.68,1207.75
train,frame654_jpg.rf.e2c316e970c573062814bdf9f0498369.txt,data/thermal-1-filtered/train/images/frame654_jpg.rf.e2c316e970c573062814bdf9f0498369.jpg,512,512,1.0,3.02,46.82,31.03,191.02
train,frame695_jpg.rf.fe147ab65ac0555011edacda388a7e2d.txt,data/thermal-1-filtered/train/images/frame695_jpg.rf.fe147ab65ac0555011edacda388a7e2d.jpg,512,512,1.0,3.3,51.09,31.05,479.23
train,0_0_000100_jpg.rf.b796bd3b85aafdaea15041b489a9806d.txt,data/thermal-1-filtered/train/images/0_0_000100_jpg.rf.b796bd3b85aafdaea15041b489a9806d.jpg,512,512,1.0,0.0,127.22,47.32,23.84
train,frame245_jpg.rf.4da0eee6c2622d79c28d4d33de5f4cd9.txt,data/thermal-1-filtered/train/images/frame245_jpg.rf.4da0eee6c2622d79c28d4d33de5f4cd9.jpg,512,512,1.0,2.879,92.09,58.41,167.69
train,002749_png.rf.3250f6484b3e937a647461b7512dc862.txt,data/thermal-1-filtered/train/images/002749_png.rf.3250f6484b3e937a647461b7512dc862.jpg,512,512,1.0,0.0,71.41,51.01,120.36
train,003089_png.rf.cc75eedf5df202a323a3df57b78d4aab.txt,data/thermal-1-filtered/train/images/003089_png.rf.cc75eedf5df202a323a3df57b78d4aab.jpg,512,512,1.0,0.0,89.06,57.15,2606.03
train,IR_BIRD_012_frame38_jpg.rf.42174dd5b5b082b0ba8d26a46844a8ec.txt,data/thermal-1-filtered/train/images/IR_BIRD_012_frame38_jpg.rf.42174dd5b5b082b0ba8d26a46844a8ec.jpg,512,512,1.0,0.0,100.1,47.7,80.23
train,002413_png.rf.b4a7e84be544023956d7c826440fc5cc.txt,data/thermal-1-filtered/train/images/002413_png.rf.b4a7e84be544023956d7c826440fc5cc.jpg,512,512,1.0,0.0,69.77,46.22,180.1
train,002707_png.rf.cf49ad848c3c966d3c35561296317867.txt,data/thermal-1-filtered/train/images/002707_png.rf.cf49ad848c3c966d3c35561296317867.jpg,512,512,1.0,0.0,74.66,52.54,374.51
train,IR_BIRD_012_frame71_jpg.rf.ee17eac1a358cfab967bff51869a8fbd.txt,data/thermal-1-filtered/train/images/IR_BIRD_012_frame71_jpg.rf.ee17eac1a358cfab967bff51869a8fbd.jpg,512,512,1.0,0.0,101.2,46.31,70.17
train,frame412_jpg.rf.6b84c22ed468c8bfc762a022c7b66fbc.txt,data/thermal-1-filtered/train/images/frame412_jpg.rf.6b84c22ed468c8bfc762a022c7b66fbc.jpg,512,512,1.0,2.96,74.8,41.42,64.05
train,0_0_000037_jpg.rf.40a4a426eb63711c0230e3e73e6a591c.txt,data/thermal-1-filtered/train/images/0_0_000037_jpg.rf.40a4a426eb63711c0230e3e73e6a591c.jpg,512,512,1.0,0.0,106.47,69.83,205.71
train,frame703_jpg.rf.79ae1d0936d1eb51a173392ddc748f0c.txt,data/thermal-1-filtered/train/images/frame703_jpg.rf.79ae1d0936d1eb51a173392ddc748f0c.jpg,512,512,1.0,3.286,54.9,32.92,462.47
train,003969_png.rf.2215c9d6e6b0791e3ef1bdce25a7ac06.txt,data/thermal-1-filtered/train/images/003969_png.rf.2215c9d6e6b0791e3ef1bdce25a7ac06.jpg,512,512,1.0,0.0,81.27,55.15,494.82
train,0_0_000057_jpg.rf.d7f227f1ada2e566d5e3dea8b298df12.txt,data/thermal-1-filtered/train/images/0_0_000057_jpg.rf.d7f227f1ada2e566d5e3dea8b298df12.jpg,512,512,1.0,0.0,69.44,68.56,138.75
train,002793_png.rf.0b6db6db897839d32798429e1d0ec080.txt,data/thermal-1-filtered/train/images/002793_png.rf.0b6db6db897839d32798429e1d0ec080.jpg,512,512,1.0,0.0,86.74,57.04,734.74
train,frame250_jpg.rf.8f9a07c53cb796e8b29b47153964ad0d.txt,data/thermal-1-filtered/train/images/frame250_jpg.rf.8f9a07c53cb796e8b29b47153964ad0d.jpg,512,512,1.0,3.068,99.95,58.53,266.43
train,IR_BIRD_012_frame7_jpg.rf.19d0a72f0e054d1f5a845bcd1ec8c35d.txt,data/thermal-1-filtered/train/images/IR_BIRD_012_frame7_jpg.rf.19d0a72f0e054d1f5a845bcd1ec8c35d.jpg,512,512,1.0,0.0,97.9,49.76,68.52
train,003804_png.rf.9bc57b2e09377a2af28433dadb858723.txt,data/thermal-1-filtered/train/images/003804_png.rf.9bc57b2e09377a2af28433dadb858723.jpg,512,512,1.0,0.0,93.71,54.63,203.06
train,003842_png.rf.abbef2a6f79da634c3b770bada29bb88.txt,data/thermal-1-filtered/train/images/003842_png.rf.abbef2a6f79da634c3b770bada29bb88.jpg,512,512,1.0,0.0,90.97,55.92,401.59
train,002017_png.rf.978d061a97ac85189086030538bbcd2c.txt,data/thermal-1-filtered/train/images/002017_png.rf.978d061a97ac85189086030538bbcd2c.jpg,512,512,1.0,0.0,87.64,56.18,860.58
train,IR_BIRD_012_frame288_jpg.rf.c310cb28a9dd4a3aa5ca9a6ed5049596.txt,data/thermal-1-filtered/train/images/IR_BIRD_012_frame288_jpg.rf.c310cb28a9dd4a3aa5ca9a6ed5049596.jpg,512,512,1.0,0.0,102.74,51.72,88.05
train,002797_png.rf.0bff1a0277fd034bf4e3ea6f6219fa37.txt,data/thermal-1-filtered/train/images/002797_png.rf.0bff1a0277fd034bf4e3ea6f6219fa37.jpg,512,512,1.0,0.0,81.46,55.39,581.07
train,002663_png.rf.4d0530ea04c43c87abbd471e700b5045.txt,data/thermal-1-filtered/train/images/002663_png.rf.4d0530ea04c43c87abbd471e700b5045.jpg,512,512,1.0,0.0,86.06,54.13,917.46
train,002006_png.rf.ac14097a93289a0104bff1eb0aa0a94c.txt,data/thermal-1-filtered/train/images/002006_png.rf.ac14097a93289a0104bff1eb0aa0a94c.jpg,512,512,1.0,0.0,88.0,56.2,803.52
train,frame190_jpg.rf.ad6d56bc8ba5408089a2670aac0b81a9.txt,data/thermal-1-filtered/train/images/frame190_jpg.rf.ad6d56bc8ba5408089a2670aac0b81a9.jpg,512,512,1.0,3.29,90.41,43.22,453.79
train,002395_png.rf.d9eeae2035aac52cc6ef54f332d0bb2e.txt,data/thermal-1-filtered/train/images/002395_png.rf.d9eeae2035aac52cc6ef54f332d0bb2e.jpg,512,512,1.0,0.0,82.47,56.13,306.42
train,002239_png.rf.a2aeb40e587c0cf404c6e7fdac3c57d0.txt,data/thermal-1-filtered/train/images/002239_png.rf.a2aeb40e587c0cf404c6e7fdac3c57d0.jpg,512,512,1.0,0.0,72.89,48.91,228.7
train,frame50_jpg.rf.434247f30a4acd54b860ec0cad0f5f37.txt,data/thermal-1-filtered/train/images/frame50_jpg.rf.434247f30a4acd54b860ec0cad0f5f37.jpg,512,512,1.0,2.866,79.46,54.78,198.77
train,frame397_jpg.rf.26324dc879accee4a8fb8fab475df024.txt,data/thermal-1-filtered/train/images/frame397_jpg.rf.26324dc879accee4a8fb8fab475df024.jpg,512,512,1.0,3.192,88.79,40.77,155.95
train,003745_png.rf.72ba475852cda5caea066224b1bb98b7.txt,data/thermal-1-filtered/train/images/003745_png.rf.72ba475852cda5caea066224b1bb98b7.jpg,512,512,1.0,0.0,91.47,53.81,1321.46
train,002552_png.rf.bf2d52f62c23578780674a40bbfbb220.txt,data/thermal-1-filtered/train/images/002552_png.rf.bf2d52f62c23578780674a40bbfbb220.jpg,512,512,1.0,0.0,91.07,56.21,1198.86
train,frame310_jpg.rf.e762b7065fa78b60bd4f4d42d90d6e91.txt,data/thermal-1-filtered/train/images/frame310_jpg.rf.e762b7065fa78b60bd4f4d42d90d6e91.jpg,512,512,1.0,3.002,93.32,62.21,165.18
train,frame525_jpg.rf.a69683c7acbfae10ff8d13f1b6171c09.txt,data/thermal-1-filtered/train/images/frame525_jpg.rf.a69683c7acbfae10ff8d13f1b6171c09.jpg,512,512,1.0,3.298,68.79,30.85,381.07
train,002775_png.rf.f34f97977f72e42b876bbdd83a3225e5.txt,data/thermal-1-filtered/train/images/002775_png.rf.f34f97977f72e42b876bbdd83a3225e5.jpg,512,512,1.0,0.0,71.08,52.85,281.54
train,frame2_jpg.rf.71357b8b7926a7a2e3260e7e556c4989.txt,data/thermal-1-filtered/train/images/frame2_jpg.rf.71357b8b7926a7a2e3260e7e556c4989.jpg,512,512,1.0,3.255,77.87,44.54,419.26
train,IR_BIRD_012_frame125_jpg.rf.3c240ab6f71e988c8fa7b42f7018b7ac.txt,data/thermal-1-filtered/train/images/IR_BIRD_012_frame125_jpg.rf.3c240ab6f71e988c8fa7b42f7018b7ac.jpg,512,512,1.0,0.0,92.62,57.04,84.82
train,frame66_jpg.rf.ce6c51c984afe0fe309e4d1b614c44dc.txt,data/thermal-1-filtered/train/images/frame66_jpg.rf.ce6c51c984afe0fe309e4d1b614c44dc.jpg,512,512,1.0,3.028,88.46,55.47,163.39
train,002694_png.rf.2dec67cc932a682d6c99d4bc944c1409.txt,data/thermal-1-filtered/train/images/002694_png.rf.2dec67cc932a682d6c99d4bc944c1409.jpg,512,512,1.0,0.0,79.76,54.5,810.18
train,frame202_jpg.rf.d3389b34b5b1e8ca4b8e86da2f459f4c.txt,data/thermal-1-filtered/train/images/frame202_jpg.rf.d3389b34b5b1e8ca4b8e86da2f459f4c.jpg,512,512,1.0,3.299,93.29,43.05,423.33
train,0_0_000060_jpg.rf.08de0d5fe499277fcd46bc51d99399db.txt,data/thermal-1-filtered/train/images/0_0_000060_jpg.rf.08de0d5fe499277fcd46bc51d99399db.jpg,512,512,1.0,0.0,62.84,65.96,111.81
train,frame452_jpg.rf.b10ae7b7033deef02fa426f54d8c9f8f.txt,data/thermal-1-filtered/train/images/frame452_jpg.rf.b10ae7b7033deef02fa426f54d8c9f8f.jpg,512,512,1.0,3.296,94.64,39.71,514.71
train,frame511_jpg.rf.2d13617b842c3e70efe36cdbfa15b9ce.txt,data/thermal-1-filtered/train/images/frame511_jpg.rf.2d13617b842c3e70efe36cdbfa15b9ce.jpg,512,512,1.0,3.24,78.28,26.21,180.83
train,0_0_000082_jpg.rf.5405f14033322079b30050d42f3f858f.txt,data/thermal-1-filtered/train/images/0_0_000082_jpg.rf.5405f14033322079b30050d42f3f858f.jpg,512,512,1.0,0.0,122.56,61.0,392.86
train,003971_png.rf.f7dd9597c8f21d32b8cb680012306b97.txt,data/thermal-1-filtered/train/images/003971_png.rf.f7dd9597c8f21d32b8cb680012306b97.jpg,512,512,1.0,0.0,79.1,54.61,485.73
train,IR_BIRD_012_frame84_jpg.rf.dde30788ff6778acfaf894c357040a8f.txt,data/thermal-1-filtered/train/images/IR_BIRD_012_frame84_jpg.rf.dde30788ff6778acfaf894c357040a8f.jpg,512,512,1.0,0.0,91.58,55.06,70.6
train,003709_png.rf.4f1e68653cf2ae9a731519f6ae62cacc.txt,data/thermal-1-filtered/train/images/003709_png.rf.4f1e68653cf2ae9a731519f6ae62cacc.jpg,512,512,1.0,0.0,76.6,53.57,608.09
train,002397_png.rf.c4b4a7d7804bfd62470ac686c35fd883.txt,data/thermal-1-filtered/train/images/002397_png.rf.c4b4a7d7804bfd62470ac686c35fd883.jpg,512,512,1.0,0.0,90.84,55.73,1319.32
train,0_0_000078_jpg.rf.3284bb073cb169086009e6f5b1d79b5f.txt,data/thermal-1-filtered/train/images/0_0_000078_jpg.rf.3284bb073cb169086009e6f5b1d79b5f.jpg,512,512,1.0,0.0,60.3,69.14,106.02
train,002046_png.rf.1d2216e0bef50db50364b6e455ab18a8.txt,data/thermal-1-filtered/train/images/002046_png.rf.1d2216e0bef50db50364b6e455ab18a8.jpg,512,512,1.0,0.0,87.76,54.8,1556.6
train,002333_png.rf.8981605e665a53378129c52214842f90.txt,data/thermal-1-filtered/train/images/002333_png.rf.8981605e665a53378129c52214842f90.jpg,512,512,1.0,0.0,89.45,56.92,1761.31
train,002709_png.rf.c3805aa713c0358184904f3b652a0e3b.txt,data/thermal-1-filtered/train/images/002709_png.rf.c3805aa713c0358184904f3b652a0e3b.jpg,512,512,1.0,0.0,71.46,50.08,333.08
train,frame326_jpg.rf.5da83e85eb6a2c90f1aaa88622f638cc.txt,data/thermal-1-filtered/train/images/frame326_jpg.rf.5da83e85eb6a2c90f1aaa88622f638cc.jpg,512,512,1.0,3.031,86.45,55.59,161.55
train,frame137_jpg.rf.06b894759e399bdab7ccf07c815933ee.txt,data/thermal-1-filtered/train/images/frame137_jpg.rf.06b894759e399bdab7ccf07c815933ee.jpg,512,512,1.0,3.161,90.42,52.27,102.04
train,IR_BIRD_012_frame151_jpg.rf.a2bbca62cabe75bb459613d08eb732b6.txt,data/thermal-1-filtered/train/images/IR_BIRD_012_frame151_jpg.rf.a2bbca62cabe75bb459613d08eb732b6.jpg,512,512,1.0,0.0,90.05,55.63,81.8
train,frame458_jpg.rf.8ae39f04853d733c5993a42b5e3a1420.txt,data/thermal-1-filtered/train/images/frame458_jpg.rf.8ae39f04853d733c5993a42b5e3a1420.jpg,512,512,1.0,3.006,81.64,42.52,82.7
train,003050_png.rf.438c52bbd9cced27e8303bf6b2180765.txt,data/thermal-1-filtered/train/images/003050_png.rf.438c52bbd9cced27e8303bf6b2180765.jpg,512,512,1.0,0.0,82.5,53.84,616.72
train,frame197_jpg.rf.71e4f8c4650857dedcb1c0764f6e8408.txt,data/thermal-1-filtered/train/images/frame197_jpg.rf.71e4f8c4650857dedcb1c0764f6e8408.jpg,512,512,1.0,3.115,87.42,47.34,134.58
train,002394_png.rf.99cb2ddc06c034f7eef74dc0f326d0d7.txt,data/thermal-1-filtered/train/images/002394_png.rf.99cb2ddc06c034f7eef74dc0f326d0d7.jpg,512,512,1.0,0.0,89.22,55.88,920.4
train,ir_052880_jpg.rf.f34e95298a38e854403a37df5a221e5c.txt,data/thermal-1-filtered/train/images/ir_052880_jpg.rf.f34e95298a38e854403a37df5a221e5c.jpg,512,512,1.0,0.0,88.28,58.47,566.9
train,002405_png.rf.d5e7f525886ffdd4f365d18d647568dc.txt,data/thermal-1-filtered/train/images/002405_png.rf.d5e7f525886ffdd4f365d18d647568dc.jpg,512,512,1.0,0.0,90.71,55.36,1353.32
train,002164_png.rf.003d35e20b8fb6e8fc2dfafdf2fe15a6.txt,data/thermal-1-filtered/train/images/002164_png.rf.003d35e20b8fb6e8fc2dfafdf2fe15a6.jpg,512,512,1.0,0.0,81.56,54.69,1063.74
train,002409_png.rf.4261bbde627746748298b1e6b7f1addf.txt,data/thermal-1-filtered/train/images/002409_png.rf.4261bbde627746748298b1e6b7f1addf.jpg,512,512,1.0,0.0,81.0,50.71,382.74
train,frame295_jpg.rf.aa0b10c31219e273d37c51fcddf18958.txt,data/thermal-1-filtered/train/images/frame295_jpg.rf.aa0b10c31219e273d37c51fcddf18958.jpg,512,512,1.0,2.995,84.91,54.15,185.7
train,002673_png.rf.99fce4bf2c64c87aa9499d663d58124b.txt,data/thermal-1-filtered/train/images/002673_png.rf.99fce4bf2c64c87aa9499d663d58124b.jpg,512,512,1.0,0.0,91.43,57.8,1724.78
train,002461_png.rf.eb9fd9abfcb4166352efde6bcf7e7f57.txt,data/thermal-1-filtered/train/images/002461_png.rf.eb9fd9abfcb4166352efde6bcf7e7f57.jpg,512,512,1.0,0.0,75.52,51.28,377.46
train,IR_BIRD_012_frame263_jpg.rf.3ebcffaedc53a543b0571910b179678f.txt,data/thermal-1-filtered/train/images/IR_BIRD_012_frame263_jpg.rf.3ebcffaedc53a543b0571910b179678f.jpg,512,512,1.0,0.0,99.1,56.74,96.54
train,003055_png.rf.6251a6a33eed02d3da750975596dea4e.txt,data/thermal-1-filtered/train/images/003055_png.rf.6251a6a33eed02d3da750975596dea4e.jpg,512,512,1.0,0.0,83.71,54.03,781.37
train,frame2_jpg.rf.14cdbbc944bbc95fc61e806a5825399b.txt,data/thermal-1-filtered/train/images/frame2_jpg.rf.14cdbbc944bbc95fc61e806a5825399b.jpg,512,512,1.0,3.014,66.64,44.48,160.32
train,002297_png.rf.b635d7efcd03a83763e49a4bb7c44733.txt,data/thermal-1-filtered/train/images/002297_png.rf.b635d7efcd03a83763e49a4bb7c44733.jpg,512,512,1.0,0.0,89.57,56.48,1500.58
train,frame323_jpg.rf.5c396c0a25450a644f5fe936faa9e87f.txt,data/thermal-1-filtered/train/images/frame323_jpg.rf.5c396c0a25450a644f5fe936faa9e87f.jpg,512,512,1.0,3.14,97.03,60.87,184.51
train,frame139_jpg.rf.10a4b17584cecaadf2f5ff3d10282550.txt,data/thermal-1-filtered/train/images/frame139_jpg.rf.10a4b17584cecaadf2f5ff3d10282550.jpg,512,512,1.0,3.125,94.33,55.06,176.31
train,003431_png.rf.425f008d0147bf0221ebcb7de4b0d372.txt,data/thermal-1-filtered/train/images/003431_png.rf.425f008d0147bf0221ebcb7de4b0d372.jpg,512,512,1.0,0.0,85.73,56.58,1041.56
train,ir_2_019000_jpg.rf.f4922f0eaa899e68d26102baefaa7663.txt,data/thermal-1-filtered/train/images/ir_2_019000_jpg.rf.f4922f0eaa899e68d26102baefaa7663.jpg,512,512,1.0,0.0,84.9,56.19,759.09
train,002828_png.rf.de9a06506e72638400e3344e1a5587a7.txt,data/thermal-1-filtered/train/images/002828_png.rf.de9a06506e72638400e3344e1a5587a7.jpg,512,512,1.0,0.0,73.9,47.93,273.26
train,003762_png.rf.e139a06ac0bcc87fbabbe07a0cb322ef.txt,data/thermal-1-filtered/train/images/003762_png.rf.e139a06ac0bcc87fbabbe07a0cb322ef.jpg,512,512,1.0,0.0,99.66,56.68,479.07
train,000004_png.rf.92d8ad9f5a46b37112d43a0ac92e1f58.txt,data/thermal-1-filtered/train/images/000004_png.rf.92d8ad9f5a46b37112d43a0ac92e1f58.jpg,512,512,1.0,0.0,93.84,60.67,479.29
train,002202_png.rf.37146b9052848a9ca342d6dd4f5c432c.txt,data/thermal-1-filtered/train/images/002202_png.rf.37146b9052848a9ca342d6dd4f5c432c.jpg,512,512,1.0,0.0,85.44,56.57,717.02
train,002420_png.rf.668e934699e64b2120c83344aa753933.txt,data/thermal-1-filtered/train/images/002420_png.rf.668e934699e64b2120c83344aa753933.jpg,512,512,1.0,0.0,80.97,53.76,379.39
train,frame665_jpg.rf.64b1aaf1dbfe9715ea855e5437b56fef.txt,data/thermal-1-filtered/train/images/frame665_jpg.rf.64b1aaf1dbfe9715ea855e5437b56fef.jpg,512,512,1.0,3.106,40.37,23.68,94.2
train,frame32_jpg.rf.0cef40115bae4ff5c187a2a7fd946c97.txt,data/thermal-1-filtered/train/images/frame32_jpg.rf.0cef40115bae4ff5c187a2a7fd946c97.jpg,512,512,1.0,3.175,88.63,51.52,498.52
train,IR_BIRD_012_frame279_jpg.rf.887d0f1ad92238c03cb492b699d578b2.txt,data/thermal-1-filtered/train/images/IR_BIRD_012_frame279_jpg.rf.887d0f1ad92238c03cb492b699d578b2.jpg,512,512,1.0,0.0,107.95,45.77,119.49
train,002257_png.rf.64cd55b5a985ef8bbe017ed497c9130f.txt,data/thermal-1-filtered/train/images/002257_png.rf.64cd55b5a985ef8bbe017ed497c9130f.jpg,512,512,1.0,0.0,91.07,56.72,909.95
train,003907_png.rf.66bfc932cb2ae5f6ebc5e9c4a6eeba31.txt,data/thermal-1-filtered/train/images/003907_png.rf.66bfc932cb2ae5f6ebc5e9c4a6eeba31.jpg,512,512,1.0,0.0,93.39,53.58,693.78
train,frame594_jpg.rf.38fbd1ecee999d24241e137cfd2100f3.txt,data/thermal-1-filtered/train/images/frame594_jpg.rf.38fbd1ecee999d24241e137cfd2100f3.jpg,512,512,1.0,3.307,56.82,34.27,423.0
train,002775_png.rf.295bdc0a179fea89d2d210d9fc550fcd.txt,data/thermal-1-filtered/train/images/002775_png.rf.295bdc0a179fea89d2d210d9fc550fcd.jpg,512,512,1.0,0.0,83.42,54.36,942.69
train,0_0_000048_jpg.rf.f3fc9f223d5f8b698c287baf493f3fd5.txt,data/thermal-1-filtered/train/images/0_0_000048_jpg.rf.f3fc9f223d5f8b698c287baf493f3fd5.jpg,512,512,1.0,0.0,68.55,68.94,179.63
train,frame264_jpg.rf.2cadab66bfbcc125fde33fa91c7f2e18.txt,data/thermal-1-filtered/train/images/frame264_jpg.rf.2cadab66bfbcc125fde33fa91c7f2e18.jpg,512,512,1.0,2.956,87.42,57.86,243.36
train,003834_png.rf.b72d3e9c5fee08117329657fd1680b28.txt,data/thermal-1-filtered/train/images/003834_png.rf.b72d3e9c5fee08117329657fd1680b28.jpg,512,512,1.0,0.0,88.47,54.21,390.82
train,002724_png.rf.c9ffdf750101eb025d17b45d8eff8022.txt,data/thermal-1-filtered/train/images/002724_png.rf.c9ffdf750101eb025d17b45d8eff8022.jpg,512,512,1.0,0.0,79.53,55.27,327.21
train,002201_png.rf.cbc12fff5e69aded43e276c5f9f89245.txt,data/thermal-1-filtered/train/images/002201_png.rf.cbc12fff5e69aded43e276c5f9f89245.jpg,512,512,1.0,0.0,84.26,54.61,685.87
train,frame377_jpg.rf.1a2c551d335b0500a78c46f04c31b460.txt,data/thermal-1-filtered/train/images/frame377_jpg.rf.1a2c551d335b0500a78c46f04c31b460.jpg,512,512,1.0,3.304,90.69,39.84,466.28
train,000005_png.rf.81b3929181efd4e49664da252580ca6b.txt,data/thermal-1-filtered/train/images/000005_png.rf.81b3929181efd4e49664da252580ca6b.jpg,512,512,1.0,0.0,100.09,62.35,1042.13
train,frame606_jpg.rf.9a85afb1f1ff4ae40c5c7a334a588702.txt,data/thermal-1-filtered/train/images/frame606_jpg.rf.9a85afb1f1ff4ae40c5c7a334a588702.jpg,512,512,1.0,3.125,44.31,28.65,163.44
train,frame526_jpg.rf.9cb90e0c231ed70b9e635611e63e1789.txt,data/thermal-1-filtered/train/images/frame526_jpg.rf.9cb90e0c231ed70b9e635611e63e1789.jpg,512,512,1.0,3.298,69.33,30.91,380.81
train,IR_BIRD_012_frame152_jpg.rf.f9f62f582cfeccaf61395959f655f560.txt,data/thermal-1-filtered/train/images/IR_BIRD_012_frame152_jpg.rf.f9f62f582cfeccaf61395959f655f560.jpg,512,512,1.0,0.0,100.39,52.32,85.29
train,002693_png.rf.0a448d007debbab34c0012dc945cacc1.txt,data/thermal-1-filtered/train/images/002693_png.rf.0a448d007debbab34c0012dc945cacc1.jpg,512,512,1.0,0.0,90.94,52.25,754.09
train,frame341_jpg.rf.c8f9e5fb13232cb2b8cd437439c68bef.txt,data/thermal-1-filtered/train/images/frame341_jpg.rf.c8f9e5fb13232cb2b8cd437439c68bef.jpg,512,512,1.0,3.272,104.56,46.88,398.26
train,003018_png.rf.1ac28597b18af1e7e56c32fe4b8b103c.txt,data/thermal-1-filtered/train/images/003018_png.rf.1ac28597b18af1e7e56c32fe4b8b103c.jpg,512,512,1.0,0.0,75.34,51.87,565.99
train,frame113_jpg.rf.81b75d83e62e6fc33563e469000fac4a.txt,data/thermal-1-filtered/train/images/frame113_jpg.rf.81b75d83e62e6fc33563e469000fac4a.jpg,512,512,1.0,3.272,92.56,53.59,693.65
train,frame269_jpg.rf.bd0e963f12b339ee162d76a6d2090410.txt,data/thermal-1-filtered/train/images/frame269_jpg.rf.bd0e963f12b339ee162d76a6d2090410.jpg,512,512,1.0,3.114,86.02,53.19,212.12
train,0_0_000060_jpg.rf.78ccdc47cb3f5b35d0ec38c4a8e152d8.txt,data/thermal-1-filtered/train/images/0_0_000060_jpg.rf.78ccdc47cb3f5b35d0ec38c4a8e152d8.jpg,512,512,1.0,0.0,67.76,68.12,128.17
train,003102_png.rf.c46186c44f4ab85e94166ebd36000c74.txt,data/thermal-1-filtered/train/images/003102_png.rf.c46186c44f4ab85e94166ebd36000c74.jpg,512,512,1.0,0.0,89.03,55.23,851.5
train,002511_png.rf.9b49ece6248ff3f7febefe276ba89618.txt,data/thermal-1-filtered/train/images/002511_png.rf.9b49ece6248ff3f7febefe276ba89618.jpg,512,512,1.0,0.0,85.42,54.57,1453.03
train,img_0332_png.rf.c443d3df35ec3df61a9914e4fed7bfeb.txt,data/thermal-1-filtered/train/images/img_0332_png.rf.c443d3df35ec3df61a9914e4fed7bfeb.jpg,512,512,1.0,0.0,139.54,39.63,188.32
train,frame180_jpg.rf.129a74f63ed24c13987c863ec3393aa4.txt,data/thermal-1-filtered/train/images/frame180_jpg.rf.129a74f63ed24c13987c863ec3393aa4.jpg,512,512,1.0,3.24,93.49,45.86,232.53
train,002418_png.rf.1ac02d33ef684edacfde1b3fd178a7ef.txt,data/thermal-1-filtered/train/images/002418_png.rf.1ac02d33ef684edacfde1b3fd178a7ef.jpg,512,512,1.0,0.0,90.31,55.18,1281.32
train,frame175_jpg.rf.e640e92577d6a41f524752d178b65173.txt,data/thermal-1-filtered/train/images/frame175_jpg.rf.e640e92577d6a41f524752d178b65173.jpg,512,512,1.0,2.963,82.5,51.72,170.56
train,IR_BIRD_012_frame30_jpg.rf.2dee81c7ea9931c0064341b868a961ca.txt,data/thermal-1-filtered/train/images/IR_BIRD_012_frame30_jpg.rf.2dee81c7ea9931c0064341b868a961ca.jpg,512,512,1.0,0.0,98.79,49.45,69.05
train,002748_png.rf.3125601bdff92c8032fef208b98b10ad.txt,data/thermal-1-filtered/train/images/002748_png.rf.3125601bdff92c8032fef208b98b10ad.jpg,512,512,1.0,0.0,77.37,52.64,313.6
train,002217_png.rf.c4fbe75d69175737a2247885bcb37a3a.txt,data/thermal-1-filtered/train/images/002217_png.rf.c4fbe75d69175737a2247885bcb37a3a.jpg,512,512,1.0,0.0,79.53,53.3,389.4
train,002365_png.rf.937a320ef774ecd81e66d0abbe88ffb4.txt,data/thermal-1-filtered/train/images/002365_png.rf.937a320ef774ecd81e66d0abbe88ffb4.jpg,512,512,1.0,0.0,81.09,51.06,332.75
train,IR_BIRD_012_frame209_jpg.rf.02b2f1df67e92a06091101b7c146095c.txt,data/thermal-1-filtered/train/images/IR_BIRD_012_frame209_jpg.rf.02b2f1df67e92a06091101b7c146095c.jpg,512,512,1.0,0.0,102.49,52.78,84.71
train,002696_png.rf.1b5fe85ceb52b44ebfa95e38e8b70d9b.txt,data/thermal-1-filtered/train/images/002696_png.rf.1b5fe85ceb52b44ebfa95e38e8b70d9b.jpg,512,512,1.0,0.0,87.46,51.89,942.28
train,003698_png.rf.d95d6475afd6fa99b5aa09e1180c6f8e.txt,data/thermal-1-filtered/train/images/003698_png.rf.d95d6475afd6fa99b5aa09e1180c6f8e.jpg,512,512,1.0,0.0,89.23,56.29,2761.13
train,frame251_jpg.rf.7385dbe6f2dd5758d09e0bda1f973314.txt,data/thermal-1-filtered/train/images/frame251_jpg.rf.7385dbe6f2dd5758d09e0bda1f973314.jpg,512,512,1.0,3.126,102.2,57.78,613.52
train,001507_png.rf.c96d8c83f90fdb26b2df8c2400eb746b.txt,data/thermal-1-filtered/train/images/001507_png.rf.c96d8c83f90fdb26b2df8c2400eb746b.jpg,512,512,1.0,0.0,82.2,55.9,157.04
train,002012_png.rf.d52b2c1238c0106b5a268730519c909c.txt,data/thermal-1-filtered/train/images/002012_png.rf.d52b2c1238c0106b5a268730519c909c.jpg,512,512,1.0,0.0,90.19,58.17,2546.37
train,IR_BIRD_012_frame107_jpg.rf.10b545e5062cd492df3fb3e48c83a0a7.txt,data/thermal-1-filtered/train/images/IR_BIRD_012_frame107_jpg.rf.10b545e5062cd492df3fb3e48c83a0a7.jpg,512,512,1.0,0.0,103.96,49.51,72.07
train,002329_png.rf.fea73acc880788da73ad5ec609195b85.txt,data/thermal-1-filtered/train/images/002329_png.rf.fea73acc880788da73ad5ec609195b85.jpg,512,512,1.0,0.0,80.03,55.79,645.34
train,003865_png.rf.b3df9adb340705dea1682ae34d25e4f1.txt,data/thermal-1-filtered/train/images/003865_png.rf.b3df9adb340705dea1682ae34d25e4f1.jpg,512,512,1.0,0.0,93.5,56.48,475.28
train,002040_png.rf.d284226b9529ba592ddced7b5e56590b.txt,data/thermal-1-filtered/train/images/002040_png.rf.d284226b9529ba592ddced7b5e56590b.jpg,512,512,1.0,0.0,87.46,58.66,3458.22
train,frame470_jpg.rf.7da14ed557712053281a7922bd308e0e.txt,data/thermal-1-filtered/train/images/frame470_jpg.rf.7da14ed557712053281a7922bd308e0e.jpg,512,512,1.0,3.096,95.33,44.21,140.95
train,0_0_000011_jpg.rf.c804215fbc1abb268d498d0e9cead912.txt,data/thermal-1-filtered/train/images/0_0_000011_jpg.rf.c804215fbc1abb268d498d0e9cead912.jpg,512,512,1.0,0.0,98.44,74.59,185.63
train,ir_2_017470_jpg.rf.f11226ec7c13e77e510ec5628258a512.txt,data/thermal-1-filtered/train/images/ir_2_017470_jpg.rf.f11226ec7c13e77e510ec5628258a512.jpg,512,512,1.0,0.0,87.38,59.02,2390.1
train,frame475_jpg.rf.c08add0871842a86bd837b8b450aff69.txt,data/thermal-1-filtered/train/images/frame475_jpg.rf.c08add0871842a86bd837b8b450aff69.jpg,512,512,1.0,3.235,100.43,42.35,209.31
train,002263_png.rf.fd7f6ab1de018e40fe0c1f04a3409896.txt,data/thermal-1-filtered/train/images/002263_png.rf.fd7f6ab1de018e40fe0c1f04a3409896.jpg,512,512,1.0,0.0,78.18,51.57,270.6
train,frame43_jpg.rf.fb6bf90df1b71d8fe8119dfa983f0c31.txt,data/thermal-1-filtered/train/images/frame43_jpg.rf.fb6bf90df1b71d8fe8119dfa983f0c31.jpg,512,512,1.0,3.146,88.87,49.6,256.13
train,002337_png.rf.2143a4f12b6c84b979828e7676f78df1.txt,data/thermal-1-filtered/train/images/002337_png.rf.2143a4f12b6c84b979828e7676f78df1.jpg,512,512,1.0,0.0,89.48,56.4,1512.35
train,frame705_jpg.rf.0c769a2bdca86b8fd06d82c8215a5b6e.txt,data/thermal-1-filtered/train/images/frame705_jpg.rf.0c769a2bdca86b8fd06d82c8215a5b6e.jpg,512,512,1.0,3.218,51.44,32.31,190.97
train,002074_png.rf.94c204e9fb3883787ec8dc41cb43a0c0.txt,data/thermal-1-filtered/train/images/002074_png.rf.94c204e9fb3883787ec8dc41cb43a0c0.jpg,512,512,1.0,0.0,81.79,55.87,1135.19
train,IR_BIRD_012_frame25_jpg.rf.4a1e44aa98695bc789c4674e059e5edd.txt,data/thermal-1-filtered/train/images/IR_BIRD_012_frame25_jpg.rf.4a1e44aa98695bc789c4674e059e5edd.jpg,512,512,1.0,0.0,101.18,46.31,69.35
train,002296_png.rf.2c2dfc1ab6eb02d34a5b15ff7dc50696.txt,data/thermal-1-filtered/train/images/002296_png.rf.2c2dfc1ab6eb02d34a5b15ff7dc50696.jpg,512,512,1.0,0.0,90.02,55.78,1412.71
train,IR_BIRD_012_frame41_jpg.rf.863cd4539418e7d6acb31d10fd297ce7.txt,data/thermal-1-filtered/train/images/IR_BIRD_012_frame41_jpg.rf.863cd4539418e7d6acb31d10fd297ce7.jpg,512,512,1.0,0.0,91.24,55.63,77.99
train,002238_png.rf.36c4b0d7458f2409756cc774292dec10.txt,data/thermal-1-filtered/train/images/002238_png.rf.36c4b0d7458f2409756cc774292dec10.jpg,512,512,1.0,0.0,82.12,50.76,378.18
train,IR_BIRD_012_frame298_jpg.rf.fe530dea36eace6046314caf274a7862.txt,data/thermal-1-filtered/train/images/IR_BIRD_012_frame298_jpg.rf.fe530dea36eace6046314caf274a7862.jpg,512,512,1.0,0.0,104.64,50.54,106.51
train,frame532_jpg.rf.d3d60e029758f4668b47b3da38993033.txt,data/thermal-1-filtered/train/images/frame532_jpg.rf.d3d60e029758f4668b47b3da38993033.jpg,512,512,1.0,3.311,66.63,31.64,402.75
train,IR_BIRD_012_frame243_jpg.rf.8c240e41193fd1922a8e3f316ca6ae91.txt,data/thermal-1-filtered/train/images/IR_BIRD_012_frame243_jpg.rf.8c240e41193fd1922a8e3f316ca6ae91.jpg,512,512,1.0,0.0,107.83,46.12,88.19
train,002020_png.rf.3c1a6e018341524b256af36e1b1f45c6.txt,data/thermal-1-filtered/train/images/002020_png.rf.3c1a6e018341524b256af36e1b1f45c6.jpg,512,512,1.0,0.0,87.9,54.06,929.82
train,002220_png.rf.eee90b48ca9959fbd85122458fd16a0d.txt,data/thermal-1-filtered/train/images/002220_png.rf.eee90b48ca9959fbd85122458fd16a0d.jpg,512,512,1.0,0.0,84.79,54.34,708.3
train,frame602_jpg.rf.3e1bf5e9061e4b2215567c3e6720834c.txt,data/thermal-1-filtered/train/images/frame602_jpg.rf.3e1bf5e9061e4b2215567c3e6720834c.jpg,512,512,1.0,3.083,43.9,27.91,115.68
train,003693_png.rf.5c9f7aac92f2e05449209377bbd74210.txt,data/thermal-1-filtered/train/images/003693_png.rf.5c9f7aac92f2e05449209377bbd74210.jpg,512,512,1.0,0.0,89.27,56.39,2660.6
train,frame190_jpg.rf.ea65c7bf5f33bf09cae506ebdb9cff4c.txt,data/thermal-1-filtered/train/images/frame190_jpg.rf.ea65c7bf5f33bf09cae506ebdb9cff4c.jpg,512,512,1.0,3.129,86.28,47.13,168.06
train,003749_png.rf.1377316c3043a5ed01a4cc64c047da7b.txt,data/thermal-1-filtered/train/images/003749_png.rf.1377316c3043a5ed01a4cc64c047da7b.jpg,512,512,1.0,0.0,82.97,55.54,370.44
train,IR_BIRD_012_frame37_jpg.rf.64afaa82de4c402447342df0580dcfe6.txt,data/thermal-1-filtered/train/images/IR_BIRD_012_frame37_jpg.rf.64afaa82de4c402447342df0580dcfe6.jpg,512,512,1.0,0.0,94.28,53.28,58.92
train,002711_png.rf.73437da16893d05e67659ba0fea32cab.txt,data/thermal-1-filtered/train/images/002711_png.rf.73437da16893d05e67659ba0fea32cab.jpg,512,512,1.0,0.0,69.71,47.28,251.66
train,002270_png.rf.e0f9d1ef4bcd043a8078fcfc93bc0e3a.txt,data/thermal-1-filtered/train/images/002270_png.rf.e0f9d1ef4bcd043a8078fcfc93bc0e3a.jpg,512,512,1.0,0.0,85.29,51.53,218.24
train,0_0_000020_jpg.rf.4d2fde0180b1deee24747308d3526c00.txt,data/thermal-1-filtered/train/images/0_0_000020_jpg.rf.4d2fde0180b1deee24747308d3526c00.jpg,512,512,1.0,0.0,99.26,74.28,122.18
train,ir_3_020740_jpg.rf.07cf2e68532e6f9254204d037fc0fa20.txt,data/thermal-1-filtered/train/images/ir_3_020740_jpg.rf.07cf2e68532e6f9254204d037fc0fa20.jpg,512,512,1.0,0.0,81.91,58.63,1207.21
train,002723_png.rf.b5f721062460d0893c5e64c9f3f39ebc.txt,data/thermal-1-filtered/train/images/002723_png.rf.b5f721062460d0893c5e64c9f3f39ebc.jpg,512,512,1.0,0.0,82.06,52.68,343.88
train,frame70_jpg.rf.f96f304903ed607e8b71e1b01074e0c6.txt,data/thermal-1-filtered/train/images/frame70_jpg.rf.f96f304903ed607e8b71e1b01074e0c6.jpg,512,512,1.0,3.297,95.31,49.06,490.13
train,002445_png.rf.acdc6a0d2b7c66bc361c74d132b8d8d4.txt,data/thermal-1-filtered/train/images/002445_png.rf.acdc6a0d2b7c66bc361c74d132b8d8d4.jpg,512,512,1.0,0.0,76.24,52.32,398.64
train,002096_png.rf.b9f5a8f6d54632046da77d6a2b84cc56.txt,data/thermal-1-filtered/train/images/002096_png.rf.b9f5a8f6d54632046da77d6a2b84cc56.jpg,512,512,1.0,0.0,91.37,57.73,1859.19
train,frame590_jpg.rf.9149db91bc43f25ad04bfe07319e4ac2.txt,data/thermal-1-filtered/train/images/frame590_jpg.rf.9149db91bc43f25ad04bfe07319e4ac2.jpg,512,512,1.0,3.01,40.28,25.85,87.54
train,002818_png.rf.6bb4c3b245ba6c2bb40abef7ae2d39ae.txt,data/thermal-1-filtered/train/images/002818_png.rf.6bb4c3b245ba6c2bb40abef7ae2d39ae.jpg,512,512,1.0,0.0,90.21,53.75,401.51
train,frame289_jpg.rf.f0bc205ad7027960bf16a3c44b6d9fad.txt,data/thermal-1-filtered/train/images/frame289_jpg.rf.f0bc205ad7027960bf16a3c44b6d9fad.jpg,512,512,1.0,3.185,85.05,48.56,152.94
train,0_0_000082_jpg.rf.0710b33f1731b5d980b321b954d28a5c.txt,data/thermal-1-filtered/train/images/0_0_000082_jpg.rf.0710b33f1731b5d980b321b954d28a5c.jpg,512,512,1.0,0.0,122.48,61.53,246.48
train,frame607_jpg.rf.5e4014773453cb3a577821733a9bae07.txt,data/thermal-1-filtered/train/images/frame607_jpg.rf.5e4014773453cb3a577821733a9bae07.jpg,512,512,1.0,3.307,56.72,34.08,432.94
train,002066_png.rf.089aeaefa8fce7a5c14c0889b73bc36f.txt,data/thermal-1-filtered/train/images/002066_png.rf.089aeaefa8fce7a5c14c0889b73bc36f.jpg,512,512,1.0,0.0,85.99,56.99,2636.52
train,frame476_jpg.rf.9fcd6387de4d4ffdb6dcc082b22fc63e.txt,data/thermal-1-filtered/train/images/frame476_jpg.rf.9fcd6387de4d4ffdb6dcc082b22fc63e.jpg,512,512,1.0,3.302,104.11,38.55,425.08
train,frame61_jpg.rf.0b7e1d1676ed382b551c3903a21f4aa5.txt,data/thermal-1-filtered/train/images/frame61_jpg.rf.0b7e1d1676ed382b551c3903a21f4aa5.jpg,512,512,1.0,2.984,85.82,56.58,214.13
train,frame300_jpg.rf.ab43ceeece631e98aef17b4db6322c6a.txt,data/thermal-1-filtered/train/images/frame300_jpg.rf.ab43ceeece631e98aef17b4db6322c6a.jpg,512,512,1.0,3.288,101.98,53.42,530.08
train,002729_png.rf.72b0582247f76cc0021602943738b43d.txt,data/thermal-1-filtered/train/images/002729_png.rf.72b0582247f76cc0021602943738b43d.jpg,512,512,1.0,0.0,61.05,44.39,93.97
train,003050_png.rf.174e8b4727afe72b2603fa5cf950f661.txt,data/thermal-1-filtered/train/images/003050_png.rf.174e8b4727afe72b2603fa5cf950f661.jpg,512,512,1.0,0.0,83.07,54.74,652.2
train,002368_png.rf.c710f7704be9102cf21cefb122c6ca9e.txt,data/thermal-1-filtered/train/images/002368_png.rf.c710f7704be9102cf21cefb122c6ca9e.jpg,512,512,1.0,0.0,89.41,55.39,913.0
train,IR_BIRD_012_frame230_jpg.rf.1d1fb2ca70b4132bcbaace003458824f.txt,data/thermal-1-filtered/train/images/IR_BIRD_012_frame230_jpg.rf.1d1fb2ca70b4132bcbaace003458824f.jpg,512,512,1.0,0.0,102.47,51.64,82.42
train,002831_png.rf.2afcddfaa5805bb094208ec1c5346a20.txt,data/thermal-1-filtered/train/images/002831_png.rf.2afcddfaa5805bb094208ec1c5346a20.jpg,512,512,1.0,0.0,85.29,54.08,891.94
train,ir_050540_jpg.rf.15108969de71461fc13da1ae8e39dd79.txt,data/thermal-1-filtered/train/images/ir_050540_jpg.rf.15108969de71461fc13da1ae8e39dd79.jpg,512,512,1.0,0.0,88.13,57.61,974.85
train,0_0_000025_jpg.rf.fe3fe2619cdf9d029e62ed96c9aecf26.txt,data/thermal-1-filtered/train/images/0_0_000025_jpg.rf.fe3fe2619cdf9d029e62ed96c9aecf26.jpg,512,512,1.0,0.0,109.52,70.43,381.67
train,frame70_jpg.rf.ead1717612782c33f3fc855d4fdbd3c0.txt,data/thermal-1-filtered/train/images/frame70_jpg.rf.ead1717612782c33f3fc855d4fdbd3c0.jpg,512,512,1.0,3.03,89.1,52.45,168.56
train,frame520_jpg.rf.d19d78c9bcc2940a2ccc9821c22ce69e.txt,data/thermal-1-filtered/train/images/frame520_jpg.rf.d19d78c9bcc2940a2ccc9821c22ce69e.jpg,512,512,1.0,3.295,69.23,26.92,111.31
train,0_0_000036_jpg.rf.512ff295f4a4117a98fafc22733867df.txt,data/thermal-1-filtered/train/images/0_0_000036_jpg.rf.512ff295f4a4117a98fafc22733867df.jpg,512,512,1.0,0.0,105.45,69.68,163.43
train,frame367_jpg.rf.09d824d179ec20a2b85826b136ba7c96.txt,data/thermal-1-filtered/train/images/frame367_jpg.rf.09d824d179ec20a2b85826b136ba7c96.jpg,512,512,1.0,2.942,83.64,48.93,131.2
train,002026_png.rf.7316fce2f7d8599d8203d5959c0595be.txt,data/thermal-1-filtered/train/images/002026_png.rf.7316fce2f7d8599d8203d5959c0595be.jpg,512,512,1.0,0.0,88.65,58.68,3628.59
train,IR_BIRD_012_frame101_jpg.rf.3ec64e7ddb9bbd8f7b9b024d8be52987.txt,data/thermal-1-filtered/train/images/IR_BIRD_012_frame101_jpg.rf.3ec64e7ddb9bbd8f7b9b024d8be52987.jpg,512,512,1.0,0.0,93.57,55.21,67.05
train,002803_png.rf.8bdc5b6e779a3209a6e7512a3d347719.txt,data/thermal-1-filtered/train/images/002803_png.rf.8bdc5b6e779a3209a6e7512a3d347719.jpg,512,512,1.0,0.0,87.14,57.87,1049.89
train,003781_png.rf.bdb4182970efbd43f0f83a541b206706.txt,data/thermal-1-filtered/train/images/003781_png.rf.bdb4182970efbd43f0f83a541b206706.jpg,512,512,1.0,0.0,96.12,54.69,186.85
train,002960_png.rf.d3f01b0b743ce34fdafe895dabf03e4a.txt,data/thermal-1-filtered/train/images/002960_png.rf.d3f01b0b743ce34fdafe895dabf03e4a.jpg,512,512,1.0,0.0,87.74,63.36,6013.73
train,002776_png.rf.82e8264e3593602da787130f41d196cf.txt,data/thermal-1-filtered/train/images/002776_png.rf.82e8264e3593602da787130f41d196cf.jpg,512,512,1.0,0.0,81.47,54.03,332.0
train,003812_png.rf.2e5d2ec7daaf4f3ac2abac1da9147a8e.txt,data/thermal-1-filtered/train/images/003812_png.rf.2e5d2ec7daaf4f3ac2abac1da9147a8e.jpg,512,512,1.0,0.0,90.17,57.14,385.91
train,001501_png.rf.2abd106e761136604b6f0b7332ba740f.txt,data/thermal-1-filtered/train/images/001501_png.rf.2abd106e761136604b6f0b7332ba740f.jpg,512,512,1.0,0.0,76.42,52.15,221.07
train,frame445_jpg.rf.7a55e89f5e6f362cf92e39792f88810e.txt,data/thermal-1-filtered/train/images/frame445_jpg.rf.7a55e89f5e6f362cf92e39792f88810e.jpg,512,512,1.0,3.265,94.65,45.42,592.64
train,frame105_jpg.rf.82dafe829946cd1fb3ff18e40c8fb99b.txt,data/thermal-1-filtered/train/images/frame105_jpg.rf.82dafe829946cd1fb3ff18e40c8fb99b.jpg,512,512,1.0,3.129,85.75,52.73,223.92
train,003049_png.rf.9e3648dc8a58d743866197c54717a1c8.txt,data/thermal-1-filtered/train/images/003049_png.rf.9e3648dc8a58d743866197c54717a1c8.jpg,512,512,1.0,0.0,89.5,57.62,2411.03
train,002051_png.rf.c8d6b968f00e47beee89cbc1ce779918.txt,data/thermal-1-filtered/train/images/002051_png.rf.c8d6b968f00e47beee89cbc1ce779918.jpg,512,512,1.0,0.0,87.86,59.1,4735.87
train,003096_png.rf.96d205c5a45e62b93bcf95c4ab61bae7.txt,data/thermal-1-filtered/train/images/003096_png.rf.96d205c5a45e62b93bcf95c4ab61bae7.jpg,512,512,1.0,0.0,82.58,55.46,710.76
train,002436_png.rf.d1b786b35f4f189cd59efc0b46c6a885.txt,data/thermal-1-filtered/train/images/002436_png.rf.d1b786b35f4f189cd59efc0b46c6a885.jpg,512,512,1.0,0.0,83.3,53.24,486.89
train,IR_BIRD_012_frame150_jpg.rf.5017951955a08dda617d61cced87ba11.txt,data/thermal-1-filtered/train/images/IR_BIRD_012_frame150_jpg.rf.5017951955a08dda617d61cced87ba11.jpg,512,512,1.0,0.0,93.23,54.82,67.7
train,0_0_000116_jpg.rf.7044a9e4de436935ad31ac2df2eaef24.txt,data/thermal-1-filtered/train/images/0_0_000116_jpg.rf.7044a9e4de436935ad31ac2df2eaef24.jpg,512,512,1.0,0.0,91.63,65.35,60.55
train,003105_png.rf.b01b4626879681dbd5a1d9887c0f87f0.txt,data/thermal-1-filtered/train/images/003105_png.rf.b01b4626879681dbd5a1d9887c0f87f0.jpg,512,512,1.0,0.0,82.52,56.76,813.8
train,frame319_jpg.rf.bb2a2967b9b623fb981e7ae107911780.txt,data/thermal-1-filtered/train/images/frame319_jpg.rf.bb2a2967b9b623fb981e7ae107911780.jpg,512,512,1.0,3.086,96.85,61.66,181.63
train,003486_png.rf.95765f781004b6e9606f8a2ec3942a5a.txt,data/thermal-1-filtered/train/images/003486_png.rf.95765f781004b6e9606f8a2ec3942a5a.jpg,512,512,1.0,0.0,88.93,56.4,3214.34
train,ir_2_017470_jpg.rf.2ac80707a867d5478865c509e4eeaaed.txt,data/thermal-1-filtered/train/images/ir_2_017470_jpg.rf.2ac80707a867d5478865c509e4eeaaed.jpg,512,512,1.0,0.0,72.74,53.61,650.73
train,IR_BIRD_012_frame236_jpg.rf.d67368c978736e77af79afebc0d82cb7.txt,data/thermal-1-filtered/train/images/IR_BIRD_012_frame236_jpg.rf.d67368c978736e77af79afebc0d82cb7.jpg,512,512,1.0,0.0,101.22,54.3,80.7
train,IR_BIRD_012_frame13_jpg.rf.a15a3780b9615c5f9ab43320e08a416f.txt,data/thermal-1-filtered/train/images/IR_BIRD_012_frame13_jpg.rf.a15a3780b9615c5f9ab43320e08a416f.jpg,512,512,1.0,0.0,100.72,48.47,78.72
train,003799_png.rf.7a224cbdcbe3bf9b31f13e77f614c6a2.txt,data/thermal-1-filtered/train/images/003799_png.rf.7a224cbdcbe3bf9b31f13e77f614c6a2.jpg,512,512,1.0,0.0,90.81,57.12,171.37
train,002237_png.rf.2628b4c15551092294b725f2a5a224c3.txt,data/thermal-1-filtered/train/images/002237_png.rf.2628b4c15551092294b725f2a5a224c3.jpg,512,512,1.0,0.0,89.61,54.45,1359.34
train,002064_png.rf.faa5f02e4d0bf19962bdb563dfdb6888.txt,data/thermal-1-filtered/train/images/002064_png.rf.faa5f02e4d0bf19962bdb563dfdb6888.jpg,512,512,1.0,0.0,84.03,56.0,1289.13
train,frame183_jpg.rf.225463ce92695d3a16a7f53e0d056872.txt,data/thermal-1-filtered/train/images/frame183_jpg.rf.225463ce92695d3a16a7f53e0d056872.jpg,512,512,1.0,3.213,91.65,46.61,210.79
train,IR_BIRD_012_frame141_jpg.rf.bcc2ea9f4f8b8fcfc363fb7028b2f46f.txt,data/thermal-1-filtered/train/images/IR_BIRD_012_frame141_jpg.rf.bcc2ea9f4f8b8fcfc363fb7028b2f46f.jpg,512,512,1.0,0.0,103.16,49.7,76.22
train,002073_png.rf.3d9f0cf07688d16e86f7a62376948e51.txt,data/thermal-1-filtered/train/images/002073_png.rf.3d9f0cf07688d16e86f7a62376948e51.jpg,512,512,1.0,0.0,83.98,56.12,1230.71
train,frame338_jpg.rf.d60b438f22c0179b645bf4888b321efd.txt,data/thermal-1-filtered/train/images/frame338_jpg.rf.d60b438f22c0179b645bf4888b321efd.jpg,512,512,1.0,3.059,95.54,55.43,121.18
train,003762_png.rf.2340250a1db506d174aa0ddf4c392a82.txt,data/thermal-1-filtered/train/images/003762_png.rf.2340250a1db506d174aa0ddf4c392a82.jpg,512,512,1.0,0.0,87.48,53.99,171.57
train,img_0306_png.rf.b367ee706e067482a09691af38aa68b8.txt,data/thermal-1-filtered/train/images/img_0306_png.rf.b367ee706e067482a09691af38aa68b8.jpg,512,512,1.0,0.0,101.78,29.45,151.99
train,frame14_jpg.rf.4df2097dc2b20da9ca116019193ab221.txt,data/thermal-1-filtered/train/images/frame14_jpg.rf.4df2097dc2b20da9ca116019193ab221.jpg,512,512,1.0,3.223,78.49,47.99,411.53
train,001506_png.rf.0e93ae9c9af885f2c8979ea1fe980c38.txt,data/thermal-1-filtered/train/images/001506_png.rf.0e93ae9c9af885f2c8979ea1fe980c38.jpg,512,512,1.0,0.0,81.52,58.14,175.89
train,frame687_jpg.rf.e29c798ab0be3affdbe88dad201ff1c5.txt,data/thermal-1-filtered/train/images/frame687_jpg.rf.e29c798ab0be3affdbe88dad201ff1c5.jpg,512,512,1.0,3.102,40.07,24.08,124.98
train,0_0_000276_jpg.rf.8698fca6a47a771d5517d7272717caf7.txt,data/thermal-1-filtered/train/images/0_0_000276_jpg.rf.8698fca6a47a771d5517d7272717caf7.jpg,512,512,1.0,0.0,61.53,42.86,61.5
train,002262_png.rf.b8a3fdde6251d2e3989746ce2d473f7d.txt,data/thermal-1-filtered/train/images/002262_png.rf.b8a3fdde6251d2e3989746ce2d473f7d.jpg,512,512,1.0,0.0,72.6,47.12,201.41
train,frame712_jpg.rf.fd7a39b37955428be9be089ab1a69050.txt,data/thermal-1-filtered/train/images/frame712_jpg.rf.fd7a39b37955428be9be089ab1a69050.jpg,512,512,1.0,3.066,45.55,25.9,66.92
train,002341_png.rf.de16465f0d82533f946615a90a1ebdc4.txt,data/thermal-1-filtered/train/images/002341_png.rf.de16465f0d82533f946615a90a1ebdc4.jpg,512,512,1.0,0.0,76.98,54.74,411.22
train,002018_png.rf.9d488475d7f489cf69f88693605643a2.txt,data/thermal-1-filtered/train/images/002018_png.rf.9d488475d7f489cf69f88693605643a2.jpg,512,512,1.0,0.0,82.39,57.41,840.48
train,002245_png.rf.77e57b2ccdb774a99eafc342d956f519.txt,data/thermal-1-filtered/train/images/002245_png.rf.77e57b2ccdb774a99eafc342d956f519.jpg,512,512,1.0,0.0,90.67,54.35,1044.3
train,003733_png.rf.f8ce0ac53d6150d733acc1c12e62c182.txt,data/thermal-1-filtered/train/images/003733_png.rf.f8ce0ac53d6150d733acc1c12e62c182.jpg,512,512,1.0,0.0,88.89,52.6,651.08
train,frame342_jpg.rf.944678a6bc64d71315c5fd5d85b327e2.txt,data/thermal-1-filtered/train/images/frame342_jpg.rf.944678a6bc64d71315c5fd5d85b327e2.jpg,512,512,1.0,3.235,103.72,47.58,173.54
train,0_0_000201_jpg.rf.46521f9c3e39781ccaadbd170f924248.txt,data/thermal-1-filtered/train/images/0_0_000201_jpg.rf.46521f9c3e39781ccaadbd170f924248.jpg,512,512,1.0,0.0,65.76,40.12,78.07
train,002777_png.rf.528f9aab8f4a39763a66db638a687349.txt,data/thermal-1-filtered/train/images/002777_png.rf.528f9aab8f4a39763a66db638a687349.jpg,512,512,1.0,0.0,78.17,54.11,304.6
train,002356_png.rf.4273b3bb3a7d761b45c297b3475fbe99.txt,data/thermal-1-filtered/train/images/002356_png.rf.4273b3bb3a7d761b45c297b3475fbe99.jpg,512,512,1.0,0.0,72.25,50.37,292.93
train,003092_png.rf.6e37109bc2aed54a9cdc6a29a6448df9.txt,data/thermal-1-filtered/train/images/003092_png.rf.6e37109bc2aed54a9cdc6a29a6448df9.jpg,512,512,1.0,0.0,73.62,51.24,551.03
train,002706_png.rf.606bb126eb716364f373795efb9e2d87.txt,data/thermal-1-filtered/train/images/002706_png.rf.606bb126eb716364f373795efb9e2d87.jpg,512,512,1.0,0.0,82.13,54.78,911.65
train,003536_png.rf.c5f33b73c0e78b9e44babc434a190214.txt,data/thermal-1-filtered/train/images/003536_png.rf.c5f33b73c0e78b9e44babc434a190214.jpg,512,512,1.0,0.0,91.45,56.76,614.07
train,frame366_jpg.rf.0c55e528c799ed6c7ff80f865dd0d430.txt,data/thermal-1-filtered/train/images/frame366_jpg.rf.0c55e528c799ed6c7ff80f865dd0d430.jpg,512,512,1.0,3.154,92.24,47.54,214.03
train,0_0_000237_jpg.rf.39aedc33fe5383a37d8019d6ab7c818f.txt,data/thermal-1-filtered/train/images/0_0_000237_jpg.rf.39aedc33fe5383a37d8019d6ab7c818f.jpg,512,512,1.0,0.0,41.79,39.76,60.67
train,003781_png.rf.fe8a5543c30471bd1502ba1070815940.txt,data/thermal-1-filtered/train/images/003781_png.rf.fe8a5543c30471bd1502ba1070815940.jpg,512,512,1.0,0.0,100.36,58.1,639.6
train,frame600_jpg.rf.b9191609dcf4de7905cf069e96bcb015.txt,data/thermal-1-filtered/train/images/frame600_jpg.rf.b9191609dcf4de7905cf069e96bcb015.jpg,512,512,1.0,3.217,53.09,33.02,228.49
train,002822_png.rf.389e84809abe1cbc6d7d299addd3f579.txt,data/thermal-1-filtered/train/images/002822_png.rf.389e84809abe1cbc6d7d299addd3f579.jpg,512,512,1.0,0.0,84.89,54.42,497.86
train,frame169_jpg.rf.00e02801e9373fa95137a546b2e0d0cb.txt,data/thermal-1-filtered/train/images/frame169_jpg.rf.00e02801e9373fa95137a546b2e0d0cb.jpg,512,512,1.0,3.26,94.33,48.22,413.39
train,003031_png.rf.5c91343ff109aef5fb58788a6dc3079c.txt,data/thermal-1-filtered/train/images/003031_png.rf.5c91343ff109aef5fb58788a6dc3079c.jpg,512,512,1.0,0.0,84.5,56.71,934.65
train,0_0_000078_jpg.rf.ca6a4552faa8ca0637a74725fcf87913.txt,data/thermal-1-filtered/train/images/0_0_000078_jpg.rf.ca6a4552faa8ca0637a74725fcf87913.jpg,512,512,1.0,0.0,59.63,69.52,94.87
train,frame462_jpg.rf.880989dd20d4f4e51ff2bec6d563a224.txt,data/thermal-1-filtered/train/images/frame462_jpg.rf.880989dd20d4f4e51ff2bec6d563a224.jpg,512,512,1.0,3.307,100.92,42.1,456.54
train,003711_png.rf.49cbbc8862025c759abd58213cdd1325.txt,data/thermal-1-filtered/train/images/003711_png.rf.49cbbc8862025c759abd58213cdd1325.jpg,512,512,1.0,0.0,85.19,54.32,781.28
train,frame293_jpg.rf.41a70ccdd219da025d9e658c52c921f7.txt,data/thermal-1-filtered/train/images/frame293_jpg.rf.41a70ccdd219da025d9e658c52c921f7.jpg,512,512,1.0,2.991,87.07,55.68,178.15
train,frame63_jpg.rf.2d6d035aecf2c4db6562ff70e6e2ca3f.txt,data/thermal-1-filtered/train/images/frame63_jpg.rf.2d6d035aecf2c4db6562ff70e6e2ca3f.jpg,512,512,1.0,3.143,90.45,53.01,619.65
train,003048_png.rf.a720c4869fd5a4e142f45a60ac26daa2.txt,data/thermal-1-filtered/train/images/003048_png.rf.a720c4869fd5a4e142f45a60ac26daa2.jpg,512,512,1.0,0.0,76.4,54.05,652.92
train,002289_png.rf.32e3c01d11fcbf21853df19e660f661d.txt,data/thermal-1-filtered/train/images/002289_png.rf.32e3c01d11fcbf21853df19e660f661d.jpg,512,512,1.0,0.0,78.17,52.86,233.7
train,003760_png.rf.9a508694efa29493672b2947dd284715.txt,data/thermal-1-filtered/train/images/003760_png.rf.9a508694efa29493672b2947dd284715.jpg,512,512,1.0,0.0,95.79,55.54,852.62
train,002780_png.rf.00462fcf2e4536279e9acf1da15800df.txt,data/thermal-1-filtered/train/images/002780_png.rf.00462fcf2e4536279e9acf1da15800df.jpg,512,512,1.0,0.0,87.26,52.99,345.75
train,frame463_jpg.rf.82196fde8ac6226e01df3844575bd75e.txt,data/thermal-1-filtered/train/images/frame463_jpg.rf.82196fde8ac6226e01df3844575bd75e.jpg,512,512,1.0,3.306,100.22,39.98,500.4
train,frame380_jpg.rf.51099e40249dc9c0f8ee2922e26cc88c.txt,data/thermal-1-filtered/train/images/frame380_jpg.rf.51099e40249dc9c0f8ee2922e26cc88c.jpg,512,512,1.0,3.164,87.13,42.35,179.14
train,001991_png.rf.0d0c727c8c1fde83eecad79a7bb96b18.txt,data/thermal-1-filtered/train/images/001991_png.rf.0d0c727c8c1fde83eecad79a7bb96b18.jpg,512,512,1.0,0.0,90.73,58.04,977.36
train,002067_png.rf.ee1edbf7899d12a439d31d518f16681e.txt,data/thermal-1-filtered/train/images/002067_png.rf.ee1edbf7899d12a439d31d518f16681e.jpg,512,512,1.0,0.0,88.26,58.08,3672.12
train,003844_png.rf.4239b643ac906a1c8bb8b88dd6573699.txt,data/thermal-1-filtered/train/images/003844_png.rf.4239b643ac906a1c8bb8b88dd6573699.jpg,512,512,1.0,0.0,87.34,57.14,379.89
train,frame550_jpg.rf.34886d636fa71fa60834a1c45b507c7c.txt,data/thermal-1-filtered/train/images/frame550_jpg.rf.34886d636fa71fa60834a1c45b507c7c.jpg,512,512,1.0,3.105,46.14,27.08,118.89
train,frame369_jpg.rf.ccbda1a5e56ce0e256110ff036b5cc60.txt,data/thermal-1-filtered/train/images/frame369_jpg.rf.ccbda1a5e56ce0e256110ff036b5cc60.jpg,512,512,1.0,2.961,78.48,44.5,131.29
train,002706_png.rf.ad8b27308fcd72a38cfe96869680e5dd.txt,data/thermal-1-filtered/train/images/002706_png.rf.ad8b27308fcd72a38cfe96869680e5dd.jpg,512,512,1.0,0.0,75.18,52.51,322.28
train,0_0_000204_jpg.rf.2dda71bb383e1aa654aa562c1809c5f8.txt,data/thermal-1-filtered/train/images/0_0_000204_jpg.rf.2dda71bb383e1aa654aa562c1809c5f8.jpg,512,512,1.0,0.0,40.95,45.52,100.53
train,IR_BIRD_012_frame67_jpg.rf.f7d5c1186a8b18c8e9d12db9d2c66fb4.txt,data/thermal-1-filtered/train/images/IR_BIRD_012_frame67_jpg.rf.f7d5c1186a8b18c8e9d12db9d2c66fb4.jpg,512,512,1.0,0.0,101.19,46.31,69.75
train,002462_png.rf.1d9111e5ae8fc0ed717793a868a896cc.txt,data/thermal-1-filtered/train/images/002462_png.rf.1d9111e5ae8fc0ed717793a868a896cc.jpg,512,512,1.0,0.0,82.09,52.76,433.8
train,frame370_jpg.rf.da7d59d73b06038619fc36847fc38465.txt,data/thermal-1-filtered/train/images/frame370_jpg.rf.da7d59d73b06038619fc36847fc38465.jpg,512,512,1.0,3.145,84.11,42.48,175.28
train,0_0_000070_jpg.rf.3146e6ee89d69c443f46942661db6928.txt,data/thermal-1-filtered/train/images/0_0_000070_jpg.rf.3146e6ee89d69c443f46942661db6928.jpg,512,512,1.0,0.0,96.2,63.66,94.41
train,003083_png.rf.7aaa5b36fe80c6c0b1bdeb4912d95327.txt,data/thermal-1-filtered/train/images/003083_png.rf.7aaa5b36fe80c6c0b1bdeb4912d95327.jpg,512,512,1.0,0.0,87.04,54.49,823.88
train,002691_png.rf.71324221ba391437c47d32dfd630336b.txt,data/thermal-1-filtered/train/images/002691_png.rf.71324221ba391437c47d32dfd630336b.jpg,512,512,1.0,0.0,87.81,56.85,2242.65
train,003039_png.rf.0925ed8877b78b8b208afdc2a37c5da8.txt,data/thermal-1-filtered/train/images/003039_png.rf.0925ed8877b78b8b208afdc2a37c5da8.jpg,512,512,1.0,0.0,75.75,54.77,592.07
train,IR_BIRD_012_frame130_jpg.rf.4cde031c8d99da9aa51867bc33b79e69.txt,data/thermal-1-filtered/train/images/IR_BIRD_012_frame130_jpg.rf.4cde031c8d99da9aa51867bc33b79e69.jpg,512,512,1.0,0.0,103.49,49.66,73.88
train,1199_png.rf.cfb18e6a227489d5934755e11db1fea2.txt,data/thermal-1-filtered/train/images/1199_png.rf.cfb18e6a227489d5934755e11db1fea2.jpg,512,512,1.0,0.0,122.37,51.34,75.51
train,003964_png.rf.cdf0dfff2e224f8d144d1a6b7bde6507.txt,data/thermal-1-filtered/train/images/003964_png.rf.cdf0dfff2e224f8d144d1a6b7bde6507.jpg,512,512,1.0,0.0,84.22,55.63,1792.87
train,002371_png.rf.d47fe152b609d4817c824f2423db483e.txt,data/thermal-1-filtered/train/images/002371_png.rf.d47fe152b609d4817c824f2423db483e.jpg,512,512,1.0,0.0,85.13,53.41,299.99
train,002246_png.rf.8f70b4b5df30a2d6754ed5604f1810db.txt,data/thermal-1-filtered/train/images/002246_png.rf.8f70b4b5df30a2d6754ed5604f1810db.jpg,512,512,1.0,0.0,90.77,54.34,1066.53
train,frame370_jpg.rf.c4e4a05d6c676be311542d0624796ffb.txt,data/thermal-1-filtered/train/images/frame370_jpg.rf.c4e4a05d6c676be311542d0624796ffb.jpg,512,512,1.0,3.004,80.31,44.07,164.49
train,002680_png.rf.ccd428e7137c3035669198cf4e531cbc.txt,data/thermal-1-filtered/train/images/002680_png.rf.ccd428e7137c3035669198cf4e531cbc.jpg,512,512,1.0,0.0,88.83,56.64,701.03
train,002071_png.rf.d73fc80dc12c87857fec4e370530fa15.txt,data/thermal-1-filtered/train/images/002071_png.rf.d73fc80dc12c87857fec4e370530fa15.jpg,512,512,1.0,0.0,91.18,58.0,3280.11
train,002723_png.rf.f1f1e14d8baff20f7038357903b52c98.txt,data/thermal-1-filtered/train/images/002723_png.rf.f1f1e14d8baff20f7038357903b52c98.jpg,512,512,1.0,0.0,86.46,56.4,900.9
train,frame354_jpg.rf.1cd4b2b0348389affe8cdd7aa19bc85d.txt,data/thermal-1-filtered/train/images/frame354_jpg.rf.1cd4b2b0348389affe8cdd7aa19bc85d.jpg,512,512,1.0,2.906,79.14,48.48,133.69
train,002827_png.rf.3fcea4c6e113632d0b0557996d3bd950.txt,data/thermal-1-filtered/train/images/002827_png.rf.3fcea4c6e113632d0b0557996d3bd950.jpg,512,512,1.0,0.0,79.87,49.52,318.54
train,IR_BIRD_012_frame68_jpg.rf.86403aa5d87c246204834dabed081e7b.txt,data/thermal-1-filtered/train/images/IR_BIRD_012_frame68_jpg.rf.86403aa5d87c246204834dabed081e7b.jpg,512,512,1.0,0.0,97.8,50.34,68.8
train,002770_png.rf.e852edb510e9ebe7ccbacd8f235eb071.txt,data/thermal-1-filtered/train/images/002770_png.rf.e852edb510e9ebe7ccbacd8f235eb071.jpg,512,512,1.0,0.0,84.8,54.0,491.02
train,0_0_000029_jpg.rf.c35ad89422473a83e3d64e595e08f6c9.txt,data/thermal-1-filtered/train/images/0_0_000029_jpg.rf.c35ad89422473a83e3d64e595e08f6c9.jpg,512,512,1.0,0.0,125.19,55.14,114.31
train,001499_png.rf.4d5f4b5a6b5c3804c7ad272b2c04f80f.txt,data/thermal-1-filtered/train/images/001499_png.rf.4d5f4b5a6b5c3804c7ad272b2c04f80f.jpg,512,512,1.0,0.0,88.73,56.37,613.41
train,002669_png.rf.f6bc0e43ba7f678b986f50459a3d7da9.txt,data/thermal-1-filtered/train/images/002669_png.rf.f6bc0e43ba7f678b986f50459a3d7da9.jpg,512,512,1.0,0.0,89.85,57.77,2305.26
train,001992_png.rf.6d1d22a11548182df9b74ddc991ddb71.txt,data/thermal-1-filtered/train/images/001992_png.rf.6d1d22a11548182df9b74ddc991ddb71.jpg,512,512,1.0,0.0,92.09,58.7,2462.21
train,003686_png.rf.952fdb0ae22fb197083120b677ecaec1.txt,data/thermal-1-filtered/train/images/003686_png.rf.952fdb0ae22fb197083120b677ecaec1.jpg,512,512,1.0,0.0,88.83,56.09,2696.4
train,002960_png.rf.5a1c29d9a48d17b442e6ae023f3a3829.txt,data/thermal-1-filtered/train/images/002960_png.rf.5a1c29d9a48d17b442e6ae023f3a3829.jpg,512,512,1.0,0.0,87.43,58.91,1921.19
train,IR_BIRD_012_frame173_jpg.rf.69732703a722f0a43821b37d4cdb9b3c.txt,data/thermal-1-filtered/train/images/IR_BIRD_012_frame173_jpg.rf.69732703a722f0a43821b37d4cdb9b3c.jpg,512,512,1.0,0.0,101.43,49.52,62.0
train,003906_png.rf.dd410da7e520a89f86b00b2f8769dc67.txt,data/thermal-1-filtered/train/images/003906_png.rf.dd410da7e520a89f86b00b2f8769dc67.jpg,512,512,1.0,0.0,78.04,55.53,497.41
train,frame348_jpg.rf.cef5079b8ab64977dd0b021af492928b.txt,data/thermal-1-filtered/train/images/frame348_jpg.rf.cef5079b8ab64977dd0b021af492928b.jpg,512,512,1.0,2.926,88.85,50.24,154.6
train,002790_png.rf.dcc12b9d73f70e0934802ddf5e2c9bc5.txt,data/thermal-1-filtered/train/images/002790_png.rf.dcc12b9d73f70e0934802ddf5e2c9bc5.jpg,512,512,1.0,0.0,81.4,57.01,482.76
train,ir_2_018280_jpg.rf.163940ff1eca3a772a3ce22c674e0a9f.txt,data/thermal-1-filtered/train/images/ir_2_018280_jpg.rf.163940ff1eca3a772a3ce22c674e0a9f.jpg,512,512,1.0,0.0,87.92,57.47,676.75
train,frame242_jpg.rf.70ae09259e3f1bb050c1c36bc7ba861e.txt,data/thermal-1-filtered/train/images/frame242_jpg.rf.70ae09259e3f1bb050c1c36bc7ba861e.jpg,512,512,1.0,2.838,84.99,56.13,129.2
train,002042_png.rf.f56bb3b5a2fae91b53ba5c0afb1fc738.txt,data/thermal-1-filtered/train/images/002042_png.rf.f56bb3b5a2fae91b53ba5c0afb1fc738.jpg,512,512,1.0,0.0,82.78,56.63,1424.09
train,IR_BIRD_012_frame293_jpg.rf.d20c84ce4bc01c5e441188b212a694a9.txt,data/thermal-1-filtered/train/images/IR_BIRD_012_frame293_jpg.rf.d20c84ce4bc01c5e441188b212a694a9.jpg,512,512,1.0,0.0,107.92,45.78,125.2
train,IR_BIRD_012_frame176_jpg.rf.68b62b5c128d977e443684f634d31455.txt,data/thermal-1-filtered/train/images/IR_BIRD_012_frame176_jpg.rf.68b62b5c128d977e443684f634d31455.jpg,512,512,1.0,0.0,87.81,54.24,67.72
train,0_0_000192_jpg.rf.4527774f46e9e79e911d65882803fe4e.txt,data/thermal-1-filtered/train/images/0_0_000192_jpg.rf.4527774f46e9e79e911d65882803fe4e.jpg,512,512,1.0,0.0,72.47,40.66,91.04
train,frame322_jpg.rf.7ace581f0a422898a520a3ffb7ddfdd1.txt,data/thermal-1-filtered/train/images/frame322_jpg.rf.7ace581f0a422898a520a3ffb7ddfdd1.jpg,512,512,1.0,3.286,104.62,58.61,566.78
train,ir_3_030980_jpg.rf.41dc0c63edde4ba97d0460ec3299633a.txt,data/thermal-1-filtered/train/images/ir_3_030980_jpg.rf.41dc0c63edde4ba97d0460ec3299633a.jpg,512,512,1.0,0.0,88.16,56.59,810.42
train,002273_png.rf.075f96b5dd5521252fec00704d7b0423.txt,data/thermal-1-filtered/train/images/002273_png.rf.075f96b5dd5521252fec00704d7b0423.jpg,512,512,1.0,0.0,90.26,55.21,544.11
train,IR_BIRD_012_frame25_jpg.rf.171947a4f68671af2da09f5ead3ce3d8.txt,data/thermal-1-filtered/train/images/IR_BIRD_012_frame25_jpg.rf.171947a4f68671af2da09f5ead3ce3d8.jpg,512,512,1.0,0.0,94.33,54.14,68.58
train,002283_png.rf.3dcd04378f861cfce026f31350f3e961.txt,data/thermal-1-filtered/train/images/002283_png.rf.3dcd04378f861cfce026f31350f3e961.jpg,512,512,1.0,0.0,88.21,54.91,286.23
train,IR_BIRD_012_frame146_jpg.rf.680753a2f0d6fbb2b45f676cd345d09b.txt,data/thermal-1-filtered/train/images/IR_BIRD_012_frame146_jpg.rf.680753a2f0d6fbb2b45f676cd345d09b.jpg,512,512,1.0,0.0,103.0,49.74,68.37
train,frame180_jpg.rf.9b3aa21181bf5288a24101c435b3773d.txt,data/thermal-1-filtered/train/images/frame180_jpg.rf.9b3aa21181bf5288a24101c435b3773d.jpg,512,512,1.0,3.261,94.29,45.43,425.3
train,002744_png.rf.044f27c498599ce77d357cd53854e74b.txt,data/thermal-1-filtered/train/images/002744_png.rf.044f27c498599ce77d357cd53854e74b.jpg,512,512,1.0,0.0,72.37,49.74,520.29
train,002442_png.rf.e543e840c7a9fb1e6f6aad30bc9b30cf.txt,data/thermal-1-filtered/train/images/002442_png.rf.e543e840c7a9fb1e6f6aad30bc9b30cf.jpg,512,512,1.0,0.0,69.7,46.9,236.04
train,002749_png.rf.9f3bed52a3b99e3840d2c6e0515308a9.txt,data/thermal-1-filtered/train/images/002749_png.rf.9f3bed52a3b99e3840d2c6e0515308a9.jpg,512,512,1.0,0.0,73.16,54.18,159.05
train,IR_BIRD_012_frame97_jpg.rf.bbcf86dadfede80992f297737dbce4d4.txt,data/thermal-1-filtered/train/images/IR_BIRD_012_frame97_jpg.rf.bbcf86dadfede80992f297737dbce4d4.jpg,512,512,1.0,0.0,97.33,54.58,77.42
train,002038_png.rf.6fa81181f510b0cc0b03f4332edb0c78.txt,data/thermal-1-filtered/train/images/002038_png.rf.6fa81181f510b0cc0b03f4332edb0c78.jpg,512,512,1.0,0.0,88.07,59.42,3931.48
train,IR_BIRD_012_frame253_jpg.rf.377188838bb289e464b89480120f7ab4.txt,data/thermal-1-filtered/train/images/IR_BIRD_012_frame253_jpg.rf.377188838bb289e464b89480120f7ab4.jpg,512,512,1.0,0.0,103.24,51.09,100.86
train,ir_3_030810_jpg.rf.b6cad2462b9e6c755b6f8bfa68538ff4.txt,data/thermal-1-filtered/train/images/ir_3_030810_jpg.rf.b6cad2462b9e6c755b6f8bfa68538ff4.jpg,512,512,1.0,0.0,93.97,56.67,1656.78
train,003729_png.rf.f41082775dc8038338044f52f4338e8e.txt,data/thermal-1-filtered/train/images/003729_png.rf.f41082775dc8038338044f52f4338e8e.jpg,512,512,1.0,0.0,76.98,51.14,444.49
train,frame435_jpg.rf.baa2823de6e7d8eab410b0430d94a5a7.txt,data/thermal-1-filtered/train/images/frame435_jpg.rf.baa2823de6e7d8eab410b0430d94a5a7.jpg,512,512,1.0,3.209,80.06,41.31,119.48
train,IR_BIRD_012_frame191_jpg.rf.05b9f0a84f7c9ebe36f14cd7fa7c8565.txt,data/thermal-1-filtered/train/images/IR_BIRD_012_frame191_jpg.rf.05b9f0a84f7c9ebe36f14cd7fa7c8565.jpg,512,512,1.0,0.0,86.49,54.49,61.88
train,0_0_000105_jpg.rf.576a42f86f5c889935aa25ef21718199.txt,data/thermal-1-filtered/train/images/0_0_000105_jpg.rf.576a42f86f5c889935aa25ef21718199.jpg,512,512,1.0,0.0,118.81,52.57,89.72
train,002347_png.rf.21cde08318811ef01d7fba257a062ade.txt,data/thermal-1-filtered/train/images/002347_png.rf.21cde08318811ef01d7fba257a062ade.jpg,512,512,1.0,0.0,82.55,54.24,426.6
train,frame551_jpg.rf.08490e13b30c3b7805b3cb4735540909.txt,data/thermal-1-filtered/train/images/frame551_jpg.rf.08490e13b30c3b7805b3cb4735540909.jpg,512,512,1.0,3.149,51.84,30.22,158.59
train,002211_png.rf.b75937edb5cdb2ebe51356befb1cbd0e.txt,data/thermal-1-filtered/train/images/002211_png.rf.b75937edb5cdb2ebe51356befb1cbd0e.jpg,512,512,1.0,0.0,90.45,55.74,1749.39
train,frame597_jpg.rf.00962b500d7dc8d9d054be1a6aa986ef.txt,data/thermal-1-filtered/train/images/frame597_jpg.rf.00962b500d7dc8d9d054be1a6aa986ef.jpg,512,512,1.0,3.046,46.59,31.08,165.33
train,002466_png.rf.1a949acb6b1081e01ce7ab9f406a77d1.txt,data/thermal-1-filtered/train/images/002466_png.rf.1a949acb6b1081e01ce7ab9f406a77d1.jpg,512,512,1.0,0.0,77.13,53.2,431.42
train,frame619_jpg.rf.7603ddfda75562af7b7fec9d6108557c.txt,data/thermal-1-filtered/train/images/frame619_jpg.rf.7603ddfda75562af7b7fec9d6108557c.jpg,512,512,1.0,3.296,51.47,31.55,212.72
train,002697_png.rf.766b9c3c6cd3fe683dbd876a5afad145.txt,data/thermal-1-filtered/train/images/002697_png.rf.766b9c3c6cd3fe683dbd876a5afad145.jpg,512,512,1.0,0.0,76.82,52.32,838.06
train,003105_png.rf.aa6564c848abb0a0703d8422c5f18653.txt,data/thermal-1-filtered/train/images/003105_png.rf.aa6564c848abb0a0703d8422c5f18653.jpg,512,512,1.0,0.0,80.76,57.11,785.51
train,000009_png.rf.ca38328e676bc0962684ec6648da6566.txt,data/thermal-1-filtered/train/images/000009_png.rf.ca38328e676bc0962684ec6648da6566.jpg,512,512,1.0,0.0,77.34,57.83,396.13
train,003063_png.rf.92f3e16462076c066bf638a1ebe7705c.txt,data/thermal-1-filtered/train/images/003063_png.rf.92f3e16462076c066bf638a1ebe7705c.jpg,512,512,1.0,0.0,88.08,54.5,885.93
train,002394_png.rf.04a0fb3b77ffd4338800cf5d9c75c308.txt,data/thermal-1-filtered/train/images/002394_png.rf.04a0fb3b77ffd4338800cf5d9c75c308.jpg,512,512,1.0,0.0,71.41,49.72,209.46
train,frame242_jpg.rf.1ed82be4b672227687bce1eba4dc77fb.txt,data/thermal-1-filtered/train/images/frame242_jpg.rf.1ed82be4b672227687bce1eba4dc77fb.jpg,512,512,1.0,2.891,88.54,56.3,124.43
train,frame258_jpg.rf.782d509e903ca60c98f1161837cb45a0.txt,data/thermal-1-filtered/train/images/frame258_jpg.rf.782d509e903ca60c98f1161837cb45a0.jpg,512,512,1.0,2.807,84.23,60.68,181.19
train,002229_png.rf.d38d98507a09f9ff84b88855d3783878.txt,data/thermal-1-filtered/train/images/002229_png.rf.d38d98507a09f9ff84b88855d3783878.jpg,512,512,1.0,0.0,80.09,49.68,1017.63
train,frame642_jpg.rf.2bc8b6d68c8dde6dd71ef8c8f1306d13.txt,data/thermal-1-filtered/train/images/frame642_jpg.rf.2bc8b6d68c8dde6dd71ef8c8f1306d13.jpg,512,512,1.0,3.247,47.51,28.72,183.73
train,003907_png.rf.a6e88459af06efd42886a35a99aaada1.txt,data/thermal-1-filtered/train/images/003907_png.rf.a6e88459af06efd42886a35a99aaada1.jpg,512,512,1.0,0.0,92.79,54.1,658.58
train,0_0_000732_jpg.rf.6ef8edcf4d4b7f1b222bf3a43de35151.txt,data/thermal-1-filtered/train/images/0_0_000732_jpg.rf.6ef8edcf4d4b7f1b222bf3a43de35151.jpg,512,512,1.0,0.0,124.88,56.2,158.69
train,IR_BIRD_012_frame228_jpg.rf.e61a8035f4e16d1797ed50b016ea8750.txt,data/thermal-1-filtered/train/images/IR_BIRD_012_frame228_jpg.rf.e61a8035f4e16d1797ed50b016ea8750.jpg,512,512,1.0,0.0,99.67,54.55,110.12
train,002690_png.rf.7ec10e485bda95649c5fa6b3657c9b87.txt,data/thermal-1-filtered/train/images/002690_png.rf.7ec10e485bda95649c5fa6b3657c9b87.jpg,512,512,1.0,0.0,87.1,56.27,2249.02
train,frame417_jpg.rf.e98c225cc8c80872370bef154817f75d.txt,data/thermal-1-filtered/train/images/frame417_jpg.rf.e98c225cc8c80872370bef154817f75d.jpg,512,512,1.0,3.274,89.26,42.58,445.24
train,frame188_jpg.rf.8991a0ab9e985f2e30d736bd4a0e5312.txt,data/thermal-1-filtered/train/images/frame188_jpg.rf.8991a0ab9e985f2e30d736bd4a0e5312.jpg,512,512,1.0,3.057,83.84,47.32,111.12
train,002078_png.rf.5c49e0dc6a46b7db45d551ce9a0c2b1d.txt,data/thermal-1-filtered/train/images/002078_png.rf.5c49e0dc6a46b7db45d551ce9a0c2b1d.jpg,512,512,1.0,0.0,85.74,55.17,1164.71
train,frame377_jpg.rf.659a055792202ae6666b189c9e8df6ca.txt,data/thermal-1-filtered/train/images/frame377_jpg.rf.659a055792202ae6666b189c9e8df6ca.jpg,512,512,1.0,3.283,90.02,39.99,283.92
train,002399_png.rf.bb8ecc43627a94282fb304248768ec7e.txt,data/thermal-1-filtered/train/images/002399_png.rf.bb8ecc43627a94282fb304248768ec7e.jpg,512,512,1.0,0.0,90.73,55.54,1436.05
train,002060_png.rf.4c2334f98ae983cfdea30c3044dc2c97.txt,data/thermal-1-filtered/train/images/002060_png.rf.4c2334f98ae983cfdea30c3044dc2c97.jpg,512,512,1.0,0.0,83.15,53.03,2184.86
train,002782_png.rf.685d3adf36ebd78fc2bce4344f6cab52.txt,data/thermal-1-filtered/train/images/002782_png.rf.685d3adf36ebd78fc2bce4344f6cab52.jpg,512,512,1.0,0.0,84.4,55.97,1092.36
train,000003_png.rf.b8e4f1f189e2ff45d09be8e0e77113cf.txt,data/thermal-1-filtered/train/images/000003_png.rf.b8e4f1f189e2ff45d09be8e0e77113cf.jpg,512,512,1.0,0.0,100.26,62.5,1043.77
train,IR_BIRD_012_frame252_jpg.rf.419efca20c99fc560188569e73a86ceb.txt,data/thermal-1-filtered/train/images/IR_BIRD_012_frame252_jpg.rf.419efca20c99fc560188569e73a86ceb.jpg,512,512,1.0,0.0,101.73,54.11,83.41
train,frame523_jpg.rf.aed0971abf8715a90295bc4cc1c9cd1b.txt,data/thermal-1-filtered/train/images/frame523_jpg.rf.aed0971abf8715a90295bc4cc1c9cd1b.jpg,512,512,1.0,3.005,56.38,28.33,108.89
train,002446_png.rf.f8c3ec55f5cd20b73062481fccde198c.txt,data/thermal-1-filtered/train/images/002446_png.rf.f8c3ec55f5cd20b73062481fccde198c.jpg,512,512,1.0,0.0,79.07,53.03,389.83
train,002331_png.rf.b95a4e24ed9a2b7bf7a51c60ff14471d.txt,data/thermal-1-filtered/train/images/002331_png.rf.b95a4e24ed9a2b7bf7a51c60ff14471d.jpg,512,512,1.0,0.0,89.56,57.1,1860.19
train,0_0_000036_jpg.rf.0850c8dfc75cc6c30d641c7129e4ebb0.txt,data/thermal-1-filtered/train/images/0_0_000036_jpg.rf.0850c8dfc75cc6c30d641c7129e4ebb0.jpg,512,512,1.0,0.0,108.66,70.36,156.72
train,ir_049160_jpg.rf.7373721cdb090c9403ef14b2ec939b80.txt,data/thermal-1-filtered/train/images/ir_049160_jpg.rf.7373721cdb090c9403ef14b2ec939b80.jpg,512,512,1.0,0.0,89.44,59.82,3523.85
train,0_0_000011_jpg.rf.1f8f812b7f47c0586b975d7ec9078a17.txt,data/thermal-1-filtered/train/images/0_0_000011_jpg.rf.1f8f812b7f47c0586b975d7ec9078a17.jpg,512,512,1.0,0.0,104.44,74.35,232.51
train,002453_png.rf.08e212743cbe59d659bde9ad2491f14d.txt,data/thermal-1-filtered/train/images/002453_png.rf.08e212743cbe59d659bde9ad2491f14d.jpg,512,512,1.0,0.0,79.33,53.49,378.05
train,frame473_jpg.rf.9937ee1f7e784f9d350347323e71ec3a.txt,data/thermal-1-filtered/train/images/frame473_jpg.rf.9937ee1f7e784f9d350347323e71ec3a.jpg,512,512,1.0,3.112,90.71,39.12,123.53
train,002044_png.rf.b569a423775c4d9a30ade158d3a98e03.txt,data/thermal-1-filtered/train/images/002044_png.rf.b569a423775c4d9a30ade158d3a98e03.jpg,512,512,1.0,0.0,87.52,58.84,4449.32
train,0_0_000061_jpg.rf.dfa7a194b0470228551b677a28c791d2.txt,data/thermal-1-filtered/train/images/0_0_000061_jpg.rf.dfa7a194b0470228551b677a28c791d2.jpg,512,512,1.0,0.0,63.73,66.84,116.08
train,IR_BIRD_012_frame69_jpg.rf.d676ab6fb83ccacb11b2331c6d63d460.txt,data/thermal-1-filtered/train/images/IR_BIRD_012_frame69_jpg.rf.d676ab6fb83ccacb11b2331c6d63d460.jpg,512,512,1.0,0.0,91.24,54.55,72.74
train,ir_2_023190_jpg.rf.ffb6fb22efc432129b12364b88b34eb8.txt,data/thermal-1-filtered/train/images/ir_2_023190_jpg.rf.ffb6fb22efc432129b12364b88b34eb8.jpg,512,512,1.0,0.0,75.05,54.33,433.83
train,frame629_jpg.rf.c7eeb97474a586737d7ebe636dea2c24.txt,data/thermal-1-filtered/train/images/frame629_jpg.rf.c7eeb97474a586737d7ebe636dea2c24.jpg,512,512,1.0,3.306,55.95,34.08,438.78
train,frame453_jpg.rf.0f08b052809b91de5981bce2d2029167.txt,data/thermal-1-filtered/train/images/frame453_jpg.rf.0f08b052809b91de5981bce2d2029167.jpg,512,512,1.0,3.228,89.35,38.53,166.19
train,002029_png.rf.34388901c29825fcb3c1cd2bb054829b.txt,data/thermal-1-filtered/train/images/002029_png.rf.34388901c29825fcb3c1cd2bb054829b.jpg,512,512,1.0,0.0,79.43,57.29,1236.76
train,frame659_jpg.rf.8eba173e599f6a768b87d19df53fa48f.txt,data/thermal-1-filtered/train/images/frame659_jpg.rf.8eba173e599f6a768b87d19df53fa48f.jpg,512,512,1.0,3.087,45.35,28.87,112.17
train,003701_png.rf.8f773886fa0cbfdff9552c67e6490b69.txt,data/thermal-1-filtered/train/images/003701_png.rf.8f773886fa0cbfdff9552c67e6490b69.jpg,512,512,1.0,0.0,89.06,56.16,2695.7
train,002572_png.rf.353f0f590c7a27013787f7fcee426996.txt,data/thermal-1-filtered/train/images/002572_png.rf.353f0f590c7a27013787f7fcee426996.jpg,512,512,1.0,0.0,80.25,54.22,378.43
train,002365_png.rf.46aa8a1fb703cd53dbcd5e3ce582b11b.txt,data/thermal-1-filtered/train/images/002365_png.rf.46aa8a1fb703cd53dbcd5e3ce582b11b.jpg,512,512,1.0,0.0,89.2,55.32,1146.61
train,frame621_jpg.rf.535ce4d9f9f4f0707f83d32578f9c3f8.txt,data/thermal-1-filtered/train/images/frame621_jpg.rf.535ce4d9f9f4f0707f83d32578f9c3f8.jpg,512,512,1.0,3.194,50.83,32.28,189.93
train,frame433_jpg.rf.ff84fbd220eedf8a34bca24450e45f00.txt,data/thermal-1-filtered/train/images/frame433_jpg.rf.ff84fbd220eedf8a34bca24450e45f00.jpg,512,512,1.0,3.264,89.2,46.1,617.03
train,IR_BIRD_012_frame260_jpg.rf.0736139b37bf0f8679ebaeb8b828c9c9.txt,data/thermal-1-filtered/train/images/IR_BIRD_012_frame260_jpg.rf.0736139b37bf0f8679ebaeb8b828c9c9.jpg,512,512,1.0,0.0,100.77,53.08,98.7
train,frame141_jpg.rf.abfa2d2cd682c9e4cb69ab80e1facb6c.txt,data/thermal-1-filtered/train/images/frame141_jpg.rf.abfa2d2cd682c9e4cb69ab80e1facb6c.jpg,512,512,1.0,3.008,88.45,55.25,116.47
train,frame677_jpg.rf.8be5d9837eab6744c0b0bf316055b5bd.txt,data/thermal-1-filtered/train/images/frame677_jpg.rf.8be5d9837eab6744c0b0bf316055b5bd.jpg,512,512,1.0,3.27,44.44,26.81,197.78
train,frame181_jpg.rf.39ed2aed54df97bee440fd3e9ca6ddc7.txt,data/thermal-1-filtered/train/images/frame181_jpg.rf.39ed2aed54df97bee440fd3e9ca6ddc7.jpg,512,512,1.0,2.979,85.19,50.86,162.74
train,frame378_jpg.rf.1b8a4059afa1bd4b7f5412ae3ebcf554.txt,data/thermal-1-filtered/train/images/frame378_jpg.rf.1b8a4059afa1bd4b7f5412ae3ebcf554.jpg,512,512,1.0,3.304,91.65,39.83,466.16
train,frame482_jpg.rf.3b763344c91a6d171414216cdd1d643f.txt,data/thermal-1-filtered/train/images/frame482_jpg.rf.3b763344c91a6d171414216cdd1d643f.jpg,512,512,1.0,3.192,98.54,39.08,182.67
train,002466_png.rf.4af05825df1cecd13375a5b7c6ab14eb.txt,data/thermal-1-filtered/train/images/002466_png.rf.4af05825df1cecd13375a5b7c6ab14eb.jpg,512,512,1.0,0.0,85.62,54.45,1291.04
train,001512_png.rf.ce24341693ef64382eb0f13880dfec3e.txt,data/thermal-1-filtered/train/images/001512_png.rf.ce24341693ef64382eb0f13880dfec3e.jpg,512,512,1.0,0.0,88.49,55.82,380.23
train,002287_png.rf.86dbde37ab266f3f289c6e3bf1a3fc1d.txt,data/thermal-1-filtered/train/images/002287_png.rf.86dbde37ab266f3f289c6e3bf1a3fc1d.jpg,512,512,1.0,0.0,81.0,51.82,185.21
train,002506_png.rf.f5eca5e3cb0b9db4a9fa20b54e37b4ef.txt,data/thermal-1-filtered/train/images/002506_png.rf.f5eca5e3cb0b9db4a9fa20b54e37b4ef.jpg,512,512,1.0,0.0,74.87,51.76,453.47
train,IR_BIRD_012_frame52_jpg.rf.ce559836b7898a21931c2fbbb3ad3bed.txt,data/thermal-1-filtered/train/images/IR_BIRD_012_frame52_jpg.rf.ce559836b7898a21931c2fbbb3ad3bed.jpg,512,512,1.0,0.0,93.7,54.2,68.61
train,002098_png.rf.8fbdfe4323c89006ceb246192406070e.txt,data/thermal-1-filtered/train/images/002098_png.rf.8fbdfe4323c89006ceb246192406070e.jpg,512,512,1.0,0.0,77.97,54.37,725.03
train,frame338_jpg.rf.219de80d47d6bdbde937ec5c53654b40.txt,data/thermal-1-filtered/train/images/frame338_jpg.rf.219de80d47d6bdbde937ec5c53654b40.jpg,512,512,1.0,3.306,106.13,50.49,495.06
train,frame602_jpg.rf.8f2aa7cec154ec0e8d4ed30bf21d7805.txt,data/thermal-1-filtered/train/images/frame602_jpg.rf.8f2aa7cec154ec0e8d4ed30bf21d7805.jpg,512,512,1.0,3.308,56.67,33.75,431.82
train,frame223_jpg.rf.be0aca64a10014f6eae2fb4c8c55d90b.txt,data/thermal-1-filtered/train/images/frame223_jpg.rf.be0aca64a10014f6eae2fb4c8c55d90b.jpg,512,512,1.0,3.115,88.6,49.07,106.08
train,frame401_jpg.rf.e2e1b8c171c4686e29c7bab71b7bbaa9.txt,data/thermal-1-filtered/train/images/frame401_jpg.rf.e2e1b8c171c4686e29c7bab71b7bbaa9.jpg,512,512,1.0,3.273,89.83,40.59,492.14
train,003801_png.rf.bdd69304f046cb5b809fefc1cabf60c8.txt,data/thermal-1-filtered/train/images/003801_png.rf.bdd69304f046cb5b809fefc1cabf60c8.jpg,512,512,1.0,0.0,81.8,53.7,131.28
train,003697_png.rf.7ff02d390f7ecb8efea6a5b9d7d88115.txt,data/thermal-1-filtered/train/images/003697_png.rf.7ff02d390f7ecb8efea6a5b9d7d88115.jpg,512,512,1.0,0.0,89.35,56.37,2681.65
train,frame265_jpg.rf.4644a00538769351658d07682facf148.txt,data/thermal-1-filtered/train/images/frame265_jpg.rf.4644a00538769351658d07682facf148.jpg,512,512,1.0,2.875,81.89,58.4,167.27
train,002825_png.rf.29e52636b09dc99154c80efd7a5d8c75.txt,data/thermal-1-filtered/train/images/002825_png.rf.29e52636b09dc99154c80efd7a5d8c75.jpg,512,512,1.0,0.0,79.98,54.82,324.0
train,frame611_jpg.rf.937c3aa563328342d1d3d8b8dfa097ed.txt,data/thermal-1-filtered/train/images/frame611_jpg.rf.937c3aa563328342d1d3d8b8dfa097ed.jpg,512,512,1.0,3.328,54.02,32.39,358.82
train,002205_png.rf.da549460563a11335e23152013e845ea.txt,data/thermal-1-filtered/train/images/002205_png.rf.da549460563a11335e23152013e845ea.jpg,512,512,1.0,0.0,91.8,56.66,2143.53
train,frame648_jpg.rf.915b110efe2aa8cc07254f42b9f1c410.txt,data/thermal-1-filtered/train/images/frame648_jpg.rf.915b110efe2aa8cc07254f42b9f1c410.jpg,512,512,1.0,3.307,56.75,34.12,431.62
train,002260_png.rf.49edc8ddc19ed6513849f5faf435b492.txt,data/thermal-1-filtered/train/images/002260_png.rf.49edc8ddc19ed6513849f5faf435b492.jpg,512,512,1.0,0.0,89.18,53.5,360.97
train,frame254_jpg.rf.01b69f8862223a6a4e8b8f1033b2e7e8.txt,data/thermal-1-filtered/train/images/frame254_jpg.rf.01b69f8862223a6a4e8b8f1033b2e7e8.jpg,512,512,1.0,2.971,94.2,60.75,256.75
train,frame642_jpg.rf.cb7ec222c2d929948685cf879dd2b10e.txt,data/thermal-1-filtered/train/images/frame642_jpg.rf.cb7ec222c2d929948685cf879dd2b10e.jpg,512,512,1.0,3.01,40.85,26.19,101.73
train,IR_BIRD_012_frame145_jpg.rf.5b62d94c886deecd92dfb14dd3627ae0.txt,data/thermal-1-filtered/train/images/IR_BIRD_012_frame145_jpg.rf.5b62d94c886deecd92dfb14dd3627ae0.jpg,512,512,1.0,0.0,90.58,54.88,80.5
train,002730_png.rf.64e211dccad3ad2933928820fed634b3.txt,data/thermal-1-filtered/train/images/002730_png.rf.64e211dccad3ad2933928820fed634b3.jpg,512,512,1.0,0.0,78.14,50.78,192.42
train,0_0_000631_jpg.rf.89561df5158c88e90c014cb438b64647.txt,data/thermal-1-filtered/train/images/0_0_000631_jpg.rf.89561df5158c88e90c014cb438b64647.jpg,512,512,1.0,0.0,107.22,57.03,162.3
train,002367_png.rf.c1e2a640638517c1d28b08134a6168c7.txt,data/thermal-1-filtered/train/images/002367_png.rf.c1e2a640638517c1d28b08134a6168c7.jpg,512,512,1.0,0.0,89.34,55.35,990.64
train,frame433_jpg.rf.f61242e0f9a2002a5e3ecabcff56df91.txt,data/thermal-1-filtered/train/images/frame433_jpg.rf.f61242e0f9a2002a5e3ecabcff56df91.jpg,512,512,1.0,2.957,78.28,49.51,180.32
train,002343_png.rf.631556f8b34f8235b9d847b133bf375e.txt,data/thermal-1-filtered/train/images/002343_png.rf.631556f8b34f8235b9d847b133bf375e.jpg,512,512,1.0,0.0,88.4,55.77,1478.4
train,003691_png.rf.666200a98a01a8f8d7311b42fe67a8af.txt,data/thermal-1-filtered/train/images/003691_png.rf.666200a98a01a8f8d7311b42fe67a8af.jpg,512,512,1.0,0.0,86.64,54.24,827.29
train,002069_png.rf.b4ea150ce4e830f5cf01fd9f17d0b23b.txt,data/thermal-1-filtered/train/images/002069_png.rf.b4ea150ce4e830f5cf01fd9f17d0b23b.jpg,512,512,1.0,0.0,82.09,54.37,1039.77
train,002766_png.rf.dd04a25e7460c3aeb2c25a1e60ff9056.txt,data/thermal-1-filtered/train/images/002766_png.rf.dd04a25e7460c3aeb2c25a1e60ff9056.jpg,512,512,1.0,0.0,84.32,53.58,1287.0
train,frame704_jpg.rf.19638d12d8a9c726137448718c7dc17e.txt,data/thermal-1-filtered/train/images/frame704_jpg.rf.19638d12d8a9c726137448718c7dc17e.jpg,512,512,1.0,3.079,47.37,30.07,171.67
train,frame650_jpg.rf.c6282487dc09317c6eb6c8d8dcf6f3f0.txt,data/thermal-1-filtered/train/images/frame650_jpg.rf.c6282487dc09317c6eb6c8d8dcf6f3f0.jpg,512,512,1.0,3.297,51.91,29.87,150.15
train,frame462_jpg.rf.8949fefedd97ce10145248716b532063.txt,data/thermal-1-filtered/train/images/frame462_jpg.rf.8949fefedd97ce10145248716b532063.jpg,512,512,1.0,3.114,90.88,44.56,186.52
train,002841_png.rf.be8a5e82e76a359203f69ac804a238cc.txt,data/thermal-1-filtered/train/images/002841_png.rf.be8a5e82e76a359203f69ac804a238cc.jpg,512,512,1.0,0.0,89.67,58.97,622.39
train,002007_png.rf.ca82f8d471d3d39e93562f88f7d82e26.txt,data/thermal-1-filtered/train/images/002007_png.rf.ca82f8d471d3d39e93562f88f7d82e26.jpg,512,512,1.0,0.0,91.13,57.92,2374.29
train,003025_png.rf.a591b54821612c0b1c461813f906e2ec.txt,data/thermal-1-filtered/train/images/003025_png.rf.a591b54821612c0b1c461813f906e2ec.jpg,512,512,1.0,0.0,83.64,55.68,912.2
train,ir_2_032760_jpg.rf.a84c9b0de2cbce1a900f9aa0e1f1fdf4.txt,data/thermal-1-filtered/train/images/ir_2_032760_jpg.rf.a84c9b0de2cbce1a900f9aa0e1f1fdf4.jpg,512,512,1.0,0.0,90.51,56.87,995.39
train,002529_png.rf.e1f7ca0a504efb9e310618c8490f31a0.txt,data/thermal-1-filtered/train/images/002529_png.rf.e1f7ca0a504efb9e310618c8490f31a0.jpg,512,512,1.0,0.0,91.0,56.14,960.31
train,IR_BIRD_012_frame103_jpg.rf.ddb4e69bce360281462df56432bf678d.txt,data/thermal-1-filtered/train/images/IR_BIRD_012_frame103_jpg.rf.ddb4e69bce360281462df56432bf678d.jpg,512,512,1.0,0.0,93.62,54.99,66.22
train,0_0_000732_jpg.rf.25c7de0311978f84ee65f8a9ec5daab4.txt,data/thermal-1-filtered/train/images/0_0_000732_jpg.rf.25c7de0311978f84ee65f8a9ec5daab4.jpg,512,512,1.0,0.0,114.8,63.73,146.41
train,IR_BIRD_012_frame249_jpg.rf.9c7de60369281ce55081eaea3624c286.txt,data/thermal-1-filtered/train/images/IR_BIRD_012_frame249_jpg.rf.9c7de60369281ce55081eaea3624c286.jpg,512,512,1.0,0.0,108.23,46.22,72.56
train,002287_png.rf.c9cf9ddcf668dcc47584421695fe5a97.txt,data/thermal-1-filtered/train/images/002287_png.rf.c9cf9ddcf668dcc47584421695fe5a97.jpg,512,512,1.0,0.0,91.88,56.46,582.4
train,0_0_000055_jpg.rf.47215e9980fe52afb7e0eb804fc2e29d.txt,data/thermal-1-filtered/train/images/0_0_000055_jpg.rf.47215e9980fe52afb7e0eb804fc2e29d.jpg,512,512,1.0,0.0,62.84,65.38,126.42
train,003807_png.rf.5dbf05ee7b2e3bd3844aa765fd8b4ddb.txt,data/thermal-1-filtered/train/images/003807_png.rf.5dbf05ee7b2e3bd3844aa765fd8b4ddb.jpg,512,512,1.0,0.0,96.06,58.12,333.22
train,003802_png.rf.b1b907a448dd0e602edf349a85603390.txt,data/thermal-1-filtered/train/images/003802_png.rf.b1b907a448dd0e602edf349a85603390.jpg,512,512,1.0,0.0,92.73,52.18,227.3
train,002039_png.rf.252e2acf06ce535e464ba8368057b4e1.txt,data/thermal-1-filtered/train/images/002039_png.rf.252e2acf06ce535e464ba8368057b4e1.jpg,512,512,1.0,0.0,81.27,57.87,707.74
train,IR_BIRD_012_frame95_jpg.rf.ff6caa8e498e86e84a40e486497ef5b6.txt,data/thermal-1-filtered/train/images/IR_BIRD_012_frame95_jpg.rf.ff6caa8e498e86e84a40e486497ef5b6.jpg,512,512,1.0,0.0,104.3,49.18,76.78
train,IR_BIRD_012_frame273_jpg.rf.e7a28aef53d89545247a64d38ce91d5d.txt,data/thermal-1-filtered/train/images/IR_BIRD_012_frame273_jpg.rf.e7a28aef53d89545247a64d38ce91d5d.jpg,512,512,1.0,0.0,102.44,53.11,88.82
train,002468_png.rf.a40f046a71f15617cc12c3dbf57d47d6.txt,data/thermal-1-filtered/train/images/002468_png.rf.a40f046a71f15617cc12c3dbf57d47d6.jpg,512,512,1.0,0.0,85.76,54.89,1454.01
train,0_0_001477_jpg.rf.178be6cdc2ea56b965dfedc35e7197f8.txt,data/thermal-1-filtered/train/images/0_0_001477_jpg.rf.178be6cdc2ea56b965dfedc35e7197f8.jpg,512,512,1.0,0.0,103.19,58.94,155.69
train,IR_BIRD_012_frame251_jpg.rf.80857a6d0acdb7b956cc6a7e1e4f2072.txt,data/thermal-1-filtered/train/images/IR_BIRD_012_frame251_jpg.rf.80857a6d0acdb7b956cc6a7e1e4f2072.jpg,512,512,1.0,0.0,99.82,53.59,82.01
train,frame266_jpg.rf.5341cf8358db765e59e8898728458eb4.txt,data/thermal-1-filtered/train/images/frame266_jpg.rf.5341cf8358db765e59e8898728458eb4.jpg,512,512,1.0,2.961,85.54,58.17,220.05
train,002289_png.rf.6018f3b52f90c574e71f0e4c4f577520.txt,data/thermal-1-filtered/train/images/002289_png.rf.6018f3b52f90c574e71f0e4c4f577520.jpg,512,512,1.0,0.0,86.51,53.97,277.05
train,frame538_jpg.rf.8acbe968d9dc4691cbd19b8e35f5d708.txt,data/thermal-1-filtered/train/images/frame538_jpg.rf.8acbe968d9dc4691cbd19b8e35f5d708.jpg,512,512,1.0,3.312,63.69,32.25,401.47
train,002332_png.rf.7ae14fed5c08c0f7d5d619be74e5dca4.txt,data/thermal-1-filtered/train/images/002332_png.rf.7ae14fed5c08c0f7d5d619be74e5dca4.jpg,512,512,1.0,0.0,84.63,56.71,599.06
train,frame637_jpg.rf.19191abf4b3871a35596e77714e75838.txt,data/thermal-1-filtered/train/images/frame637_jpg.rf.19191abf4b3871a35596e77714e75838.jpg,512,512,1.0,3.264,49.15,31.05,172.66
train,002031_png.rf.f4c4122ab408340e87c34cd660ca0db2.txt,data/thermal-1-filtered/train/images/002031_png.rf.f4c4122ab408340e87c34cd660ca0db2.jpg,512,512,1.0,0.0,88.92,55.67,1488.79
train,frame67_jpg.rf.7fde9d5d23f37797b2c7d97fa30ad00a.txt,data/thermal-1-filtered/train/images/frame67_jpg.rf.7fde9d5d23f37797b2c7d97fa30ad00a.jpg,512,512,1.0,3.219,92.43,51.41,523.88
train,003036_png.rf.29ccc13eca7af6b18038b357b5d87956.txt,data/thermal-1-filtered/train/images/003036_png.rf.29ccc13eca7af6b18038b357b5d87956.jpg,512,512,1.0,0.0,80.88,59.09,1300.23
train,ir_050260_jpg.rf.d8751f2c011bea595e51f7f210616b3d.txt,data/thermal-1-filtered/train/images/ir_050260_jpg.rf.d8751f2c011bea595e51f7f210616b3d.jpg,512,512,1.0,0.0,85.67,57.89,755.66
train,002399_png.rf.06b58c6c94d35ae01ccd0d1405cb604e.txt,data/thermal-1-filtered/train/images/002399_png.rf.06b58c6c94d35ae01ccd0d1405cb604e.jpg,512,512,1.0,0.0,82.52,55.86,704.74
train,002288_png.rf.b65635618642cfa8826f8eeaaa21f11c.txt,data/thermal-1-filtered/train/images/002288_png.rf.b65635618642cfa8826f8eeaaa21f11c.jpg,512,512,1.0,0.0,77.97,53.07,240.59
train,frame190_jpg.rf.6f45f432ce1a491bf0fa189b5ecb9cb4.txt,data/thermal-1-filtered/train/images/frame190_jpg.rf.6f45f432ce1a491bf0fa189b5ecb9cb4.jpg,512,512,1.0,2.975,85.03,50.7,109.23
train,002735_png.rf.36810145a9cc0540dd0fbfb6ddf36ea0.txt,data/thermal-1-filtered/train/images/002735_png.rf.36810145a9cc0540dd0fbfb6ddf36ea0.jpg,512,512,1.0,0.0,83.8,51.84,336.1
train,002422_png.rf.4da9d1771eec891e2dc7ac615aeb8941.txt,data/thermal-1-filtered/train/images/002422_png.rf.4da9d1771eec891e2dc7ac615aeb8941.jpg,512,512,1.0,0.0,78.92,53.97,388.03
train,ir_3_031800_jpg.rf.865a43c7a1bb5bd875b5241b41ba320b.txt,data/thermal-1-filtered/train/images/ir_3_031800_jpg.rf.865a43c7a1bb5bd875b5241b41ba320b.jpg,512,512,1.0,0.0,81.86,55.55,836.24
train,0_0_000067_jpg.rf.0a445f6b3a021de479cf0f3904897bb8.txt,data/thermal-1-filtered/train/images/0_0_000067_jpg.rf.0a445f6b3a021de479cf0f3904897bb8.jpg,512,512,1.0,0.0,65.7,69.28,87.14
train,ir_3_035420_jpg.rf.1efb3e591e4c1ce23caf4f78b7294464.txt,data/thermal-1-filtered/train/images/ir_3_035420_jpg.rf.1efb3e591e4c1ce23caf4f78b7294464.jpg,512,512,1.0,0.0,84.14,53.07,1042.84
train,002772_png.rf.3d8175c3255da198ea4f8f7fdeeacd7d.txt,data/thermal-1-filtered/train/images/002772_png.rf.3d8175c3255da198ea4f8f7fdeeacd7d.jpg,512,512,1.0,0.0,81.54,53.7,376.7
train,IR_BIRD_012_frame299_jpg.rf.ecfbeb93b8fb8e67c28864f737cc7ff1.txt,data/thermal-1-filtered/train/images/IR_BIRD_012_frame299_jpg.rf.ecfbeb93b8fb8e67c28864f737cc7ff1.jpg,512,512,1.0,0.0,107.9,45.77,126.04
train,frame641_jpg.rf.55aa26ff5bd654866da81bf1b7535799.txt,data/thermal-1-filtered/train/images/frame641_jpg.rf.55aa26ff5bd654866da81bf1b7535799.jpg,512,512,1.0,3.082,46.59,29.89,145.95
train,IR_BIRD_012_frame120_jpg.rf.12a16c250f543f08971a31fc92fb2596.txt,data/thermal-1-filtered/train/images/IR_BIRD_012_frame120_jpg.rf.12a16c250f543f08971a31fc92fb2596.jpg,512,512,1.0,0.0,95.88,56.02,74.9
train,frame280_jpg.rf.10503322b6267a40b3e1e07f096189df.txt,data/thermal-1-filtered/train/images/frame280_jpg.rf.10503322b6267a40b3e1e07f096189df.jpg,512,512,1.0,3.248,99.42,58.48,545.05
train,frame236_jpg.rf.325df51f58b976e45e7d22ea3a6d3aba.txt,data/thermal-1-filtered/train/images/frame236_jpg.rf.325df51f58b976e45e7d22ea3a6d3aba.jpg,512,512,1.0,3.115,95.43,49.86,437.57
train,002743_png.rf.a3fe41f0b66ed36067035cc02d1426a6.txt,data/thermal-1-filtered/train/images/002743_png.rf.a3fe41f0b66ed36067035cc02d1426a6.jpg,512,512,1.0,0.0,85.37,54.34,1859.17
train,frame463_jpg.rf.c70c38dd7350147ff8493f7036056175.txt,data/thermal-1-filtered/train/images/frame463_jpg.rf.c70c38dd7350147ff8493f7036056175.jpg,512,512,1.0,3.137,92.49,42.94,201.73
train,IR_BIRD_012_frame54_jpg.rf.fb0dafaf449e2a4e5d7c3ad2934673ff.txt,data/thermal-1-filtered/train/images/IR_BIRD_012_frame54_jpg.rf.fb0dafaf449e2a4e5d7c3ad2934673ff.jpg,512,512,1.0,0.0,92.87,54.83,68.37
train,002201_png.rf.3f38ffa95e54fa613e1a0533e17ab713.txt,data/thermal-1-filtered/train/images/002201_png.rf.3f38ffa95e54fa613e1a0533e17ab713.jpg,512,512,1.0,0.0,92.0,56.53,2320.05
train,frame398_jpg.rf.82f012aea78e268ebd24b3e83d59ece2.txt,data/thermal-1-filtered/train/images/frame398_jpg.rf.82f012aea78e268ebd24b3e83d59ece2.jpg,512,512,1.0,3.144,89.81,43.1,140.78
train,ir_3_031670_jpg.rf.83b8b0fe41593e6636e2fb54cdb006da.txt,data/thermal-1-filtered/train/images/ir_3_031670_jpg.rf.83b8b0fe41593e6636e2fb54cdb006da.jpg,512,512,1.0,0.0,90.93,55.55,840.1
train,frame295_jpg.rf.39fc415729021efbfdbfd8dcb5c077ca.txt,data/thermal-1-filtered/train/images/frame295_jpg.rf.39fc415729021efbfdbfd8dcb5c077ca.jpg,512,512,1.0,3.22,92.0,51.39,216.37
train,IR_BIRD_012_frame228_jpg.rf.e857d9defec5b81dce5e2f181042d918.txt,data/thermal-1-filtered/train/images/IR_BIRD_012_frame228_jpg.rf.e857d9defec5b81dce5e2f181042d918.jpg,512,512,1.0,0.0,99.47,54.14,90.14
train,frame426_jpg.rf.3fa321c0094eb44d85baa0c73374be9b.txt,data/thermal-1-filtered/train/images/frame426_jpg.rf.3fa321c0094eb44d85baa0c73374be9b.jpg,512,512,1.0,3.035,77.28,43.94,116.22
train,frame721_jpg.rf.4ae5474a3ad82807441dcaf6c1ec8ba9.txt,data/thermal-1-filtered/train/images/frame721_jpg.rf.4ae5474a3ad82807441dcaf6c1ec8ba9.jpg,512,512,1.0,3.302,66.76,33.71,409.62
train,0_0_000063_jpg.rf.5395e9a3be8b5a6ee3ea150cc5aaca3b.txt,data/thermal-1-filtered/train/images/0_0_000063_jpg.rf.5395e9a3be8b5a6ee3ea150cc5aaca3b.jpg,512,512,1.0,0.0,62.17,66.85,81.37
train,IR_BIRD_012_frame165_jpg.rf.5bce9a4b3983dab1280741f3af57b0fb.txt,data/thermal-1-filtered/train/images/IR_BIRD_012_frame165_jpg.rf.5bce9a4b3983dab1280741f3af57b0fb.jpg,512,512,1.0,0.0,90.04,51.39,85.78
train,003695_png.rf.f943d4d0341b266d33a4f936fd521200.txt,data/thermal-1-filtered/train/images/003695_png.rf.f943d4d0341b266d33a4f936fd521200.jpg,512,512,1.0,0.0,86.38,54.52,877.67
train,002079_png.rf.e1213f857def0e6ae37e832c084cfde9.txt,data/thermal-1-filtered/train/images/002079_png.rf.e1213f857def0e6ae37e832c084cfde9.jpg,512,512,1.0,0.0,81.14,57.43,1207.72
train,frame216_jpg.rf.a7075bcdea8e2f2cdd32e653e12749e8.txt,data/thermal-1-filtered/train/images/frame216_jpg.rf.a7075bcdea8e2f2cdd32e653e12749e8.jpg,512,512,1.0,2.987,85.8,49.37,188.53
train,003029_png.rf.14b818620a33c60faa27a7f9f832f209.txt,data/thermal-1-filtered/train/images/003029_png.rf.14b818620a33c60faa27a7f9f832f209.jpg,512,512,1.0,0.0,80.87,56.39,908.57
train,ir_050260_jpg.rf.7ab784d0908d6ff64c205c9c0dc36f8c.txt,data/thermal-1-filtered/train/images/ir_050260_jpg.rf.7ab784d0908d6ff64c205c9c0dc36f8c.jpg,512,512,1.0,0.0,90.86,59.13,2285.35
train,frame675_jpg.rf.dadfa16c4e67831c2e4cfc97f42dd925.txt,data/thermal-1-filtered/train/images/frame675_jpg.rf.dadfa16c4e67831c2e4cfc97f42dd925.jpg,512,512,1.0,3.166,37.29,21.15,91.2
train,frame249_jpg.rf.3c489400bc42a70503001c0cce7b3386.txt,data/thermal-1-filtered/train/images/frame249_jpg.rf.3c489400bc42a70503001c0cce7b3386.jpg,512,512,1.0,3.052,100.3,57.0,259.11
train,frame660_jpg.rf.dd4ea3e33af1a036c0db4d65c15cf58f.txt,data/thermal-1-filtered/train/images/frame660_jpg.rf.dd4ea3e33af1a036c0db4d65c15cf58f.jpg,512,512,1.0,3.308,54.97,33.21,424.39
train,002406_png.rf.9cca614e4ba61e053915f8f870410497.txt,data/thermal-1-filtered/train/images/002406_png.rf.9cca614e4ba61e053915f8f870410497.jpg,512,512,1.0,0.0,81.55,54.85,424.01
train,003797_png.rf.602998ac8b88099cb88712a09b6af84d.txt,data/thermal-1-filtered/train/images/003797_png.rf.602998ac8b88099cb88712a09b6af84d.jpg,512,512,1.0,0.0,86.39,53.52,137.44
train,003806_png.rf.84270c306020698a05ca131d8f435f38.txt,data/thermal-1-filtered/train/images/003806_png.rf.84270c306020698a05ca131d8f435f38.jpg,512,512,1.0,0.0,88.38,55.74,221.92
train,frame434_jpg.rf.0049fec213bb0a60336b5a2a618ff562.txt,data/thermal-1-filtered/train/images/frame434_jpg.rf.0049fec213bb0a60336b5a2a618ff562.jpg,512,512,1.0,3.11,80.89,47.04,183.04
train,IR_BIRD_012_frame70_jpg.rf.362f4cd0749b43a9c004b0663c13a07d.txt,data/thermal-1-filtered/train/images/IR_BIRD_012_frame70_jpg.rf.362f4cd0749b43a9c004b0663c13a07d.jpg,512,512,1.0,0.0,101.19,46.31,69.71
train,0_0_000017_jpg.rf.63d306878b0315e6f0393199360b767c.txt,data/thermal-1-filtered/train/images/0_0_000017_jpg.rf.63d306878b0315e6f0393199360b767c.jpg,512,512,1.0,0.0,97.06,75.46,121.47
train,003784_png.rf.9826ed0398e85a92d9f435e986d61290.txt,data/thermal-1-filtered/train/images/003784_png.rf.9826ed0398e85a92d9f435e986d61290.jpg,512,512,1.0,0.0,101.22,58.42,594.6
train,frame398_jpg.rf.fd0ef9d1e9d309279ce9326aca9aa21d.txt,data/thermal-1-filtered/train/images/frame398_jpg.rf.fd0ef9d1e9d309279ce9326aca9aa21d.jpg,512,512,1.0,3.28,92.37,40.95,456.98
train,IR_BIRD_012_frame270_jpg.rf.98b997846fbfc16d37c1a34b0d004438.txt,data/thermal-1-filtered/train/images/IR_BIRD_012_frame270_jpg.rf.98b997846fbfc16d37c1a34b0d004438.jpg,512,512,1.0,0.0,99.37,54.44,86.74
train,frame394_jpg.rf.b377aac695dae1fcfe099bb5e0856429.txt,data/thermal-1-filtered/train/images/frame394_jpg.rf.b377aac695dae1fcfe099bb5e0856429.jpg,512,512,1.0,3.28,91.65,41.02,430.35
train,frame659_jpg.rf.2cb7ba4d566200bc58892191fb4a4861.txt,data/thermal-1-filtered/train/images/frame659_jpg.rf.2cb7ba4d566200bc58892191fb4a4861.jpg,512,512,1.0,3.125,43.15,26.48,91.7
train,0_0_000022_jpg.rf.7ef0d046b96e2521e0af12547c36fd2b.txt,data/thermal-1-filtered/train/images/0_0_000022_jpg.rf.7ef0d046b96e2521e0af12547c36fd2b.jpg,512,512,1.0,0.0,105.88,73.05,87.58
train,002324_png.rf.176bc922e8fbc013f9f99416765b1cf6.txt,data/thermal-1-filtered/train/images/002324_png.rf.176bc922e8fbc013f9f99416765b1cf6.jpg,512,512,1.0,0.0,87.32,57.59,2129.44
train,003843_png.rf.0d3e5e9a6d3d81fb197754bdf70c61f8.txt,data/thermal-1-filtered/train/images/003843_png.rf.0d3e5e9a6d3d81fb197754bdf70c61f8.jpg,512,512,1.0,0.0,90.23,56.63,352.87
train,frame665_jpg.rf.44b1c63c659939733736b750928733bc.txt,data/thermal-1-filtered/train/images/frame665_jpg.rf.44b1c63c659939733736b750928733bc.jpg,512,512,1.0,3.303,52.29,30.93,428.01
train,002742_png.rf.148232c8b80ca73bf5c8f7f97930e67a.txt,data/thermal-1-filtered/train/images/002742_png.rf.148232c8b80ca73bf5c8f7f97930e67a.jpg,512,512,1.0,0.0,81.26,53.36,607.03
train,003855_png.rf.264dd72a89596276233f861f6d2491fc.txt,data/thermal-1-filtered/train/images/003855_png.rf.264dd72a89596276233f861f6d2491fc.jpg,512,512,1.0,0.0,90.16,57.73,432.6
train,002733_png.rf.3060a656a550411171205e45b7cf7481.txt,data/thermal-1-filtered/train/images/002733_png.rf.3060a656a550411171205e45b7cf7481.jpg,512,512,1.0,0.0,82.7,53.47,146.38
train,002389_png.rf.503c68c093a9f9ff1aa8ede915f05b38.txt,data/thermal-1-filtered/train/images/002389_png.rf.503c68c093a9f9ff1aa8ede915f05b38.jpg,512,512,1.0,0.0,85.42,53.92,479.69
train,001992_png.rf.72c2ba6edef6ef47da938a6825271556.txt,data/thermal-1-filtered/train/images/001992_png.rf.72c2ba6edef6ef47da938a6825271556.jpg,512,512,1.0,0.0,85.25,56.26,813.92
train,0_0_000030_jpg.rf.cf5cb548c895ea23cebcff9b16371bee.txt,data/thermal-1-filtered/train/images/0_0_000030_jpg.rf.cf5cb548c895ea23cebcff9b16371bee.jpg,512,512,1.0,0.0,88.6,72.67,105.19
train,frame285_jpg.rf.1c0ff0048a416f69e1cb5a6c024427bf.txt,data/thermal-1-filtered/train/images/frame285_jpg.rf.1c0ff0048a416f69e1cb5a6c024427bf.jpg,512,512,1.0,3.075,90.64,57.62,227.95
train,ir_3_031670_jpg.rf.4fca93503aacbe3126362182b9e20e83.txt,data/thermal-1-filtered/train/images/ir_3_031670_jpg.rf.4fca93503aacbe3126362182b9e20e83.jpg,512,512,1.0,0.0,89.94,58.33,1290.68
train,003093_png.rf.b08aa33db7059af57dc263a9ca0b830d.txt,data/thermal-1-filtered/train/images/003093_png.rf.b08aa33db7059af57dc263a9ca0b830d.jpg,512,512,1.0,0.0,88.2,57.18,2377.15
train,frame323_jpg.rf.fd0811296369485004a88889dfe283e6.txt,data/thermal-1-filtered/train/images/frame323_jpg.rf.fd0811296369485004a88889dfe283e6.jpg,512,512,1.0,3.064,94.34,61.0,189.23
train,frame187_jpg.rf.7eff1aff8d46f26ec2c924fda00e9432.txt,data/thermal-1-filtered/train/images/frame187_jpg.rf.7eff1aff8d46f26ec2c924fda00e9432.jpg,512,512,1.0,3.111,84.47,46.95,158.07
train,003964_png.rf.a136f4d9cb0739cf47eeb01197bba662.txt,data/thermal-1-filtered/train/images/003964_png.rf.a136f4d9cb0739cf47eeb01197bba662.jpg,512,512,1.0,0.0,80.79,54.54,571.4
train,IR_BIRD_012_frame257_jpg.rf.b36060b5d789f4a887ca3d1018c32a9c.txt,data/thermal-1-filtered/train/images/IR_BIRD_012_frame257_jpg.rf.b36060b5d789f4a887ca3d1018c32a9c.jpg,512,512,1.0,0.0,104.76,49.35,94.41
train,002682_png.rf.96b6c6c1b323eb3abfe2653efa0fed38.txt,data/thermal-1-filtered/train/images/002682_png.rf.96b6c6c1b323eb3abfe2653efa0fed38.jpg,512,512,1.0,0.0,88.38,54.07,665.34
train,003827_png.rf.7440fb6146c2258387ddec157a1f4604.txt,data/thermal-1-filtered/train/images/003827_png.rf.7440fb6146c2258387ddec157a1f4604.jpg,512,512,1.0,0.0,97.61,56.92,1222.04
train,002262_png.rf.18946757d42e0643a58806d46d8986fe.txt,data/thermal-1-filtered/train/images/002262_png.rf.18946757d42e0643a58806d46d8986fe.jpg,512,512,1.0,0.0,87.74,53.14,1011.85
train,img_0384_png.rf.1e1b25ec94b3c8e72a444f2f5e7e839c.txt,data/thermal-1-filtered/train/images/img_0384_png.rf.1e1b25ec94b3c8e72a444f2f5e7e839c.jpg,512,512,1.0,0.0,111.74,42.12,78.43
train,IR_BIRD_012_frame285_jpg.rf.bdc55bc9dc94c3674b1d8dda117f17a2.txt,data/thermal-1-filtered/train/images/IR_BIRD_012_frame285_jpg.rf.bdc55bc9dc94c3674b1d8dda117f17a2.jpg,512,512,1.0,0.0,98.92,57.03,95.33
train,002343_png.rf.6b0416de76fddb72cb3db377a717549d.txt,data/thermal-1-filtered/train/images/002343_png.rf.6b0416de76fddb72cb3db377a717549d.jpg,512,512,1.0,0.0,78.49,54.99,455.71
train,003025_png.rf.54b8a2803a8f1c21fb0916915d9136d7.txt,data/thermal-1-filtered/train/images/003025_png.rf.54b8a2803a8f1c21fb0916915d9136d7.jpg,512,512,1.0,0.0,88.68,57.97,2642.07
train,frame440_jpg.rf.73fc93b4043ada20dbc36f31a8e2c4ce.txt,data/thermal-1-filtered/train/images/frame440_jpg.rf.73fc93b4043ada20dbc36f31a8e2c4ce.jpg,512,512,1.0,3.279,91.04,42.98,597.56
train,003109_png.rf.1e824d777546e88afb226448ab2b28e1.txt,data/thermal-1-filtered/train/images/003109_png.rf.1e824d777546e88afb226448ab2b28e1.jpg,512,512,1.0,0.0,87.29,55.68,889.77
train,frame254_jpg.rf.699223ccae425e6f36d75f6b8a24e2aa.txt,data/thermal-1-filtered/train/images/frame254_jpg.rf.699223ccae425e6f36d75f6b8a24e2aa.jpg,512,512,1.0,3.039,95.63,59.69,253.29
train,frame153_jpg.rf.47851dfb741741a912c2aa32432965ae.txt,data/thermal-1-filtered/train/images/frame153_jpg.rf.47851dfb741741a912c2aa32432965ae.jpg,512,512,1.0,3.138,93.33,54.23,141.94
train,frame498_jpg.rf.6d4da2a2e6ef5b727304e44571e488b1.txt,data/thermal-1-filtered/train/images/frame498_jpg.rf.6d4da2a2e6ef5b727304e44571e488b1.jpg,512,512,1.0,3.018,75.12,36.18,149.31
train,002269_png.rf.cc2dde93848bc5ca3a14acf726f7dbcd.txt,data/thermal-1-filtered/train/images/002269_png.rf.cc2dde93848bc5ca3a14acf726f7dbcd.jpg,512,512,1.0,0.0,82.06,50.37,237.88
train,frame121_jpg.rf.d034b3a0ef74258b00734eda671c0fb2.txt,data/thermal-1-filtered/train/images/frame121_jpg.rf.d034b3a0ef74258b00734eda671c0fb2.jpg,512,512,1.0,3.216,93.99,55.67,681.16
train,002786_png.rf.9bc53aec214b539819f6420e3f6d73ee.txt,data/thermal-1-filtered/train/images/002786_png.rf.9bc53aec214b539819f6420e3f6d73ee.jpg,512,512,1.0,0.0,86.87,59.35,408.05
train,002958_png.rf.ef435780ac7581f4dd7febe033c125c3.txt,data/thermal-1-filtered/train/images/002958_png.rf.ef435780ac7581f4dd7febe033c125c3.jpg,512,512,1.0,0.0,82.4,58.24,980.75
train,001512_png.rf.e17930161ee0e23561784b90fb8fc149.txt,data/thermal-1-filtered/train/images/001512_png.rf.e17930161ee0e23561784b90fb8fc149.jpg,512,512,1.0,0.0,79.4,55.83,185.88
train,002540_png.rf.4eb761f96b37fb18cbb9545a38a7d96f.txt,data/thermal-1-filtered/train/images/002540_png.rf.4eb761f96b37fb18cbb9545a38a7d96f.jpg,512,512,1.0,0.0,87.61,54.86,440.15
train,frame529_jpg.rf.f3f91b9c8601b6fbaf8cc89071934c3c.txt,data/thermal-1-filtered/train/images/frame529_jpg.rf.f3f91b9c8601b6fbaf8cc89071934c3c.jpg,512,512,1.0,3.197,53.88,23.83,83.95
train,frame446_jpg.rf.f5ea8e2837efb312760aa3c710da4389.txt,data/thermal-1-filtered/train/images/frame446_jpg.rf.f5ea8e2837efb312760aa3c710da4389.jpg,512,512,1.0,3.214,93.64,46.7,242.72
train,002272_png.rf.a6d7d5b703c58c92314776af66fda62c.txt,data/thermal-1-filtered/train/images/002272_png.rf.a6d7d5b703c58c92314776af66fda62c.jpg,512,512,1.0,0.0,85.21,55.35,314.32
train,003735_png.rf.c6808b11cfe8df7ecf950a9721e7defd.txt,data/thermal-1-filtered/train/images/003735_png.rf.c6808b11cfe8df7ecf950a9721e7defd.jpg,512,512,1.0,0.0,90.38,54.06,1836.84
train,002024_png.rf.4a17a2592cdfb84b941d26b8f423d7d1.txt,data/thermal-1-filtered/train/images/002024_png.rf.4a17a2592cdfb84b941d26b8f423d7d1.jpg,512,512,1.0,0.0,86.07,56.03,1123.21
train,001506_png.rf.82fbba1c1df23bde1b23fcc9989abc0f.txt,data/thermal-1-filtered/train/images/001506_png.rf.82fbba1c1df23bde1b23fcc9989abc0f.jpg,512,512,1.0,0.0,93.57,56.95,274.03
train,IR_BIRD_012_frame25_jpg.rf.a2ced9fa3e2ab60d769c111f843b9e14.txt,data/thermal-1-filtered/train/images/IR_BIRD_012_frame25_jpg.rf.a2ced9fa3e2ab60d769c111f843b9e14.jpg,512,512,1.0,0.0,97.57,52.68,63.22
train,0_0_000008_jpg.rf.6d1aba7b6b2e731f859a892da1643119.txt,data/thermal-1-filtered/train/images/0_0_000008_jpg.rf.6d1aba7b6b2e731f859a892da1643119.jpg,512,512,1.0,0.0,116.66,53.12,358.48
train,frame521_jpg.rf.d2c3e96ce2b5cda4ee5aed4eee5a9b07.txt,data/thermal-1-filtered/train/images/frame521_jpg.rf.d2c3e96ce2b5cda4ee5aed4eee5a9b07.jpg,512,512,1.0,3.247,66.04,28.91,145.43
train,002330_png.rf.f24d37c63f209caf0b3c78c1d924bebd.txt,data/thermal-1-filtered/train/images/002330_png.rf.f24d37c63f209caf0b3c78c1d924bebd.jpg,512,512,1.0,0.0,89.19,56.76,1827.18
train,frame704_jpg.rf.56908931eabe5e21f892f1e98b8ecf54.txt,data/thermal-1-filtered/train/images/frame704_jpg.rf.56908931eabe5e21f892f1e98b8ecf54.jpg,512,512,1.0,3.194,47.66,29.61,139.84
train,002612_png.rf.1348824095973f7070381beaf91cff12.txt,data/thermal-1-filtered/train/images/002612_png.rf.1348824095973f7070381beaf91cff12.jpg,512,512,1.0,0.0,83.56,55.05,626.97
train,002465_png.rf.801439d8a24d016ece2a4b6ad6c286dc.txt,data/thermal-1-filtered/train/images/002465_png.rf.801439d8a24d016ece2a4b6ad6c286dc.jpg,512,512,1.0,0.0,73.3,48.36,281.27
train,002400_png.rf.458722052cb1d907d51cd3aabea65b24.txt,data/thermal-1-filtered/train/images/002400_png.rf.458722052cb1d907d51cd3aabea65b24.jpg,512,512,1.0,0.0,79.14,49.98,357.2
train,003823_png.rf.c18ebbf47f25dacb15b7f7f354af6172.txt,data/thermal-1-filtered/train/images/003823_png.rf.c18ebbf47f25dacb15b7f7f354af6172.jpg,512,512,1.0,0.0,91.09,57.62,466.16
train,0_0_000062_jpg.rf.1ea086109a3e772eebd9711e7a40f012.txt,data/thermal-1-filtered/train/images/0_0_000062_jpg.rf.1ea086109a3e772eebd9711e7a40f012.jpg,512,512,1.0,0.0,69.11,68.83,57.06
train,frame179_jpg.rf.aa86303f5c8c1abdc3ec5b0cebfbc6f3.txt,data/thermal-1-filtered/train/images/frame179_jpg.rf.aa86303f5c8c1abdc3ec5b0cebfbc6f3.jpg,512,512,1.0,2.945,84.17,53.05,134.82
train,frame225_jpg.rf.67d1521a13fe40edd56bad0a53815e31.txt,data/thermal-1-filtered/train/images/frame225_jpg.rf.67d1521a13fe40edd56bad0a53815e31.jpg,512,512,1.0,3.08,87.42,50.5,135.38
train,0_0_000054_jpg.rf.2ca4e12b1ba9070bb3e747dee12f2b8b.txt,data/thermal-1-filtered/train/images/0_0_000054_jpg.rf.2ca4e12b1ba9070bb3e747dee12f2b8b.jpg,512,512,1.0,0.0,69.29,68.88,171.62
train,ir_3_031420_jpg.rf.5446f5bd078800f3fc90670c4dfc319f.txt,data/thermal-1-filtered/train/images/ir_3_031420_jpg.rf.5446f5bd078800f3fc90670c4dfc319f.jpg,512,512,1.0,0.0,94.07,59.83,3685.17
train,frame368_jpg.rf.cdd8fa563baac3193033be05786a3217.txt,data/thermal-1-filtered/train/images/frame368_jpg.rf.cdd8fa563baac3193033be05786a3217.jpg,512,512,1.0,3.199,90.2,44.48,212.32
train,frame610_jpg.rf.0905610b1b6182abe5680929f31462b5.txt,data/thermal-1-filtered/train/images/frame610_jpg.rf.0905610b1b6182abe5680929f31462b5.jpg,512,512,1.0,3.308,56.82,34.09,435.39
train,frame502_jpg.rf.0e27d9c3a787792d5a7601cf010cced7.txt,data/thermal-1-filtered/train/images/frame502_jpg.rf.0e27d9c3a787792d5a7601cf010cced7.jpg,512,512,1.0,3.301,88.18,34.51,373.6
train,002562_png.rf.546bb45609155bca252f9af794e64d78.txt,data/thermal-1-filtered/train/images/002562_png.rf.546bb45609155bca252f9af794e64d78.jpg,512,512,1.0,0.0,79.99,53.54,351.54
train,002346_png.rf.5f6f9f9032f7d741922494be9f12e399.txt,data/thermal-1-filtered/train/images/002346_png.rf.5f6f9f9032f7d741922494be9f12e399.jpg,512,512,1.0,0.0,87.94,55.44,1093.8
train,frame367_jpg.rf.8c2fda482d0a9d2591771085d17f429b.txt,data/thermal-1-filtered/train/images/frame367_jpg.rf.8c2fda482d0a9d2591771085d17f429b.jpg,512,512,1.0,2.994,83.32,48.98,133.89
train,ir_035420_jpg.rf.c50203918dc5f488788469663eba8d48.txt,data/thermal-1-filtered/train/images/ir_035420_jpg.rf.c50203918dc5f488788469663eba8d48.jpg,512,512,1.0,0.0,87.62,58.05,2706.35
train,003063_png.rf.a86e85b88700d7232240cf75093b0d43.txt,data/thermal-1-filtered/train/images/003063_png.rf.a86e85b88700d7232240cf75093b0d43.jpg,512,512,1.0,0.0,89.52,58.13,2832.89
train,ir_3_021970_jpg.rf.1073230aaf453e457a47434e3449f9cc.txt,data/thermal-1-filtered/train/images/ir_3_021970_jpg.rf.1073230aaf453e457a47434e3449f9cc.jpg,512,512,1.0,0.0,88.49,59.4,1788.23
train,002802_png.rf.3dc33485611182fd1e5fdfd012736807.txt,data/thermal-1-filtered/train/images/002802_png.rf.3dc33485611182fd1e5fdfd012736807.jpg,512,512,1.0,0.0,81.62,56.81,614.1
train,frame527_jpg.rf.a557c8487b5249647add127203bdc0e0.txt,data/thermal-1-filtered/train/images/frame527_jpg.rf.a557c8487b5249647add127203bdc0e0.jpg,512,512,1.0,3.299,67.53,30.19,385.66
train,002207_png.rf.d1f8eeaba20743bf400bbc5a299e6c59.txt,data/thermal-1-filtered/train/images/002207_png.rf.d1f8eeaba20743bf400bbc5a299e6c59.jpg,512,512,1.0,0.0,84.53,53.42,617.02
train,003722_png.rf.e4a28c5e16025847668e33de2cbb9f60.txt,data/thermal-1-filtered/train/images/003722_png.rf.e4a28c5e16025847668e33de2cbb9f60.jpg,512,512,1.0,0.0,80.36,54.62,708.24
train,IR_BIRD_012_frame110_jpg.rf.a8a7de1b16112c0832e46685b4f238aa.txt,data/thermal-1-filtered/train/images/IR_BIRD_012_frame110_jpg.rf.a8a7de1b16112c0832e46685b4f238aa.jpg,512,512,1.0,0.0,104.26,49.46,75.65
train,002828_png.rf.2ffdd316dbccd5eb98ef763adb7ddc57.txt,data/thermal-1-filtered/train/images/002828_png.rf.2ffdd316dbccd5eb98ef763adb7ddc57.jpg,512,512,1.0,0.0,83.9,51.83,1046.62
train,frame419_jpg.rf.f29d0e09e29a09c3f3b28bef68734a79.txt,data/thermal-1-filtered/train/images/frame419_jpg.rf.f29d0e09e29a09c3f3b28bef68734a79.jpg,512,512,1.0,2.992,78.88,46.96,152.46
train,003702_png.rf.9972e67013f4894dccaca9a8de227f7f.txt,data/thermal-1-filtered/train/images/003702_png.rf.9972e67013f4894dccaca9a8de227f7f.jpg,512,512,1.0,0.0,87.64,54.56,946.96
train,frame365_jpg.rf.addab8bd12d436e4af15c2f544de8519.txt,data/thermal-1-filtered/train/images/frame365_jpg.rf.addab8bd12d436e4af15c2f544de8519.jpg,512,512,1.0,3.049,86.33,48.71,131.46
train,000012_png.rf.391603c942952df19c78ca8f6a41a859.txt,data/thermal-1-filtered/train/images/000012_png.rf.391603c942952df19c78ca8f6a41a859.jpg,512,512,1.0,0.0,87.43,58.75,406.37
train,IR_BIRD_012_frame86_jpg.rf.d7f8144034f29fe88abee749c1c953be.txt,data/thermal-1-filtered/train/images/IR_BIRD_012_frame86_jpg.rf.d7f8144034f29fe88abee749c1c953be.jpg,512,512,1.0,0.0,101.22,46.3,69.98
train,frame695_jpg.rf.41d38ad47527129b0b5d46a1e3c2a929.txt,data/thermal-1-filtered/train/images/frame695_jpg.rf.41d38ad47527129b0b5d46a1e3c2a929.jpg,512,512,1.0,3.04,40.05,25.52,168.19
train,002348_png.rf.5a25b4ca127ab16682d9a1cb28486341.txt,data/thermal-1-filtered/train/images/002348_png.rf.5a25b4ca127ab16682d9a1cb28486341.jpg,512,512,1.0,0.0,88.17,55.63,1175.91
train,ir_3_034950_jpg.rf.adda5934595d300f9ea3f9882f0a6780.txt,data/thermal-1-filtered/train/images/ir_3_034950_jpg.rf.adda5934595d300f9ea3f9882f0a6780.jpg,512,512,1.0,0.0,78.62,55.12,713.21
train,003778_png.rf.0a18d1ccd94c14cffe65d739a1caefee.txt,data/thermal-1-filtered/train/images/003778_png.rf.0a18d1ccd94c14cffe65d739a1caefee.jpg,512,512,1.0,0.0,87.77,54.78,198.08
train,frame148_jpg.rf.b462b08934689bf3e3ad29947671632a.txt,data/thermal-1-filtered/train/images/frame148_jpg.rf.b462b08934689bf3e3ad29947671632a.jpg,512,512,1.0,3.131,92.7,52.89,143.12
train,IR_BIRD_012_frame291_jpg.rf.1c9d1250f39a06719da11d3dd23410f8.txt,data/thermal-1-filtered/train/images/IR_BIRD_012_frame291_jpg.rf.1c9d1250f39a06719da11d3dd23410f8.jpg,512,512,1.0,0.0,106.51,50.39,96.01
train,frame515_jpg.rf.7f7e554f7bb4dab24f2d7b59467299f9.txt,data/thermal-1-filtered/train/images/frame515_jpg.rf.7f7e554f7bb4dab24f2d7b59467299f9.jpg,512,512,1.0,3.146,73.84,30.37,151.14
train,003826_png.rf.f69149104eb1ac3752c24fd8ff99bf56.txt,data/thermal-1-filtered/train/images/003826_png.rf.f69149104eb1ac3752c24fd8ff99bf56.jpg,512,512,1.0,0.0,88.69,55.29,394.64
train,frame692_jpg.rf.426a0add952427d4c9e6857a44210ed1.txt,data/thermal-1-filtered/train/images/frame692_jpg.rf.426a0add952427d4c9e6857a44210ed1.jpg,512,512,1.0,3.295,45.31,24.1,140.82
train,frame411_jpg.rf.97af8e35a9cf72a5480d8d3f0ffd0b26.txt,data/thermal-1-filtered/train/images/frame411_jpg.rf.97af8e35a9cf72a5480d8d3f0ffd0b26.jpg,512,512,1.0,2.997,80.68,45.52,104.02
train,frame65_jpg.rf.57c4bf27da160e5735c9a240816498fa.txt,data/thermal-1-filtered/train/images/frame65_jpg.rf.57c4bf27da160e5735c9a240816498fa.jpg,512,512,1.0,3.118,89.87,52.68,230.64
train,frame124_jpg.rf.8bcd74dea775410bff4e94d47334ebbb.txt,data/thermal-1-filtered/train/images/frame124_jpg.rf.8bcd74dea775410bff4e94d47334ebbb.jpg,512,512,1.0,3.25,98.04,56.64,720.41
train,002402_png.rf.43a5d5677ca8e1a43fb246eda048ef76.txt,data/thermal-1-filtered/train/images/002402_png.rf.43a5d5677ca8e1a43fb246eda048ef76.jpg,512,512,1.0,0.0,77.67,54.6,401.25
train,frame499_jpg.rf.3d6838657dc63180644836695e2ed3a8.txt,data/thermal-1-filtered/train/images/frame499_jpg.rf.3d6838657dc63180644836695e2ed3a8.jpg,512,512,1.0,3.252,81.26,30.16,122.78
train,003910_png.rf.3d153c3243987e55fb809851e814f6a3.txt,data/thermal-1-filtered/train/images/003910_png.rf.3d153c3243987e55fb809851e814f6a3.jpg,512,512,1.0,0.0,81.42,57.08,623.34
train,002051_png.rf.87b965cec5b98f3f56462d682edb0e09.txt,data/thermal-1-filtered/train/images/002051_png.rf.87b965cec5b98f3f56462d682edb0e09.jpg,512,512,1.0,0.0,83.98,56.45,1550.19
train,002335_png.rf.021db7655597667559ca3a6561fe1a85.txt,data/thermal-1-filtered/train/images/002335_png.rf.021db7655597667559ca3a6561fe1a85.jpg,512,512,1.0,0.0,89.44,56.58,1570.37
train,003099_png.rf.1cca0e19cb1532b367af99be964f8157.txt,data/thermal-1-filtered/train/images/003099_png.rf.1cca0e19cb1532b367af99be964f8157.jpg,512,512,1.0,0.0,88.5,57.39,2441.21
train,002695_png.rf.566917f0daf1834e5d8bd1b73c2aca9d.txt,data/thermal-1-filtered/train/images/002695_png.rf.566917f0daf1834e5d8bd1b73c2aca9d.jpg,512,512,1.0,0.0,76.72,51.58,714.56
train,002723_png.rf.5626a88e54c18f7677460b0f919317fd.txt,data/thermal-1-filtered/train/images/002723_png.rf.5626a88e54c18f7677460b0f919317fd.jpg,512,512,1.0,0.0,77.93,52.36,278.2
train,003536_png.rf.1fb9c8320e8b656632eccf83c97415b2.txt,data/thermal-1-filtered/train/images/003536_png.rf.1fb9c8320e8b656632eccf83c97415b2.jpg,512,512,1.0,0.0,87.23,56.42,571.97
train,frame716_jpg.rf.22f115fa448fb3344c07b95c02ec57cb.txt,data/thermal-1-filtered/train/images/frame716_jpg.rf.22f115fa448fb3344c07b95c02ec57cb.jpg,512,512,1.0,3.26,58.96,30.78,191.19
train,003810_png.rf.766bc650ab8b00ddfa2212804550b720.txt,data/thermal-1-filtered/train/images/003810_png.rf.766bc650ab8b00ddfa2212804550b720.jpg,512,512,1.0,0.0,95.63,55.16,374.1
train,ir_3_020740_jpg.rf.480a6e54656fb4bf58cb0e760a40e91e.txt,data/thermal-1-filtered/train/images/ir_3_020740_jpg.rf.480a6e54656fb4bf58cb0e760a40e91e.jpg,512,512,1.0,0.0,82.88,57.55,1199.46
train,frame274_jpg.rf.d083c894ab560bcd13d5cb788736c0af.txt,data/thermal-1-filtered/train/images/frame274_jpg.rf.d083c894ab560bcd13d5cb788736c0af.jpg,512,512,1.0,3.187,93.16,53.43,577.78
train,002274_png.rf.f280f71526c562586dfa020a2488334b.txt,data/thermal-1-filtered/train/images/002274_png.rf.f280f71526c562586dfa020a2488334b.jpg,512,512,1.0,0.0,88.39,53.68,227.71
train,frame724_jpg.rf.98a0d69074b20599dae6ff44ed79ba5b.txt,data/thermal-1-filtered/train/images/frame724_jpg.rf.98a0d69074b20599dae6ff44ed79ba5b.jpg,512,512,1.0,3.181,54.48,28.19,101.09
train,ir_3_022220_jpg.rf.93124fb5f7762c8f3ace96f6dbdf4654.txt,data/thermal-1-filtered/train/images/ir_3_022220_jpg.rf.93124fb5f7762c8f3ace96f6dbdf4654.jpg,512,512,1.0,0.0,82.02,57.24,444.83
train,003776_png.rf.44a7b5e7024d5813885242232b32b3b0.txt,data/thermal-1-filtered/train/images/003776_png.rf.44a7b5e7024d5813885242232b32b3b0.jpg,512,512,1.0,0.0,89.94,59.01,227.59
train,002834_png.rf.5ce137215c392ca34c6ca7c053926ed8.txt,data/thermal-1-filtered/train/images/002834_png.rf.5ce137215c392ca34c6ca7c053926ed8.jpg,512,512,1.0,0.0,69.53,49.22,210.92
train,IR_BIRD_012_frame207_jpg.rf.f0a674734e14b18df30848f18cf03c58.txt,data/thermal-1-filtered/train/images/IR_BIRD_012_frame207_jpg.rf.f0a674734e14b18df30848f18cf03c58.jpg,512,512,1.0,0.0,98.08,56.19,130.13
train,002952_png.rf.d9d128f75b2aca082a193f3c41adca7f.txt,data/thermal-1-filtered/train/images/002952_png.rf.d9d128f75b2aca082a193f3c41adca7f.jpg,512,512,1.0,0.0,88.66,59.25,3798.86
train,002507_png.rf.5824bfed22012ea85cdfdcb8a8145783.txt,data/thermal-1-filtered/train/images/002507_png.rf.5824bfed22012ea85cdfdcb8a8145783.jpg,512,512,1.0,0.0,78.25,54.38,631.73
train,003036_png.rf.5ccdddc7c00b4d0025562c2d44e49201.txt,data/thermal-1-filtered/train/images/003036_png.rf.5ccdddc7c00b4d0025562c2d44e49201.jpg,512,512,1.0,0.0,89.64,58.25,2688.82
train,000001_png.rf.50b1827df22da48d1659f6e024e38d80.txt,data/thermal-1-filtered/train/images/000001_png.rf.50b1827df22da48d1659f6e024e38d80.jpg,512,512,1.0,0.0,80.03,59.0,392.53
train,IR_BIRD_012_frame169_jpg.rf.8f8323bbda48f525a0e0b4392e3c6a42.txt,data/thermal-1-filtered/train/images/IR_BIRD_012_frame169_jpg.rf.8f8323bbda48f525a0e0b4392e3c6a42.jpg,512,512,1.0,0.0,87.99,51.86,66.71
train,003098_png.rf.af356e29eb621607a2155a87524b6264.txt,data/thermal-1-filtered/train/images/003098_png.rf.af356e29eb621607a2155a87524b6264.jpg,512,512,1.0,0.0,77.7,53.9,636.19
train,003813_png.rf.34b9a7c9f09470abce5b90e7db33bb17.txt,data/thermal-1-filtered/train/images/003813_png.rf.34b9a7c9f09470abce5b90e7db33bb17.jpg,512,512,1.0,0.0,86.67,56.09,278.03
train,003030_png.rf.0079047261f96121f5ede6dc1bd37ae2.txt,data/thermal-1-filtered/train/images/003030_png.rf.0079047261f96121f5ede6dc1bd37ae2.jpg,512,512,1.0,0.0,88.38,58.15,2797.97
train,0_0_000360_jpg.rf.19001b9ea7b2f4b13811bc05097b27eb.txt,data/thermal-1-filtered/train/images/0_0_000360_jpg.rf.19001b9ea7b2f4b13811bc05097b27eb.jpg,512,512,1.0,0.0,67.75,61.84,67.75
train,002682_png.rf.302dbe0c0492b631d5c1ae51accfcebd.txt,data/thermal-1-filtered/train/images/002682_png.rf.302dbe0c0492b631d5c1ae51accfcebd.jpg,512,512,1.0,0.0,88.59,53.42,739.86
train,002670_png.rf.8ca412273a71a84f2c7be18b54584d37.txt,data/thermal-1-filtered/train/images/002670_png.rf.8ca412273a71a84f2c7be18b54584d37.jpg,512,512,1.0,0.0,89.66,56.91,2199.55
train,000009_png.rf.a1390705f72d2f605190edbb64a9e399.txt,data/thermal-1-filtered/train/images/000009_png.rf.a1390705f72d2f605190edbb64a9e399.jpg,512,512,1.0,0.0,100.0,62.59,1028.31
train,002790_png.rf.c964eaa59e0b70e7e657c09cdb576855.txt,data/thermal-1-filtered/train/images/002790_png.rf.c964eaa59e0b70e7e657c09cdb576855.jpg,512,512,1.0,0.0,86.68,54.91,464.8
train,003052_png.rf.f1276605c91919da1533aaa13a789af2.txt,data/thermal-1-filtered/train/images/003052_png.rf.f1276605c91919da1533aaa13a789af2.jpg,512,512,1.0,0.0,89.78,56.89,1812.92
train,IR_BIRD_012_frame47_jpg.rf.304014226b1fd6627a3f70bb924d44e0.txt,data/thermal-1-filtered/train/images/IR_BIRD_012_frame47_jpg.rf.304014226b1fd6627a3f70bb924d44e0.jpg,512,512,1.0,0.0,91.95,54.63,69.32
train,IR_BIRD_012_frame49_jpg.rf.fe2f4b387b1755c40409f89d403bbada.txt,data/thermal-1-filtered/train/images/IR_BIRD_012_frame49_jpg.rf.fe2f4b387b1755c40409f89d403bbada.jpg,512,512,1.0,0.0,93.0,53.92,64.76
train,frame433_jpg.rf.176a9f3619ece504a4fd1b7b04f71f1f.txt,data/thermal-1-filtered/train/images/frame433_jpg.rf.176a9f3619ece504a4fd1b7b04f71f1f.jpg,512,512,1.0,2.975,78.38,49.33,179.63
train,IR_BIRD_012_frame246_jpg.rf.37f788e7774e05d068eee07e22d9b058.txt,data/thermal-1-filtered/train/images/IR_BIRD_012_frame246_jpg.rf.37f788e7774e05d068eee07e22d9b058.jpg,512,512,1.0,0.0,101.73,54.35,75.05
train,IR_BIRD_012_frame100_jpg.rf.4355da14a4a4b4fd51708f0a95efee38.txt,data/thermal-1-filtered/train/images/IR_BIRD_012_frame100_jpg.rf.4355da14a4a4b4fd51708f0a95efee38.jpg,512,512,1.0,0.0,96.14,54.19,66.7
train,frame380_jpg.rf.7e1d5c8496406878f70b326d4eb64d5f.txt,data/thermal-1-filtered/train/images/frame380_jpg.rf.7e1d5c8496406878f70b326d4eb64d5f.jpg,512,512,1.0,3.304,91.69,39.74,467.94
train,002340_png.rf.8c34854e5acbca1773b72ffcd7b0d089.txt,data/thermal-1-filtered/train/images/002340_png.rf.8c34854e5acbca1773b72ffcd7b0d089.jpg,512,512,1.0,0.0,89.34,56.26,1362.59
train,frame712_jpg.rf.c971a56a68691f9947cc159034ecb95c.txt,data/thermal-1-filtered/train/images/frame712_jpg.rf.c971a56a68691f9947cc159034ecb95c.jpg,512,512,1.0,3.233,56.69,32.43,197.39
train,frame596_jpg.rf.057f1fc9a9c4c69486a330c251ed94dd.txt,data/thermal-1-filtered/train/images/frame596_jpg.rf.057f1fc9a9c4c69486a330c251ed94dd.jpg,512,512,1.0,3.147,46.28,28.9,154.16
train,002345_png.rf.107dfb481e188902bcaaf83b5cd22e58.txt,data/thermal-1-filtered/train/images/002345_png.rf.107dfb481e188902bcaaf83b5cd22e58.jpg,512,512,1.0,0.0,80.85,52.31,332.52
train,002718_png.rf.47e15d2a3803ee64351ac97e9bc1fe8c.txt,data/thermal-1-filtered/train/images/002718_png.rf.47e15d2a3803ee64351ac97e9bc1fe8c.jpg,512,512,1.0,0.0,79.2,54.08,322.0
train,002732_png.rf.df5f5387adf380480d7f519b0c09b297.txt,data/thermal-1-filtered/train/images/002732_png.rf.df5f5387adf380480d7f519b0c09b297.jpg,512,512,1.0,0.0,72.77,54.02,127.58
train,frame167_jpg.rf.a1100cdeb3c376a4d67bc60c7b375671.txt,data/thermal-1-filtered/train/images/frame167_jpg.rf.a1100cdeb3c376a4d67bc60c7b375671.jpg,512,512,1.0,2.965,75.64,49.52,134.56
train,002406_png.rf.a106b63e4fa1908372b31598af4cf13e.txt,data/thermal-1-filtered/train/images/002406_png.rf.a106b63e4fa1908372b31598af4cf13e.jpg,512,512,1.0,0.0,90.69,55.35,1324.7
train,frame527_jpg.rf.ec86ecd2e227173ba26585fe3ef7a958.txt,data/thermal-1-filtered/train/images/frame527_jpg.rf.ec86ecd2e227173ba26585fe3ef7a958.jpg,512,512,1.0,3.195,58.77,27.06,128.64
train,002221_png.rf.cd99590116438394d05a6fd7ef2b0dc0.txt,data/thermal-1-filtered/train/images/002221_png.rf.cd99590116438394d05a6fd7ef2b0dc0.jpg,512,512,1.0,0.0,90.54,56.04,2237.71
train,frame718_jpg.rf.41851e3a6a67cb48b2f8ca7d691c29c3.txt,data/thermal-1-filtered/train/images/frame718_jpg.rf.41851e3a6a67cb48b2f8ca7d691c29c3.jpg,512,512,1.0,3.182,53.45,27.51,104.03
train,002391_png.rf.858f172fa8c943e532b58d45f3f140c3.txt,data/thermal-1-filtered/train/images/002391_png.rf.858f172fa8c943e532b58d45f3f140c3.jpg,512,512,1.0,0.0,88.95,55.56,1337.68
train,frame518_jpg.rf.c806a1579c4b6c2b5909de107bad95dc.txt,data/thermal-1-filtered/train/images/frame518_jpg.rf.c806a1579c4b6c2b5909de107bad95dc.jpg,512,512,1.0,3.124,70.03,31.36,158.03
train,frame616_jpg.rf.0987605d1ebad4168623d69e5303c665.txt,data/thermal-1-filtered/train/images/frame616_jpg.rf.0987605d1ebad4168623d69e5303c665.jpg,512,512,1.0,3.298,52.98,31.69,188.33
train,0_0_000100_jpg.rf.5569490beba28a8bad775e7b4fec51f9.txt,data/thermal-1-filtered/train/images/0_0_000100_jpg.rf.5569490beba28a8bad775e7b4fec51f9.jpg,512,512,1.0,0.0,125.59,48.38,97.33
train,IR_BIRD_012_frame71_jpg.rf.026840fa9f89d27fd9a76c1ae76938cf.txt,data/thermal-1-filtered/train/images/IR_BIRD_012_frame71_jpg.rf.026840fa9f89d27fd9a76c1ae76938cf.jpg,512,512,1.0,0.0,98.99,50.84,63.51
train,frame673_jpg.rf.506989caaaac5060fbe4a76867a0b8e9.txt,data/thermal-1-filtered/train/images/frame673_jpg.rf.506989caaaac5060fbe4a76867a0b8e9.jpg,512,512,1.0,3.123,38.44,23.44,111.06
train,frame141_jpg.rf.25f93cb8700f5e3dd4facee489bae0c8.txt,data/thermal-1-filtered/train/images/frame141_jpg.rf.25f93cb8700f5e3dd4facee489bae0c8.jpg,512,512,1.0,3.289,99.76,50.87,435.86
train,001514_png.rf.69cd6116f22c8f094e83a0d8299c5831.txt,data/thermal-1-filtered/train/images/001514_png.rf.69cd6116f22c8f094e83a0d8299c5831.jpg,512,512,1.0,0.0,84.06,54.89,186.74
train,002946_png.rf.9f2d9f1db3b29e51e36c5a263710577c.txt,data/thermal-1-filtered/train/images/002946_png.rf.9f2d9f1db3b29e51e36c5a263710577c.jpg,512,512,1.0,0.0,76.83,52.55,762.83
train,frame341_jpg.rf.1d6ff05cc1a3571035d634b39372c536.txt,data/thermal-1-filtered/train/images/frame341_jpg.rf.1d6ff05cc1a3571035d634b39372c536.jpg,512,512,1.0,2.974,93.49,53.78,167.47
train,003701_png.rf.20c28c7941219ad99e2659481cf03b55.txt,data/thermal-1-filtered/train/images/003701_png.rf.20c28c7941219ad99e2659481cf03b55.jpg,512,512,1.0,0.0,82.24,56.03,857.4
train,002703_png.rf.33b8f7b6c5d31731c00f4ddb885aadde.txt,data/thermal-1-filtered/train/images/002703_png.rf.33b8f7b6c5d31731c00f4ddb885aadde.jpg,512,512,1.0,0.0,76.65,55.31,555.63
train,002780_png.rf.5a412617bf81504a3fcfc8ac4304d7ae.txt,data/thermal-1-filtered/train/images/002780_png.rf.5a412617bf81504a3fcfc8ac4304d7ae.jpg,512,512,1.0,0.0,78.17,54.99,320.16
train,0_0_000038_jpg.rf.91b9959a5acc1602b8c776e80c52b350.txt,data/thermal-1-filtered/train/images/0_0_000038_jpg.rf.91b9959a5acc1602b8c776e80c52b350.jpg,512,512,1.0,0.0,106.25,69.82,245.67
train,002328_png.rf.3d36df0ee3ef8765c449aa69e5380c84.txt,data/thermal-1-filtered/train/images/002328_png.rf.3d36df0ee3ef8765c449aa69e5380c84.jpg,512,512,1.0,0.0,88.82,57.05,2038.85
train,frame204_jpg.rf.48b5d7ecde0908a8b40b900cc91bd8d9.txt,data/thermal-1-filtered/train/images/frame204_jpg.rf.48b5d7ecde0908a8b40b900cc91bd8d9.jpg,512,512,1.0,2.996,87.38,50.83,113.95
train,IR_BIRD_012_frame170_jpg.rf.edc499e77b577f539312c5673690bea0.txt,data/thermal-1-filtered/train/images/IR_BIRD_012_frame170_jpg.rf.edc499e77b577f539312c5673690bea0.jpg,512,512,1.0,0.0,92.71,52.89,73.58
train,003964_png.rf.0480be6c70eb2cc0c400f7d908a4f55b.txt,data/thermal-1-filtered/train/images/003964_png.rf.0480be6c70eb2cc0c400f7d908a4f55b.jpg,512,512,1.0,0.0,79.35,54.71,596.82
train,ir_3_022200_jpg.rf.0fe1a85dc9ecf47d02f9aac4aa21ec2e.txt,data/thermal-1-filtered/train/images/ir_3_022200_jpg.rf.0fe1a85dc9ecf47d02f9aac4aa21ec2e.jpg,512,512,1.0,0.0,97.84,59.86,526.61
train,002222_png.rf.df3a7b3ff2c1e54cdcfb21c54f45ff22.txt,data/thermal-1-filtered/train/images/002222_png.rf.df3a7b3ff2c1e54cdcfb21c54f45ff22.jpg,512,512,1.0,0.0,82.57,54.99,508.38
train,002043_png.rf.2cf51374b8d1863e6a2b5c45fb8d6753.txt,data/thermal-1-filtered/train/images/002043_png.rf.2cf51374b8d1863e6a2b5c45fb8d6753.jpg,512,512,1.0,0.0,87.88,58.87,4155.71
train,frame421_jpg.rf.0f8c7d7ab03d21ae21f8d1012c679c17.txt,data/thermal-1-filtered/train/images/frame421_jpg.rf.0f8c7d7ab03d21ae21f8d1012c679c17.jpg,512,512,1.0,3.045,73.65,41.89,95.43
train,frame24_jpg.rf.ba4026d634988961935aee1de7c8bfec.txt,data/thermal-1-filtered/train/images/frame24_jpg.rf.ba4026d634988961935aee1de7c8bfec.jpg,512,512,1.0,3.173,83.53,49.78,420.77
train,frame632_jpg.rf.eba3f5fa3030f7ff809d1a603c7bbf82.txt,data/thermal-1-filtered/train/images/frame632_jpg.rf.eba3f5fa3030f7ff809d1a603c7bbf82.jpg,512,512,1.0,3.107,44.19,28.0,118.08
train,frame104_jpg.rf.90f884b949125c27d5b762640a92c342.txt,data/thermal-1-filtered/train/images/frame104_jpg.rf.90f884b949125c27d5b762640a92c342.jpg,512,512,1.0,3.033,83.12,51.77,129.41
train,003430_png.rf.f742f6d530eadc61029c1aba108f017f.txt,data/thermal-1-filtered/train/images/003430_png.rf.f742f6d530eadc61029c1aba108f017f.jpg,512,512,1.0,0.0,90.65,56.47,2318.06
train,002208_png.rf.898a191a3c4e2ee29e79333727ed657f.txt,data/thermal-1-filtered/train/images/002208_png.rf.898a191a3c4e2ee29e79333727ed657f.jpg,512,512,1.0,0.0,91.23,56.15,2018.01
train,frame30_jpg.rf.24844153ccf079284a6a55db97b41321.txt,data/thermal-1-filtered/train/images/frame30_jpg.rf.24844153ccf079284a6a55db97b41321.jpg,512,512,1.0,2.863,75.54,54.25,112.28
train,IR_BIRD_012_frame276_jpg.rf.a20ca63a5ce4f7dfcb279c977e3e820e.txt,data/thermal-1-filtered/train/images/IR_BIRD_012_frame276_jpg.rf.a20ca63a5ce4f7dfcb279c977e3e820e.jpg,512,512,1.0,0.0,100.67,55.01,94.48
train,frame676_jpg.rf.8ed7d10866ff5863e253ee2bf1dfecf0.txt,data/thermal-1-filtered/train/images/frame676_jpg.rf.8ed7d10866ff5863e253ee2bf1dfecf0.jpg,512,512,1.0,3.294,42.67,24.01,100.0
train,002450_png.rf.39ac06bd3c32d5b6b4006a051dd5d056.txt,data/thermal-1-filtered/train/images/002450_png.rf.39ac06bd3c32d5b6b4006a051dd5d056.jpg,512,512,1.0,0.0,85.27,54.52,1162.08
train,frame345_jpg.rf.353c7fb485f8c0b2d95dc45cb1d89bce.txt,data/thermal-1-filtered/train/images/frame345_jpg.rf.353c7fb485f8c0b2d95dc45cb1d89bce.jpg,512,512,1.0,3.236,103.02,43.66,168.05
train,IR_BIRD_012_frame49_jpg.rf.fac87cd97c8ef0a3bc9cfee18b3b50f2.txt,data/thermal-1-filtered/train/images/IR_BIRD_012_frame49_jpg.rf.fac87cd97c8ef0a3bc9cfee18b3b50f2.jpg,512,512,1.0,0.0,101.19,46.31,69.73
train,002206_png.rf.7f2fa72d1a36c722d58d42aacece9741.txt,data/thermal-1-filtered/train/images/002206_png.rf.7f2fa72d1a36c722d58d42aacece9741.jpg,512,512,1.0,0.0,90.14,54.46,714.38
train,frame318_jpg.rf.fd4d0fbdde68c430ec5cfee95a849add.txt,data/thermal-1-filtered/train/images/frame318_jpg.rf.fd4d0fbdde68c430ec5cfee95a849add.jpg,512,512,1.0,3.287,105.46,58.41,573.42
train,002329_png.rf.40684a0d252b61b58e4dd38bed7f0dd8.txt,data/thermal-1-filtered/train/images/002329_png.rf.40684a0d252b61b58e4dd38bed7f0dd8.jpg,512,512,1.0,0.0,86.82,56.06,725.06
train,002369_png.rf.c4cb52ddedabb2a1cfcd3a2bc6e1cc03.txt,data/thermal-1-filtered/train/images/002369_png.rf.c4cb52ddedabb2a1cfcd3a2bc6e1cc03.jpg,512,512,1.0,0.0,88.37,54.52,889.73
train,frame0_jpg.rf.1fccfdce07d82d62b0d91c07312a7853.txt,data/thermal-1-filtered/train/images/frame0_jpg.rf.1fccfdce07d82d62b0d91c07312a7853.jpg,512,512,1.0,3.048,66.09,41.72,132.33
train,ir_3_034950_jpg.rf.d742f8867af5aeb2a36a486e276c633a.txt,data/thermal-1-filtered/train/images/ir_3_034950_jpg.rf.d742f8867af5aeb2a36a486e276c633a.jpg,512,512,1.0,0.0,86.76,57.89,2140.36
train,IR_BIRD_012_frame29_jpg.rf.d7f14ca51bc22dfea51be3d42341de7d.txt,data/thermal-1-filtered/train/images/IR_BIRD_012_frame29_jpg.rf.d7f14ca51bc22dfea51be3d42341de7d.jpg,512,512,1.0,0.0,98.08,51.91,72.28
train,IR_BIRD_012_frame175_jpg.rf.0a01f1476d1edd6732708a7561e8e75c.txt,data/thermal-1-filtered/train/images/IR_BIRD_012_frame175_jpg.rf.0a01f1476d1edd6732708a7561e8e75c.jpg,512,512,1.0,0.0,94.8,52.58,71.42
train,IR_BIRD_012_frame139_jpg.rf.00504a296a829e25efe2a528e40c79bf.txt,data/thermal-1-filtered/train/images/IR_BIRD_012_frame139_jpg.rf.00504a296a829e25efe2a528e40c79bf.jpg,512,512,1.0,0.0,99.63,53.58,86.53
train,frame111_jpg.rf.5b7275f492c63ab35e708295f515cccb.txt,data/thermal-1-filtered/train/images/frame111_jpg.rf.5b7275f492c63ab35e708295f515cccb.jpg,512,512,1.0,3.21,88.12,53.75,237.11
train,frame693_jpg.rf.9e27b03436bc761214b3a60e8ccb0a00.txt,data/thermal-1-filtered/train/images/frame693_jpg.rf.9e27b03436bc761214b3a60e8ccb0a00.jpg,512,512,1.0,3.302,51.21,30.19,475.88
train,002215_png.rf.0176543d13f738b34a1f445255721bb2.txt,data/thermal-1-filtered/train/images/002215_png.rf.0176543d13f738b34a1f445255721bb2.jpg,512,512,1.0,0.0,89.51,54.91,1116.87
train,002245_png.rf.d2cc12ee16907161918de2e917dcca2a.txt,data/thermal-1-filtered/train/images/002245_png.rf.d2cc12ee16907161918de2e917dcca2a.jpg,512,512,1.0,0.0,90.58,51.73,367.66
train,0_0_000252_jpg.rf.9c368bf969e5e8135fdb96b00e1f3f62.txt,data/thermal-1-filtered/train/images/0_0_000252_jpg.rf.9c368bf969e5e8135fdb96b00e1f3f62.jpg,512,512,1.0,0.0,129.79,61.14,109.94
train,frame680_jpg.rf.ca706d2f6de29517184bd4317d52913f.txt,data/thermal-1-filtered/train/images/frame680_jpg.rf.ca706d2f6de29517184bd4317d52913f.jpg,512,512,1.0,3.327,45.44,25.91,417.31
train,003522_png.rf.eaecedbc94f5ce63d95b58ed78c67644.txt,data/thermal-1-filtered/train/images/003522_png.rf.eaecedbc94f5ce63d95b58ed78c67644.jpg,512,512,1.0,0.0,85.98,56.01,1318.92
train,frame138_jpg.rf.4547ddb021798f99efb8ccda56af94a8.txt,data/thermal-1-filtered/train/images/frame138_jpg.rf.4547ddb021798f99efb8ccda56af94a8.jpg,512,512,1.0,3.292,101.31,51.39,424.88
train,003040_png.rf.4f3a8f04ad64fd69f52c108dfe456712.txt,data/thermal-1-filtered/train/images/003040_png.rf.4f3a8f04ad64fd69f52c108dfe456712.jpg,512,512,1.0,0.0,74.48,53.48,591.93
train,IR_BIRD_012_frame76_jpg.rf.17c1645c37a7ed115e9b69ace898db84.txt,data/thermal-1-filtered/train/images/IR_BIRD_012_frame76_jpg.rf.17c1645c37a7ed115e9b69ace898db84.jpg,512,512,1.0,0.0,91.65,54.85,66.09
train,002469_png.rf.47836eba36f2c67a7c6972160a1616e6.txt,data/thermal-1-filtered/train/images/002469_png.rf.47836eba36f2c67a7c6972160a1616e6.jpg,512,512,1.0,0.0,77.17,49.71,450.26
train,frame336_jpg.rf.d5868f2f1d7fa8c9a63af68d3695e528.txt,data/thermal-1-filtered/train/images/frame336_jpg.rf.d5868f2f1d7fa8c9a63af68d3695e528.jpg,512,512,1.0,3.262,107.6,54.09,233.97
train,frame31_jpg.rf.0e27f916de43cce876c52bec5d6c5540.txt,data/thermal-1-filtered/train/images/frame31_jpg.rf.0e27f916de43cce876c52bec5d6c5540.jpg,512,512,1.0,3.027,80.54,51.19,185.95
train,002829_png.rf.6034c9ef3bb64926227312ed5c212f2d.txt,data/thermal-1-filtered/train/images/002829_png.rf.6034c9ef3bb64926227312ed5c212f2d.jpg,512,512,1.0,0.0,84.03,52.53,963.94
train,frame219_jpg.rf.bf6c51e4c619f1236c3e2f295c43bcb2.txt,data/thermal-1-filtered/train/images/frame219_jpg.rf.bf6c51e4c619f1236c3e2f295c43bcb2.jpg,512,512,1.0,3.178,90.53,47.01,107.81
train,003906_png.rf.0c19658c20c20ace84a861994c01ac0a.txt,data/thermal-1-filtered/train/images/003906_png.rf.0c19658c20c20ace84a861994c01ac0a.jpg,512,512,1.0,0.0,88.63,54.26,631.69
train,003853_png.rf.c1cc0643b915d320c50bcd4418ca6957.txt,data/thermal-1-filtered/train/images/003853_png.rf.c1cc0643b915d320c50bcd4418ca6957.jpg,512,512,1.0,0.0,92.52,57.15,470.7
train,IR_BIRD_012_frame90_jpg.rf.e092c3ac7b83d480621dc1ae318b6ebe.txt,data/thermal-1-filtered/train/images/IR_BIRD_012_frame90_jpg.rf.e092c3ac7b83d480621dc1ae318b6ebe.jpg,512,512,1.0,0.0,101.24,46.29,69.99
train,002023_png.rf.5428fa8fef2cbf59051f16e374d06b12.txt,data/thermal-1-filtered/train/images/002023_png.rf.5428fa8fef2cbf59051f16e374d06b12.jpg,512,512,1.0,0.0,89.82,59.01,3257.34
train,ir_3_016660_jpg.rf.bd322b3c6861d30afa20a647f45b7301.txt,data/thermal-1-filtered/train/images/ir_3_016660_jpg.rf.bd322b3c6861d30afa20a647f45b7301.jpg,512,512,1.0,0.0,88.25,58.67,1863.55
train,IR_BIRD_012_frame18_jpg.rf.1e78b6957780e5c41cdfff07a846c63d.txt,data/thermal-1-filtered/train/images/IR_BIRD_012_frame18_jpg.rf.1e78b6957780e5c41cdfff07a846c63d.jpg,512,512,1.0,0.0,93.69,54.65,72.57
train,002363_png.rf.82203a4c878d43d4301ac4c6d463dad4.txt,data/thermal-1-filtered/train/images/002363_png.rf.82203a4c878d43d4301ac4c6d463dad4.jpg,512,512,1.0,0.0,89.16,55.6,1129.69
train,003021_png.rf.2758289392bc5ee4cf5d1536a22f9fdb.txt,data/thermal-1-filtered/train/images/003021_png.rf.2758289392bc5ee4cf5d1536a22f9fdb.jpg,512,512,1.0,0.0,88.22,56.88,2142.84
train,frame293_jpg.rf.4df1d3ae49ba4114518c79f9f6377c9f.txt,data/thermal-1-filtered/train/images/frame293_jpg.rf.4df1d3ae49ba4114518c79f9f6377c9f.jpg,512,512,1.0,3.143,93.64,54.77,251.46
train,IR_BIRD_012_frame69_jpg.rf.332ecc9c7c7350f547365d3a05bf61b0.txt,data/thermal-1-filtered/train/images/IR_BIRD_012_frame69_jpg.rf.332ecc9c7c7350f547365d3a05bf61b0.jpg,512,512,1.0,0.0,101.2,46.31,69.75
train,frame563_jpg.rf.0f3341df3b527bf549116dbbf7961a82.txt,data/thermal-1-filtered/train/images/frame563_jpg.rf.0f3341df3b527bf549116dbbf7961a82.jpg,512,512,1.0,3.305,58.74,34.01,420.82
train,0_0_000116_jpg.rf.9ea7b92b973e1bbca3f0f75394727c82.txt,data/thermal-1-filtered/train/images/0_0_000116_jpg.rf.9ea7b92b973e1bbca3f0f75394727c82.jpg,512,512,1.0,0.0,86.08,61.05,43.8
train,000002_png.rf.3db52bccbf28931794f30d021496afbe.txt,data/thermal-1-filtered/train/images/000002_png.rf.3db52bccbf28931794f30d021496afbe.jpg,512,512,1.0,0.0,86.07,60.55,407.62
train,002226_png.rf.a9b96c89019c74266e8f6924ebc40777.txt,data/thermal-1-filtered/train/images/002226_png.rf.a9b96c89019c74266e8f6924ebc40777.jpg,512,512,1.0,0.0,94.71,53.53,1587.3
train,IR_BIRD_012_frame46_jpg.rf.3846c32d4d79a80a91b7e6c3825cf1cb.txt,data/thermal-1-filtered/train/images/IR_BIRD_012_frame46_jpg.rf.3846c32d4d79a80a91b7e6c3825cf1cb.jpg,512,512,1.0,0.0,97.14,50.79,62.91
train,002423_png.rf.74f39e9dfe5780e2211eb53032a4ce74.txt,data/thermal-1-filtered/train/images/002423_png.rf.74f39e9dfe5780e2211eb53032a4ce74.jpg,512,512,1.0,0.0,91.3,55.51,1193.06
train,frame685_jpg.rf.f9da61f789610f0b3cb148d36821894d.txt,data/thermal-1-filtered/train/images/frame685_jpg.rf.f9da61f789610f0b3cb148d36821894d.jpg,512,512,1.0,3.195,43.55,24.93,146.65
train,002542_png.rf.340d5b1829f13c87bd2f07815c4a82fa.txt,data/thermal-1-filtered/train/images/002542_png.rf.340d5b1829f13c87bd2f07815c4a82fa.jpg,512,512,1.0,0.0,89.46,53.82,467.8
train,002376_png.rf.1ee2f7d3c9aa6584bfb8c9503c142049.txt,data/thermal-1-filtered/train/images/002376_png.rf.1ee2f7d3c9aa6584bfb8c9503c142049.jpg,512,512,1.0,0.0,83.57,50.48,450.2
train,frame341_jpg.rf.a033624f1c61f33e6b4ac17aade376d4.txt,data/thermal-1-filtered/train/images/frame341_jpg.rf.a033624f1c61f33e6b4ac17aade376d4.jpg,512,512,1.0,3.187,99.4,49.62,140.37
train,IR_BIRD_012_frame172_jpg.rf.527b210af31295fb96121b29c0d7213d.txt,data/thermal-1-filtered/train/images/IR_BIRD_012_frame172_jpg.rf.527b210af31295fb96121b29c0d7213d.jpg,512,512,1.0,0.0,100.46,50.15,109.73
train,frame32_jpg.rf.dffe580a44c49c75f9cd317b52e2ddca.txt,data/thermal-1-filtered/train/images/frame32_jpg.rf.dffe580a44c49c75f9cd317b52e2ddca.jpg,512,512,1.0,2.959,78.95,52.83,158.16
train,0_0_000019_jpg.rf.313ee01abdf2c6198ae8aec9d3519cfd.txt,data/thermal-1-filtered/train/images/0_0_000019_jpg.rf.313ee01abdf2c6198ae8aec9d3519cfd.jpg,512,512,1.0,0.0,105.3,73.49,89.77
train,003019_png.rf.d36da76a723d87a007a06061c83ab7fe.txt,data/thermal-1-filtered/train/images/003019_png.rf.d36da76a723d87a007a06061c83ab7fe.jpg,512,512,1.0,0.0,80.71,54.76,758.38
train,0_0_000209_jpg.rf.79566a4bab52ac39e03cace63d79f7c0.txt,data/thermal-1-filtered/train/images/0_0_000209_jpg.rf.79566a4bab52ac39e03cace63d79f7c0.jpg,512,512,1.0,0.0,38.54,39.74,79.84
train,0_0_000111_jpg.rf.0b251043f87d2b29bcd53e5c618e347b.txt,data/thermal-1-filtered/train/images/0_0_000111_jpg.rf.0b251043f87d2b29bcd53e5c618e347b.jpg,512,512,1.0,0.0,128.12,49.98,35.57
train,frame355_jpg.rf.fd265120d100b61f8aac1d27fb89448f.txt,data/thermal-1-filtered/train/images/frame355_jpg.rf.fd265120d100b61f8aac1d27fb89448f.jpg,512,512,1.0,3.144,87.03,46.91,205.08
train,thermal_tzeelim_021750_jpg.rf.ec6e19502a7fe7b430b4c5bd814a4617.txt,data/thermal-1-filtered/train/images/thermal_tzeelim_021750_jpg.rf.ec6e19502a7fe7b430b4c5bd814a4617.jpg,512,512,1.0,0.0,82.32,56.44,367.4
train,0_0_000052_jpg.rf.efb4a1f0dd2030076658e70552d7a891.txt,data/thermal-1-filtered/train/images/0_0_000052_jpg.rf.efb4a1f0dd2030076658e70552d7a891.jpg,512,512,1.0,0.0,59.68,64.45,152.09
train,0_0_000732_jpg.rf.2c4542e111a0b024f67c4c583e62af0b.txt,data/thermal-1-filtered/train/images/0_0_000732_jpg.rf.2c4542e111a0b024f67c4c583e62af0b.jpg,512,512,1.0,0.0,125.47,55.92,141.95
train,002412_png.rf.2910102fa05d5569ef511fb56b90737c.txt,data/thermal-1-filtered/train/images/002412_png.rf.2910102fa05d5569ef511fb56b90737c.jpg,512,512,1.0,0.0,90.55,55.17,1216.09
train,002063_png.rf.0dc7409b2a913adb9f4991f47f6bda49.txt,data/thermal-1-filtered/train/images/002063_png.rf.0dc7409b2a913adb9f4991f47f6bda49.jpg,512,512,1.0,0.0,79.66,55.85,1122.64
train,002829_png.rf.6aa7969e6c99db4905c1c9388ad5132a.txt,data/thermal-1-filtered/train/images/002829_png.rf.6aa7969e6c99db4905c1c9388ad5132a.jpg,512,512,1.0,0.0,81.87,51.43,399.57
train,IR_BIRD_012_frame96_jpg.rf.def91310ddc3e3fd4a702acdfbab5f29.txt,data/thermal-1-filtered/train/images/IR_BIRD_012_frame96_jpg.rf.def91310ddc3e3fd4a702acdfbab5f29.jpg,512,512,1.0,0.0,96.33,54.54,72.53
train,frame62_jpg.rf.18974d19998a25dde9eeb3f5958e97df.txt,data/thermal-1-filtered/train/images/frame62_jpg.rf.18974d19998a25dde9eeb3f5958e97df.jpg,512,512,1.0,3.024,84.93,54.04,160.47
train,002404_png.rf.22c2caca99c6d1100f9a96d1666303de.txt,data/thermal-1-filtered/train/images/002404_png.rf.22c2caca99c6d1100f9a96d1666303de.jpg,512,512,1.0,0.0,90.52,55.26,1400.89
train,003850_png.rf.a6c3c678927415ca603d1a5ffdca2f81.txt,data/thermal-1-filtered/train/images/003850_png.rf.a6c3c678927415ca603d1a5ffdca2f81.jpg,512,512,1.0,0.0,96.98,57.42,1237.63
train,003095_png.rf.0b0984c424077737a450428346cfb773.txt,data/thermal-1-filtered/train/images/003095_png.rf.0b0984c424077737a450428346cfb773.jpg,512,512,1.0,0.0,79.83,56.11,725.15
train,002350_png.rf.91e84985ddf217b3d94ca3bc773f5f4a.txt,data/thermal-1-filtered/train/images/002350_png.rf.91e84985ddf217b3d94ca3bc773f5f4a.jpg,512,512,1.0,0.0,88.4,55.87,1285.56
train,frame400_jpg.rf.7b5e515d00f1670994e92ed18fb1dafe.txt,data/thermal-1-filtered/train/images/frame400_jpg.rf.7b5e515d00f1670994e92ed18fb1dafe.jpg,512,512,1.0,3.308,88.07,35.9,84.08
train,0_0_000043_jpg.rf.181d36617694f47268f50680d140dff3.txt,data/thermal-1-filtered/train/images/0_0_000043_jpg.rf.181d36617694f47268f50680d140dff3.jpg,512,512,1.0,0.0,83.39,73.52,118.89
train,003789_png.rf.2b0de6871a624e661caa9873c0c1229a.txt,data/thermal-1-filtered/train/images/003789_png.rf.2b0de6871a624e661caa9873c0c1229a.jpg,512,512,1.0,0.0,101.44,58.55,482.57
train,002796_png.rf.d05c65497a24f9f77c6a5d13e271b8fa.txt,data/thermal-1-filtered/train/images/002796_png.rf.d05c65497a24f9f77c6a5d13e271b8fa.jpg,512,512,1.0,0.0,90.91,58.41,2267.91
train,0_0_000060_jpg.rf.1377ce897d2eef7b557f29e029056230.txt,data/thermal-1-filtered/train/images/0_0_000060_jpg.rf.1377ce897d2eef7b557f29e029056230.jpg,512,512,1.0,0.0,69.69,68.51,149.36
train,frame360_jpg.rf.70ffc33c027a8ea2e525ac467fd25f62.txt,data/thermal-1-filtered/train/images/frame360_jpg.rf.70ffc33c027a8ea2e525ac467fd25f62.jpg,512,512,1.0,3.064,86.0,48.05,197.31
train,frame69_jpg.rf.a11331d9a02af0b6eeb7b4c3b59e2b74.txt,data/thermal-1-filtered/train/images/frame69_jpg.rf.a11331d9a02af0b6eeb7b4c3b59e2b74.jpg,512,512,1.0,3.051,85.64,53.42,144.67
train,frame322_jpg.rf.05716aea47972ca49504adbff6970f57.txt,data/thermal-1-filtered/train/images/frame322_jpg.rf.05716aea47972ca49504adbff6970f57.jpg,512,512,1.0,3.113,96.11,61.0,189.42
train,IR_BIRD_012_frame219_jpg.rf.49b934f7a267635b5ca1609e619cdf7f.txt,data/thermal-1-filtered/train/images/IR_BIRD_012_frame219_jpg.rf.49b934f7a267635b5ca1609e619cdf7f.jpg,512,512,1.0,0.0,107.71,46.25,134.3
train,IR_BIRD_012_frame103_jpg.rf.37e05916cf04055ccbf4820f911533b7.txt,data/thermal-1-filtered/train/images/IR_BIRD_012_frame103_jpg.rf.37e05916cf04055ccbf4820f911533b7.jpg,512,512,1.0,0.0,100.44,52.01,80.15
train,002392_png.rf.1c489bb279ad093efc9cf55d7e1e0d8e.txt,data/thermal-1-filtered/train/images/002392_png.rf.1c489bb279ad093efc9cf55d7e1e0d8e.jpg,512,512,1.0,0.0,88.91,55.4,1185.56
train,IR_BIRD_012_frame286_jpg.rf.130a9a27c93ef863b96096fca8715355.txt,data/thermal-1-filtered/train/images/IR_BIRD_012_frame286_jpg.rf.130a9a27c93ef863b96096fca8715355.jpg,512,512,1.0,0.0,99.5,54.38,97.09
train,002050_png.rf.13894530240db603bd210adfc11d16c2.txt,data/thermal-1-filtered/train/images/002050_png.rf.13894530240db603bd210adfc11d16c2.jpg,512,512,1.0,0.0,88.25,55.04,1396.28
train,003692_png.rf.407c811eae1decf95ca7e0205de5531c.txt,data/thermal-1-filtered/train/images/003692_png.rf.407c811eae1decf95ca7e0205de5531c.jpg,512,512,1.0,0.0,87.65,53.68,885.94
train,002717_png.rf.d2be79440cc935c3deb8c59a0b01b263.txt,data/thermal-1-filtered/train/images/002717_png.rf.d2be79440cc935c3deb8c59a0b01b263.jpg,512,512,1.0,0.0,85.76,56.14,856.04
train,002460_png.rf.ad24ca202d06f0551c7654c98aa0e1f7.txt,data/thermal-1-filtered/train/images/002460_png.rf.ad24ca202d06f0551c7654c98aa0e1f7.jpg,512,512,1.0,0.0,83.49,51.45,446.9
train,001499_png.rf.361c027f9b14075f4f97de017f8f4785.txt,data/thermal-1-filtered/train/images/001499_png.rf.361c027f9b14075f4f97de017f8f4785.jpg,512,512,1.0,0.0,82.08,56.07,255.4
train,003815_png.rf.5ebb224c2e54a6e4dddd11b9394b6dcd.txt,data/thermal-1-filtered/train/images/003815_png.rf.5ebb224c2e54a6e4dddd11b9394b6dcd.jpg,512,512,1.0,0.0,97.42,57.94,1005.71
train,frame57_jpg.rf.b5d88393e9c2b526d2926136e12ea2ad.txt,data/thermal-1-filtered/train/images/frame57_jpg.rf.b5d88393e9c2b526d2926136e12ea2ad.jpg,512,512,1.0,3.172,94.98,54.43,595.96
train,IR_BIRD_012_frame201_jpg.rf.939c23fcafef8bd8826d4c64177bb793.txt,data/thermal-1-filtered/train/images/IR_BIRD_012_frame201_jpg.rf.939c23fcafef8bd8826d4c64177bb793.jpg,512,512,1.0,0.0,91.53,51.86,76.16
train,003761_png.rf.aa5161eee8e345b53be611613e8dd989.txt,data/thermal-1-filtered/train/images/003761_png.rf.aa5161eee8e345b53be611613e8dd989.jpg,512,512,1.0,0.0,80.87,52.97,209.8
train,001999_png.rf.bbaa5379f7936dc4f4fc07edcc56b084.txt,data/thermal-1-filtered/train/images/001999_png.rf.bbaa5379f7936dc4f4fc07edcc56b084.jpg,512,512,1.0,0.0,87.26,54.72,861.13
train,frame702_jpg.rf.5f6b0ad95513af0a1571642abdc5f47c.txt,data/thermal-1-filtered/train/images/frame702_jpg.rf.5f6b0ad95513af0a1571642abdc5f47c.jpg,512,512,1.0,3.147,49.07,30.34,183.43
train,IR_BIRD_012_frame301_jpg.rf.9216695e57da8153875bd0cc5393c17f.txt,data/thermal-1-filtered/train/images/IR_BIRD_012_frame301_jpg.rf.9216695e57da8153875bd0cc5393c17f.jpg,512,512,1.0,0.0,98.93,54.79,89.66
train,frame130_jpg.rf.a5b38dd55db5c60290eb9d1fdc998440.txt,data/thermal-1-filtered/train/images/frame130_jpg.rf.a5b38dd55db5c60290eb9d1fdc998440.jpg,512,512,1.0,3.267,99.58,54.24,679.62
train,000010_png.rf.5398d2fe0b2581a828c0dc4de9913264.txt,data/thermal-1-filtered/train/images/000010_png.rf.5398d2fe0b2581a828c0dc4de9913264.jpg,512,512,1.0,0.0,75.57,56.21,340.95
train,0_0_000280_jpg.rf.4915754002c01098856d74f799524699.txt,data/thermal-1-filtered/train/images/0_0_000280_jpg.rf.4915754002c01098856d74f799524699.jpg,512,512,1.0,0.0,58.49,36.08,52.45
train,ir_3_028560_jpg.rf.57482e6606190f976e257b64d16722bf.txt,data/thermal-1-filtered/train/images/ir_3_028560_jpg.rf.57482e6606190f976e257b64d16722bf.jpg,512,512,1.0,0.0,79.66,54.63,518.25
train,003775_png.rf.18d852c258eca9b0a20d21d943fecb4a.txt,data/thermal-1-filtered/train/images/003775_png.rf.18d852c258eca9b0a20d21d943fecb4a.jpg,512,512,1.0,0.0,84.86,54.99,187.21
train,002370_png.rf.260ae5cee15f20e343741944649e8d59.txt,data/thermal-1-filtered/train/images/002370_png.rf.260ae5cee15f20e343741944649e8d59.jpg,512,512,1.0,0.0,81.68,54.42,294.66
train,002836_png.rf.fecd3119febf4f9a36aa2bec1e2d4ec2.txt,data/thermal-1-filtered/train/images/002836_png.rf.fecd3119febf4f9a36aa2bec1e2d4ec2.jpg,512,512,1.0,0.0,76.75,50.58,333.68
train,frame556_jpg.rf.16af786d6a0d2a7b4ecf9f01cf7a9fa3.txt,data/thermal-1-filtered/train/images/frame556_jpg.rf.16af786d6a0d2a7b4ecf9f01cf7a9fa3.jpg,512,512,1.0,3.116,49.64,29.93,161.18
train,002402_png.rf.9e6e32e82cf989b728d3d06bec44bca7.txt,data/thermal-1-filtered/train/images/002402_png.rf.9e6e32e82cf989b728d3d06bec44bca7.jpg,512,512,1.0,0.0,82.24,51.63,385.5
train,frame333_jpg.rf.b4011e32220507f82e5b953af6ef7f76.txt,data/thermal-1-filtered/train/images/frame333_jpg.rf.b4011e32220507f82e5b953af6ef7f76.jpg,512,512,1.0,3.149,93.94,56.92,205.69
train,0_0_000064_jpg.rf.75ee439634ccd655163991d507fec497.txt,data/thermal-1-filtered/train/images/0_0_000064_jpg.rf.75ee439634ccd655163991d507fec497.jpg,512,512,1.0,0.0,63.71,68.0,75.36
train,001511_png.rf.0dbd55b0f24fc7902282dfc0f2bfc2f8.txt,data/thermal-1-filtered/train/images/001511_png.rf.0dbd55b0f24fc7902282dfc0f2bfc2f8.jpg,512,512,1.0,0.0,70.63,46.53,127.2
train,002057_png.rf.82c3d3599b6cd230d460a5dccfad0d69.txt,data/thermal-1-filtered/train/images/002057_png.rf.82c3d3599b6cd230d460a5dccfad0d69.jpg,512,512,1.0,0.0,88.82,54.53,1611.44
train,002049_png.rf.2d4b3237da8640151dee3871639586fa.txt,data/thermal-1-filtered/train/images/002049_png.rf.2d4b3237da8640151dee3871639586fa.jpg,512,512,1.0,0.0,88.56,59.13,4761.56
train,ir_2_022720_jpg.rf.560cd2edca9230ca1904efa21ea615a6.txt,data/thermal-1-filtered/train/images/ir_2_022720_jpg.rf.560cd2edca9230ca1904efa21ea615a6.jpg,512,512,1.0,0.0,88.29,58.64,3661.94
train,frame202_jpg.rf.ed4ab69e4036e7497809a528523adeca.txt,data/thermal-1-filtered/train/images/frame202_jpg.rf.ed4ab69e4036e7497809a528523adeca.jpg,512,512,1.0,3.086,87.98,47.73,176.13
train,frame478_jpg.rf.1891650c659d45cf6ad84333e83dc47f.txt,data/thermal-1-filtered/train/images/frame478_jpg.rf.1891650c659d45cf6ad84333e83dc47f.jpg,512,512,1.0,3.123,93.98,39.98,140.66
train,003808_png.rf.3becbeda1a31a001f17cadb843c1763d.txt,data/thermal-1-filtered/train/images/003808_png.rf.3becbeda1a31a001f17cadb843c1763d.jpg,512,512,1.0,0.0,91.43,55.67,311.07
train,frame274_jpg.rf.8bf5a58ec41a83544c4f5dd70e392687.txt,data/thermal-1-filtered/train/images/frame274_jpg.rf.8bf5a58ec41a83544c4f5dd70e392687.jpg,512,512,1.0,3.152,87.25,50.8,263.43
train,IR_BIRD_012_frame63_jpg.rf.8e915b89e8573f54dd606821e9924db1.txt,data/thermal-1-filtered/train/images/IR_BIRD_012_frame63_jpg.rf.8e915b89e8573f54dd606821e9924db1.jpg,512,512,1.0,0.0,101.19,46.31,69.72
train,frame129_jpg.rf.eb497af631c93a7d2f32bc1761f5cba0.txt,data/thermal-1-filtered/train/images/frame129_jpg.rf.eb497af631c93a7d2f32bc1761f5cba0.jpg,512,512,1.0,3.272,99.21,54.83,703.12
train,frame342_jpg.rf.241c4d86f0b42d7fd1675da5854ae811.txt,data/thermal-1-filtered/train/images/frame342_jpg.rf.241c4d86f0b42d7fd1675da5854ae811.jpg,512,512,1.0,3.276,105.58,46.56,350.4
train,frame301_jpg.rf.f35088cfca324af72e84e2d999956783.txt,data/thermal-1-filtered/train/images/frame301_jpg.rf.f35088cfca324af72e84e2d999956783.jpg,512,512,1.0,3.3,106.31,56.88,569.11
train,IR_BIRD_012_frame136_jpg.rf.a923f29b2c96926553597f9c3289bce3.txt,data/thermal-1-filtered/train/images/IR_BIRD_012_frame136_jpg.rf.a923f29b2c96926553597f9c3289bce3.jpg,512,512,1.0,0.0,103.2,49.64,74.48
train,003042_png.rf.0acb33d5e4b97dcde1f59024fb0abe17.txt,data/thermal-1-filtered/train/images/003042_png.rf.0acb33d5e4b97dcde1f59024fb0abe17.jpg,512,512,1.0,0.0,79.53,57.12,793.22
train,IR_BIRD_012_frame118_jpg.rf.dde4747a9eadf35dc819d2239707f61a.txt,data/thermal-1-filtered/train/images/IR_BIRD_012_frame118_jpg.rf.dde4747a9eadf35dc819d2239707f61a.jpg,512,512,1.0,0.0,104.02,49.52,70.57
train,003833_png.rf.06261d86016147773c6733cb081b38d6.txt,data/thermal-1-filtered/train/images/003833_png.rf.06261d86016147773c6733cb081b38d6.jpg,512,512,1.0,0.0,96.67,57.19,1241.91
train,002776_png.rf.478385622165a39d1613e371f5cba348.txt,data/thermal-1-filtered/train/images/002776_png.rf.478385622165a39d1613e371f5cba348.jpg,512,512,1.0,0.0,73.4,53.57,274.9
train,002422_png.rf.736b32026dff76934493e3c640e8d63f.txt,data/thermal-1-filtered/train/images/002422_png.rf.736b32026dff76934493e3c640e8d63f.jpg,512,512,1.0,0.0,91.05,55.41,1152.35
train,002461_png.rf.7825ccaeb6631c27163ef828be0a26eb.txt,data/thermal-1-filtered/train/images/002461_png.rf.7825ccaeb6631c27163ef828be0a26eb.jpg,512,512,1.0,0.0,85.35,54.21,1173.33
train,frame567_jpg.rf.365d570bf7155d04dcb3a6342f92387c.txt,data/thermal-1-filtered/train/images/frame567_jpg.rf.365d570bf7155d04dcb3a6342f92387c.jpg,512,512,1.0,3.195,48.06,29.0,128.22
train,002334_png.rf.6864bd2a79847ae202a5efbbe9d8026b.txt,data/thermal-1-filtered/train/images/002334_png.rf.6864bd2a79847ae202a5efbbe9d8026b.jpg,512,512,1.0,0.0,78.65,52.36,441.17
train,002030_png.rf.c815a0794b4f6377625b7628cb4dc7b2.txt,data/thermal-1-filtered/train/images/002030_png.rf.c815a0794b4f6377625b7628cb4dc7b2.jpg,512,512,1.0,0.0,81.43,57.24,1346.4
train,frame709_jpg.rf.214889bdc350ef6dd17410145f22ee2d.txt,data/thermal-1-filtered/train/images/frame709_jpg.rf.214889bdc350ef6dd17410145f22ee2d.jpg,512,512,1.0,3.076,44.64,25.52,86.14
train,002050_png.rf.0244ed2f15cb95f4e440d520c8bfa7c6.txt,data/thermal-1-filtered/train/images/002050_png.rf.0244ed2f15cb95f4e440d520c8bfa7c6.jpg,512,512,1.0,0.0,87.83,58.2,3882.82
train,003855_png.rf.8e2c622d64ec09f3fe33aae1a0268657.txt,data/thermal-1-filtered/train/images/003855_png.rf.8e2c622d64ec09f3fe33aae1a0268657.jpg,512,512,1.0,0.0,97.75,57.15,1257.51
train,002298_png.rf.09428bc6e9e4bcff786caa6742679b7c.txt,data/thermal-1-filtered/train/images/002298_png.rf.09428bc6e9e4bcff786caa6742679b7c.jpg,512,512,1.0,0.0,89.17,53.13,616.47
train,IR_BIRD_012_frame225_jpg.rf.532e521bbf85e43b1063bf5dc39a8913.txt,data/thermal-1-filtered/train/images/IR_BIRD_012_frame225_jpg.rf.532e521bbf85e43b1063bf5dc39a8913.jpg,512,512,1.0,0.0,108.17,47.6,220.06
train,002440_png.rf.9a014417767aa30cfb1d61334c551bb9.txt,data/thermal-1-filtered/train/images/002440_png.rf.9a014417767aa30cfb1d61334c551bb9.jpg,512,512,1.0,0.0,77.03,53.23,452.62
train,0_0_001076_jpg.rf.8076e8f9243ad82407eb57eb872ac516.txt,data/thermal-1-filtered/train/images/0_0_001076_jpg.rf.8076e8f9243ad82407eb57eb872ac516.jpg,512,512,1.0,0.0,120.97,69.91,65.07
train,frame152_jpg.rf.7460f3445a801ddb06f94211590d8a90.txt,data/thermal-1-filtered/train/images/frame152_jpg.rf.7460f3445a801ddb06f94211590d8a90.jpg,512,512,1.0,3.095,89.36,53.85,119.17
train,001514_png.rf.a38aefb3e7718c758a6e1d91071885f2.txt,data/thermal-1-filtered/train/images/001514_png.rf.a38aefb3e7718c758a6e1d91071885f2.jpg,512,512,1.0,0.0,72.85,48.43,126.64
train,frame122_jpg.rf.19632e92b30caec5e8856345147d3d90.txt,data/thermal-1-filtered/train/images/frame122_jpg.rf.19632e92b30caec5e8856345147d3d90.jpg,512,512,1.0,2.89,82.83,59.11,147.84
train,frame418_jpg.rf.b08e49a93ea4583debd9f5876e110aea.txt,data/thermal-1-filtered/train/images/frame418_jpg.rf.b08e49a93ea4583debd9f5876e110aea.jpg,512,512,1.0,2.97,76.28,45.37,106.15
train,003757_png.rf.ad9af23b31f0605f1b5bcbee4668c7ae.txt,data/thermal-1-filtered/train/images/003757_png.rf.ad9af23b31f0605f1b5bcbee4668c7ae.jpg,512,512,1.0,0.0,80.97,50.19,209.86
train,frame300_jpg.rf.9577e1f29ad0db69e3b0244e94332dc7.txt,data/thermal-1-filtered/train/images/frame300_jpg.rf.9577e1f29ad0db69e3b0244e94332dc7.jpg,512,512,1.0,3.175,91.78,53.44,169.99
train,002005_png.rf.531e1b2abe6a112583b90b2c99fc418b.txt,data/thermal-1-filtered/train/images/002005_png.rf.531e1b2abe6a112583b90b2c99fc418b.jpg,512,512,1.0,0.0,88.72,57.29,815.45
train,frame115_jpg.rf.91ea6377dfe4180036e79aead31ed38e.txt,data/thermal-1-filtered/train/images/frame115_jpg.rf.91ea6377dfe4180036e79aead31ed38e.jpg,512,512,1.0,2.972,89.93,58.68,170.0
train,002210_png.rf.b6e638378200c372a9611d0c586c7051.txt,data/thermal-1-filtered/train/images/002210_png.rf.b6e638378200c372a9611d0c586c7051.jpg,512,512,1.0,0.0,81.13,51.94,516.98
train,002711_png.rf.1628f8e691c8015b4f4b03d2e059fe98.txt,data/thermal-1-filtered/train/images/002711_png.rf.1628f8e691c8015b4f4b03d2e059fe98.jpg,512,512,1.0,0.0,75.23,53.79,410.11
train,frame683_jpg.rf.1f971f4aef52a8935594f86063a09723.txt,data/thermal-1-filtered/train/images/frame683_jpg.rf.1f971f4aef52a8935594f86063a09723.jpg,512,512,1.0,3.102,40.02,24.27,160.24
train,0_0_000035_jpg.rf.5f212ba5e6000a2d0488a94422523c96.txt,data/thermal-1-filtered/train/images/0_0_000035_jpg.rf.5f212ba5e6000a2d0488a94422523c96.jpg,512,512,1.0,0.0,103.0,71.0,121.78
train,0_0_000197_jpg.rf.2ed4506de17d2e6605dce4bcda5b7c6b.txt,data/thermal-1-filtered/train/images/0_0_000197_jpg.rf.2ed4506de17d2e6605dce4bcda5b7c6b.jpg,512,512,1.0,0.0,71.65,41.89,84.71
train,0_0_000257_jpg.rf.ae0d9af06d2596e5bc8487f88e022af7.txt,data/thermal-1-filtered/train/images/0_0_000257_jpg.rf.ae0d9af06d2596e5bc8487f88e022af7.jpg,512,512,1.0,0.0,40.98,48.02,74.36
train,002714_png.rf.4a4f880cb3ac9d3129c425c40895bc10.txt,data/thermal-1-filtered/train/images/002714_png.rf.4a4f880cb3ac9d3129c425c40895bc10.jpg,512,512,1.0,0.0,85.22,55.07,1002.82
train,0_0_000059_jpg.rf.4ec447f521d7fe60dd5b66fda5ab92b8.txt,data/thermal-1-filtered/train/images/0_0_000059_jpg.rf.4ec447f521d7fe60dd5b66fda5ab92b8.jpg,512,512,1.0,0.0,67.95,68.69,121.3
train,003752_png.rf.0cba0649cf4615b68c2f9b1b72ad487a.txt,data/thermal-1-filtered/train/images/003752_png.rf.0cba0649cf4615b68c2f9b1b72ad487a.jpg,512,512,1.0,0.0,93.41,54.29,1178.91
train,img_0457_png.rf.5bf4115662e3feb693cff370859e7a17.txt,data/thermal-1-filtered/train/images/img_0457_png.rf.5bf4115662e3feb693cff370859e7a17.jpg,512,512,1.0,0.0,144.64,36.38,48.61
train,frame666_jpg.rf.e45320f6173a2f9bba6a441c4c5b8783.txt,data/thermal-1-filtered/train/images/frame666_jpg.rf.e45320f6173a2f9bba6a441c4c5b8783.jpg,512,512,1.0,3.033,37.74,23.89,103.55
train,002022_png.rf.50b927d1015220a6625faf75fd38ef5f.txt,data/thermal-1-filtered/train/images/002022_png.rf.50b927d1015220a6625faf75fd38ef5f.jpg,512,512,1.0,0.0,89.59,58.72,3159.36
train,frame565_jpg.rf.ea8b2d04668db92b03030e3f616ee8b3.txt,data/thermal-1-filtered/train/images/frame565_jpg.rf.ea8b2d04668db92b03030e3f616ee8b3.jpg,512,512,1.0,3.304,58.65,34.06,420.92
train,ir_3_031230_jpg.rf.b1a093f850a464411f1a7d59f8e6252a.txt,data/thermal-1-filtered/train/images/ir_3_031230_jpg.rf.b1a093f850a464411f1a7d59f8e6252a.jpg,512,512,1.0,0.0,91.72,60.22,4164.31
train,003083_png.rf.c1a33060ae83121acce66806eb5851b2.txt,data/thermal-1-filtered/train/images/003083_png.rf.c1a33060ae83121acce66806eb5851b2.jpg,512,512,1.0,0.0,74.75,53.54,618.97
train,002835_png.rf.a00f5729aae33c851d52c8cefb999d00.txt,data/thermal-1-filtered/train/images/002835_png.rf.a00f5729aae33c851d52c8cefb999d00.jpg,512,512,1.0,0.0,75.57,53.47,348.62
train,002272_png.rf.0b821aa3fd9a8273bb392dd61c3c1457.txt,data/thermal-1-filtered/train/images/002272_png.rf.0b821aa3fd9a8273bb392dd61c3c1457.jpg,512,512,1.0,0.0,73.78,51.07,124.16
train,frame498_jpg.rf.07ae69b42824002bb130152802ca537a.txt,data/thermal-1-filtered/train/images/frame498_jpg.rf.07ae69b42824002bb130152802ca537a.jpg,512,512,1.0,3.329,84.42,31.74,333.36
train,002217_png.rf.7053b430509a30d2268a1391fa43cc2b.txt,data/thermal-1-filtered/train/images/002217_png.rf.7053b430509a30d2268a1391fa43cc2b.jpg,512,512,1.0,0.0,88.62,54.59,1149.08
train,IR_BIRD_012_frame15_jpg.rf.32c45e7fa9020c219fdccc41bf1d63dd.txt,data/thermal-1-filtered/train/images/IR_BIRD_012_frame15_jpg.rf.32c45e7fa9020c219fdccc41bf1d63dd.jpg,512,512,1.0,0.0,97.81,50.29,62.53
train,002203_png.rf.e59d4e999fa9812cdeb6994809aa235e.txt,data/thermal-1-filtered/train/images/002203_png.rf.e59d4e999fa9812cdeb6994809aa235e.jpg,512,512,1.0,0.0,91.97,56.31,2087.27
train,0_0_000106_jpg.rf.a668d5eb4eac278820d3fc1d700677ca.txt,data/thermal-1-filtered/train/images/0_0_000106_jpg.rf.a668d5eb4eac278820d3fc1d700677ca.jpg,512,512,1.0,0.0,127.26,46.82,100.0
train,frame629_jpg.rf.13dc0bf892ffef1555833951a291665e.txt,data/thermal-1-filtered/train/images/frame629_jpg.rf.13dc0bf892ffef1555833951a291665e.jpg,512,512,1.0,3.124,47.35,30.31,149.04
train,002418_png.rf.9da77cfa59782e2611e03153fb4b188c.txt,data/thermal-1-filtered/train/images/002418_png.rf.9da77cfa59782e2611e03153fb4b188c.jpg,512,512,1.0,0.0,81.94,55.21,424.86
train,002410_png.rf.b7dd0b26f1cbe3aedc44115f9dcc0226.txt,data/thermal-1-filtered/train/images/002410_png.rf.b7dd0b26f1cbe3aedc44115f9dcc0226.jpg,512,512,1.0,0.0,72.21,46.16,206.46
train,002768_png.rf.acf8e9ce09c593085010e8f17d5b77a3.txt,data/thermal-1-filtered/train/images/002768_png.rf.acf8e9ce09c593085010e8f17d5b77a3.jpg,512,512,1.0,0.0,74.58,53.23,416.15
train,ir_3_037420_jpg.rf.b4eb1e1dbe0420806fb1e371ea9462a5.txt,data/thermal-1-filtered/train/images/ir_3_037420_jpg.rf.b4eb1e1dbe0420806fb1e371ea9462a5.jpg,512,512,1.0,0.0,90.95,56.9,1686.41
train,thermal_tzeelim_014860_jpg.rf.168c4e1374b308817e9b1cf372cb2274.txt,data/thermal-1-filtered/train/images/thermal_tzeelim_014860_jpg.rf.168c4e1374b308817e9b1cf372cb2274.jpg,512,512,1.0,0.0,90.07,57.9,1455.55
train,002275_png.rf.f97888e203027491b36d75232725bc3e.txt,data/thermal-1-filtered/train/images/002275_png.rf.f97888e203027491b36d75232725bc3e.jpg,512,512,1.0,0.0,90.16,55.91,367.2
train,ir_2_021310_jpg.rf.0086107ce2a90eeb017781e0565f85b6.txt,data/thermal-1-filtered/train/images/ir_2_021310_jpg.rf.0086107ce2a90eeb017781e0565f85b6.jpg,512,512,1.0,0.0,96.24,57.97,4321.53
train,frame383_jpg.rf.7fb0bd14ff1ac0d248277d5722bc0637.txt,data/thermal-1-filtered/train/images/frame383_jpg.rf.7fb0bd14ff1ac0d248277d5722bc0637.jpg,512,512,1.0,3.294,94.2,40.82,429.58
train,IR_BIRD_012_frame159_jpg.rf.3ae35e319b7a0372276437f04ed12813.txt,data/thermal-1-filtered/train/images/IR_BIRD_012_frame159_jpg.rf.3ae35e319b7a0372276437f04ed12813.jpg,512,512,1.0,0.0,89.16,54.7,88.02
train,IR_BIRD_012_frame83_jpg.rf.25cfec216ff69d9cd7c2c9ecdce74246.txt,data/thermal-1-filtered/train/images/IR_BIRD_012_frame83_jpg.rf.25cfec216ff69d9cd7c2c9ecdce74246.jpg,512,512,1.0,0.0,97.65,52.47,70.76
train,002679_png.rf.d1a3ee57c25e1caa2d81e4386e7e0fa7.txt,data/thermal-1-filtered/train/images/002679_png.rf.d1a3ee57c25e1caa2d81e4386e7e0fa7.jpg,512,512,1.0,0.0,92.74,56.84,1683.18
train,002053_png.rf.a4bec05b62b2c3a2892e11f23b6a1384.txt,data/thermal-1-filtered/train/images/002053_png.rf.a4bec05b62b2c3a2892e11f23b6a1384.jpg,512,512,1.0,0.0,88.19,59.39,5084.67
train,002207_png.rf.6ada8a5cb1d17dfe46891bed8e2efb33.txt,data/thermal-1-filtered/train/images/002207_png.rf.6ada8a5cb1d17dfe46891bed8e2efb33.jpg,512,512,1.0,0.0,83.67,56.73,670.89
train,003769_png.rf.dd594fe6ea42279c4415f3fb4ac42b70.txt,data/thermal-1-filtered/train/images/003769_png.rf.dd594fe6ea42279c4415f3fb4ac42b70.jpg,512,512,1.0,0.0,87.64,49.75,243.88
train,003836_png.rf.375c9f8fe7d2667078e7d45bba5d44df.txt,data/thermal-1-filtered/train/images/003836_png.rf.375c9f8fe7d2667078e7d45bba5d44df.jpg,512,512,1.0,0.0,86.89,57.25,384.35
train,003486_png.rf.7b35829a3b503cb1738b0fd702d251f9.txt,data/thermal-1-filtered/train/images/003486_png.rf.7b35829a3b503cb1738b0fd702d251f9.jpg,512,512,1.0,0.0,83.2,54.97,1017.01
train,IR_BIRD_012_frame174_jpg.rf.d70c47758d7f1bdca41ceed76d11be7e.txt,data/thermal-1-filtered/train/images/IR_BIRD_012_frame174_jpg.rf.d70c47758d7f1bdca41ceed76d11be7e.jpg,512,512,1.0,0.0,91.19,52.15,65.8
train,002238_png.rf.4f80959484b8bcfc5f95d24c60fd8b65.txt,data/thermal-1-filtered/train/images/002238_png.rf.4f80959484b8bcfc5f95d24c60fd8b65.jpg,512,512,1.0,0.0,89.51,54.35,1331.02
train,frame146_jpg.rf.9c39019c4eff15ab51f5afd98708e758.txt,data/thermal-1-filtered/train/images/frame146_jpg.rf.9c39019c4eff15ab51f5afd98708e758.jpg,512,512,1.0,3.107,93.03,54.37,159.48
train,ir_2_028720_jpg.rf.aa53172fa1ac8cbaeedd66c6b6f54516.txt,data/thermal-1-filtered/train/images/ir_2_028720_jpg.rf.aa53172fa1ac8cbaeedd66c6b6f54516.jpg,512,512,1.0,0.0,88.29,60.29,4126.2
train,frame530_jpg.rf.a0f47aa28b63c51918ed005e81f800da.txt,data/thermal-1-filtered/train/images/frame530_jpg.rf.a0f47aa28b63c51918ed005e81f800da.jpg,512,512,1.0,3.03,55.5,29.7,150.21
train,frame718_jpg.rf.23ccf1504ea11033c1cec7e379bf4ae6.txt,data/thermal-1-filtered/train/images/frame718_jpg.rf.23ccf1504ea11033c1cec7e379bf4ae6.jpg,512,512,1.0,3.113,56.37,30.21,162.65
train,002221_png.rf.89bacc4f4e65879a448f3475a326d6be.txt,data/thermal-1-filtered/train/images/002221_png.rf.89bacc4f4e65879a448f3475a326d6be.jpg,512,512,1.0,0.0,80.54,55.98,781.79
train,003826_png.rf.476e8465553076afff87b6e7a111bc62.txt,data/thermal-1-filtered/train/images/003826_png.rf.476e8465553076afff87b6e7a111bc62.jpg,512,512,1.0,0.0,87.71,55.93,385.43
train,frame512_jpg.rf.3d0060b2e863be7224cf024e413001ba.txt,data/thermal-1-filtered/train/images/frame512_jpg.rf.3d0060b2e863be7224cf024e413001ba.jpg,512,512,1.0,3.194,74.82,26.94,139.89
train,003914_png.rf.0a0b00b13a16366a6675ae0c2c76b9e9.txt,data/thermal-1-filtered/train/images/003914_png.rf.0a0b00b13a16366a6675ae0c2c76b9e9.jpg,512,512,1.0,0.0,84.4,55.16,606.32
train,frame697_jpg.rf.b6e5995f8695b6ec7dc309c70c0ce76d.txt,data/thermal-1-filtered/train/images/frame697_jpg.rf.b6e5995f8695b6ec7dc309c70c0ce76d.jpg,512,512,1.0,3.136,40.87,23.11,114.43
train,003487_png.rf.8a3dd42a5923b7347c4267949738aa8b.txt,data/thermal-1-filtered/train/images/003487_png.rf.8a3dd42a5923b7347c4267949738aa8b.jpg,512,512,1.0,0.0,78.25,50.85,745.81
train,002327_png.rf.427104ed958a158e266bedf6a3f61e5d.txt,data/thermal-1-filtered/train/images/002327_png.rf.427104ed958a158e266bedf6a3f61e5d.jpg,512,512,1.0,0.0,81.25,55.22,541.91
train,003726_png.rf.86de3a3cb08ee09738dfe861d33e3c4e.txt,data/thermal-1-filtered/train/images/003726_png.rf.86de3a3cb08ee09738dfe861d33e3c4e.jpg,512,512,1.0,0.0,81.2,53.21,644.21
train,002679_png.rf.b8ff751dfced83a6f24e4eb5eaae3840.txt,data/thermal-1-filtered/train/images/002679_png.rf.b8ff751dfced83a6f24e4eb5eaae3840.jpg,512,512,1.0,0.0,83.75,55.1,547.23
train,002236_png.rf.4cd30dcf67cd767a8f036e3184134ba1.txt,data/thermal-1-filtered/train/images/002236_png.rf.4cd30dcf67cd767a8f036e3184134ba1.jpg,512,512,1.0,0.0,85.81,51.83,459.11
train,IR_BIRD_012_frame41_jpg.rf.a7d0ff112c4b5b86f7ace01a1cbe9de1.txt,data/thermal-1-filtered/train/images/IR_BIRD_012_frame41_jpg.rf.a7d0ff112c4b5b86f7ace01a1cbe9de1.jpg,512,512,1.0,0.0,101.17,46.31,69.5
train,002791_png.rf.0fc800af540b586b0592cf6dd8a3e8ed.txt,data/thermal-1-filtered/train/images/002791_png.rf.0fc800af540b586b0592cf6dd8a3e8ed.jpg,512,512,1.0,0.0,91.83,58.27,1546.33
train,003722_png.rf.aa12b40db8c59bea3e18f39f336183e3.txt,data/thermal-1-filtered/train/images/003722_png.rf.aa12b40db8c59bea3e18f39f336183e3.jpg,512,512,1.0,0.0,82.85,53.36,677.07
train,002025_png.rf.cd2de7d02cae2de106c6052aeb1bb358.txt,data/thermal-1-filtered/train/images/002025_png.rf.cd2de7d02cae2de106c6052aeb1bb358.jpg,512,512,1.0,0.0,82.22,54.77,992.0
train,IR_BIRD_012_frame105_jpg.rf.bf1fe56cbd874309a906908ae1026d8d.txt,data/thermal-1-filtered/train/images/IR_BIRD_012_frame105_jpg.rf.bf1fe56cbd874309a906908ae1026d8d.jpg,512,512,1.0,0.0,99.92,51.32,76.48
train,frame246_jpg.rf.db22aa9d8f41f58a1ac67a4d337614ff.txt,data/thermal-1-filtered/train/images/frame246_jpg.rf.db22aa9d8f41f58a1ac67a4d337614ff.jpg,512,512,1.0,3.101,96.82,52.94,241.77
train,frame619_jpg.rf.1319e150c10817bf62c27bd3e4290bed.txt,data/thermal-1-filtered/train/images/frame619_jpg.rf.1319e150c10817bf62c27bd3e4290bed.jpg,512,512,1.0,3.314,55.71,34.17,436.91
train,002379_png.rf.a309e657e4e2a42dba93a42c9bd5dd81.txt,data/thermal-1-filtered/train/images/002379_png.rf.a309e657e4e2a42dba93a42c9bd5dd81.jpg,512,512,1.0,0.0,84.11,55.2,509.93
train,frame446_jpg.rf.e5dc7b8306d66d6b2cd8019b2640ebb0.txt,data/thermal-1-filtered/train/images/frame446_jpg.rf.e5dc7b8306d66d6b2cd8019b2640ebb0.jpg,512,512,1.0,2.98,82.79,49.02,119.25
train,frame239_jpg.rf.56d4f995f64467d30ffc2bbd280bb569.txt,data/thermal-1-filtered/train/images/frame239_jpg.rf.56d4f995f64467d30ffc2bbd280bb569.jpg,512,512,1.0,3.088,91.37,49.39,174.38
train,IR_BIRD_012_frame159_jpg.rf.b6cff1c5e5e4a51e300dbb6ccd1f17e2.txt,data/thermal-1-filtered/train/images/IR_BIRD_012_frame159_jpg.rf.b6cff1c5e5e4a51e300dbb6ccd1f17e2.jpg,512,512,1.0,0.0,89.98,54.67,68.61
train,002458_png.rf.56e1404f3074d27ed3b5e3f238106a1e.txt,data/thermal-1-filtered/train/images/002458_png.rf.56e1404f3074d27ed3b5e3f238106a1e.jpg,512,512,1.0,0.0,75.36,52.47,367.25
train,frame442_jpg.rf.99238d5b3c50d49e7e0443852f18956f.txt,data/thermal-1-filtered/train/images/frame442_jpg.rf.99238d5b3c50d49e7e0443852f18956f.jpg,512,512,1.0,3.078,82.11,45.27,123.78
train,frame391_jpg.rf.2a4593ec7b81b45a5b565ad0f5604400.txt,data/thermal-1-filtered/train/images/frame391_jpg.rf.2a4593ec7b81b45a5b565ad0f5604400.jpg,512,512,1.0,3.275,90.95,40.82,439.2
train,frame117_jpg.rf.b8402030c92b707bc7e2a67014e042a3.txt,data/thermal-1-filtered/train/images/frame117_jpg.rf.b8402030c92b707bc7e2a67014e042a3.jpg,512,512,1.0,3.182,91.65,56.04,249.97
train,002779_png.rf.5667d340b063dd0894707b0287585345.txt,data/thermal-1-filtered/train/images/002779_png.rf.5667d340b063dd0894707b0287585345.jpg,512,512,1.0,0.0,81.06,54.21,325.26
train,0_0_000041_jpg.rf.1476323586f6a893bcfb1b303210d8bb.txt,data/thermal-1-filtered/train/images/0_0_000041_jpg.rf.1476323586f6a893bcfb1b303210d8bb.jpg,512,512,1.0,0.0,83.08,73.83,114.09
train,003716_png.rf.45e3cd5ed386145ad30328cf3772c6ad.txt,data/thermal-1-filtered/train/images/003716_png.rf.45e3cd5ed386145ad30328cf3772c6ad.jpg,512,512,1.0,0.0,81.22,51.1,564.9
train,002704_png.rf.a938e9a38167a79254eecf2b50116690.txt,data/thermal-1-filtered/train/images/002704_png.rf.a938e9a38167a79254eecf2b50116690.jpg,512,512,1.0,0.0,61.67,46.89,227.11
train,0_0_000404_jpg.rf.29828da526ace47075924787d632d1c4.txt,data/thermal-1-filtered/train/images/0_0_000404_jpg.rf.29828da526ace47075924787d632d1c4.jpg,512,512,1.0,0.0,100.6,61.91,239.68
train,003795_png.rf.ed3868ff5b28bd00a423259b893104bc.txt,data/thermal-1-filtered/train/images/003795_png.rf.ed3868ff5b28bd00a423259b893104bc.jpg,512,512,1.0,0.0,96.63,58.3,194.07
train,IR_BIRD_012_frame60_jpg.rf.46f9284b83f1dbabd4bd2516fd08c648.txt,data/thermal-1-filtered/train/images/IR_BIRD_012_frame60_jpg.rf.46f9284b83f1dbabd4bd2516fd08c648.jpg,512,512,1.0,0.0,95.08,52.9,60.35
train,frame219_jpg.rf.0d4ebb9f2dacf0b025cabad5ddafd18e.txt,data/thermal-1-filtered/train/images/frame219_jpg.rf.0d4ebb9f2dacf0b025cabad5ddafd18e.jpg,512,512,1.0,3.07,87.59,48.02,154.63
train,002305_png.rf.22ab14cef8e3882a5fdef824fafbfe99.txt,data/thermal-1-filtered/train/images/002305_png.rf.22ab14cef8e3882a5fdef824fafbfe99.jpg,512,512,1.0,0.0,89.77,57.88,2307.86
train,IR_BIRD_012_frame254_jpg.rf.7b6fafe4c39732b91aa4e863116d0b5a.txt,data/thermal-1-filtered/train/images/IR_BIRD_012_frame254_jpg.rf.7b6fafe4c39732b91aa4e863116d0b5a.jpg,512,512,1.0,0.0,99.04,56.02,93.42
train,0_0_000042_jpg.rf.8342c97d19cc9beed06cfeaf229c8947.txt,data/thermal-1-filtered/train/images/0_0_000042_jpg.rf.8342c97d19cc9beed06cfeaf229c8947.jpg,512,512,1.0,0.0,83.23,72.21,110.16
train,ir_3_022220_jpg.rf.5cb95796fc0dd02cf1f14cb08b315386.txt,data/thermal-1-filtered/train/images/ir_3_022220_jpg.rf.5cb95796fc0dd02cf1f14cb08b315386.jpg,512,512,1.0,0.0,95.1,58.66,1470.69
train,ir_2_023870_jpg.rf.12b9a7bd09bbeee54d25b68ebab28798.txt,data/thermal-1-filtered/train/images/ir_2_023870_jpg.rf.12b9a7bd09bbeee54d25b68ebab28798.jpg,512,512,1.0,0.0,74.48,51.95,166.36
train,IR_BIRD_012_frame121_jpg.rf.2dec2428843bc8c04e9144e574684df3.txt,data/thermal-1-filtered/train/images/IR_BIRD_012_frame121_jpg.rf.2dec2428843bc8c04e9144e574684df3.jpg,512,512,1.0,0.0,103.88,49.61,65.44
train,003830_png.rf.964cce845cece545f022a1c88f458fc8.txt,data/thermal-1-filtered/train/images/003830_png.rf.964cce845cece545f022a1c88f458fc8.jpg,512,512,1.0,0.0,90.77,56.39,410.89
train,frame582_jpg.rf.f81500161c90cbb37b3a0cdb7148b6a4.txt,data/thermal-1-filtered/train/images/frame582_jpg.rf.f81500161c90cbb37b3a0cdb7148b6a4.jpg,512,512,1.0,3.314,57.39,34.09,425.11
train,003774_png.rf.d8d1012020d24f910a6943f50f23d6a5.txt,data/thermal-1-filtered/train/images/003774_png.rf.d8d1012020d24f910a6943f50f23d6a5.jpg,512,512,1.0,0.0,98.54,57.09,863.91
train,frame417_jpg.rf.bb2b92e4adb34325273c2c7617c6703a.txt,data/thermal-1-filtered/train/images/frame417_jpg.rf.bb2b92e4adb34325273c2c7617c6703a.jpg,512,512,1.0,3.007,80.05,45.94,113.56
train,002719_png.rf.64c27bd5e61adc09a0a9058ab34d1953.txt,data/thermal-1-filtered/train/images/002719_png.rf.64c27bd5e61adc09a0a9058ab34d1953.jpg,512,512,1.0,0.0,75.22,51.94,258.47
train,frame607_jpg.rf.0223855635f8762c11dc5eadce545779.txt,data/thermal-1-filtered/train/images/frame607_jpg.rf.0223855635f8762c11dc5eadce545779.jpg,512,512,1.0,3.083,44.87,28.92,151.03
train,frame3_jpg.rf.9d4487afb84948e0591af26fa4d7d289.txt,data/thermal-1-filtered/train/images/frame3_jpg.rf.9d4487afb84948e0591af26fa4d7d289.jpg,512,512,1.0,3.17,73.23,44.37,200.67
train,IR_BIRD_012_frame9_jpg.rf.18c0f05b5c144c3dbbba91e3241a3965.txt,data/thermal-1-filtered/train/images/IR_BIRD_012_frame9_jpg.rf.18c0f05b5c144c3dbbba91e3241a3965.jpg,512,512,1.0,0.0,101.17,46.31,69.35
train,002433_png.rf.71f236dde5b2ac05c230860d2bd72650.txt,data/thermal-1-filtered/train/images/002433_png.rf.71f236dde5b2ac05c230860d2bd72650.jpg,512,512,1.0,0.0,91.39,56.03,1282.73
train,0_0_000067_jpg.rf.600a6a392756b7a9dde0fbbdd6c90b72.txt,data/thermal-1-filtered/train/images/0_0_000067_jpg.rf.600a6a392756b7a9dde0fbbdd6c90b72.jpg,512,512,1.0,0.0,117.24,66.5,229.73
train,002714_png.rf.a0558c94fb54958cc8432e1c8f1a3dfc.txt,data/thermal-1-filtered/train/images/002714_png.rf.a0558c94fb54958cc8432e1c8f1a3dfc.jpg,512,512,1.0,0.0,79.85,50.94,316.4
train,003793_png.rf.b7783fd5d809b6b1fc23e359b0dc8c60.txt,data/thermal-1-filtered/train/images/003793_png.rf.b7783fd5d809b6b1fc23e359b0dc8c60.jpg,512,512,1.0,0.0,88.44,57.35,164.18
train,IR_BIRD_012_frame98_jpg.rf.6893b345c5c405d410771df689732139.txt,data/thermal-1-filtered/train/images/IR_BIRD_012_frame98_jpg.rf.6893b345c5c405d410771df689732139.jpg,512,512,1.0,0.0,93.91,56.67,75.42
train,frame258_jpg.rf.8fcc281fa3f5c63cedf1190ad2ce3f51.txt,data/thermal-1-filtered/train/images/frame258_jpg.rf.8fcc281fa3f5c63cedf1190ad2ce3f51.jpg,512,512,1.0,3.123,97.46,57.31,696.26
train,frame204_jpg.rf.adb840e6e8b6d684d470d9ac24bb6b5b.txt,data/thermal-1-filtered/train/images/frame204_jpg.rf.adb840e6e8b6d684d470d9ac24bb6b5b.jpg,512,512,1.0,3.137,90.29,47.76,143.1
train,frame306_jpg.rf.80927cc1b44e110fc0dbf88e87b49728.txt,data/thermal-1-filtered/train/images/frame306_jpg.rf.80927cc1b44e110fc0dbf88e87b49728.jpg,512,512,1.0,3.264,105.22,57.92,243.49
train,002708_png.rf.11332f3786dd99beca64ffa4e707de83.txt,data/thermal-1-filtered/train/images/002708_png.rf.11332f3786dd99beca64ffa4e707de83.jpg,512,512,1.0,0.0,83.26,54.34,1244.31
train,001506_png.rf.476dc033bad74134b8ecb79ba8756ce0.txt,data/thermal-1-filtered/train/images/001506_png.rf.476dc033bad74134b8ecb79ba8756ce0.jpg,512,512,1.0,0.0,81.18,58.4,177.34
train,0_0_000070_jpg.rf.9a79e1a0e7a67cc5da17a826000ab71a.txt,data/thermal-1-filtered/train/images/0_0_000070_jpg.rf.9a79e1a0e7a67cc5da17a826000ab71a.jpg,512,512,1.0,0.0,57.8,67.89,85.63
train,frame199_jpg.rf.5e14a5d0c1bd3cb3a9cb68e9aa215e08.txt,data/thermal-1-filtered/train/images/frame199_jpg.rf.5e14a5d0c1bd3cb3a9cb68e9aa215e08.jpg,512,512,1.0,3.091,88.7,47.91,164.2
train,002446_png.rf.0df223352c6d543c563a7d576a834457.txt,data/thermal-1-filtered/train/images/002446_png.rf.0df223352c6d543c563a7d576a834457.jpg,512,512,1.0,0.0,85.37,54.7,1117.8
train,002360_png.rf.bac9f3801cc563cc048aa40e285e125f.txt,data/thermal-1-filtered/train/images/002360_png.rf.bac9f3801cc563cc048aa40e285e125f.jpg,512,512,1.0,0.0,75.1,53.54,302.9
train,frame203_jpg.rf.f992d31d48ca06a22cb76956ac9d6d71.txt,data/thermal-1-filtered/train/images/frame203_jpg.rf.f992d31d48ca06a22cb76956ac9d6d71.jpg,512,512,1.0,3.297,93.13,43.06,423.29
train,002441_png.rf.668feef22789e242826b7d173eb77b58.txt,data/thermal-1-filtered/train/images/002441_png.rf.668feef22789e242826b7d173eb77b58.jpg,512,512,1.0,0.0,79.68,52.03,455.22
train,frame203_jpg.rf.469bd99112d940dec9393a99ac585083.txt,data/thermal-1-filtered/train/images/frame203_jpg.rf.469bd99112d940dec9393a99ac585083.jpg,512,512,1.0,3.053,85.34,49.26,84.95
train,IR_BIRD_012_frame263_jpg.rf.138ddb62a60b2ad10c37950a54e182d4.txt,data/thermal-1-filtered/train/images/IR_BIRD_012_frame263_jpg.rf.138ddb62a60b2ad10c37950a54e182d4.jpg,512,512,1.0,0.0,108.03,45.79,108.23
train,002285_png.rf.d386387e46e89a5d390e7424a36f4d28.txt,data/thermal-1-filtered/train/images/002285_png.rf.d386387e46e89a5d390e7424a36f4d28.jpg,512,512,1.0,0.0,91.74,56.14,619.71
train,frame687_jpg.rf.a9d3991a5a7ee2695f55778e73b42788.txt,data/thermal-1-filtered/train/images/frame687_jpg.rf.a9d3991a5a7ee2695f55778e73b42788.jpg,512,512,1.0,3.272,46.32,27.45,216.11
train,000009_png.rf.734a8ac9fb7270d90117e78875c626eb.txt,data/thermal-1-filtered/train/images/000009_png.rf.734a8ac9fb7270d90117e78875c626eb.jpg,512,512,1.0,0.0,88.0,61.12,450.73
train,002720_png.rf.2b0c3b9f60a0cd34f54ccce2bf8911df.txt,data/thermal-1-filtered/train/images/002720_png.rf.2b0c3b9f60a0cd34f54ccce2bf8911df.jpg,512,512,1.0,0.0,76.77,49.62,245.18
train,IR_BIRD_012_frame89_jpg.rf.4a53988c9735c4a2e8832bf2379857d3.txt,data/thermal-1-filtered/train/images/IR_BIRD_012_frame89_jpg.rf.4a53988c9735c4a2e8832bf2379857d3.jpg,512,512,1.0,0.0,97.47,51.44,66.53
train,003097_png.rf.6f22c4dadb0e47404ab18beb0a86ef13.txt,data/thermal-1-filtered/train/images/003097_png.rf.6f22c4dadb0e47404ab18beb0a86ef13.jpg,512,512,1.0,0.0,83.04,55.71,735.43
train,002250_png.rf.2b34b226dd9e1c9ed3729c3c518e0a2e.txt,data/thermal-1-filtered/train/images/002250_png.rf.2b34b226dd9e1c9ed3729c3c518e0a2e.jpg,512,512,1.0,0.0,81.36,50.89,196.25
train,002276_png.rf.3a0ed0552b90eca050eafd2039793b34.txt,data/thermal-1-filtered/train/images/002276_png.rf.3a0ed0552b90eca050eafd2039793b34.jpg,512,512,1.0,0.0,90.28,56.36,436.07
train,003818_png.rf.672f268065da64c087aa40f2f19599bb.txt,data/thermal-1-filtered/train/images/003818_png.rf.672f268065da64c087aa40f2f19599bb.jpg,512,512,1.0,0.0,89.53,56.77,429.96
train,frame582_jpg.rf.e3733b8bf85376f9b9d35d9f96b7547a.txt,data/thermal-1-filtered/train/images/frame582_jpg.rf.e3733b8bf85376f9b9d35d9f96b7547a.jpg,512,512,1.0,3.125,44.62,26.98,103.04
train,IR_BIRD_012_frame244_jpg.rf.06ca2a3e7ecf0702179f494e372f9e08.txt,data/thermal-1-filtered/train/images/IR_BIRD_012_frame244_jpg.rf.06ca2a3e7ecf0702179f494e372f9e08.jpg,512,512,1.0,0.0,107.79,46.14,86.57
train,0_0_000004_jpg.rf.27a9d87e959ea161b078c9e0626f8453.txt,data/thermal-1-filtered/train/images/0_0_000004_jpg.rf.27a9d87e959ea161b078c9e0626f8453.jpg,512,512,1.0,0.0,94.74,72.53,127.25
train,frame127_jpg.rf.67ae10a57eb20163f6b7860e6de13260.txt,data/thermal-1-filtered/train/images/frame127_jpg.rf.67ae10a57eb20163f6b7860e6de13260.jpg,512,512,1.0,3.267,100.42,57.47,722.6
train,002239_png.rf.67d77bfeadf6c5308e1afd9c4c0826d8.txt,data/thermal-1-filtered/train/images/002239_png.rf.67d77bfeadf6c5308e1afd9c4c0826d8.jpg,512,512,1.0,0.0,89.4,54.12,1108.04
train,frame532_jpg.rf.151d7650dcadb362c8965c9778f663c5.txt,data/thermal-1-filtered/train/images/frame532_jpg.rf.151d7650dcadb362c8965c9778f663c5.jpg,512,512,1.0,3.188,56.43,28.18,150.69
train,003700_png.rf.cc93c2112f848f6ab3d828d8c6209b47.txt,data/thermal-1-filtered/train/images/003700_png.rf.cc93c2112f848f6ab3d828d8c6209b47.jpg,512,512,1.0,0.0,82.23,54.6,783.46
train,frame673_jpg.rf.ee7220a8a119525f71b86d4ece654b9e.txt,data/thermal-1-filtered/train/images/frame673_jpg.rf.ee7220a8a119525f71b86d4ece654b9e.jpg,512,512,1.0,3.083,36.64,22.64,98.62
train,003037_png.rf.c5aad84f20f3fbadeaecb04a48da0772.txt,data/thermal-1-filtered/train/images/003037_png.rf.c5aad84f20f3fbadeaecb04a48da0772.jpg,512,512,1.0,0.0,82.31,56.88,762.44
train,frame669_jpg.rf.e639008d3a3cbca285702f0f62a17058.txt,data/thermal-1-filtered/train/images/frame669_jpg.rf.e639008d3a3cbca285702f0f62a17058.jpg,512,512,1.0,3.049,40.01,26.78,147.08
train,0_0_000066_jpg.rf.ab15011de3821b44aef2244e137f86c6.txt,data/thermal-1-filtered/train/images/0_0_000066_jpg.rf.ab15011de3821b44aef2244e137f86c6.jpg,512,512,1.0,0.0,59.02,65.6,69.29
train,frame200_jpg.rf.726a79bbb9dc9125c472ee6c7c3758b5.txt,data/thermal-1-filtered/train/images/frame200_jpg.rf.726a79bbb9dc9125c472ee6c7c3758b5.jpg,512,512,1.0,3.299,93.27,42.73,419.62
train,003064_png.rf.4ae43b36ef261bc56d145d9eeb21a680.txt,data/thermal-1-filtered/train/images/003064_png.rf.4ae43b36ef261bc56d145d9eeb21a680.jpg,512,512,1.0,0.0,87.14,56.03,1004.88
train,0_0_000065_jpg.rf.555e2e319ef23a117941b63e576aac4e.txt,data/thermal-1-filtered/train/images/0_0_000065_jpg.rf.555e2e319ef23a117941b63e576aac4e.jpg,512,512,1.0,0.0,66.93,69.18,90.2
train,img_0457_png.rf.7b92fbe820b1740a2a42f9950d24a1c8.txt,data/thermal-1-filtered/train/images/img_0457_png.rf.7b92fbe820b1740a2a42f9950d24a1c8.jpg,512,512,1.0,0.0,134.61,53.8,114.66
train,002328_png.rf.d189986bda338fd4044ee2fda352c8d0.txt,data/thermal-1-filtered/train/images/002328_png.rf.d189986bda338fd4044ee2fda352c8d0.jpg,512,512,1.0,0.0,79.04,55.42,610.09
train,003428_png.rf.df6fec1dc2473eb35c50e3e27dda4904.txt,data/thermal-1-filtered/train/images/003428_png.rf.df6fec1dc2473eb35c50e3e27dda4904.jpg,512,512,1.0,0.0,91.18,56.39,1843.62
train,003822_png.rf.29cadd8594de11476f7c8930e3c13fb9.txt,data/thermal-1-filtered/train/images/003822_png.rf.29cadd8594de11476f7c8930e3c13fb9.jpg,512,512,1.0,0.0,87.16,53.35,367.93
train,003420_png.rf.542cef8e2f1436081ea19a9284874c76.txt,data/thermal-1-filtered/train/images/003420_png.rf.542cef8e2f1436081ea19a9284874c76.jpg,512,512,1.0,0.0,74.71,50.01,300.72
train,002831_png.rf.5bc71774960a90623e655cb7f5980d05.txt,data/thermal-1-filtered/train/images/002831_png.rf.5bc71774960a90623e655cb7f5980d05.jpg,512,512,1.0,0.0,77.58,52.28,287.81
train,002837_png.rf.a83ea41d3a540b0728690162d28fe32a.txt,data/thermal-1-filtered/train/images/002837_png.rf.a83ea41d3a540b0728690162d28fe32a.jpg,512,512,1.0,0.0,69.73,49.65,170.34
train,ir_3_034950_jpg.rf.18bfee87a20a85b5bbb7d572f7dc71cd.txt,data/thermal-1-filtered/train/images/ir_3_034950_jpg.rf.18bfee87a20a85b5bbb7d572f7dc71cd.jpg,512,512,1.0,0.0,82.49,55.44,748.1
train,002471_png.rf.0b980c75763a73e2899b178f14dbbf83.txt,data/thermal-1-filtered/train/images/002471_png.rf.0b980c75763a73e2899b178f14dbbf83.jpg,512,512,1.0,0.0,85.81,51.43,540.05
train,frame623_jpg.rf.d375b1973073539cc7ea3ed0ba17ae87.txt,data/thermal-1-filtered/train/images/frame623_jpg.rf.d375b1973073539cc7ea3ed0ba17ae87.jpg,512,512,1.0,3.087,43.33,29.75,147.55
train,frame445_jpg.rf.f07d81911030cf216c3821eb7f1b1cab.txt,data/thermal-1-filtered/train/images/frame445_jpg.rf.f07d81911030cf216c3821eb7f1b1cab.jpg,512,512,1.0,3.013,83.08,48.73,120.23
train,003782_png.rf.d4aa57a0262c142b1663e8abfee3c465.txt,data/thermal-1-filtered/train/images/003782_png.rf.d4aa57a0262c142b1663e8abfee3c465.jpg,512,512,1.0,0.0,92.01,56.38,181.81
train,002054_png.rf.f6b98b4cfa19ea833289c898ef1d8316.txt,data/thermal-1-filtered/train/images/002054_png.rf.f6b98b4cfa19ea833289c898ef1d8316.jpg,512,512,1.0,0.0,76.06,53.96,1300.37
train,IR_BIRD_012_frame130_jpg.rf.346bdd0cc86e4b66a27743528b2ed301.txt,data/thermal-1-filtered/train/images/IR_BIRD_012_frame130_jpg.rf.346bdd0cc86e4b66a27743528b2ed301.jpg,512,512,1.0,0.0,98.96,50.87,88.12
train,frame172_jpg.rf.c6e3faeeb29adf9fcd09fb96a72d55f8.txt,data/thermal-1-filtered/train/images/frame172_jpg.rf.c6e3faeeb29adf9fcd09fb96a72d55f8.jpg,512,512,1.0,3.08,83.97,50.48,124.16
train,002664_png.rf.7c6554bbc26727f0f6209a3c75e737ff.txt,data/thermal-1-filtered/train/images/002664_png.rf.7c6554bbc26727f0f6209a3c75e737ff.jpg,512,512,1.0,0.0,83.61,56.16,894.29
train,frame357_jpg.rf.cd7c18091e93da6070a5a7ae109e71f0.txt,data/thermal-1-filtered/train/images/frame357_jpg.rf.cd7c18091e93da6070a5a7ae109e71f0.jpg,512,512,1.0,3.03,82.93,47.31,161.41
train,frame549_jpg.rf.da3393971bab1f1de2059079eb69c78b.txt,data/thermal-1-filtered/train/images/frame549_jpg.rf.da3393971bab1f1de2059079eb69c78b.jpg,512,512,1.0,3.27,54.99,30.78,194.05
train,002669_png.rf.6e7deaab9ad423c40aee1306e0e4729f.txt,data/thermal-1-filtered/train/images/002669_png.rf.6e7deaab9ad423c40aee1306e0e4729f.jpg,512,512,1.0,0.0,74.4,50.91,552.39
train,003034_png.rf.b195294e9be9dd073011bc8df9d54c9b.txt,data/thermal-1-filtered/train/images/003034_png.rf.b195294e9be9dd073011bc8df9d54c9b.jpg,512,512,1.0,0.0,78.4,52.43,640.13
train,003044_png.rf.f9b2ef9524fd7d8800126ddb21932210.txt,data/thermal-1-filtered/train/images/003044_png.rf.f9b2ef9524fd7d8800126ddb21932210.jpg,512,512,1.0,0.0,82.22,56.77,870.16
train,IR_BIRD_012_frame138_jpg.rf.24c2f9317e3208e89ed671f3662340bc.txt,data/thermal-1-filtered/train/images/IR_BIRD_012_frame138_jpg.rf.24c2f9317e3208e89ed671f3662340bc.jpg,512,512,1.0,0.0,99.91,52.42,84.48
train,IR_BIRD_012_frame95_jpg.rf.90159cc3587e01d09b7409a74f1ef7fc.txt,data/thermal-1-filtered/train/images/IR_BIRD_012_frame95_jpg.rf.90159cc3587e01d09b7409a74f1ef7fc.jpg,512,512,1.0,0.0,95.74,54.74,78.82
train,003094_png.rf.381aca498367aeb71631a446b0f71b26.txt,data/thermal-1-filtered/train/images/003094_png.rf.381aca498367aeb71631a446b0f71b26.jpg,512,512,1.0,0.0,87.58,54.65,860.36
train,frame286_jpg.rf.d488fec50c9deced364ecf6c4369f38b.txt,data/thermal-1-filtered/train/images/frame286_jpg.rf.d488fec50c9deced364ecf6c4369f38b.jpg,512,512,1.0,3.253,100.18,56.53,580.57
train,002062_png.rf.074b1eca1c0e49873da4a0e44417b273.txt,data/thermal-1-filtered/train/images/002062_png.rf.074b1eca1c0e49873da4a0e44417b273.jpg,512,512,1.0,0.0,87.91,58.17,4310.68
train,frame157_jpg.rf.bc80fb01435abbe1c93e383ed5fbce99.txt,data/thermal-1-filtered/train/images/frame157_jpg.rf.bc80fb01435abbe1c93e383ed5fbce99.jpg,512,512,1.0,3.286,97.21,51.13,196.8
train,frame685_jpg.rf.de5596b9280a854442c3c79404143814.txt,data/thermal-1-filtered/train/images/frame685_jpg.rf.de5596b9280a854442c3c79404143814.jpg,512,512,1.0,3.147,43.0,25.99,186.17
train,003751_png.rf.9d2fa903b7a555c4402235bbc4b7d169.txt,data/thermal-1-filtered/train/images/003751_png.rf.9d2fa903b7a555c4402235bbc4b7d169.jpg,512,512,1.0,0.0,85.05,48.8,271.59
train,002511_png.rf.7de4d4433f50169788aa04779daccee1.txt,data/thermal-1-filtered/train/images/002511_png.rf.7de4d4433f50169788aa04779daccee1.jpg,512,512,1.0,0.0,84.28,53.52,611.51
train,002397_png.rf.ee13b2f78c3d03aa65d70d0dfd5136f6.txt,data/thermal-1-filtered/train/images/002397_png.rf.ee13b2f78c3d03aa65d70d0dfd5136f6.jpg,512,512,1.0,0.0,80.85,53.91,418.9
train,002227_png.rf.e756cf011e9aa5a1d443079044c97494.txt,data/thermal-1-filtered/train/images/002227_png.rf.e756cf011e9aa5a1d443079044c97494.jpg,512,512,1.0,0.0,89.94,57.12,2720.13
train,002572_png.rf.5f6e1907324ced7385b3142274cf7791.txt,data/thermal-1-filtered/train/images/002572_png.rf.5f6e1907324ced7385b3142274cf7791.jpg,512,512,1.0,0.0,92.77,57.08,1175.01
train,003424_png.rf.8cf6d5b8d514a1a998bd1195b0ac0c36.txt,data/thermal-1-filtered/train/images/003424_png.rf.8cf6d5b8d514a1a998bd1195b0ac0c36.jpg,512,512,1.0,0.0,91.15,56.67,1475.77
train,002254_png.rf.c45fd8b862a48acc620f7fcde2110d39.txt,data/thermal-1-filtered/train/images/002254_png.rf.c45fd8b862a48acc620f7fcde2110d39.jpg,512,512,1.0,0.0,95.3,57.28,607.22
train,001994_png.rf.14a160be525c39013eeafe4cd8b59fd2.txt,data/thermal-1-filtered/train/images/001994_png.rf.14a160be525c39013eeafe4cd8b59fd2.jpg,512,512,1.0,0.0,87.96,57.41,1017.97
train,frame647_jpg.rf.189f30a0ce2ce5428c92d869054bf700.txt,data/thermal-1-filtered/train/images/frame647_jpg.rf.189f30a0ce2ce5428c92d869054bf700.jpg,512,512,1.0,3.308,56.64,34.05,429.78
train,frame447_jpg.rf.97004fe2c62fa02257f130b5ed5d447e.txt,data/thermal-1-filtered/train/images/frame447_jpg.rf.97004fe2c62fa02257f130b5ed5d447e.jpg,512,512,1.0,3.269,97.71,45.86,567.3
train,frame707_jpg.rf.b0c809755ad5b3bfc597b615f2738a68.txt,data/thermal-1-filtered/train/images/frame707_jpg.rf.b0c809755ad5b3bfc597b615f2738a68.jpg,512,512,1.0,3.288,58.34,34.69,456.6
train,003041_png.rf.bcae9b779c75e7b560dce1c5e19ece07.txt,data/thermal-1-filtered/train/images/003041_png.rf.bcae9b779c75e7b560dce1c5e19ece07.jpg,512,512,1.0,0.0,88.84,57.79,2464.89
train,002505_png.rf.de81ecec5dbe37b6b8f712d8fb97055b.txt,data/thermal-1-filtered/train/images/002505_png.rf.de81ecec5dbe37b6b8f712d8fb97055b.jpg,512,512,1.0,0.0,84.73,52.9,674.3
train,003743_png.rf.66e7ee88499d2e138cb3065bb838b403.txt,data/thermal-1-filtered/train/images/003743_png.rf.66e7ee88499d2e138cb3065bb838b403.jpg,512,512,1.0,0.0,91.04,53.85,1473.78
train,002290_png.rf.19eef98e19e49ad492e9d049436648cb.txt,data/thermal-1-filtered/train/images/002290_png.rf.19eef98e19e49ad492e9d049436648cb.jpg,512,512,1.0,0.0,91.1,54.98,918.18
train,frame611_jpg.rf.6bdc29705a1f4aef23a0d9339adc7282.txt,data/thermal-1-filtered/train/images/frame611_jpg.rf.6bdc29705a1f4aef23a0d9339adc7282.jpg,512,512,1.0,3.308,56.83,34.14,434.75
train,002216_png.rf.8df5b05851164d7d8291d031227348af.txt,data/thermal-1-filtered/train/images/002216_png.rf.8df5b05851164d7d8291d031227348af.jpg,512,512,1.0,0.0,87.27,54.18,976.07
train,ir_3_031230_jpg.rf.a46587932e50276d81a17fc75c05ed1a.txt,data/thermal-1-filtered/train/images/ir_3_031230_jpg.rf.a46587932e50276d81a17fc75c05ed1a.jpg,512,512,1.0,0.0,84.04,57.31,1063.17
train,002438_png.rf.8e70ded376a7a9e552eb45721cddd8c5.txt,data/thermal-1-filtered/train/images/002438_png.rf.8e70ded376a7a9e552eb45721cddd8c5.jpg,512,512,1.0,0.0,74.69,50.81,365.91
train,003047_png.rf.b6edadf7307928d8532a714bac28784c.txt,data/thermal-1-filtered/train/images/003047_png.rf.b6edadf7307928d8532a714bac28784c.jpg,512,512,1.0,0.0,78.48,54.45,741.73
train,003486_png.rf.d738ddaaf98f12613d2a85cafaca0fab.txt,data/thermal-1-filtered/train/images/003486_png.rf.d738ddaaf98f12613d2a85cafaca0fab.jpg,512,512,1.0,0.0,85.86,53.87,1040.27
train,frame567_jpg.rf.11e21a4e592d18b04537e1e3eca75e7f.txt,data/thermal-1-filtered/train/images/frame567_jpg.rf.11e21a4e592d18b04537e1e3eca75e7f.jpg,512,512,1.0,3.304,58.67,33.92,421.15
train,003860_png.rf.e721af37cb51b285d034efefc6a470f0.txt,data/thermal-1-filtered/train/images/003860_png.rf.e721af37cb51b285d034efefc6a470f0.jpg,512,512,1.0,0.0,93.38,54.1,460.74
train,frame14_jpg.rf.79639d03ce37c4d1fb128b23952d88d0.txt,data/thermal-1-filtered/train/images/frame14_jpg.rf.79639d03ce37c4d1fb128b23952d88d0.jpg,512,512,1.0,3.045,63.21,43.4,114.24
train,002794_png.rf.fac84cdb3268fedfcc6dc4aa953919b2.txt,data/thermal-1-filtered/train/images/002794_png.rf.fac84cdb3268fedfcc6dc4aa953919b2.jpg,512,512,1.0,0.0,86.04,55.93,693.86
train,frame596_jpg.rf.5f186d40f97416063833793b0066a18e.txt,data/thermal-1-filtered/train/images/frame596_jpg.rf.5f186d40f97416063833793b0066a18e.jpg,512,512,1.0,3.308,57.24,34.29,425.57
train,002212_png.rf.903bbd4f4eef7aa5ab901b3747ac23f9.txt,data/thermal-1-filtered/train/images/002212_png.rf.903bbd4f4eef7aa5ab901b3747ac23f9.jpg,512,512,1.0,0.0,81.13,52.96,517.45
train,003714_png.rf.a56aeb0cb96ffc59d1d6ff3139baaea9.txt,data/thermal-1-filtered/train/images/003714_png.rf.a56aeb0cb96ffc59d1d6ff3139baaea9.jpg,512,512,1.0,0.0,86.93,53.22,1326.13
train,002071_png.rf.6e1775cf8b41a270a19d5626480ca7eb.txt,data/thermal-1-filtered/train/images/002071_png.rf.6e1775cf8b41a270a19d5626480ca7eb.jpg,512,512,1.0,0.0,77.6,53.25,701.75
train,001656_png.rf.345b73bd6e855541ffd4cec25f2e883b.txt,data/thermal-1-filtered/train/images/001656_png.rf.345b73bd6e855541ffd4cec25f2e883b.jpg,512,512,1.0,0.0,76.47,54.34,604.81
train,002224_png.rf.0e2a31ce08733d6f6499213fad29a21a.txt,data/thermal-1-filtered/train/images/002224_png.rf.0e2a31ce08733d6f6499213fad29a21a.jpg,512,512,1.0,0.0,84.62,51.67,769.96
train,frame109_jpg.rf.229f61a01acf29add32607230bcad351.txt,data/thermal-1-filtered/train/images/frame109_jpg.rf.229f61a01acf29add32607230bcad351.jpg,512,512,1.0,3.032,76.86,52.3,118.43
train,IR_BIRD_012_frame111_jpg.rf.bb6b9128fd576fc935efd8ec70071b9f.txt,data/thermal-1-filtered/train/images/IR_BIRD_012_frame111_jpg.rf.bb6b9128fd576fc935efd8ec70071b9f.jpg,512,512,1.0,0.0,95.82,55.12,74.67
train,002408_png.rf.9c508c60f92c9cb156aef59a3db4491b.txt,data/thermal-1-filtered/train/images/002408_png.rf.9c508c60f92c9cb156aef59a3db4491b.jpg,512,512,1.0,0.0,85.6,54.36,448.86
train,frame676_jpg.rf.cf456464463bb24e845409fcd148c02d.txt,data/thermal-1-filtered/train/images/frame676_jpg.rf.cf456464463bb24e845409fcd148c02d.jpg,512,512,1.0,3.307,48.5,29.98,454.86
train,IR_BIRD_012_frame209_jpg.rf.cd2968387126dc3fc9d937cd8e8f4ee2.txt,data/thermal-1-filtered/train/images/IR_BIRD_012_frame209_jpg.rf.cd2968387126dc3fc9d937cd8e8f4ee2.jpg,512,512,1.0,0.0,99.32,54.5,93.14
train,002817_png.rf.319338c28f5ad58068935ebfe55b6c34.txt,data/thermal-1-filtered/train/images/002817_png.rf.319338c28f5ad58068935ebfe55b6c34.jpg,512,512,1.0,0.0,93.64,57.49,145.61
train,frame46_jpg.rf.0968c2cb0376389d08bb377027e99bad.txt,data/thermal-1-filtered/train/images/frame46_jpg.rf.0968c2cb0376389d08bb377027e99bad.jpg,512,512,1.0,3.046,80.33,48.29,96.32
train,002823_png.rf.15c6509a4f6c40b1171f8ee3df401684.txt,data/thermal-1-filtered/train/images/002823_png.rf.15c6509a4f6c40b1171f8ee3df401684.jpg,512,512,1.0,0.0,87.46,52.36,484.73
train,frame578_jpg.rf.1ad9076aef5ed209958a68b70bf32b45.txt,data/thermal-1-filtered/train/images/frame578_jpg.rf.1ad9076aef5ed209958a68b70bf32b45.jpg,512,512,1.0,3.31,57.74,34.14,427.33
train,002225_png.rf.132c37fcdfc6c51a598e255a14cbbc1c.txt,data/thermal-1-filtered/train/images/002225_png.rf.132c37fcdfc6c51a598e255a14cbbc1c.jpg,512,512,1.0,0.0,89.29,56.67,2553.58
train,ir_3_018290_jpg.rf.3a505232dab701524884ef7a294fe65e.txt,data/thermal-1-filtered/train/images/ir_3_018290_jpg.rf.3a505232dab701524884ef7a294fe65e.jpg,512,512,1.0,0.0,82.2,53.73,777.9
train,002463_png.rf.010571f2c4723622f04b8ac5b3d7f00b.txt,data/thermal-1-filtered/train/images/002463_png.rf.010571f2c4723622f04b8ac5b3d7f00b.jpg,512,512,1.0,0.0,73.39,52.15,386.43
train,002391_png.rf.94a61c89babdf735f69a8cbfd5ac7452.txt,data/thermal-1-filtered/train/images/002391_png.rf.94a61c89babdf735f69a8cbfd5ac7452.jpg,512,512,1.0,0.0,87.38,54.24,520.31
train,IR_BIRD_012_frame277_jpg.rf.8e713d21ac76b95603e1219e5d7c0691.txt,data/thermal-1-filtered/train/images/IR_BIRD_012_frame277_jpg.rf.8e713d21ac76b95603e1219e5d7c0691.jpg,512,512,1.0,0.0,98.53,55.04,114.98
train,frame564_jpg.rf.fbc1d319ec65ac38e136e6bc94d6c740.txt,data/thermal-1-filtered/train/images/frame564_jpg.rf.fbc1d319ec65ac38e136e6bc94d6c740.jpg,512,512,1.0,3.305,58.63,33.9,421.15
train,002420_png.rf.7ccacaf3242d89e7348b24af266347a3.txt,data/thermal-1-filtered/train/images/002420_png.rf.7ccacaf3242d89e7348b24af266347a3.jpg,512,512,1.0,0.0,91.26,51.95,458.07
train,frame187_jpg.rf.01e4ce9baaf478c78b795370c14cb976.txt,data/thermal-1-filtered/train/images/frame187_jpg.rf.01e4ce9baaf478c78b795370c14cb976.jpg,512,512,1.0,3.29,90.73,42.21,444.08
train,003490_png.rf.8f34b6a02b093b54cc255d4503487018.txt,data/thermal-1-filtered/train/images/003490_png.rf.8f34b6a02b093b54cc255d4503487018.jpg,512,512,1.0,0.0,90.55,57.66,4885.4
train,frame483_jpg.rf.31f94291e82a8988e5dfa4f198f95350.txt,data/thermal-1-filtered/train/images/frame483_jpg.rf.31f94291e82a8988e5dfa4f198f95350.jpg,512,512,1.0,3.218,95.52,35.18,134.13
train,frame669_jpg.rf.beb9bdaf00c7ad96ad774800e64bbdea.txt,data/thermal-1-filtered/train/images/frame669_jpg.rf.beb9bdaf00c7ad96ad774800e64bbdea.jpg,512,512,1.0,3.303,51.3,31.25,429.8
train,002398_png.rf.9fc7397ab21f596fbf6bc26e9c979ab5.txt,data/thermal-1-filtered/train/images/002398_png.rf.9fc7397ab21f596fbf6bc26e9c979ab5.jpg,512,512,1.0,0.0,81.35,49.6,383.58
train,002423_png.rf.f0b5017109ad29dd9aa06336891ec037.txt,data/thermal-1-filtered/train/images/002423_png.rf.f0b5017109ad29dd9aa06336891ec037.jpg,512,512,1.0,0.0,87.69,54.52,441.45
train,ir_3_031420_jpg.rf.bb6c9d2bec6b630ec6970d9747c0a050.txt,data/thermal-1-filtered/train/images/ir_3_031420_jpg.rf.bb6c9d2bec6b630ec6970d9747c0a050.jpg,512,512,1.0,0.0,97.85,56.01,1180.15
train,frame678_jpg.rf.2ac0066b0defa376d548850cc178e61f.txt,data/thermal-1-filtered/train/images/frame678_jpg.rf.2ac0066b0defa376d548850cc178e61f.jpg,512,512,1.0,3.101,39.08,22.62,102.41
train,002708_png.rf.63a7b110bf2589ac6af334c1db865dec.txt,data/thermal-1-filtered/train/images/002708_png.rf.63a7b110bf2589ac6af334c1db865dec.jpg,512,512,1.0,0.0,73.68,51.8,384.43
train,frame427_jpg.rf.d315f8c8f37307daf1ee8755e138995c.txt,data/thermal-1-filtered/train/images/frame427_jpg.rf.d315f8c8f37307daf1ee8755e138995c.jpg,512,512,1.0,3.238,87.91,44.43,247.19
train,IR_BIRD_012_frame42_jpg.rf.32e83f6d291bc35000c65dd9c7218a22.txt,data/thermal-1-filtered/train/images/IR_BIRD_012_frame42_jpg.rf.32e83f6d291bc35000c65dd9c7218a22.jpg,512,512,1.0,0.0,101.17,46.31,69.56
train,IR_BIRD_012_frame65_jpg.rf.ae7f21c155b831ea46e5008199abf57d.txt,data/thermal-1-filtered/train/images/IR_BIRD_012_frame65_jpg.rf.ae7f21c155b831ea46e5008199abf57d.jpg,512,512,1.0,0.0,101.19,46.31,69.51
train,003905_png.rf.b9370f3e854711b3cd61a26ba595f529.txt,data/thermal-1-filtered/train/images/003905_png.rf.b9370f3e854711b3cd61a26ba595f529.jpg,512,512,1.0,0.0,85.29,55.77,595.42
train,002242_png.rf.c65fba838447b15975c9eb0135a4a168.txt,data/thermal-1-filtered/train/images/002242_png.rf.c65fba838447b15975c9eb0135a4a168.jpg,512,512,1.0,0.0,86.06,50.52,289.8
train,frame390_jpg.rf.45dfe205bc9bd024bd1678b5c9e745c6.txt,data/thermal-1-filtered/train/images/frame390_jpg.rf.45dfe205bc9bd024bd1678b5c9e745c6.jpg,512,512,1.0,3.129,85.47,42.92,154.7
train,003849_png.rf.2bd54189f158ee76193c6756f631cd56.txt,data/thermal-1-filtered/train/images/003849_png.rf.2bd54189f158ee76193c6756f631cd56.jpg,512,512,1.0,0.0,92.05,57.33,437.51
train,002254_png.rf.af5a15e06a57aea952c21eef924da4d4.txt,data/thermal-1-filtered/train/images/002254_png.rf.af5a15e06a57aea952c21eef924da4d4.jpg,512,512,1.0,0.0,92.9,56.18,310.28
train,frame511_jpg.rf.14c71d3f377395b608f15e12afc68ea0.txt,data/thermal-1-filtered/train/images/frame511_jpg.rf.14c71d3f377395b608f15e12afc68ea0.jpg,512,512,1.0,3.304,82.36,25.2,378.26
train,frame578_jpg.rf.da56deff061fdc3981fc639896bbfe2d.txt,data/thermal-1-filtered/train/images/frame578_jpg.rf.da56deff061fdc3981fc639896bbfe2d.jpg,512,512,1.0,3.034,45.85,29.26,110.67
train,0_0_000271_jpg.rf.eb99b33e6cff1a048b4dd138f102809e.txt,data/thermal-1-filtered/train/images/0_0_000271_jpg.rf.eb99b33e6cff1a048b4dd138f102809e.jpg,512,512,1.0,0.0,68.04,46.55,9.8
train,002459_png.rf.1ca4b09503a647aaf65010eeae5f3f7c.txt,data/thermal-1-filtered/train/images/002459_png.rf.1ca4b09503a647aaf65010eeae5f3f7c.jpg,512,512,1.0,0.0,81.76,52.57,441.75
train,002230_png.rf.4938359f8dabb2598f27c5afd4cec82c.txt,data/thermal-1-filtered/train/images/002230_png.rf.4938359f8dabb2598f27c5afd4cec82c.jpg,512,512,1.0,0.0,87.37,54.17,577.86
train,frame192_jpg.rf.a1e0f5df1e25f19d879375692c74a9ef.txt,data/thermal-1-filtered/train/images/frame192_jpg.rf.a1e0f5df1e25f19d879375692c74a9ef.jpg,512,512,1.0,3.298,91.58,43.09,462.75
train,ir_2_023190_jpg.rf.9e90afcceeb2525282d338071b88d087.txt,data/thermal-1-filtered/train/images/ir_2_023190_jpg.rf.9e90afcceeb2525282d338071b88d087.jpg,512,512,1.0,0.0,92.0,56.94,1716.38
train,002015_png.rf.eca34b8919bc5aa5595aa5f67faa9ea5.txt,data/thermal-1-filtered/train/images/002015_png.rf.eca34b8919bc5aa5595aa5f67faa9ea5.jpg,512,512,1.0,0.0,85.75,56.37,758.35
train,1159_png.rf.d7de66eeb014b68f16440f2a7643797f.txt,data/thermal-1-filtered/train/images/1159_png.rf.d7de66eeb014b68f16440f2a7643797f.jpg,512,512,1.0,0.0,96.11,41.43,76.62
train,002589_png.rf.5daa2606900898ad56fbe7916b75e51e.txt,data/thermal-1-filtered/train/images/002589_png.rf.5daa2606900898ad56fbe7916b75e51e.jpg,512,512,1.0,0.0,85.79,55.88,477.77
train,frame611_jpg.rf.012d0cd6268124dd10a98187414d5671.txt,data/thermal-1-filtered/train/images/frame611_jpg.rf.012d0cd6268124dd10a98187414d5671.jpg,512,512,1.0,3.147,43.41,26.71,103.83
train,frame413_jpg.rf.0ccf2ce5ccc35b012f779088ee0ec8c7.txt,data/thermal-1-filtered/train/images/frame413_jpg.rf.0ccf2ce5ccc35b012f779088ee0ec8c7.jpg,512,512,1.0,2.978,79.76,45.32,92.59
train,0_0_000102_jpg.rf.369efb1345408f8af4d8a303e12b59b9.txt,data/thermal-1-filtered/train/images/0_0_000102_jpg.rf.369efb1345408f8af4d8a303e12b59b9.jpg,512,512,1.0,0.0,124.43,47.93,100.88
train,frame15_jpg.rf.336a3fbe689b4907ebad898b57f2ce5c.txt,data/thermal-1-filtered/train/images/frame15_jpg.rf.336a3fbe689b4907ebad898b57f2ce5c.jpg,512,512,1.0,2.908,63.59,45.73,98.28
train,IR_BIRD_012_frame293_jpg.rf.d7c95cb54630cac2263d8fb9c198d1ff.txt,data/thermal-1-filtered/train/images/IR_BIRD_012_frame293_jpg.rf.d7c95cb54630cac2263d8fb9c198d1ff.jpg,512,512,1.0,0.0,97.85,55.82,102.89
train,002685_png.rf.e3f9156fd87998b910523a8b995e14c9.txt,data/thermal-1-filtered/train/images/002685_png.rf.e3f9156fd87998b910523a8b995e14c9.jpg,512,512,1.0,0.0,78.07,52.28,738.11
train,002052_png.rf.4685ba3a9787f588351b986edcc3ed33.txt,data/thermal-1-filtered/train/images/002052_png.rf.4685ba3a9787f588351b986edcc3ed33.jpg,512,512,1.0,0.0,82.63,55.08,1414.83
train,frame273_jpg.rf.2730ecb14128efa83b4ab793db043263.txt,data/thermal-1-filtered/train/images/frame273_jpg.rf.2730ecb14128efa83b4ab793db043263.jpg,512,512,1.0,2.875,78.46,53.68,184.57
train,frame70_jpg.rf.40ea85b85c89677cd50233661fb1267c.txt,data/thermal-1-filtered/train/images/frame70_jpg.rf.40ea85b85c89677cd50233661fb1267c.jpg,512,512,1.0,3.112,88.38,48.61,86.64
train,IR_BIRD_012_frame273_jpg.rf.957da3da3907cb5e5cf1a7fb0243e9ee.txt,data/thermal-1-filtered/train/images/IR_BIRD_012_frame273_jpg.rf.957da3da3907cb5e5cf1a7fb0243e9ee.jpg,512,512,1.0,0.0,107.97,45.78,116.0
train,003698_png.rf.baeffe2aca48a2f090692cf511fbee95.txt,data/thermal-1-filtered/train/images/003698_png.rf.baeffe2aca48a2f090692cf511fbee95.jpg,512,512,1.0,0.0,85.52,55.55,844.46
train,IR_BIRD_012_frame131_jpg.rf.06bc7494f45014693688119e786429a1.txt,data/thermal-1-filtered/train/images/IR_BIRD_012_frame131_jpg.rf.06bc7494f45014693688119e786429a1.jpg,512,512,1.0,0.0,93.09,55.26,84.14
train,002031_png.rf.63c33e49dd89d6f91161222fe53d261f.txt,data/thermal-1-filtered/train/images/002031_png.rf.63c33e49dd89d6f91161222fe53d261f.jpg,512,512,1.0,0.0,83.02,57.45,1431.44
train,frame699_jpg.rf.8ea6f855ebac3565f274f361c2d7927e.txt,data/thermal-1-filtered/train/images/frame699_jpg.rf.8ea6f855ebac3565f274f361c2d7927e.jpg,512,512,1.0,3.252,46.15,27.87,201.91
train,frame350_jpg.rf.58671d794d986002f743bedd7427e74e.txt,data/thermal-1-filtered/train/images/frame350_jpg.rf.58671d794d986002f743bedd7427e74e.jpg,512,512,1.0,3.119,89.68,44.02,140.68
train,frame345_jpg.rf.b5d7cb9973252f6f93deda9c1ee64404.txt,data/thermal-1-filtered/train/images/frame345_jpg.rf.b5d7cb9973252f6f93deda9c1ee64404.jpg,512,512,1.0,3.027,96.0,49.51,139.51
train,003752_png.rf.9f84133167954eed38fa0593a6337296.txt,data/thermal-1-filtered/train/images/003752_png.rf.9f84133167954eed38fa0593a6337296.jpg,512,512,1.0,0.0,78.95,48.86,211.75
train,frame199_jpg.rf.1e7663fc77ae1093ba407bee14563160.txt,data/thermal-1-filtered/train/images/frame199_jpg.rf.1e7663fc77ae1093ba407bee14563160.jpg,512,512,1.0,3.298,93.01,42.85,420.61
train,002706_png.rf.5259509a6890c7140d6b773a088fc67b.txt,data/thermal-1-filtered/train/images/002706_png.rf.5259509a6890c7140d6b773a088fc67b.jpg,512,512,1.0,0.0,68.76,48.46,241.22
train,002330_png.rf.76e3bb5648ebf346f47070c6d7cd7c8c.txt,data/thermal-1-filtered/train/images/002330_png.rf.76e3bb5648ebf346f47070c6d7cd7c8c.jpg,512,512,1.0,0.0,74.29,52.92,450.5
train,002204_png.rf.eb0441193ddce8dbcbd8a93ac64e6a31.txt,data/thermal-1-filtered/train/images/002204_png.rf.eb0441193ddce8dbcbd8a93ac64e6a31.jpg,512,512,1.0,0.0,91.78,56.58,2113.81
train,002342_png.rf.34e53831728fd6c5cf2354ddf16714cf.txt,data/thermal-1-filtered/train/images/002342_png.rf.34e53831728fd6c5cf2354ddf16714cf.jpg,512,512,1.0,0.0,88.63,55.92,1365.29
train,frame303_jpg.rf.973b7118fd76b4f7ffc2555392e055b1.txt,data/thermal-1-filtered/train/images/frame303_jpg.rf.973b7118fd76b4f7ffc2555392e055b1.jpg,512,512,1.0,3.058,98.82,65.42,234.1
train,IR_BIRD_012_frame244_jpg.rf.70b6c4fff254253b83435fc4f7978acc.txt,data/thermal-1-filtered/train/images/IR_BIRD_012_frame244_jpg.rf.70b6c4fff254253b83435fc4f7978acc.jpg,512,512,1.0,0.0,98.69,54.53,77.83
train,002378_png.rf.e07c751819840b6c324c6dad1e22c152.txt,data/thermal-1-filtered/train/images/002378_png.rf.e07c751819840b6c324c6dad1e22c152.jpg,512,512,1.0,0.0,90.15,55.81,1498.25
train,IR_BIRD_012_frame42_jpg.rf.c7c5ddb795684e3df926dc706883069a.txt,data/thermal-1-filtered/train/images/IR_BIRD_012_frame42_jpg.rf.c7c5ddb795684e3df926dc706883069a.jpg,512,512,1.0,0.0,99.5,48.37,61.58
train,003430_png.rf.dee88b50417a81f5f50278b989dfa8d2.txt,data/thermal-1-filtered/train/images/003430_png.rf.dee88b50417a81f5f50278b989dfa8d2.jpg,512,512,1.0,0.0,81.89,54.25,571.26
train,003029_png.rf.1fc3bb1245f0836607b14e3dd151f60f.txt,data/thermal-1-filtered/train/images/003029_png.rf.1fc3bb1245f0836607b14e3dd151f60f.jpg,512,512,1.0,0.0,83.0,56.42,895.42
train,002507_png.rf.0299c949d8645b5ccd8cbc680be573e3.txt,data/thermal-1-filtered/train/images/002507_png.rf.0299c949d8645b5ccd8cbc680be573e3.jpg,512,512,1.0,0.0,85.28,54.64,1922.04
train,002749_png.rf.4f5f2562c6eacafabf456a5104af3240.txt,data/thermal-1-filtered/train/images/002749_png.rf.4f5f2562c6eacafabf456a5104af3240.jpg,512,512,1.0,0.0,79.58,53.27,286.38
train,002266_png.rf.758108f8dded382cf1c4c309efa6bf02.txt,data/thermal-1-filtered/train/images/002266_png.rf.758108f8dded382cf1c4c309efa6bf02.jpg,512,512,1.0,0.0,84.9,57.04,97.68
train,002000_png.rf.bdcd8571edf5b917c7ccf5a12db328ea.txt,data/thermal-1-filtered/train/images/002000_png.rf.bdcd8571edf5b917c7ccf5a12db328ea.jpg,512,512,1.0,0.0,82.16,56.57,713.4
train,0_0_000051_jpg.rf.930fda7e974583deaf2c929e6ea69941.txt,data/thermal-1-filtered/train/images/0_0_000051_jpg.rf.930fda7e974583deaf2c929e6ea69941.jpg,512,512,1.0,0.0,102.88,63.83,103.13
train,002229_png.rf.777a8109c5b44b3a3f523001bce3ef78.txt,data/thermal-1-filtered/train/images/002229_png.rf.777a8109c5b44b3a3f523001bce3ef78.jpg,512,512,1.0,0.0,81.8,52.09,741.74
train,IR_BIRD_012_frame187_jpg.rf.e8768c8e4d7a060a102b70cf6e2ad06b.txt,data/thermal-1-filtered/train/images/IR_BIRD_012_frame187_jpg.rf.e8768c8e4d7a060a102b70cf6e2ad06b.jpg,512,512,1.0,0.0,85.92,52.15,70.38
train,001668_png.rf.66d9d8e53e519981d554b1084b68772a.txt,data/thermal-1-filtered/train/images/001668_png.rf.66d9d8e53e519981d554b1084b68772a.jpg,512,512,1.0,0.0,81.87,55.42,827.13
train,IR_BIRD_012_frame178_jpg.rf.b217c813f64e78fc932c0afc793c31ae.txt,data/thermal-1-filtered/train/images/IR_BIRD_012_frame178_jpg.rf.b217c813f64e78fc932c0afc793c31ae.jpg,512,512,1.0,0.0,99.32,51.19,88.37
train,frame714_jpg.rf.83293716251017970c9bfebcaa82841c.txt,data/thermal-1-filtered/train/images/frame714_jpg.rf.83293716251017970c9bfebcaa82841c.jpg,512,512,1.0,3.291,62.11,34.39,437.78
train,IR_BIRD_012_frame189_jpg.rf.0c4ad247f51934dd70b75d76686cdcc0.txt,data/thermal-1-filtered/train/images/IR_BIRD_012_frame189_jpg.rf.0c4ad247f51934dd70b75d76686cdcc0.jpg,512,512,1.0,0.0,90.72,52.99,74.03
train,0_0_000011_jpg.rf.b493eb8cbbacf164b6ed12abf398344a.txt,data/thermal-1-filtered/train/images/0_0_000011_jpg.rf.b493eb8cbbacf164b6ed12abf398344a.jpg,512,512,1.0,0.0,101.37,74.14,191.21
train,002130_png.rf.558487a20f84d062376c85b9b15f1c6c.txt,data/thermal-1-filtered/train/images/002130_png.rf.558487a20f84d062376c85b9b15f1c6c.jpg,512,512,1.0,0.0,88.73,57.86,3247.96
train,002048_png.rf.125d951c50d9c6b69da31b192902f260.txt,data/thermal-1-filtered/train/images/002048_png.rf.125d951c50d9c6b69da31b192902f260.jpg,512,512,1.0,0.0,78.19,56.4,1311.02
train,002470_png.rf.f3cb4b9384ae07386da45d0e2a48540f.txt,data/thermal-1-filtered/train/images/002470_png.rf.f3cb4b9384ae07386da45d0e2a48540f.jpg,512,512,1.0,0.0,73.72,50.45,422.96
train,002804_png.rf.5154e0a96bf073195453d8c085d31425.txt,data/thermal-1-filtered/train/images/002804_png.rf.5154e0a96bf073195453d8c085d31425.jpg,512,512,1.0,0.0,77.35,58.47,390.98
train,0_0_000104_jpg.rf.0c18dc1141fd9b863563edceaa2e13ea.txt,data/thermal-1-filtered/train/images/0_0_000104_jpg.rf.0c18dc1141fd9b863563edceaa2e13ea.jpg,512,512,1.0,0.0,129.72,42.98,103.08
train,frame607_jpg.rf.19e2bd656e921dc4c82b74a49e24a7bc.txt,data/thermal-1-filtered/train/images/frame607_jpg.rf.19e2bd656e921dc4c82b74a49e24a7bc.jpg,512,512,1.0,3.296,52.42,31.36,191.22
train,IR_BIRD_012_frame47_jpg.rf.7e6fe29c0dc2960e36b583405fdcb8af.txt,data/thermal-1-filtered/train/images/IR_BIRD_012_frame47_jpg.rf.7e6fe29c0dc2960e36b583405fdcb8af.jpg,512,512,1.0,0.0,101.18,46.31,69.3
train,frame499_jpg.rf.e829acd8bf5539a57b3b5ddccd2c44ba.txt,data/thermal-1-filtered/train/images/frame499_jpg.rf.e829acd8bf5539a57b3b5ddccd2c44ba.jpg,512,512,1.0,3.034,71.42,31.66,102.8
train,frame574_jpg.rf.11e83842ccd340ca8c37e6ba88f1ab1e.txt,data/thermal-1-filtered/train/images/frame574_jpg.rf.11e83842ccd340ca8c37e6ba88f1ab1e.jpg,512,512,1.0,3.304,58.09,34.22,420.32
train,0_0_000038_jpg.rf.676dcb87081da76e30c08caba57a6e9f.txt,data/thermal-1-filtered/train/images/0_0_000038_jpg.rf.676dcb87081da76e30c08caba57a6e9f.jpg,512,512,1.0,0.0,103.26,70.92,183.35
train,003096_png.rf.6d22c48f2dd6c827b89144fe3532bbef.txt,data/thermal-1-filtered/train/images/003096_png.rf.6d22c48f2dd6c827b89144fe3532bbef.jpg,512,512,1.0,0.0,88.34,56.61,2160.52
train,frame414_jpg.rf.72377b3a0f505676b568c855d19a26b7.txt,data/thermal-1-filtered/train/images/frame414_jpg.rf.72377b3a0f505676b568c855d19a26b7.jpg,512,512,1.0,3.269,89.37,42.05,452.41
train,frame143_jpg.rf.f2fae8e88018cd5d225a4090c8fb0012.txt,data/thermal-1-filtered/train/images/frame143_jpg.rf.f2fae8e88018cd5d225a4090c8fb0012.jpg,512,512,1.0,3.026,90.08,55.44,128.06
train,002837_png.rf.90d4563ea202b0ff18d5822690d232e5.txt,data/thermal-1-filtered/train/images/002837_png.rf.90d4563ea202b0ff18d5822690d232e5.jpg,512,512,1.0,0.0,82.24,52.65,488.5
train,frame328_jpg.rf.8904bc6d7a083bff88f189aaee821ed4.txt,data/thermal-1-filtered/train/images/frame328_jpg.rf.8904bc6d7a083bff88f189aaee821ed4.jpg,512,512,1.0,3.281,99.63,53.25,537.05
train,frame20_jpg.rf.afd80c03b4d47d8c824bf054478981f8.txt,data/thermal-1-filtered/train/images/frame20_jpg.rf.afd80c03b4d47d8c824bf054478981f8.jpg,512,512,1.0,3.21,84.81,48.69,398.2
train,1572_png.rf.d6ad3ccf2c2ff0c3408928bcee8d7137.txt,data/thermal-1-filtered/train/images/1572_png.rf.d6ad3ccf2c2ff0c3408928bcee8d7137.jpg,512,512,1.0,0.0,136.41,41.49,108.45
train,IR_BIRD_012_frame165_jpg.rf.fa4631eb53d3063329ec9bdbe3d22f85.txt,data/thermal-1-filtered/train/images/IR_BIRD_012_frame165_jpg.rf.fa4631eb53d3063329ec9bdbe3d22f85.jpg,512,512,1.0,0.0,91.53,56.89,76.82
train,frame443_jpg.rf.c5fa5da84a67b9fd6c830497036daf65.txt,data/thermal-1-filtered/train/images/frame443_jpg.rf.c5fa5da84a67b9fd6c830497036daf65.jpg,512,512,1.0,3.25,92.45,44.93,334.66
train,IR_BIRD_012_frame251_jpg.rf.57e6f4efe7503b06f474de1e683e6ee5.txt,data/thermal-1-filtered/train/images/IR_BIRD_012_frame251_jpg.rf.57e6f4efe7503b06f474de1e683e6ee5.jpg,512,512,1.0,0.0,108.06,45.99,91.08
train,002338_png.rf.8d4800a4f60a8954167af6ff3546db6d.txt,data/thermal-1-filtered/train/images/002338_png.rf.8d4800a4f60a8954167af6ff3546db6d.jpg,512,512,1.0,0.0,85.53,54.06,489.52
train,ir_3_030830_jpg.rf.34ae9a61497047c716e6136b89dea34d.txt,data/thermal-1-filtered/train/images/ir_3_030830_jpg.rf.34ae9a61497047c716e6136b89dea34d.jpg,512,512,1.0,0.0,91.13,60.45,5050.83
train,002237_png.rf.a746111e46660417f1c52bcf86cafedf.txt,data/thermal-1-filtered/train/images/002237_png.rf.a746111e46660417f1c52bcf86cafedf.jpg,512,512,1.0,0.0,76.25,50.25,309.03
train,frame100_jpg.rf.de4398241b248eb686bf026f35c1f7c4.txt,data/thermal-1-filtered/train/images/frame100_jpg.rf.de4398241b248eb686bf026f35c1f7c4.jpg,512,512,1.0,3.205,91.75,50.8,177.48
train,0_0_000707_jpg.rf.2d40966617cda33e24d4b267290985da.txt,data/thermal-1-filtered/train/images/0_0_000707_jpg.rf.2d40966617cda33e24d4b267290985da.jpg,512,512,1.0,0.0,107.11,53.5,116.7
train,003808_png.rf.94270fd35c1c6f0d065941b3b17471e3.txt,data/thermal-1-filtered/train/images/003808_png.rf.94270fd35c1c6f0d065941b3b17471e3.jpg,512,512,1.0,0.0,98.17,55.21,503.32
train,002764_png.rf.b8fe8b9c5a49938f66a45253c40e14c8.txt,data/thermal-1-filtered/train/images/002764_png.rf.b8fe8b9c5a49938f66a45253c40e14c8.jpg,512,512,1.0,0.0,94.96,52.93,561.39
train,ir_3_028720_jpg.rf.445f22dfdded304d9de7e0883e844135.txt,data/thermal-1-filtered/train/images/ir_3_028720_jpg.rf.445f22dfdded304d9de7e0883e844135.jpg,512,512,1.0,0.0,68.84,47.44,339.99
train,003763_png.rf.e6f63259b45aa3f472035dc40098b33f.txt,data/thermal-1-filtered/train/images/003763_png.rf.e6f63259b45aa3f472035dc40098b33f.jpg,512,512,1.0,0.0,90.47,55.46,353.31
train,frame707_jpg.rf.d65417b19cf17e51690ca4fb7c3858b1.txt,data/thermal-1-filtered/train/images/frame707_jpg.rf.d65417b19cf17e51690ca4fb7c3858b1.jpg,512,512,1.0,3.17,53.39,33.31,204.79
train,frame166_jpg.rf.82b6d4c67920a94f4a82dff3cd820da2.txt,data/thermal-1-filtered/train/images/frame166_jpg.rf.82b6d4c67920a94f4a82dff3cd820da2.jpg,512,512,1.0,3.274,98.02,53.35,419.89
train,frame610_jpg.rf.e628475e741ad49824d7ca7feff06c21.txt,data/thermal-1-filtered/train/images/frame610_jpg.rf.e628475e741ad49824d7ca7feff06c21.jpg,512,512,1.0,3.146,49.91,31.65,185.33
train,frame416_jpg.rf.479aa5c083f1963a4040e9643cfc5b23.txt,data/thermal-1-filtered/train/images/frame416_jpg.rf.479aa5c083f1963a4040e9643cfc5b23.jpg,512,512,1.0,3.265,88.43,42.04,454.16
train,003045_png.rf.4db1a9736fc2238de82733e8f4c17653.txt,data/thermal-1-filtered/train/images/003045_png.rf.4db1a9736fc2238de82733e8f4c17653.jpg,512,512,1.0,0.0,89.61,57.95,2660.6
train,frame613_jpg.rf.17225f1ea900c176c388a92fbcac2a8d.txt,data/thermal-1-filtered/train/images/frame613_jpg.rf.17225f1ea900c176c388a92fbcac2a8d.jpg,512,512,1.0,3.265,54.32,32.91,201.68
train,frame442_jpg.rf.bc752bd36c361b7945411b6a4df6b523.txt,data/thermal-1-filtered/train/images/frame442_jpg.rf.bc752bd36c361b7945411b6a4df6b523.jpg,512,512,1.0,3.274,92.93,44.25,595.1
train,IR_BIRD_012_frame38_jpg.rf.970dec93727ff19758cc3f43df06c46e.txt,data/thermal-1-filtered/train/images/IR_BIRD_012_frame38_jpg.rf.970dec93727ff19758cc3f43df06c46e.jpg,512,512,1.0,0.0,98.64,49.16,63.88
train,003087_png.rf.ccc705f4a89bf3aba362294f9f274897.txt,data/thermal-1-filtered/train/images/003087_png.rf.ccc705f4a89bf3aba362294f9f274897.jpg,512,512,1.0,0.0,89.32,57.5,2612.45
train,002544_png.rf.ecce227174c2d3b9fab6d271bc8c2898.txt,data/thermal-1-filtered/train/images/002544_png.rf.ecce227174c2d3b9fab6d271bc8c2898.jpg,512,512,1.0,0.0,77.11,54.9,389.78
train,IR_BIRD_012_frame114_jpg.rf.a552df86a6c73c5fb84d0726c6e36f98.txt,data/thermal-1-filtered/train/images/IR_BIRD_012_frame114_jpg.rf.a552df86a6c73c5fb84d0726c6e36f98.jpg,512,512,1.0,0.0,97.38,52.6,78.69
train,frame721_jpg.rf.4ecf6c79bfed781910947aeda84e3176.txt,data/thermal-1-filtered/train/images/frame721_jpg.rf.4ecf6c79bfed781910947aeda84e3176.jpg,512,512,1.0,3.233,62.55,31.85,187.67
train,003099_png.rf.f4ab1c66728230fcac65faaeea9cd6f4.txt,data/thermal-1-filtered/train/images/003099_png.rf.f4ab1c66728230fcac65faaeea9cd6f4.jpg,512,512,1.0,0.0,86.05,56.68,1270.79
train,IR_BIRD_012_frame186_jpg.rf.5dffccf60bfe7d859b47e8dc293cee65.txt,data/thermal-1-filtered/train/images/IR_BIRD_012_frame186_jpg.rf.5dffccf60bfe7d859b47e8dc293cee65.jpg,512,512,1.0,0.0,93.71,50.65,68.36
train,img_0252_png.rf.861a3b0321371e467271ab25904e6bc7.txt,data/thermal-1-filtered/train/images/img_0252_png.rf.861a3b0321371e467271ab25904e6bc7.jpg,512,512,1.0,0.0,95.45,50.44,116.25
train,frame225_jpg.rf.ace6290831198666373acd01dda9e849.txt,data/thermal-1-filtered/train/images/frame225_jpg.rf.ace6290831198666373acd01dda9e849.jpg,512,512,1.0,3.128,88.36,49.53,140.52
train,0_0_000045_jpg.rf.c01e1023521e6f79a3419696c73b534b.txt,data/thermal-1-filtered/train/images/0_0_000045_jpg.rf.c01e1023521e6f79a3419696c73b534b.jpg,512,512,1.0,0.0,73.19,69.08,121.08
train,002324_png.rf.f9e0a90de053f4740a4a6c0f285af20b.txt,data/thermal-1-filtered/train/images/002324_png.rf.f9e0a90de053f4740a4a6c0f285af20b.jpg,512,512,1.0,0.0,78.21,54.69,616.13
train,003020_png.rf.1ae5f74011a44c3a696a163439716be5.txt,data/thermal-1-filtered/train/images/003020_png.rf.1ae5f74011a44c3a696a163439716be5.jpg,512,512,1.0,0.0,84.16,53.91,1479.09
train,002670_png.rf.48e2a373798ca67a8e552aec0e384012.txt,data/thermal-1-filtered/train/images/002670_png.rf.48e2a373798ca67a8e552aec0e384012.jpg,512,512,1.0,0.0,82.91,55.82,797.69
train,000007_png.rf.4e0be2dec73fe3778da06b4028b6d4fc.txt,data/thermal-1-filtered/train/images/000007_png.rf.4e0be2dec73fe3778da06b4028b6d4fc.jpg,512,512,1.0,0.0,100.03,62.5,1021.87
train,002688_png.rf.325b0fe1740e11feb9225b7f9c042f37.txt,data/thermal-1-filtered/train/images/002688_png.rf.325b0fe1740e11feb9225b7f9c042f37.jpg,512,512,1.0,0.0,83.36,51.95,729.27
train,003100_png.rf.4c32a850aaaa0775244706d0b87fb21e.txt,data/thermal-1-filtered/train/images/003100_png.rf.4c32a850aaaa0775244706d0b87fb21e.jpg,512,512,1.0,0.0,80.3,55.88,741.76
train,IR_BIRD_012_frame76_jpg.rf.3034ea172a82d0bcf6d7d804b8d46dd3.txt,data/thermal-1-filtered/train/images/IR_BIRD_012_frame76_jpg.rf.3034ea172a82d0bcf6d7d804b8d46dd3.jpg,512,512,1.0,0.0,92.94,53.59,61.26
train,003796_png.rf.13a51b72504eb4ffd184caced04c75e7.txt,data/thermal-1-filtered/train/images/003796_png.rf.13a51b72504eb4ffd184caced04c75e7.jpg,512,512,1.0,0.0,93.77,56.32,172.73
train,003750_png.rf.453b07e29e356ed6de37ac9932e8df0b.txt,data/thermal-1-filtered/train/images/003750_png.rf.453b07e29e356ed6de37ac9932e8df0b.jpg,512,512,1.0,0.0,93.01,54.28,1145.41
train,frame120_jpg.rf.3cb046a974dc98945694246ca5b7ad71.txt,data/thermal-1-filtered/train/images/frame120_jpg.rf.3cb046a974dc98945694246ca5b7ad71.jpg,512,512,1.0,3.222,93.93,55.56,682.7
train,002343_png.rf.b19bf4024bd39bdcc26336ad26eb29c4.txt,data/thermal-1-filtered/train/images/002343_png.rf.b19bf4024bd39bdcc26336ad26eb29c4.jpg,512,512,1.0,0.0,75.26,50.88,349.42
train,0_0_000027_jpg.rf.2e8bcacff0060cf432a25f32b5652f00.txt,data/thermal-1-filtered/train/images/0_0_000027_jpg.rf.2e8bcacff0060cf432a25f32b5652f00.jpg,512,512,1.0,0.0,101.8,72.52,117.53
train,IR_BIRD_012_frame285_jpg.rf.8f007e3dd18a7d3ca3c0292d096726be.txt,data/thermal-1-filtered/train/images/IR_BIRD_012_frame285_jpg.rf.8f007e3dd18a7d3ca3c0292d096726be.jpg,512,512,1.0,0.0,107.94,45.76,121.8
train,002681_png.rf.9c0eb6d90b42fad89004b4b623ea3426.txt,data/thermal-1-filtered/train/images/002681_png.rf.9c0eb6d90b42fad89004b4b623ea3426.jpg,512,512,1.0,0.0,88.41,53.71,609.77
train,0_0_000016_jpg.rf.88884e734181e5ef93a4de4e8fdd7fab.txt,data/thermal-1-filtered/train/images/0_0_000016_jpg.rf.88884e734181e5ef93a4de4e8fdd7fab.jpg,512,512,1.0,0.0,95.93,75.98,150.05
train,002689_png.rf.0c52b0c134d64a1ad89478978e0de4a9.txt,data/thermal-1-filtered/train/images/002689_png.rf.0c52b0c134d64a1ad89478978e0de4a9.jpg,512,512,1.0,0.0,82.78,55.24,717.44
train,002243_png.rf.ef765d18ff6859c04504bfb7ff05f396.txt,data/thermal-1-filtered/train/images/002243_png.rf.ef765d18ff6859c04504bfb7ff05f396.jpg,512,512,1.0,0.0,82.13,50.68,265.51
train,IR_BIRD_012_frame123_jpg.rf.6abcbe13fff0232f854518c3ee33c449.txt,data/thermal-1-filtered/train/images/IR_BIRD_012_frame123_jpg.rf.6abcbe13fff0232f854518c3ee33c449.jpg,512,512,1.0,0.0,103.85,49.57,64.99
train,003700_png.rf.c1c84e0214e3449bdc64d31199f7195a.txt,data/thermal-1-filtered/train/images/003700_png.rf.c1c84e0214e3449bdc64d31199f7195a.jpg,512,512,1.0,0.0,89.15,56.26,2782.78
train,003704_png.rf.8676d127a21b826cd8e7c5aa0b014841.txt,data/thermal-1-filtered/train/images/003704_png.rf.8676d127a21b826cd8e7c5aa0b014841.jpg,512,512,1.0,0.0,88.83,55.94,2610.55
train,IR_BIRD_012_frame6_jpg.rf.057f6c9f3fb5d1e2eca9c7c9f5ee662b.txt,data/thermal-1-filtered/train/images/IR_BIRD_012_frame6_jpg.rf.057f6c9f3fb5d1e2eca9c7c9f5ee662b.jpg,512,512,1.0,0.0,94.92,52.25,59.9
train,002746_png.rf.90a7a8af1848e5b73f4bc01e80f95b5c.txt,data/thermal-1-filtered/train/images/002746_png.rf.90a7a8af1848e5b73f4bc01e80f95b5c.jpg,512,512,1.0,0.0,79.04,51.57,593.63
train,frame517_jpg.rf.d35bf231ce363fe3b96e492fb2c7d6dd.txt,data/thermal-1-filtered/train/images/frame517_jpg.rf.d35bf231ce363fe3b96e492fb2c7d6dd.jpg,512,512,1.0,3.081,70.21,31.03,118.94
train,003059_png.rf.e0b994dd2d9a74de36e68683531bede4.txt,data/thermal-1-filtered/train/images/003059_png.rf.e0b994dd2d9a74de36e68683531bede4.jpg,512,512,1.0,0.0,88.82,57.6,2486.48
train,frame654_jpg.rf.d477b8da1a00ecfe82d2627f610bf317.txt,data/thermal-1-filtered/train/images/frame654_jpg.rf.d477b8da1a00ecfe82d2627f610bf317.jpg,512,512,1.0,3.306,56.23,33.42,431.69
train,003727_png.rf.8fc953122323e8fb4f2f4d31f021e630.txt,data/thermal-1-filtered/train/images/003727_png.rf.8fc953122323e8fb4f2f4d31f021e630.jpg,512,512,1.0,0.0,82.22,54.28,626.0
train,002061_png.rf.c55a9cf872829827e6ab9e7dd2ecfdbf.txt,data/thermal-1-filtered/train/images/002061_png.rf.c55a9cf872829827e6ab9e7dd2ecfdbf.jpg,512,512,1.0,0.0,89.09,59.02,4765.39
train,002256_png.rf.7a3c54245e5819166e98631cf666011f.txt,data/thermal-1-filtered/train/images/002256_png.rf.7a3c54245e5819166e98631cf666011f.jpg,512,512,1.0,0.0,88.85,55.01,377.14
train,IR_BIRD_012_frame118_jpg.rf.eb56349f5395fe2e154f77aa69ba9cae.txt,data/thermal-1-filtered/train/images/IR_BIRD_012_frame118_jpg.rf.eb56349f5395fe2e154f77aa69ba9cae.jpg,512,512,1.0,0.0,96.11,56.34,77.16
train,002341_png.rf.326180cedd95991431bee97042ad1b13.txt,data/thermal-1-filtered/train/images/002341_png.rf.326180cedd95991431bee97042ad1b13.jpg,512,512,1.0,0.0,88.82,56.06,1345.59
train,002791_png.rf.5fe494ff2460a42253df5c92c08989a0.txt,data/thermal-1-filtered/train/images/002791_png.rf.5fe494ff2460a42253df5c92c08989a0.jpg,512,512,1.0,0.0,83.66,56.78,456.5
train,frame648_jpg.rf.5524350c8c40b0076014cd4d8e9ba0e0.txt,data/thermal-1-filtered/train/images/frame648_jpg.rf.5524350c8c40b0076014cd4d8e9ba0e0.jpg,512,512,1.0,3.083,47.14,29.94,143.31
train,frame189_jpg.rf.2f737e28dadfa90d8fa548eb2a211845.txt,data/thermal-1-filtered/train/images/frame189_jpg.rf.2f737e28dadfa90d8fa548eb2a211845.jpg,512,512,1.0,3.071,82.88,47.7,161.39
train,003830_png.rf.944d6789fe6bbed33feee3ad28dae10b.txt,data/thermal-1-filtered/train/images/003830_png.rf.944d6789fe6bbed33feee3ad28dae10b.jpg,512,512,1.0,0.0,96.86,56.92,1229.42
train,0_0_000050_jpg.rf.ac230adac83cb9d97c79e7a8f2fe85d1.txt,data/thermal-1-filtered/train/images/0_0_000050_jpg.rf.ac230adac83cb9d97c79e7a8f2fe85d1.jpg,512,512,1.0,0.0,68.55,68.92,221.88
train,002235_png.rf.448c80fab572bad5e253c2bb6cc80541.txt,data/thermal-1-filtered/train/images/002235_png.rf.448c80fab572bad5e253c2bb6cc80541.jpg,512,512,1.0,0.0,85.34,52.47,443.63
train,frame492_jpg.rf.b46d590f1da6616bf079c58af3056f99.txt,data/thermal-1-filtered/train/images/frame492_jpg.rf.b46d590f1da6616bf079c58af3056f99.jpg,512,512,1.0,3.316,92.07,37.4,382.35
train,thermal_tzeelim_021760_jpg.rf.4f7a9f36bec4d937bbf6e3deb8e1690f.txt,data/thermal-1-filtered/train/images/thermal_tzeelim_021760_jpg.rf.4f7a9f36bec4d937bbf6e3deb8e1690f.jpg,512,512,1.0,0.0,93.51,57.1,323.9
train,003730_png.rf.2767b58792d5ef61dc33c357ae19bbf6.txt,data/thermal-1-filtered/train/images/003730_png.rf.2767b58792d5ef61dc33c357ae19bbf6.jpg,512,512,1.0,0.0,80.2,52.28,531.7
train,003809_png.rf.af6339eb6164ab61dc4aaf9949a55c0e.txt,data/thermal-1-filtered/train/images/003809_png.rf.af6339eb6164ab61dc4aaf9949a55c0e.jpg,512,512,1.0,0.0,99.4,58.1,987.18
train,frame665_jpg.rf.44c48786b95a17b1c9ab211cd497cb31.txt,data/thermal-1-filtered/train/images/frame665_jpg.rf.44c48786b95a17b1c9ab211cd497cb31.jpg,512,512,1.0,3.172,43.21,24.59,102.88
train,0_0_000672_jpg.rf.61423aff5d6c915b6a82d7db019cd62e.txt,data/thermal-1-filtered/train/images/0_0_000672_jpg.rf.61423aff5d6c915b6a82d7db019cd62e.jpg,512,512,1.0,0.0,116.51,52.89,225.44
train,002781_png.rf.2227a3ee12682ba001cf2d030909dbcd.txt,data/thermal-1-filtered/train/images/002781_png.rf.2227a3ee12682ba001cf2d030909dbcd.jpg,512,512,1.0,0.0,83.62,54.04,296.98
train,0_0_000277_jpg.rf.56bd0c1624d2c9cd78800d1c1c128079.txt,data/thermal-1-filtered/train/images/0_0_000277_jpg.rf.56bd0c1624d2c9cd78800d1c1c128079.jpg,512,512,1.0,0.0,59.53,43.58,66.7
train,frame543_jpg.rf.5a41faa80a9e4aa715141b678c30633e.txt,data/thermal-1-filtered/train/images/frame543_jpg.rf.5a41faa80a9e4aa715141b678c30633e.jpg,512,512,1.0,3.148,52.54,29.47,159.18
train,frame416_jpg.rf.5ecdbcbdf59f4d8a8b1bb2b0392abb91.txt,data/thermal-1-filtered/train/images/frame416_jpg.rf.5ecdbcbdf59f4d8a8b1bb2b0392abb91.jpg,512,512,1.0,3.222,86.83,42.94,176.11
train,002041_png.rf.5bdeb4b2933524fb93e78bf9e7338ea1.txt,data/thermal-1-filtered/train/images/002041_png.rf.5bdeb4b2933524fb93e78bf9e7338ea1.jpg,512,512,1.0,0.0,87.61,54.45,1318.65
train,002214_png.rf.93f980f5b3e22928497ff313e1b7659f.txt,data/thermal-1-filtered/train/images/002214_png.rf.93f980f5b3e22928497ff313e1b7659f.jpg,512,512,1.0,0.0,85.14,53.37,575.13
train,frame41_jpg.rf.19fa0fdb71b753c816521a9b51a328fa.txt,data/thermal-1-filtered/train/images/frame41_jpg.rf.19fa0fdb71b753c816521a9b51a328fa.jpg,512,512,1.0,3.179,86.65,46.75,237.69
train,frame263_jpg.rf.08687e2a70c4700b6508db382d069455.txt,data/thermal-1-filtered/train/images/frame263_jpg.rf.08687e2a70c4700b6508db382d069455.jpg,512,512,1.0,2.859,84.68,58.7,175.6
train,frame496_jpg.rf.d0fda0d9462794629a5e169f2e720f14.txt,data/thermal-1-filtered/train/images/frame496_jpg.rf.d0fda0d9462794629a5e169f2e720f14.jpg,512,512,1.0,3.044,78.8,38.21,141.65
train,003733_png.rf.04118ee39cb1df3c939c33f2ca8dda1b.txt,data/thermal-1-filtered/train/images/003733_png.rf.04118ee39cb1df3c939c33f2ca8dda1b.jpg,512,512,1.0,0.0,90.09,54.2,1911.14
train,0_0_000113_jpg.rf.ea5243cc09a5983d5a8b0254cc0d93a5.txt,data/thermal-1-filtered/train/images/0_0_000113_jpg.rf.ea5243cc09a5983d5a8b0254cc0d93a5.jpg,512,512,1.0,0.0,125.44,60.11,74.97
train,003832_png.rf.857bc63c8c67b5ae8ccfcbf7e6d4926c.txt,data/thermal-1-filtered/train/images/003832_png.rf.857bc63c8c67b5ae8ccfcbf7e6d4926c.jpg,512,512,1.0,0.0,91.18,56.51,448.2
train,frame438_jpg.rf.6f5753e7a115bb86bf412ff2e3c8b359.txt,data/thermal-1-filtered/train/images/frame438_jpg.rf.6f5753e7a115bb86bf412ff2e3c8b359.jpg,512,512,1.0,3.141,76.06,39.34,99.71
train,frame700_jpg.rf.a308a36d7e1b26624fcbb7c5ae314c9f.txt,data/thermal-1-filtered/train/images/frame700_jpg.rf.a308a36d7e1b26624fcbb7c5ae314c9f.jpg,512,512,1.0,3.285,51.56,31.36,472.34
train,IR_BIRD_012_frame46_jpg.rf.08223786ef13b481c387cb3f49dfa0d5.txt,data/thermal-1-filtered/train/images/IR_BIRD_012_frame46_jpg.rf.08223786ef13b481c387cb3f49dfa0d5.jpg,512,512,1.0,0.0,91.1,54.64,66.57
train,003820_png.rf.00bc2c4b5861be0e3b89ccecc1d11bc8.txt,data/thermal-1-filtered/train/images/003820_png.rf.00bc2c4b5861be0e3b89ccecc1d11bc8.jpg,512,512,1.0,0.0,93.15,55.72,429.52
train,002744_png.rf.3fe218ef84b04bc417646c8c3cb9ab67.txt,data/thermal-1-filtered/train/images/002744_png.rf.3fe218ef84b04bc417646c8c3cb9ab67.jpg,512,512,1.0,0.0,83.61,53.86,1844.32
train,002468_png.rf.4a8427cc00c5b4160ee1180c9237234b.txt,data/thermal-1-filtered/train/images/002468_png.rf.4a8427cc00c5b4160ee1180c9237234b.jpg,512,512,1.0,0.0,69.75,48.04,339.19
train,frame132_jpg.rf.4ee4de76a820f0acb9f227d0443d13da.txt,data/thermal-1-filtered/train/images/frame132_jpg.rf.4ee4de76a820f0acb9f227d0443d13da.jpg,512,512,1.0,3.276,100.02,53.77,589.75
train,IR_BIRD_012_frame109_jpg.rf.196a2a0c070b6a87a781ef65e2d701a5.txt,data/thermal-1-filtered/train/images/IR_BIRD_012_frame109_jpg.rf.196a2a0c070b6a87a781ef65e2d701a5.jpg,512,512,1.0,0.0,104.28,49.48,75.58
train,002742_png.rf.85d1aa11fb4e2bce81667d3d5728188f.txt,data/thermal-1-filtered/train/images/002742_png.rf.85d1aa11fb4e2bce81667d3d5728188f.jpg,512,512,1.0,0.0,75.28,49.01,465.78
train,frame418_jpg.rf.832969b27ca798cfa14af302da747ae6.txt,data/thermal-1-filtered/train/images/frame418_jpg.rf.832969b27ca798cfa14af302da747ae6.jpg,512,512,1.0,2.999,77.04,45.22,132.12
train,003747_png.rf.f9a67c1e97a2daed3e701bfa10c03d13.txt,data/thermal-1-filtered/train/images/003747_png.rf.f9a67c1e97a2daed3e701bfa10c03d13.jpg,512,512,1.0,0.0,77.84,51.82,268.0
train,0_0_000015_jpg.rf.a9fdef92eb9fec154449fec0c094ea25.txt,data/thermal-1-filtered/train/images/0_0_000015_jpg.rf.a9fdef92eb9fec154449fec0c094ea25.jpg,512,512,1.0,0.0,97.96,75.54,183.07
train,IR_BIRD_012_frame255_jpg.rf.7df0fd9a7cf1a9dbe128e28251397910.txt,data/thermal-1-filtered/train/images/IR_BIRD_012_frame255_jpg.rf.7df0fd9a7cf1a9dbe128e28251397910.jpg,512,512,1.0,0.0,108.01,45.84,103.32
train,frame476_jpg.rf.30ac1fceed26124c8fc7afa6f9b325a6.txt,data/thermal-1-filtered/train/images/frame476_jpg.rf.30ac1fceed26124c8fc7afa6f9b325a6.jpg,512,512,1.0,3.14,95.16,41.12,161.67
train,003067_png.rf.43d90bf7f9bc7f04396a5449257dafaf.txt,data/thermal-1-filtered/train/images/003067_png.rf.43d90bf7f9bc7f04396a5449257dafaf.jpg,512,512,1.0,0.0,89.72,58.38,3067.51
train,0_0_000346_jpg.rf.34c92059b945d78ac859c36bba40b49a.txt,data/thermal-1-filtered/train/images/0_0_000346_jpg.rf.34c92059b945d78ac859c36bba40b49a.jpg,512,512,1.0,0.0,77.16,72.01,182.02
train,frame705_jpg.rf.e29ac0fc88b63087e39c58a2b40ca6bb.txt,data/thermal-1-filtered/train/images/frame705_jpg.rf.e29ac0fc88b63087e39c58a2b40ca6bb.jpg,512,512,1.0,3.286,56.18,34.26,457.47
train,003064_png.rf.ebc67f69537fc21f6c0c7e55df187955.txt,data/thermal-1-filtered/train/images/003064_png.rf.ebc67f69537fc21f6c0c7e55df187955.jpg,512,512,1.0,0.0,81.92,55.93,914.2
train,frame250_jpg.rf.f322c0b93fc02e30cc903e8179e7e094.txt,data/thermal-1-filtered/train/images/frame250_jpg.rf.f322c0b93fc02e30cc903e8179e7e094.jpg,512,512,1.0,2.819,91.58,62.7,187.06
train,0_0_000057_jpg.rf.a1baf602343637e52cc7a732bc1be699.txt,data/thermal-1-filtered/train/images/0_0_000057_jpg.rf.a1baf602343637e52cc7a732bc1be699.jpg,512,512,1.0,0.0,64.1,67.35,120.16
train,002361_png.rf.6d228cb6669cb567f6c7d9ef5ab83a67.txt,data/thermal-1-filtered/train/images/002361_png.rf.6d228cb6669cb567f6c7d9ef5ab83a67.jpg,512,512,1.0,0.0,87.76,55.42,960.14
train,ir_049620_jpg.rf.f9d81e29de1b60ecf503249f1d0abc43.txt,data/thermal-1-filtered/train/images/ir_049620_jpg.rf.f9d81e29de1b60ecf503249f1d0abc43.jpg,512,512,1.0,0.0,85.6,56.69,495.78
train,IR_BIRD_012_frame171_jpg.rf.0bb92fdc945413e7dd173fb04cde2136.txt,data/thermal-1-filtered/train/images/IR_BIRD_012_frame171_jpg.rf.0bb92fdc945413e7dd173fb04cde2136.jpg,512,512,1.0,0.0,94.92,53.48,75.18
train,IR_BIRD_012_frame244_jpg.rf.ce59c4b9c8e4cc54e9248139799e6451.txt,data/thermal-1-filtered/train/images/IR_BIRD_012_frame244_jpg.rf.ce59c4b9c8e4cc54e9248139799e6451.jpg,512,512,1.0,0.0,102.14,52.82,75.4
train,0_0_000106_jpg.rf.9b2a051f4fcc1e8e065886353e24b544.txt,data/thermal-1-filtered/train/images/0_0_000106_jpg.rf.9b2a051f4fcc1e8e065886353e24b544.jpg,512,512,1.0,0.0,123.18,51.21,92.51
train,0_0_000042_jpg.rf.16eeadb39c585689f29c727b05dd66c3.txt,data/thermal-1-filtered/train/images/0_0_000042_jpg.rf.16eeadb39c585689f29c727b05dd66c3.jpg,512,512,1.0,0.0,87.21,72.95,109.03
train,002049_png.rf.b8e03f7e7c29bf6384362ed318e6609f.txt,data/thermal-1-filtered/train/images/002049_png.rf.b8e03f7e7c29bf6384362ed318e6609f.jpg,512,512,1.0,0.0,79.62,56.75,1443.82
train,frame484_jpg.rf.d4c6c1e15e6873cfe0f28bdf7c3e396b.txt,data/thermal-1-filtered/train/images/frame484_jpg.rf.d4c6c1e15e6873cfe0f28bdf7c3e396b.jpg,512,512,1.0,3.303,102.69,35.43,366.01
train,IR_BIRD_012_frame54_jpg.rf.f0de16403f99a34e654936174235a130.txt,data/thermal-1-filtered/train/images/IR_BIRD_012_frame54_jpg.rf.f0de16403f99a34e654936174235a130.jpg,512,512,1.0,0.0,101.19,46.32,70.31
train,002228_png.rf.ca60fc7da52bfec37dcdb9c8744909bd.txt,data/thermal-1-filtered/train/images/002228_png.rf.ca60fc7da52bfec37dcdb9c8744909bd.jpg,512,512,1.0,0.0,88.77,55.01,926.05
train,frame225_jpg.rf.6f1da91409e7e53b217c6c1380ee3e75.txt,data/thermal-1-filtered/train/images/frame225_jpg.rf.6f1da91409e7e53b217c6c1380ee3e75.jpg,512,512,1.0,3.2,91.62,47.42,388.97
train,frame518_jpg.rf.de0882cc548d60cddfe63961b0676c7f.txt,data/thermal-1-filtered/train/images/frame518_jpg.rf.de0882cc548d60cddfe63961b0676c7f.jpg,512,512,1.0,3.214,73.85,30.63,168.48
train,IR_BIRD_012_frame203_jpg.rf.5714e05f1eb458c41ba63ec82f835bc2.txt,data/thermal-1-filtered/train/images/IR_BIRD_012_frame203_jpg.rf.5714e05f1eb458c41ba63ec82f835bc2.jpg,512,512,1.0,0.0,86.26,54.52,61.79
train,002609_png.rf.78a5a758c83589f080b121deebbb4eaf.txt,data/thermal-1-filtered/train/images/002609_png.rf.78a5a758c83589f080b121deebbb4eaf.jpg,512,512,1.0,0.0,90.26,57.0,2072.29
train,IR_BIRD_012_frame11_jpg.rf.7df9ebf6ce13cca91d82bf486fb53971.txt,data/thermal-1-filtered/train/images/IR_BIRD_012_frame11_jpg.rf.7df9ebf6ce13cca91d82bf486fb53971.jpg,512,512,1.0,0.0,96.3,50.54,66.21
train,002462_png.rf.2d66d5e79263e29f2b036759575c63a0.txt,data/thermal-1-filtered/train/images/002462_png.rf.2d66d5e79263e29f2b036759575c63a0.jpg,512,512,1.0,0.0,85.19,53.97,1179.62
train,IR_BIRD_012_frame164_jpg.rf.c6e9ce007e1ba18745760f78ae2fb2f4.txt,data/thermal-1-filtered/train/images/IR_BIRD_012_frame164_jpg.rf.c6e9ce007e1ba18745760f78ae2fb2f4.jpg,512,512,1.0,0.0,102.15,49.32,67.65
train,002780_png.rf.390265d12d6d7993577b28b29f157d25.txt,data/thermal-1-filtered/train/images/002780_png.rf.390265d12d6d7993577b28b29f157d25.jpg,512,512,1.0,0.0,83.81,54.12,949.69
train,frame718_jpg.rf.8847b44eb530019da72bad94385778a8.txt,data/thermal-1-filtered/train/images/frame718_jpg.rf.8847b44eb530019da72bad94385778a8.jpg,512,512,1.0,3.309,64.03,32.12,426.22
train,002058_png.rf.b9478f13fa228bb2d478a57637884dcc.txt,data/thermal-1-filtered/train/images/002058_png.rf.b9478f13fa228bb2d478a57637884dcc.jpg,512,512,1.0,0.0,85.61,55.81,3068.51
train,003748_png.rf.91f083a625038a58a6a7ad0ef380c11d.txt,data/thermal-1-filtered/train/images/003748_png.rf.91f083a625038a58a6a7ad0ef380c11d.jpg,512,512,1.0,0.0,84.91,51.27,288.36
train,frame727_jpg.rf.772cc9a31bde613be295d744c506d545.txt,data/thermal-1-filtered/train/images/frame727_jpg.rf.772cc9a31bde613be295d744c506d545.jpg,512,512,1.0,3.3,65.95,33.87,406.06
train,IR_BIRD_012_frame52_jpg.rf.917b77c42a4c2a00dca228b31259eb9e.txt,data/thermal-1-filtered/train/images/IR_BIRD_012_frame52_jpg.rf.917b77c42a4c2a00dca228b31259eb9e.jpg,512,512,1.0,0.0,101.19,46.32,70.06
train,frame369_jpg.rf.53f4e2515b3aecba51fd7543592b2e4b.txt,data/thermal-1-filtered/train/images/frame369_jpg.rf.53f4e2515b3aecba51fd7543592b2e4b.jpg,512,512,1.0,3.247,90.11,43.1,418.39
train,frame174_jpg.rf.da6c9e4f58cfc0c57f4e74279dcd532c.txt,data/thermal-1-filtered/train/images/frame174_jpg.rf.da6c9e4f58cfc0c57f4e74279dcd532c.jpg,512,512,1.0,3.061,85.1,50.04,176.05
train,003063_png.rf.2ff3310980ff06c457c3d83fd7d230bd.txt,data/thermal-1-filtered/train/images/003063_png.rf.2ff3310980ff06c457c3d83fd7d230bd.jpg,512,512,1.0,0.0,76.88,56.31,790.41
train,003826_png.rf.ff8c9c53c1d7464274e830aaaaef0063.txt,data/thermal-1-filtered/train/images/003826_png.rf.ff8c9c53c1d7464274e830aaaaef0063.jpg,512,512,1.0,0.0,97.57,56.77,1283.82
train,0_0_000017_jpg.rf.ae8c3230591346a5eb5ad71ee3656b61.txt,data/thermal-1-filtered/train/images/0_0_000017_jpg.rf.ae8c3230591346a5eb5ad71ee3656b61.jpg,512,512,1.0,0.0,95.64,75.85,126.44
train,frame340_jpg.rf.e6ec327fd7b306ade9c93d086bd0c9bd.txt,data/thermal-1-filtered/train/images/frame340_jpg.rf.e6ec327fd7b306ade9c93d086bd0c9bd.jpg,512,512,1.0,3.117,95.98,52.37,160.52
train,002768_png.rf.08151e5cfce0f17f61190e3ec4b715fd.txt,data/thermal-1-filtered/train/images/002768_png.rf.08151e5cfce0f17f61190e3ec4b715fd.jpg,512,512,1.0,0.0,75.48,53.19,416.82
train,0_0_000187_jpg.rf.011b386dbdbdc6a97a9d56d4c4f8ae93.txt,data/thermal-1-filtered/train/images/0_0_000187_jpg.rf.011b386dbdbdc6a97a9d56d4c4f8ae93.jpg,512,512,1.0,0.0,75.54,41.96,36.24
train,001505_png.rf.221e3410731da58000d75823b219e3df.txt,data/thermal-1-filtered/train/images/001505_png.rf.221e3410731da58000d75823b219e3df.jpg,512,512,1.0,0.0,85.81,55.95,236.64
train,003736_png.rf.8674a17f39c221214f0d780630f95fe0.txt,data/thermal-1-filtered/train/images/003736_png.rf.8674a17f39c221214f0d780630f95fe0.jpg,512,512,1.0,0.0,82.2,49.31,372.95
train,frame633_jpg.rf.b7625f24b6002bbd37c08a97b2bdbd27.txt,data/thermal-1-filtered/train/images/frame633_jpg.rf.b7625f24b6002bbd37c08a97b2bdbd27.jpg,512,512,1.0,3.173,44.81,30.19,163.41
train,frame580_jpg.rf.e46d1274c6d48bb6c9064076e48cb5db.txt,data/thermal-1-filtered/train/images/frame580_jpg.rf.e46d1274c6d48bb6c9064076e48cb5db.jpg,512,512,1.0,3.195,47.42,28.57,141.66
train,003041_png.rf.1e336b5a84aed841814276a18f76c03c.txt,data/thermal-1-filtered/train/images/003041_png.rf.1e336b5a84aed841814276a18f76c03c.jpg,512,512,1.0,0.0,88.04,55.09,813.34
train,IR_BIRD_012_frame2_jpg.rf.377e7d162cdfd4ec8e02f2c9b4353166.txt,data/thermal-1-filtered/train/images/IR_BIRD_012_frame2_jpg.rf.377e7d162cdfd4ec8e02f2c9b4353166.jpg,512,512,1.0,0.0,92.11,53.99,66.55
train,002286_png.rf.fe1d975d2d9c333fa70852fe8234667b.txt,data/thermal-1-filtered/train/images/002286_png.rf.fe1d975d2d9c333fa70852fe8234667b.jpg,512,512,1.0,0.0,91.72,56.14,663.3
train,IR_BIRD_012_frame199_jpg.rf.2c831741d0a4d846c4fa298e693b10b6.txt,data/thermal-1-filtered/train/images/IR_BIRD_012_frame199_jpg.rf.2c831741d0a4d846c4fa298e693b10b6.jpg,512,512,1.0,0.0,95.72,51.23,74.49
train,002383_png.rf.36f87482ae6f36f284b5e0f1dfde1d0f.txt,data/thermal-1-filtered/train/images/002383_png.rf.36f87482ae6f36f284b5e0f1dfde1d0f.jpg,512,512,1.0,0.0,78.65,52.21,452.59
train,0_0_000252_jpg.rf.190d0eaa8a21a7ac6ea265cced16460b.txt,data/thermal-1-filtered/train/images/0_0_000252_jpg.rf.190d0eaa8a21a7ac6ea265cced16460b.jpg,512,512,1.0,0.0,133.22,57.95,131.55
train,002465_png.rf.624803c23ca88b022fbb33a95a541b9d.txt,data/thermal-1-filtered/train/images/002465_png.rf.624803c23ca88b022fbb33a95a541b9d.jpg,512,512,1.0,0.0,86.17,54.43,1138.08
train,003854_png.rf.51e763a353e9d81e09665a5cc0fbe499.txt,data/thermal-1-filtered/train/images/003854_png.rf.51e763a353e9d81e09665a5cc0fbe499.jpg,512,512,1.0,0.0,94.55,56.89,472.92
train,002820_png.rf.c7a5f76eb77997dcd3950c9ebbb170fd.txt,data/thermal-1-filtered/train/images/002820_png.rf.c7a5f76eb77997dcd3950c9ebbb170fd.jpg,512,512,1.0,0.0,79.77,54.03,381.38
train,002366_png.rf.d92762096a32afe771bed9fd912e198c.txt,data/thermal-1-filtered/train/images/002366_png.rf.d92762096a32afe771bed9fd912e198c.jpg,512,512,1.0,0.0,80.84,51.8,326.43
train,002016_png.rf.486760739c56353a01d810a848d519eb.txt,data/thermal-1-filtered/train/images/002016_png.rf.486760739c56353a01d810a848d519eb.jpg,512,512,1.0,0.0,87.4,54.06,894.28
train,002375_png.rf.4f91716994a118efc7dd2768508850e8.txt,data/thermal-1-filtered/train/images/002375_png.rf.4f91716994a118efc7dd2768508850e8.jpg,512,512,1.0,0.0,89.91,55.65,1334.44
train,003833_png.rf.d82a1912b9e3544440c1f445d6ab590f.txt,data/thermal-1-filtered/train/images/003833_png.rf.d82a1912b9e3544440c1f445d6ab590f.jpg,512,512,1.0,0.0,97.66,54.48,450.0
train,frame299_jpg.rf.f81a3a18af760b2d5a7e5581398079e9.txt,data/thermal-1-filtered/train/images/frame299_jpg.rf.f81a3a18af760b2d5a7e5581398079e9.jpg,512,512,1.0,3.265,101.27,54.62,546.5
train,frame708_jpg.rf.dda00c424c29eb7fa2e08bbba94b74d1.txt,data/thermal-1-filtered/train/images/frame708_jpg.rf.dda00c424c29eb7fa2e08bbba94b74d1.jpg,512,512,1.0,3.284,58.67,34.54,447.96
train,002405_png.rf.aefb7397273bb4278237a369e21dcf1c.txt,data/thermal-1-filtered/train/images/002405_png.rf.aefb7397273bb4278237a369e21dcf1c.jpg,512,512,1.0,0.0,78.98,49.55,343.5
train,003802_png.rf.aeae08686f946ede952e0f748b39524e.txt,data/thermal-1-filtered/train/images/003802_png.rf.aeae08686f946ede952e0f748b39524e.jpg,512,512,1.0,0.0,100.83,58.67,599.26
train,frame709_jpg.rf.fd92b94627f2a0b2552426228d5803fe.txt,data/thermal-1-filtered/train/images/frame709_jpg.rf.fd92b94627f2a0b2552426228d5803fe.jpg,512,512,1.0,3.285,58.77,34.61,446.33
train,frame177_jpg.rf.8cbec38e3a66577fc5b404ddd50a5e80.txt,data/thermal-1-filtered/train/images/frame177_jpg.rf.8cbec38e3a66577fc5b404ddd50a5e80.jpg,512,512,1.0,3.26,95.59,45.2,417.08
train,IR_BIRD_012_frame171_jpg.rf.f0a0001c70b718d5cc38f3ccc446044f.txt,data/thermal-1-filtered/train/images/IR_BIRD_012_frame171_jpg.rf.f0a0001c70b718d5cc38f3ccc446044f.jpg,512,512,1.0,0.0,90.85,53.46,64.28
train,002769_png.rf.873d464e9a01eec367012d447af51411.txt,data/thermal-1-filtered/train/images/002769_png.rf.873d464e9a01eec367012d447af51411.jpg,512,512,1.0,0.0,84.28,54.69,480.43
train,003758_png.rf.c025d3924ed7807941cf5a89f5e1e392.txt,data/thermal-1-filtered/train/images/003758_png.rf.c025d3924ed7807941cf5a89f5e1e392.jpg,512,512,1.0,0.0,86.07,48.57,307.36
train,003839_png.rf.30904efd0aa2d3fe419e56e7df9b35da.txt,data/thermal-1-filtered/train/images/003839_png.rf.30904efd0aa2d3fe419e56e7df9b35da.jpg,512,512,1.0,0.0,97.06,57.1,1195.72
train,002271_png.rf.fc912f01f4f6d1443ff81acdce8728be.txt,data/thermal-1-filtered/train/images/002271_png.rf.fc912f01f4f6d1443ff81acdce8728be.jpg,512,512,1.0,0.0,79.49,52.01,185.75
train,frame55_jpg.rf.9a9a85cc68c281e7625afcaaf22382a3.txt,data/thermal-1-filtered/train/images/frame55_jpg.rf.9a9a85cc68c281e7625afcaaf22382a3.jpg,512,512,1.0,2.908,84.07,56.35,210.98
train,002765_png.rf.a3a0eab9b342c9e15e197d49c0c5fa5f.txt,data/thermal-1-filtered/train/images/002765_png.rf.a3a0eab9b342c9e15e197d49c0c5fa5f.jpg,512,512,1.0,0.0,87.98,53.54,1401.48
train,frame139_jpg.rf.8c6f37e2efc9ff8e96c25b6ece27b480.txt,data/thermal-1-filtered/train/images/frame139_jpg.rf.8c6f37e2efc9ff8e96c25b6ece27b480.jpg,512,512,1.0,3.289,100.42,51.58,433.12
train,001676_png.rf.c534edc6bb9a8239faa8400e43b8a459.txt,data/thermal-1-filtered/train/images/001676_png.rf.c534edc6bb9a8239faa8400e43b8a459.jpg,512,512,1.0,0.0,87.36,57.34,2254.57
train,002062_png.rf.0544d5d0520dfc3172a18ab26ec53072.txt,data/thermal-1-filtered/train/images/002062_png.rf.0544d5d0520dfc3172a18ab26ec53072.jpg,512,512,1.0,0.0,90.08,54.12,1499.99
train,002297_png.rf.4be52c7aba05d51430d22721a2662390.txt,data/thermal-1-filtered/train/images/002297_png.rf.4be52c7aba05d51430d22721a2662390.jpg,512,512,1.0,0.0,86.91,55.35,554.94
train,002338_png.rf.0f84c9c5ac5bd83aae1ab6a0ffd0a86e.txt,data/thermal-1-filtered/train/images/002338_png.rf.0f84c9c5ac5bd83aae1ab6a0ffd0a86e.jpg,512,512,1.0,0.0,84.22,55.03,462.78
train,002034_png.rf.6d2f64344369c577c66867b58537dbc3.txt,data/thermal-1-filtered/train/images/002034_png.rf.6d2f64344369c577c66867b58537dbc3.jpg,512,512,1.0,0.0,85.64,54.75,1427.58
train,002304_png.rf.c9f5f19b22e51f4a5bdeb47ae09264cb.txt,data/thermal-1-filtered/train/images/002304_png.rf.c9f5f19b22e51f4a5bdeb47ae09264cb.jpg,512,512,1.0,0.0,89.87,57.77,2112.13
train,frame587_jpg.rf.bb921edeea74ece5be57c1793c4f57f8.txt,data/thermal-1-filtered/train/images/frame587_jpg.rf.bb921edeea74ece5be57c1793c4f57f8.jpg,512,512,1.0,3.17,42.97,26.22,99.26
train,002436_png.rf.f7834cc0bdd32d0e8c206cf09ea41ffc.txt,data/thermal-1-filtered/train/images/002436_png.rf.f7834cc0bdd32d0e8c206cf09ea41ffc.jpg,512,512,1.0,0.0,81.75,54.08,461.25
train,002562_png.rf.778900d71c573139724c24ad87d714b4.txt,data/thermal-1-filtered/train/images/002562_png.rf.778900d71c573139724c24ad87d714b4.jpg,512,512,1.0,0.0,91.01,56.42,1113.01
train,IR_BIRD_012_frame157_jpg.rf.52f38fe1a026f1621c5f602fcf8173dc.txt,data/thermal-1-filtered/train/images/IR_BIRD_012_frame157_jpg.rf.52f38fe1a026f1621c5f602fcf8173dc.jpg,512,512,1.0,0.0,101.93,49.62,70.41
train,002248_png.rf.9fc1353d4e839ff03e3425ce944cc967.txt,data/thermal-1-filtered/train/images/002248_png.rf.9fc1353d4e839ff03e3425ce944cc967.jpg,512,512,1.0,0.0,90.85,54.26,1070.44
train,frame243_jpg.rf.c83d812e1ba97b310395e9f2501a88df.txt,data/thermal-1-filtered/train/images/frame243_jpg.rf.c83d812e1ba97b310395e9f2501a88df.jpg,512,512,1.0,3.152,101.35,54.23,531.82
train,002406_png.rf.7654273df45491d225bfd5de81af28b8.txt,data/thermal-1-filtered/train/images/002406_png.rf.7654273df45491d225bfd5de81af28b8.jpg,512,512,1.0,0.0,85.22,53.52,436.84
train,002354_png.rf.3a5e41e50c0ccb439904b048ace04791.txt,data/thermal-1-filtered/train/images/002354_png.rf.3a5e41e50c0ccb439904b048ace04791.jpg,512,512,1.0,0.0,83.86,53.93,452.33
train,003535_png.rf.53f3b59f7d906a5968da4baf191b96cf.txt,data/thermal-1-filtered/train/images/003535_png.rf.53f3b59f7d906a5968da4baf191b96cf.jpg,512,512,1.0,0.0,95.18,55.43,537.88
train,frame517_jpg.rf.c26c733242b0ba6d150fce1504c88e60.txt,data/thermal-1-filtered/train/images/frame517_jpg.rf.c26c733242b0ba6d150fce1504c88e60.jpg,512,512,1.0,3.048,66.45,31.12,156.27
train,frame560_jpg.rf.870eff066d489bdf1cdb914bcd6da676.txt,data/thermal-1-filtered/train/images/frame560_jpg.rf.870eff066d489bdf1cdb914bcd6da676.jpg,512,512,1.0,3.305,59.49,33.66,421.68
train,frame1_jpg.rf.77aaebde993e68e511b78e4e1b06800d.txt,data/thermal-1-filtered/train/images/frame1_jpg.rf.77aaebde993e68e511b78e4e1b06800d.jpg,512,512,1.0,3.044,67.46,44.15,113.65
train,frame627_jpg.rf.6fea49fdba65ca18cbc70dd29611eeaf.txt,data/thermal-1-filtered/train/images/frame627_jpg.rf.6fea49fdba65ca18cbc70dd29611eeaf.jpg,512,512,1.0,3.171,45.49,27.63,106.8
train,frame266_jpg.rf.5491a0382ce5d4e8085e8a4eefb57c8e.txt,data/thermal-1-filtered/train/images/frame266_jpg.rf.5491a0382ce5d4e8085e8a4eefb57c8e.jpg,512,512,1.0,3.131,94.67,56.92,702.17
train,002408_png.rf.86a2d2d2c2a6d48dc7b971b29f7fb1da.txt,data/thermal-1-filtered/train/images/002408_png.rf.86a2d2d2c2a6d48dc7b971b29f7fb1da.jpg,512,512,1.0,0.0,83.0,50.6,387.3
train,000012_png.rf.b93f6262bc5c9f949f0c957533997e1e.txt,data/thermal-1-filtered/train/images/000012_png.rf.b93f6262bc5c9f949f0c957533997e1e.jpg,512,512,1.0,0.0,100.2,62.4,958.6
train,0_0_000281_jpg.rf.d3e6308fb1dbb0cfbc175a7b9c59253f.txt,data/thermal-1-filtered/train/images/0_0_000281_jpg.rf.d3e6308fb1dbb0cfbc175a7b9c59253f.jpg,512,512,1.0,0.0,94.32,58.2,114.87
train,002705_png.rf.9b6cd0ab3b1958d2006d09973603d877.txt,data/thermal-1-filtered/train/images/002705_png.rf.9b6cd0ab3b1958d2006d09973603d877.jpg,512,512,1.0,0.0,75.23,52.78,451.31
train,002301_png.rf.20e48c010afe28b34cce24097b93a83f.txt,data/thermal-1-filtered/train/images/002301_png.rf.20e48c010afe28b34cce24097b93a83f.jpg,512,512,1.0,0.0,84.76,55.45,677.31
train,frame727_jpg.rf.9234e4fc128d90028298e2285c108624.txt,data/thermal-1-filtered/train/images/frame727_jpg.rf.9234e4fc128d90028298e2285c108624.jpg,512,512,1.0,3.091,58.02,32.58,146.83
train,002833_png.rf.fb8fefcec11a4cf16cec3e70a3693882.txt,data/thermal-1-filtered/train/images/002833_png.rf.fb8fefcec11a4cf16cec3e70a3693882.jpg,512,512,1.0,0.0,82.37,54.48,511.85
train,002433_png.rf.0e9071b7fa60c88821b6a4d076e2293a.txt,data/thermal-1-filtered/train/images/002433_png.rf.0e9071b7fa60c88821b6a4d076e2293a.jpg,512,512,1.0,0.0,85.03,52.63,405.06
train,frame13_jpg.rf.09d6fa834c3009725787d4c4a068a4b3.txt,data/thermal-1-filtered/train/images/frame13_jpg.rf.09d6fa834c3009725787d4c4a068a4b3.jpg,512,512,1.0,3.172,72.88,46.79,157.29
train,frame210_jpg.rf.774ce8ca47c96914ff3da229388bb31c.txt,data/thermal-1-filtered/train/images/frame210_jpg.rf.774ce8ca47c96914ff3da229388bb31c.jpg,512,512,1.0,2.974,86.0,51.39,83.92
train,002805_png.rf.d7528c9aadecfdf2041961d0466ca612.txt,data/thermal-1-filtered/train/images/002805_png.rf.d7528c9aadecfdf2041961d0466ca612.jpg,512,512,1.0,0.0,80.27,55.04,289.4
train,frame169_jpg.rf.2a35f6260edfabf374dd833158608cc7.txt,data/thermal-1-filtered/train/images/frame169_jpg.rf.2a35f6260edfabf374dd833158608cc7.jpg,512,512,1.0,3.192,89.97,48.45,220.53
train,002352_png.rf.4c1725da5fd8cc8dc9e827fc775089d0.txt,data/thermal-1-filtered/train/images/002352_png.rf.4c1725da5fd8cc8dc9e827fc775089d0.jpg,512,512,1.0,0.0,77.15,55.08,384.09
train,002820_png.rf.2f059722247cf5e8f94e160c2bb005a5.txt,data/thermal-1-filtered/train/images/002820_png.rf.2f059722247cf5e8f94e160c2bb005a5.jpg,512,512,1.0,0.0,86.68,57.73,616.21
train,frame35_jpg.rf.9d97d64d39416f847614d7b325c07d48.txt,data/thermal-1-filtered/train/images/frame35_jpg.rf.9d97d64d39416f847614d7b325c07d48.jpg,512,512,1.0,3.14,85.56,50.48,204.5
train,frame202_jpg.rf.82b9482316592b980181f7f1de783c67.txt,data/thermal-1-filtered/train/images/frame202_jpg.rf.82b9482316592b980181f7f1de783c67.jpg,512,512,1.0,3.068,87.92,48.48,159.9
train,002412_png.rf.5db050227d41a60724f61413486670ad.txt,data/thermal-1-filtered/train/images/002412_png.rf.5db050227d41a60724f61413486670ad.jpg,512,512,1.0,0.0,75.15,49.07,288.13
train,img_0456_png.rf.4b56181139de25e13dab366cd48e113b.txt,data/thermal-1-filtered/train/images/img_0456_png.rf.4b56181139de25e13dab366cd48e113b.jpg,512,512,1.0,0.0,125.48,54.82,93.75
train,002388_png.rf.ae6917ae8add78343e7518bafcc840f5.txt,data/thermal-1-filtered/train/images/002388_png.rf.ae6917ae8add78343e7518bafcc840f5.jpg,512,512,1.0,0.0,85.38,52.88,462.05
train,IR_BIRD_012_frame180_jpg.rf.4ec3213c016c83d34a9f2316a25849a8.txt,data/thermal-1-filtered/train/images/IR_BIRD_012_frame180_jpg.rf.4ec3213c016c83d34a9f2316a25849a8.jpg,512,512,1.0,0.0,101.17,49.51,58.97
train,002368_png.rf.f06abde2cb1499b477ef01732350f22e.txt,data/thermal-1-filtered/train/images/002368_png.rf.f06abde2cb1499b477ef01732350f22e.jpg,512,512,1.0,0.0,72.19,50.64,221.4
train,0_0_000151_jpg.rf.978f4608fafb81397ef6924cc10bbc8e.txt,data/thermal-1-filtered/train/images/0_0_000151_jpg.rf.978f4608fafb81397ef6924cc10bbc8e.jpg,512,512,1.0,0.0,118.77,57.01,111.33
train,frame689_jpg.rf.359c53eb7aa0a868cc26d566134554cf.txt,data/thermal-1-filtered/train/images/frame689_jpg.rf.359c53eb7aa0a868cc26d566134554cf.jpg,512,512,1.0,3.299,50.95,29.98,478.97
train,IR_BIRD_012_frame129_jpg.rf.f3a65f385be4d0ce5d200082ca51d27a.txt,data/thermal-1-filtered/train/images/IR_BIRD_012_frame129_jpg.rf.f3a65f385be4d0ce5d200082ca51d27a.jpg,512,512,1.0,0.0,103.37,49.64,75.2
train,frame272_jpg.rf.a39248ddc2f27c554e2cf1f7a3921879.txt,data/thermal-1-filtered/train/images/frame272_jpg.rf.a39248ddc2f27c554e2cf1f7a3921879.jpg,512,512,1.0,3.167,92.16,52.93,590.73
train,IR_BIRD_012_frame28_jpg.rf.f2ec5cbfd580877eb9ebe65e7b1029fe.txt,data/thermal-1-filtered/train/images/IR_BIRD_012_frame28_jpg.rf.f2ec5cbfd580877eb9ebe65e7b1029fe.jpg,512,512,1.0,0.0,91.9,54.77,62.89
train,002352_png.rf.61ef2e9e71b53b6e97f96e08cbbe1b7c.txt,data/thermal-1-filtered/train/images/002352_png.rf.61ef2e9e71b53b6e97f96e08cbbe1b7c.jpg,512,512,1.0,0.0,78.06,53.82,398.12
train,0_0_000459_jpg.rf.5695b9d7f5fe7c13cae07b09275e3c0d.txt,data/thermal-1-filtered/train/images/0_0_000459_jpg.rf.5695b9d7f5fe7c13cae07b09275e3c0d.jpg,512,512,1.0,0.0,118.71,49.54,87.42
train,frame502_jpg.rf.530e9a7f0b878f6a356fbe25511b8d32.txt,data/thermal-1-filtered/train/images/frame502_jpg.rf.530e9a7f0b878f6a356fbe25511b8d32.jpg,512,512,1.0,3.045,71.74,32.29,100.46
train,001511_png.rf.ef06101fba9b5ef007e81040c9196576.txt,data/thermal-1-filtered/train/images/001511_png.rf.ef06101fba9b5ef007e81040c9196576.jpg,512,512,1.0,0.0,83.12,50.1,542.58
train,frame2_jpg.rf.b698bfcb6b7fd644bda33217a25c1288.txt,data/thermal-1-filtered/train/images/frame2_jpg.rf.b698bfcb6b7fd644bda33217a25c1288.jpg,512,512,1.0,3.086,70.34,44.41,164.4
train,IR_BIRD_012_frame20_jpg.rf.e543139eca09f8a8bd8925ab8028e67d.txt,data/thermal-1-filtered/train/images/IR_BIRD_012_frame20_jpg.rf.e543139eca09f8a8bd8925ab8028e67d.jpg,512,512,1.0,0.0,100.63,48.26,71.11
train,IR_BIRD_012_frame65_jpg.rf.610e8f3bc7b29f6c4bdd8b254e4d058c.txt,data/thermal-1-filtered/train/images/IR_BIRD_012_frame65_jpg.rf.610e8f3bc7b29f6c4bdd8b254e4d058c.jpg,512,512,1.0,0.0,95.3,53.28,61.7
train,frame474_jpg.rf.531f8d9d80fc54aa69f4a8bea58507c1.txt,data/thermal-1-filtered/train/images/frame474_jpg.rf.531f8d9d80fc54aa69f4a8bea58507c1.jpg,512,512,1.0,3.29,105.39,42.79,283.78
train,002747_png.rf.747fd7883f8c6d7bc27eab56c26c8619.txt,data/thermal-1-filtered/train/images/002747_png.rf.747fd7883f8c6d7bc27eab56c26c8619.jpg,512,512,1.0,0.0,77.94,52.56,518.44
train,003060_png.rf.26f063a801713f396f120946c85693fd.txt,data/thermal-1-filtered/train/images/003060_png.rf.26f063a801713f396f120946c85693fd.jpg,512,512,1.0,0.0,80.87,54.18,749.43
train,002557_png.rf.e1fe70d218daca47d6a7ea48a388ba46.txt,data/thermal-1-filtered/train/images/002557_png.rf.e1fe70d218daca47d6a7ea48a388ba46.jpg,512,512,1.0,0.0,91.36,56.47,1256.1
train,frame301_jpg.rf.1c97162696494f71c98ffba438e03469.txt,data/thermal-1-filtered/train/images/frame301_jpg.rf.1c97162696494f71c98ffba438e03469.jpg,512,512,1.0,3.287,95.49,54.46,174.14
train,ir_3_028710_jpg.rf.7c0a1f19925c498516409b5fe3b91b9c.txt,data/thermal-1-filtered/train/images/ir_3_028710_jpg.rf.7c0a1f19925c498516409b5fe3b91b9c.jpg,512,512,1.0,0.0,79.66,50.95,485.63
train,ir_2_023190_jpg.rf.5adfc2529b78ff2c75c688f48f1e2dbc.txt,data/thermal-1-filtered/train/images/ir_2_023190_jpg.rf.5adfc2529b78ff2c75c688f48f1e2dbc.jpg,512,512,1.0,0.0,80.83,55.75,493.71
train,003535_png.rf.1c47cded8ed72f104b7425601f9ef14e.txt,data/thermal-1-filtered/train/images/003535_png.rf.1c47cded8ed72f104b7425601f9ef14e.jpg,512,512,1.0,0.0,86.38,54.66,202.58
train,0_0_000268_jpg.rf.6e93e479251d140f5eee127bac801ab6.txt,data/thermal-1-filtered/train/images/0_0_000268_jpg.rf.6e93e479251d140f5eee127bac801ab6.jpg,512,512,1.0,0.0,66.81,46.48,88.46
train,002728_png.rf.ea879bcca1366468f12e99b6f312968c.txt,data/thermal-1-filtered/train/images/002728_png.rf.ea879bcca1366468f12e99b6f312968c.jpg,512,512,1.0,0.0,78.32,49.45,234.54
train,IR_BIRD_012_frame243_jpg.rf.24bd9403e8ad3c883b764e2c3cc72f8f.txt,data/thermal-1-filtered/train/images/IR_BIRD_012_frame243_jpg.rf.24bd9403e8ad3c883b764e2c3cc72f8f.jpg,512,512,1.0,0.0,101.04,53.28,78.19
train,000002_png.rf.48575a0942828dfa32a684abb898f567.txt,data/thermal-1-filtered/train/images/000002_png.rf.48575a0942828dfa32a684abb898f567.jpg,512,512,1.0,0.0,100.13,62.32,1038.49
train,IR_BIRD_012_frame135_jpg.rf.bf49410b9f8ee51b12762596791ab2e5.txt,data/thermal-1-filtered/train/images/IR_BIRD_012_frame135_jpg.rf.bf49410b9f8ee51b12762596791ab2e5.jpg,512,512,1.0,0.0,98.61,53.19,79.57
train,img_0257_png.rf.4fb9342c14719df8e85bdd05f0309580.txt,data/thermal-1-filtered/train/images/img_0257_png.rf.4fb9342c14719df8e85bdd05f0309580.jpg,512,512,1.0,0.0,106.15,66.59,94.29
train,0_0_000209_jpg.rf.ada8f616cd5d5ba035ddba37883580e2.txt,data/thermal-1-filtered/train/images/0_0_000209_jpg.rf.ada8f616cd5d5ba035ddba37883580e2.jpg,512,512,1.0,0.0,49.56,52.86,143.94
train,003032_png.rf.36565d1126225e81c9e8961f66c240f5.txt,data/thermal-1-filtered/train/images/003032_png.rf.36565d1126225e81c9e8961f66c240f5.jpg,512,512,1.0,0.0,76.7,52.25,560.64
train,002059_png.rf.b10bff7b1d86f55acb931be0abae9a79.txt,data/thermal-1-filtered/train/images/002059_png.rf.b10bff7b1d86f55acb931be0abae9a79.jpg,512,512,1.0,0.0,80.02,56.29,1509.93
train,ir_3_015050_jpg.rf.1ce832ba79401dd77b06bf0527046668.txt,data/thermal-1-filtered/train/images/ir_3_015050_jpg.rf.1ce832ba79401dd77b06bf0527046668.jpg,512,512,1.0,0.0,85.7,54.28,791.54
train,002378_png.rf.745189d06d29e9b75e1962ea7802e439.txt,data/thermal-1-filtered/train/images/002378_png.rf.745189d06d29e9b75e1962ea7802e439.jpg,512,512,1.0,0.0,79.37,54.23,473.24
train,003774_png.rf.01d37a0dcbc0c3aeb632085d65db9a05.txt,data/thermal-1-filtered/train/images/003774_png.rf.01d37a0dcbc0c3aeb632085d65db9a05.jpg,512,512,1.0,0.0,86.42,54.56,200.81
train,IR_BIRD_012_frame180_jpg.rf.47bc9f4a57b7f14695c19d787803cee6.txt,data/thermal-1-filtered/train/images/IR_BIRD_012_frame180_jpg.rf.47bc9f4a57b7f14695c19d787803cee6.jpg,512,512,1.0,0.0,94.28,53.66,74.56
train,002067_png.rf.23be1df0df243d554b33d9036cf376c0.txt,data/thermal-1-filtered/train/images/002067_png.rf.23be1df0df243d554b33d9036cf376c0.jpg,512,512,1.0,0.0,80.97,55.73,1100.88
train,003069_png.rf.a583fd56b61281322da342205e9d3f9b.txt,data/thermal-1-filtered/train/images/003069_png.rf.a583fd56b61281322da342205e9d3f9b.jpg,512,512,1.0,0.0,82.22,57.36,858.73
train,ir_3_035420_jpg.rf.1129cf617c6a3682b0c644983cb59bed.txt,data/thermal-1-filtered/train/images/ir_3_035420_jpg.rf.1129cf617c6a3682b0c644983cb59bed.jpg,512,512,1.0,0.0,83.02,58.01,1723.62
train,0_0_000070_jpg.rf.bbff4456c8eb4aa5fd863f65a628aec6.txt,data/thermal-1-filtered/train/images/0_0_000070_jpg.rf.bbff4456c8eb4aa5fd863f65a628aec6.jpg,512,512,1.0,0.0,56.34,66.18,91.67
train,002770_png.rf.dae2d6b306a8e78e2804aa1a5a0871fc.txt,data/thermal-1-filtered/train/images/002770_png.rf.dae2d6b306a8e78e2804aa1a5a0871fc.jpg,512,512,1.0,0.0,82.62,53.08,446.13
train,0_0_000078_jpg.rf.a21c53e5bd6839042008c8b86084048e.txt,data/thermal-1-filtered/train/images/0_0_000078_jpg.rf.a21c53e5bd6839042008c8b86084048e.jpg,512,512,1.0,0.0,68.04,72.52,104.34
train,002075_png.rf.1ddf5c22ddfc9609a3cca5b326ad1f3e.txt,data/thermal-1-filtered/train/images/002075_png.rf.1ddf5c22ddfc9609a3cca5b326ad1f3e.jpg,512,512,1.0,0.0,90.62,58.24,4013.87
train,frame189_jpg.rf.9d227eeb540c4f733ca3c788a6636d01.txt,data/thermal-1-filtered/train/images/frame189_jpg.rf.9d227eeb540c4f733ca3c788a6636d01.jpg,512,512,1.0,3.262,87.88,45.02,185.53
train,IR_BIRD_012_frame191_jpg.rf.c764f32d4261bc095f0bf4b28a45f232.txt,data/thermal-1-filtered/train/images/IR_BIRD_012_frame191_jpg.rf.c764f32d4261bc095f0bf4b28a45f232.jpg,512,512,1.0,0.0,98.81,49.59,22.43
train,0_0_000104_jpg.rf.24534569a7289b166cbb393c34c57a93.txt,data/thermal-1-filtered/train/images/0_0_000104_jpg.rf.24534569a7289b166cbb393c34c57a93.jpg,512,512,1.0,0.0,127.1,48.06,24.8
train,frame668_jpg.rf.67ff5bf4ac37e116d15a8d99c522c54a.txt,data/thermal-1-filtered/train/images/frame668_jpg.rf.67ff5bf4ac37e116d15a8d99c522c54a.jpg,512,512,1.0,3.147,42.95,26.1,118.3
train,IR_BIRD_012_frame296_jpg.rf.54591b5d3e0fd77540256ee08ef4fd82.txt,data/thermal-1-filtered/train/images/IR_BIRD_012_frame296_jpg.rf.54591b5d3e0fd77540256ee08ef4fd82.jpg,512,512,1.0,0.0,98.59,56.28,103.96
train,0_0_000045_jpg.rf.de9c755f03d3c857e4d4d2980e916aab.txt,data/thermal-1-filtered/train/images/0_0_000045_jpg.rf.de9c755f03d3c857e4d4d2980e916aab.jpg,512,512,1.0,0.0,78.14,71.58,107.07
train,IR_BIRD_012_frame101_jpg.rf.33c67a6d54193a28af99ef7f5849f815.txt,data/thermal-1-filtered/train/images/IR_BIRD_012_frame101_jpg.rf.33c67a6d54193a28af99ef7f5849f815.jpg,512,512,1.0,0.0,104.05,49.47,66.22
train,0_0_000081_jpg.rf.623f690f642690c275154825c05280e3.txt,data/thermal-1-filtered/train/images/0_0_000081_jpg.rf.623f690f642690c275154825c05280e3.jpg,512,512,1.0,0.0,62.47,69.84,150.25
train,frame467_jpg.rf.a1c48951509225bae74879dcea60834a.txt,data/thermal-1-filtered/train/images/frame467_jpg.rf.a1c48951509225bae74879dcea60834a.jpg,512,512,1.0,3.237,96.61,37.21,198.09
train,IR_BIRD_012_frame263_jpg.rf.f09a933ef40d73f5d8801a62bd8479f4.txt,data/thermal-1-filtered/train/images/IR_BIRD_012_frame263_jpg.rf.f09a933ef40d73f5d8801a62bd8479f4.jpg,512,512,1.0,0.0,107.22,48.28,115.18
train,002039_png.rf.da97be79dde9d0a4a90f72ebc23343eb.txt,data/thermal-1-filtered/train/images/002039_png.rf.da97be79dde9d0a4a90f72ebc23343eb.jpg,512,512,1.0,0.0,80.69,57.21,699.87
train,frame406_jpg.rf.9ba15f79929f0981ff13a2b8e5681329.txt,data/thermal-1-filtered/train/images/frame406_jpg.rf.9ba15f79929f0981ff13a2b8e5681329.jpg,512,512,1.0,3.274,90.92,42.26,456.12
train,frame636_jpg.rf.c9b5c728337682d5241418a8a730c277.txt,data/thermal-1-filtered/train/images/frame636_jpg.rf.c9b5c728337682d5241418a8a730c277.jpg,512,512,1.0,3.305,56.03,34.34,432.91
train,IR_BIRD_012_frame8_jpg.rf.ce5a04e5a91bafe82985e240d255f54f.txt,data/thermal-1-filtered/train/images/IR_BIRD_012_frame8_jpg.rf.ce5a04e5a91bafe82985e240d255f54f.jpg,512,512,1.0,0.0,101.17,46.31,69.15
train,frame331_jpg.rf.670eda1e2112532c13b55503e859c98d.txt,data/thermal-1-filtered/train/images/frame331_jpg.rf.670eda1e2112532c13b55503e859c98d.jpg,512,512,1.0,3.135,93.86,56.01,111.13
train,0_0_000101_jpg.rf.a5540036394ee33377d7e866681354ff.txt,data/thermal-1-filtered/train/images/0_0_000101_jpg.rf.a5540036394ee33377d7e866681354ff.jpg,512,512,1.0,0.0,121.35,52.46,94.85
train,frame170_jpg.rf.ebd60fffdf1dd553cdc5cdf15839160d.txt,data/thermal-1-filtered/train/images/frame170_jpg.rf.ebd60fffdf1dd553cdc5cdf15839160d.jpg,512,512,1.0,3.248,93.12,48.37,243.76
train,0_0_000041_jpg.rf.0a3053fbde4a246ed49453c6609193cc.txt,data/thermal-1-filtered/train/images/0_0_000041_jpg.rf.0a3053fbde4a246ed49453c6609193cc.jpg,512,512,1.0,0.0,81.75,73.54,124.11
train,0_0_001076_jpg.rf.c8456a16f8fff97aaba4955a29920130.txt,data/thermal-1-filtered/train/images/0_0_001076_jpg.rf.c8456a16f8fff97aaba4955a29920130.jpg,512,512,1.0,0.0,116.27,71.45,103.34
train,IR_BIRD_012_frame284_jpg.rf.88609475a4e652a355182e03e2eb93b4.txt,data/thermal-1-filtered/train/images/IR_BIRD_012_frame284_jpg.rf.88609475a4e652a355182e03e2eb93b4.jpg,512,512,1.0,0.0,98.59,56.57,93.5
train,002419_png.rf.8f606fe3b98b32e4e51743675dcd48f7.txt,data/thermal-1-filtered/train/images/002419_png.rf.8f606fe3b98b32e4e51743675dcd48f7.jpg,512,512,1.0,0.0,90.43,55.27,1287.99
train,002263_png.rf.692bac7fcb38da776ecf6202a24b5a5e.txt,data/thermal-1-filtered/train/images/002263_png.rf.692bac7fcb38da776ecf6202a24b5a5e.jpg,512,512,1.0,0.0,81.02,48.97,249.99
train,ir_3_028560_jpg.rf.958c6be829c85c72f8aa2609f0d67281.txt,data/thermal-1-filtered/train/images/ir_3_028560_jpg.rf.958c6be829c85c72f8aa2609f0d67281.jpg,512,512,1.0,0.0,74.38,54.06,450.97
train,002162_png.rf.aebf6ad0f0acb2889c6b3453ea4c2969.txt,data/thermal-1-filtered/train/images/002162_png.rf.aebf6ad0f0acb2889c6b3453ea4c2969.jpg,512,512,1.0,0.0,83.8,54.97,919.17
train,0_0_000707_jpg.rf.7ef64da285c89290640793d6719e9953.txt,data/thermal-1-filtered/train/images/0_0_000707_jpg.rf.7ef64da285c89290640793d6719e9953.jpg,512,512,1.0,0.0,114.57,48.64,145.11
train,0_0_000249_jpg.rf.2ee1a5e721860cb5e775e59d3531690f.txt,data/thermal-1-filtered/train/images/0_0_000249_jpg.rf.2ee1a5e721860cb5e775e59d3531690f.jpg,512,512,1.0,0.0,130.47,53.97,91.59
train,IR_BIRD_012_frame193_jpg.rf.860fe4806d602517e3f5c1e99cfd000b.txt,data/thermal-1-filtered/train/images/IR_BIRD_012_frame193_jpg.rf.860fe4806d602517e3f5c1e99cfd000b.jpg,512,512,1.0,0.0,88.73,54.54,62.25
train,003800_png.rf.37c06b502152a5a9ea71487721e27ae9.txt,data/thermal-1-filtered/train/images/003800_png.rf.37c06b502152a5a9ea71487721e27ae9.jpg,512,512,1.0,0.0,93.13,55.38,180.44
train,frame17_jpg.rf.aa4f281334254f0b53e9568d871d7b3f.txt,data/thermal-1-filtered/train/images/frame17_jpg.rf.aa4f281334254f0b53e9568d871d7b3f.jpg,512,512,1.0,3.221,78.6,46.19,219.99
train,frame359_jpg.rf.2ecfc1e2652bd3289e8981946354c4ee.txt,data/thermal-1-filtered/train/images/frame359_jpg.rf.2ecfc1e2652bd3289e8981946354c4ee.jpg,512,512,1.0,2.942,80.43,48.51,122.76
train,002228_png.rf.c41211084f154348f6b66ac97bce986d.txt,data/thermal-1-filtered/train/images/002228_png.rf.c41211084f154348f6b66ac97bce986d.jpg,512,512,1.0,0.0,81.82,55.64,759.72
train,0_0_000277_jpg.rf.4d2c669eb1832cb6f5ae9a461b91c663.txt,data/thermal-1-filtered/train/images/0_0_000277_jpg.rf.4d2c669eb1832cb6f5ae9a461b91c663.jpg,512,512,1.0,0.0,67.56,47.04,7.83
train,002409_png.rf.520edf92f397b9508048daf81672091c.txt,data/thermal-1-filtered/train/images/002409_png.rf.520edf92f397b9508048daf81672091c.jpg,512,512,1.0,0.0,83.87,52.47,391.23
train,frame640_jpg.rf.2dcea69ada09a6122db553d1da1cebef.txt,data/thermal-1-filtered/train/images/frame640_jpg.rf.2dcea69ada09a6122db553d1da1cebef.jpg,512,512,1.0,3.106,41.12,25.82,93.7
train,002274_png.rf.90bf7eaae387410a3a6d77c4066d5f2c.txt,data/thermal-1-filtered/train/images/002274_png.rf.90bf7eaae387410a3a6d77c4066d5f2c.jpg,512,512,1.0,0.0,87.02,54.66,224.14
train,frame368_jpg.rf.c77ef136eaf7d81bf618035a38c3d645.txt,data/thermal-1-filtered/train/images/frame368_jpg.rf.c77ef136eaf7d81bf618035a38c3d645.jpg,512,512,1.0,3.246,93.95,45.31,489.34
train,0_0_000054_jpg.rf.cd0e5e9a48de7baa18ac1b5532ccb52c.txt,data/thermal-1-filtered/train/images/0_0_000054_jpg.rf.cd0e5e9a48de7baa18ac1b5532ccb52c.jpg,512,512,1.0,0.0,64.82,66.06,198.31
train,IR_BIRD_012_frame295_jpg.rf.36432f53aa193122c30627f75452777c.txt,data/thermal-1-filtered/train/images/IR_BIRD_012_frame295_jpg.rf.36432f53aa193122c30627f75452777c.jpg,512,512,1.0,0.0,107.91,45.78,125.62
train,003696_png.rf.bea496f432fea3a46e153c272f2d575c.txt,data/thermal-1-filtered/train/images/003696_png.rf.bea496f432fea3a46e153c272f2d575c.jpg,512,512,1.0,0.0,84.46,55.53,855.49
train,ir_046750_jpg.rf.dbe8fba52582e3a3565c9f08c60d9949.txt,data/thermal-1-filtered/train/images/ir_046750_jpg.rf.dbe8fba52582e3a3565c9f08c60d9949.jpg,512,512,1.0,0.0,92.05,59.09,703.02
train,002070_png.rf.7e4efd35d3a28284f225ab0c2e733ed8.txt,data/thermal-1-filtered/train/images/002070_png.rf.7e4efd35d3a28284f225ab0c2e733ed8.jpg,512,512,1.0,0.0,83.48,55.24,1103.41
train,003768_png.rf.59df083d75828d04b0f8c855f1c4cf41.txt,data/thermal-1-filtered/train/images/003768_png.rf.59df083d75828d04b0f8c855f1c4cf41.jpg,512,512,1.0,0.0,93.71,53.74,403.17
train,002681_png.rf.12a093337addc51d063e23a5c7e39a1f.txt,data/thermal-1-filtered/train/images/002681_png.rf.12a093337addc51d063e23a5c7e39a1f.jpg,512,512,1.0,0.0,92.17,57.18,1804.03
train,002712_png.rf.e6b060d3c9d49ecf39194b0d2d623c0e.txt,data/thermal-1-filtered/train/images/002712_png.rf.e6b060d3c9d49ecf39194b0d2d623c0e.jpg,512,512,1.0,0.0,79.23,48.97,788.84
train,003823_png.rf.0f451aab162b4e717d51e9ce38f659b7.txt,data/thermal-1-filtered/train/images/003823_png.rf.0f451aab162b4e717d51e9ce38f659b7.jpg,512,512,1.0,0.0,98.0,56.76,1250.54
train,002231_png.rf.2baf12ec3898927944f5f1a704ce8e3e.txt,data/thermal-1-filtered/train/images/002231_png.rf.2baf12ec3898927944f5f1a704ce8e3e.jpg,512,512,1.0,0.0,73.35,51.9,368.64
train,002223_png.rf.a0321fe45ad29b14b2bcd6b156cdb228.txt,data/thermal-1-filtered/train/images/002223_png.rf.a0321fe45ad29b14b2bcd6b156cdb228.jpg,512,512,1.0,0.0,83.62,57.49,942.19
train,003717_png.rf.939df35021579a2ba22af5d8338b801c.txt,data/thermal-1-filtered/train/images/003717_png.rf.939df35021579a2ba22af5d8338b801c.jpg,512,512,1.0,0.0,89.67,55.51,2268.82
train,0_0_000059_jpg.rf.1648c6cf33e031f57c999b124bfc773a.txt,data/thermal-1-filtered/train/images/0_0_000059_jpg.rf.1648c6cf33e031f57c999b124bfc773a.jpg,512,512,1.0,0.0,61.16,65.85,103.86
train,frame246_jpg.rf.3976b40ab0b44632c19b261299b8a150.txt,data/thermal-1-filtered/train/images/frame246_jpg.rf.3976b40ab0b44632c19b261299b8a150.jpg,512,512,1.0,2.777,85.96,58.86,91.87
train,002283_png.rf.90e892f4a7c6d69e0a00b9bb31bbfba9.txt,data/thermal-1-filtered/train/images/002283_png.rf.90e892f4a7c6d69e0a00b9bb31bbfba9.jpg,512,512,1.0,0.0,78.36,50.54,173.6
train,002229_png.rf.f4f3e85df1faa388dddfbcc7236b8bb0.txt,data/thermal-1-filtered/train/images/002229_png.rf.f4f3e85df1faa388dddfbcc7236b8bb0.jpg,512,512,1.0,0.0,90.49,56.72,2410.05
train,0_0_000165_jpg.rf.8f76c21e7911e34e9446b8b2523117fd.txt,data/thermal-1-filtered/train/images/0_0_000165_jpg.rf.8f76c21e7911e34e9446b8b2523117fd.jpg,512,512,1.0,0.0,105.5,52.73,444.98
train,IR_BIRD_012_frame61_jpg.rf.78693f8253eb07d5f8c5d0f8d22f3930.txt,data/thermal-1-filtered/train/images/IR_BIRD_012_frame61_jpg.rf.78693f8253eb07d5f8c5d0f8d22f3930.jpg,512,512,1.0,0.0,96.95,50.82,71.03
train,IR_BIRD_012_frame89_jpg.rf.a7a7806a984ed19f733063b09c0132f8.txt,data/thermal-1-filtered/train/images/IR_BIRD_012_frame89_jpg.rf.a7a7806a984ed19f733063b09c0132f8.jpg,512,512,1.0,0.0,101.22,46.3,69.92
train,002325_png.rf.0a62f38d105ededc840bdecdd7f21169.txt,data/thermal-1-filtered/train/images/002325_png.rf.0a62f38d105ededc840bdecdd7f21169.jpg,512,512,1.0,0.0,83.66,53.87,684.79
train,002335_png.rf.dbc0e142669882e14244b87e4d351917.txt,data/thermal-1-filtered/train/images/002335_png.rf.dbc0e142669882e14244b87e4d351917.jpg,512,512,1.0,0.0,80.84,55.36,534.39
train,002680_png.rf.e2e211dbdbea5869d661ca27d66e32a5.txt,data/thermal-1-filtered/train/images/002680_png.rf.e2e211dbdbea5869d661ca27d66e32a5.jpg,512,512,1.0,0.0,92.88,57.28,1828.08
train,frame554_jpg.rf.d55e48fc790845569c1d73a0e5764a51.txt,data/thermal-1-filtered/train/images/frame554_jpg.rf.d55e48fc790845569c1d73a0e5764a51.jpg,512,512,1.0,3.196,53.31,31.22,180.25
train,002779_png.rf.e4a1dd5c9b8050b766ab74f4d4fb32e5.txt,data/thermal-1-filtered/train/images/002779_png.rf.e4a1dd5c9b8050b766ab74f4d4fb32e5.jpg,512,512,1.0,0.0,81.77,53.64,300.08
train,0_0_000059_jpg.rf.cd0f5e3a4275eb8c4221f179f456f696.txt,data/thermal-1-filtered/train/images/0_0_000059_jpg.rf.cd0f5e3a4275eb8c4221f179f456f696.jpg,512,512,1.0,0.0,69.58,68.48,134.14
train,frame0_jpg.rf.7d3ac0dcb067d31fdb376f5d12eb6328.txt,data/thermal-1-filtered/train/images/frame0_jpg.rf.7d3ac0dcb067d31fdb376f5d12eb6328.jpg,512,512,1.0,3.261,77.81,43.94,418.78
train,IR_BIRD_012_frame148_jpg.rf.fa247a0eb98e117c3192ba93fae0e289.txt,data/thermal-1-filtered/train/images/IR_BIRD_012_frame148_jpg.rf.fa247a0eb98e117c3192ba93fae0e289.jpg,512,512,1.0,0.0,102.83,49.8,67.52
train,002721_png.rf.271824d6a654a79788575de13fa15ffd.txt,data/thermal-1-filtered/train/images/002721_png.rf.271824d6a654a79788575de13fa15ffd.jpg,512,512,1.0,0.0,87.22,56.29,982.38
train,003091_png.rf.9618b756166d8e1095d132cb92b0ba4a.txt,data/thermal-1-filtered/train/images/003091_png.rf.9618b756166d8e1095d132cb92b0ba4a.jpg,512,512,1.0,0.0,88.91,57.39,2263.37
train,002694_png.rf.f3e87bfc3d5871cc9f7a9e2757a5ff2c.txt,data/thermal-1-filtered/train/images/002694_png.rf.f3e87bfc3d5871cc9f7a9e2757a5ff2c.jpg,512,512,1.0,0.0,83.45,52.96,746.62
train,003809_png.rf.62fef21bb41cc7016a627676efb65200.txt,data/thermal-1-filtered/train/images/003809_png.rf.62fef21bb41cc7016a627676efb65200.jpg,512,512,1.0,0.0,91.78,54.3,319.38
train,0_0_000049_jpg.rf.de36fc1ed72c053e428387d82e48c5c5.txt,data/thermal-1-filtered/train/images/0_0_000049_jpg.rf.de36fc1ed72c053e428387d82e48c5c5.jpg,512,512,1.0,0.0,66.35,68.72,146.52
train,0_0_000276_jpg.rf.21daa44c6bcf37443eb02dbf2a4a8b89.txt,data/thermal-1-filtered/train/images/0_0_000276_jpg.rf.21daa44c6bcf37443eb02dbf2a4a8b89.jpg,512,512,1.0,0.0,64.96,45.99,73.92
train,0_0_000340_jpg.rf.c3c921d0e0e8b40f91d932327d253a2a.txt,data/thermal-1-filtered/train/images/0_0_000340_jpg.rf.c3c921d0e0e8b40f91d932327d253a2a.jpg,512,512,1.0,0.0,62.83,67.31,80.93
train,003766_png.rf.a6685928a2ab404c5cf4db2f30fc2826.txt,data/thermal-1-filtered/train/images/003766_png.rf.a6685928a2ab404c5cf4db2f30fc2826.jpg,512,512,1.0,0.0,84.31,55.24,325.27
train,002408_png.rf.417de85c935504e1e0920f2f6b237cc6.txt,data/thermal-1-filtered/train/images/002408_png.rf.417de85c935504e1e0920f2f6b237cc6.jpg,512,512,1.0,0.0,90.24,54.87,1258.24
train,003805_png.rf.2f2a619a4ac0d3f53c33e18f90c41d55.txt,data/thermal-1-filtered/train/images/003805_png.rf.2f2a619a4ac0d3f53c33e18f90c41d55.jpg,512,512,1.0,0.0,93.0,57.78,261.51
train,003844_png.rf.6ca25405aaf5178af540ee7c35154a7f.txt,data/thermal-1-filtered/train/images/003844_png.rf.6ca25405aaf5178af540ee7c35154a7f.jpg,512,512,1.0,0.0,78.57,54.07,290.34
train,IR_BIRD_012_frame239_jpg.rf.af878e0f10bad43dc3ec3aff13eaf351.txt,data/thermal-1-filtered/train/images/IR_BIRD_012_frame239_jpg.rf.af878e0f10bad43dc3ec3aff13eaf351.jpg,512,512,1.0,0.0,102.91,51.35,80.26
train,frame58_jpg.rf.6a0fd337561efeada9dea7af0b0179a6.txt,data/thermal-1-filtered/train/images/frame58_jpg.rf.6a0fd337561efeada9dea7af0b0179a6.jpg,512,512,1.0,3.191,95.05,54.94,593.37
train,002744_png.rf.37d7c11b6c690cc7f8eae795bb64f545.txt,data/thermal-1-filtered/train/images/002744_png.rf.37d7c11b6c690cc7f8eae795bb64f545.jpg,512,512,1.0,0.0,75.46,51.63,593.88
train,frame37_jpg.rf.37c46fb4196c95f5960982a5f630ee4c.txt,data/thermal-1-filtered/train/images/frame37_jpg.rf.37c46fb4196c95f5960982a5f630ee4c.jpg,512,512,1.0,2.946,77.41,50.85,135.24
train,ir_046670_jpg.rf.df3dc7d8d3df32001ff8d69cbbf4d7ca.txt,data/thermal-1-filtered/train/images/ir_046670_jpg.rf.df3dc7d8d3df32001ff8d69cbbf4d7ca.jpg,512,512,1.0,0.0,85.44,62.32,347.88
train,frame495_jpg.rf.36b6c97f6179f599ac8d4989b5b91889.txt,data/thermal-1-filtered/train/images/frame495_jpg.rf.36b6c97f6179f599ac8d4989b5b91889.jpg,512,512,1.0,3.308,90.61,35.9,377.98
train,0_0_000035_jpg.rf.33ac356da6e7d7e3b7b31ebced6ba163.txt,data/thermal-1-filtered/train/images/0_0_000035_jpg.rf.33ac356da6e7d7e3b7b31ebced6ba163.jpg,512,512,1.0,0.0,103.31,64.54,103.98
train,002826_png.rf.0642496b25c1341c330e9062185a0689.txt,data/thermal-1-filtered/train/images/002826_png.rf.0642496b25c1341c330e9062185a0689.jpg,512,512,1.0,0.0,70.54,48.02,186.7
train,002324_png.rf.fdeaaf880bdfee26d3abc93edbc76fca.txt,data/thermal-1-filtered/train/images/002324_png.rf.fdeaaf880bdfee26d3abc93edbc76fca.jpg,512,512,1.0,0.0,83.19,53.63,657.23
train,IR_BIRD_012_frame23_jpg.rf.26cb51f6ba3b74071ca180d6789edc94.txt,data/thermal-1-filtered/train/images/IR_BIRD_012_frame23_jpg.rf.26cb51f6ba3b74071ca180d6789edc94.jpg,512,512,1.0,0.0,91.28,54.96,69.11
train,IR_BIRD_012_frame225_jpg.rf.031538a877c9d83de6e3d5ca2a78f316.txt,data/thermal-1-filtered/train/images/IR_BIRD_012_frame225_jpg.rf.031538a877c9d83de6e3d5ca2a78f316.jpg,512,512,1.0,0.0,104.94,50.19,97.42
train,001501_png.rf.cef5efd2ac3a7f6f4ae29a1834e69007.txt,data/thermal-1-filtered/train/images/001501_png.rf.cef5efd2ac3a7f6f4ae29a1834e69007.jpg,512,512,1.0,0.0,84.19,55.53,263.12
train,IR_BIRD_012_frame72_jpg.rf.6349d3b92fc59429ba450efe89469e24.txt,data/thermal-1-filtered/train/images/IR_BIRD_012_frame72_jpg.rf.6349d3b92fc59429ba450efe89469e24.jpg,512,512,1.0,0.0,101.2,46.31,70.07
train,frame343_jpg.rf.5c893b1d79fe3a441f58981804eadfc4.txt,data/thermal-1-filtered/train/images/frame343_jpg.rf.5c893b1d79fe3a441f58981804eadfc4.jpg,512,512,1.0,3.245,104.66,46.42,201.54
train,002427_png.rf.a7aee17281f01a02dbb1c9df17ec68ec.txt,data/thermal-1-filtered/train/images/002427_png.rf.a7aee17281f01a02dbb1c9df17ec68ec.jpg,512,512,1.0,0.0,87.39,52.58,420.25
train,002362_png.rf.85479561d3cbb78d685478175516d858.txt,data/thermal-1-filtered/train/images/002362_png.rf.85479561d3cbb78d685478175516d858.jpg,512,512,1.0,0.0,79.42,55.26,315.06
train,frame117_jpg.rf.a667bcd665d59f507617a40125835b58.txt,data/thermal-1-filtered/train/images/frame117_jpg.rf.a667bcd665d59f507617a40125835b58.jpg,512,512,1.0,2.935,82.73,55.84,124.8
train,0_0_000116_jpg.rf.f8357ee2e3ac8932d8e9654de2183f29.txt,data/thermal-1-filtered/train/images/0_0_000116_jpg.rf.f8357ee2e3ac8932d8e9654de2183f29.jpg,512,512,1.0,0.0,90.57,63.92,95.5
train,img_0252_png.rf.9b57628a58e27a3d433bcbc11c35593e.txt,data/thermal-1-filtered/train/images/img_0252_png.rf.9b57628a58e27a3d433bcbc11c35593e.jpg,512,512,1.0,0.0,98.87,46.92,108.06
train,frame238_jpg.rf.f09c90fc726d7114788b1baa0028a060.txt,data/thermal-1-filtered/train/images/frame238_jpg.rf.f09c90fc726d7114788b1baa0028a060.jpg,512,512,1.0,3.096,94.24,50.57,149.03
train,002462_png.rf.586fe10f7f1946e8c2442a12e0f7ccee.txt,data/thermal-1-filtered/train/images/002462_png.rf.586fe10f7f1946e8c2442a12e0f7ccee.jpg,512,512,1.0,0.0,75.48,49.72,356.17
train,003765_png.rf.5c423d6a5c3743ef3403203ebad10a68.txt,data/thermal-1-filtered/train/images/003765_png.rf.5c423d6a5c3743ef3403203ebad10a68.jpg,512,512,1.0,0.0,96.49,54.62,1243.24
train,frame597_jpg.rf.4aecdaa67ac758bf767ab790d9af0d53.txt,data/thermal-1-filtered/train/images/frame597_jpg.rf.4aecdaa67ac758bf767ab790d9af0d53.jpg,512,512,1.0,3.027,43.1,29.28,160.64
train,002697_png.rf.ec7d61ebe5ba4ebc1cfe18a4d0a1f7e0.txt,data/thermal-1-filtered/train/images/002697_png.rf.ec7d61ebe5ba4ebc1cfe18a4d0a1f7e0.jpg,512,512,1.0,0.0,71.47,50.63,677.2
train,003794_png.rf.df4df2cb0931b49dd16a7ad17c7b108c.txt,data/thermal-1-filtered/train/images/003794_png.rf.df4df2cb0931b49dd16a7ad17c7b108c.jpg,512,512,1.0,0.0,91.43,55.85,168.71
train,002264_png.rf.1d8b5d36d58a248b04c7736286d9f592.txt,data/thermal-1-filtered/train/images/002264_png.rf.1d8b5d36d58a248b04c7736286d9f592.jpg,512,512,1.0,0.0,80.59,50.26,233.29
train,003699_png.rf.4841b76c0572deb40278df2f6fe4878e.txt,data/thermal-1-filtered/train/images/003699_png.rf.4841b76c0572deb40278df2f6fe4878e.jpg,512,512,1.0,0.0,82.57,55.2,852.57
train,002220_png.rf.09914c731fcd26fa4989954a5ef17113.txt,data/thermal-1-filtered/train/images/002220_png.rf.09914c731fcd26fa4989954a5ef17113.jpg,512,512,1.0,0.0,87.59,53.34,730.41
train,frame252_jpg.rf.e39fa1a2f5a588711da012eb01df3abd.txt,data/thermal-1-filtered/train/images/frame252_jpg.rf.e39fa1a2f5a588711da012eb01df3abd.jpg,512,512,1.0,3.125,101.91,58.09,621.44
train,ir_2_021930_jpg.rf.94cafc3ed6346b5f525a81028f303487.txt,data/thermal-1-filtered/train/images/ir_2_021930_jpg.rf.94cafc3ed6346b5f525a81028f303487.jpg,512,512,1.0,0.0,80.79,55.24,631.03
train,frame503_jpg.rf.6bd37b8c5abe7184d4aaff85fea87c8b.txt,data/thermal-1-filtered/train/images/frame503_jpg.rf.6bd37b8c5abe7184d4aaff85fea87c8b.jpg,512,512,1.0,3.105,73.18,33.24,144.25
train,frame339_jpg.rf.9c5f9a3b7a020e6dca48ecb03c2dcd10.txt,data/thermal-1-filtered/train/images/frame339_jpg.rf.9c5f9a3b7a020e6dca48ecb03c2dcd10.jpg,512,512,1.0,3.285,101.7,47.77,442.66
train,002061_png.rf.a6103af749ac4ea65c13a39c786a68bc.txt,data/thermal-1-filtered/train/images/002061_png.rf.a6103af749ac4ea65c13a39c786a68bc.jpg,512,512,1.0,0.0,86.42,55.81,1603.26
train,002552_png.rf.2d9043070db15f7d24370414961e6f9d.txt,data/thermal-1-filtered/train/images/002552_png.rf.2d9043070db15f7d24370414961e6f9d.jpg,512,512,1.0,0.0,78.13,54.11,368.79
train,003057_png.rf.e97effe9f608c939209849455d5eb09c.txt,data/thermal-1-filtered/train/images/003057_png.rf.e97effe9f608c939209849455d5eb09c.jpg,512,512,1.0,0.0,89.25,57.31,2329.74
train,IR_BIRD_012_frame223_jpg.rf.99d3aea1336252eaf6848de0f5048c9f.txt,data/thermal-1-filtered/train/images/IR_BIRD_012_frame223_jpg.rf.99d3aea1336252eaf6848de0f5048c9f.jpg,512,512,1.0,0.0,108.05,46.21,113.35
train,0_0_000113_jpg.rf.36a861bfc5348956f1c48f1091170f02.txt,data/thermal-1-filtered/train/images/0_0_000113_jpg.rf.36a861bfc5348956f1c48f1091170f02.jpg,512,512,1.0,0.0,120.4,61.54,111.91
train,frame125_jpg.rf.485f9b616dcbe368c82cb12b93d6f70b.txt,data/thermal-1-filtered/train/images/frame125_jpg.rf.485f9b616dcbe368c82cb12b93d6f70b.jpg,512,512,1.0,3.098,92.49,58.91,234.92
train,002782_png.rf.44bb81ed4547b029941346cd576376c8.txt,data/thermal-1-filtered/train/images/002782_png.rf.44bb81ed4547b029941346cd576376c8.jpg,512,512,1.0,0.0,78.23,55.13,322.67
train,002226_png.rf.fb2ddfc34ae2ede514192037d92393f9.txt,data/thermal-1-filtered/train/images/002226_png.rf.fb2ddfc34ae2ede514192037d92393f9.jpg,512,512,1.0,0.0,80.62,56.48,847.8
train,frame467_jpg.rf.cdd0c0d8ad841e1806ae45a778b97b64.txt,data/thermal-1-filtered/train/images/frame467_jpg.rf.cdd0c0d8ad841e1806ae45a778b97b64.jpg,512,512,1.0,3.329,103.1,35.27,224.89
train,frame449_jpg.rf.dfff08e70983419e8b34d347575d85eb.txt,data/thermal-1-filtered/train/images/frame449_jpg.rf.dfff08e70983419e8b34d347575d85eb.jpg,512,512,1.0,3.079,88.89,47.78,204.5
train,003100_png.rf.50c26f31d0d89d37394a703e048089b1.txt,data/thermal-1-filtered/train/images/003100_png.rf.50c26f31d0d89d37394a703e048089b1.jpg,512,512,1.0,0.0,87.25,54.19,748.16
train,frame414_jpg.rf.54a1d9a786d2b4af2b52d289a031c0d2.txt,data/thermal-1-filtered/train/images/frame414_jpg.rf.54a1d9a786d2b4af2b52d289a031c0d2.jpg,512,512,1.0,3.191,82.96,39.95,85.46
train,frame199_jpg.rf.b4322891901c9c2008a46e0644cbade7.txt,data/thermal-1-filtered/train/images/frame199_jpg.rf.b4322891901c9c2008a46e0644cbade7.jpg,512,512,1.0,3.229,91.18,46.04,104.14
train,002292_png.rf.a382574181af7e6dcd8f3055bc214476.txt,data/thermal-1-filtered/train/images/002292_png.rf.a382574181af7e6dcd8f3055bc214476.jpg,512,512,1.0,0.0,90.85,55.18,1022.65
train,001994_png.rf.96eda5f42f5e6dfe5f06557045788723.txt,data/thermal-1-filtered/train/images/001994_png.rf.96eda5f42f5e6dfe5f06557045788723.jpg,512,512,1.0,0.0,89.81,56.32,1049.46
train,003053_png.rf.7af09d85c69e2e4f5dca8912280ae10e.txt,data/thermal-1-filtered/train/images/003053_png.rf.7af09d85c69e2e4f5dca8912280ae10e.jpg,512,512,1.0,0.0,88.49,57.0,1862.67
train,ir_049620_jpg.rf.1e148053bd7dab4d828a673227903a96.txt,data/thermal-1-filtered/train/images/ir_049620_jpg.rf.1e148053bd7dab4d828a673227903a96.jpg,512,512,1.0,0.0,90.06,57.96,1384.8
train,003733_png.rf.6db651ab44ca060ac3fadeb1ffb6b787.txt,data/thermal-1-filtered/train/images/003733_png.rf.6db651ab44ca060ac3fadeb1ffb6b787.jpg,512,512,1.0,0.0,82.23,48.81,444.53
train,frame375_jpg.rf.e6ca1750ff74272d827b37c6f45d2666.txt,data/thermal-1-filtered/train/images/frame375_jpg.rf.e6ca1750ff74272d827b37c6f45d2666.jpg,512,512,1.0,2.991,79.61,44.59,131.66
train,frame45_jpg.rf.96eb4109a745e38132c82671eff238c5.txt,data/thermal-1-filtered/train/images/frame45_jpg.rf.96eb4109a745e38132c82671eff238c5.jpg,512,512,1.0,2.965,77.84,48.81,131.05
train,003804_png.rf.bbebf77c75c19a760fcecc3a2d017ed7.txt,data/thermal-1-filtered/train/images/003804_png.rf.bbebf77c75c19a760fcecc3a2d017ed7.jpg,512,512,1.0,0.0,100.28,58.34,709.99
train,002958_png.rf.cbdb84678fefb959d120f35a28dc4397.txt,data/thermal-1-filtered/train/images/002958_png.rf.cbdb84678fefb959d120f35a28dc4397.jpg,512,512,1.0,0.0,90.67,60.01,2779.95
train,frame519_jpg.rf.30a75d5b250f733748ed0354319b595b.txt,data/thermal-1-filtered/train/images/frame519_jpg.rf.30a75d5b250f733748ed0354319b595b.jpg,512,512,1.0,3.083,64.95,30.04,130.58
train,002830_png.rf.c743e6c8471a44f5f5c46b746e5c5c41.txt,data/thermal-1-filtered/train/images/002830_png.rf.c743e6c8471a44f5f5c46b746e5c5c41.jpg,512,512,1.0,0.0,83.71,50.89,317.01
train,002386_png.rf.165aa4e42829cc52213bf227f5630b8b.txt,data/thermal-1-filtered/train/images/002386_png.rf.165aa4e42829cc52213bf227f5630b8b.jpg,512,512,1.0,0.0,81.58,51.13,429.69
train,0_0_000021_jpg.rf.98845eea7e44305a195a29b525aca547.txt,data/thermal-1-filtered/train/images/0_0_000021_jpg.rf.98845eea7e44305a195a29b525aca547.jpg,512,512,1.0,0.0,99.42,74.46,121.6
train,IR_BIRD_012_frame277_jpg.rf.e46a0a79ebd5d519493780af7791930d.txt,data/thermal-1-filtered/train/images/IR_BIRD_012_frame277_jpg.rf.e46a0a79ebd5d519493780af7791930d.jpg,512,512,1.0,0.0,107.95,45.77,119.53
train,IR_BIRD_012_frame18_jpg.rf.972a881fa5c2f03a4971c34b5b853972.txt,data/thermal-1-filtered/train/images/IR_BIRD_012_frame18_jpg.rf.972a881fa5c2f03a4971c34b5b853972.jpg,512,512,1.0,0.0,98.07,50.36,60.31
train,0_0_000054_jpg.rf.c938ab57fe83002949fccc6e2812ed88.txt,data/thermal-1-filtered/train/images/0_0_000054_jpg.rf.c938ab57fe83002949fccc6e2812ed88.jpg,512,512,1.0,0.0,60.61,65.73,129.56
train,frame46_jpg.rf.85a4fb87931c960cef26b66843481a6d.txt,data/thermal-1-filtered/train/images/frame46_jpg.rf.85a4fb87931c960cef26b66843481a6d.jpg,512,512,1.0,3.189,90.14,49.14,526.39
train,002248_png.rf.f305168a03adc3f29f012cee547259df.txt,data/thermal-1-filtered/train/images/002248_png.rf.f305168a03adc3f29f012cee547259df.jpg,512,512,1.0,0.0,85.15,53.65,371.65
train,frame157_jpg.rf.cc8b7b78fabd0cb76f76e8fdedc25ed8.txt,data/thermal-1-filtered/train/images/frame157_jpg.rf.cc8b7b78fabd0cb76f76e8fdedc25ed8.jpg,512,512,1.0,3.073,88.17,53.4,140.57
train,frame50_jpg.rf.d710ebbb31c25893d03789493dd586ad.txt,data/thermal-1-filtered/train/images/frame50_jpg.rf.d710ebbb31c25893d03789493dd586ad.jpg,512,512,1.0,2.919,82.34,54.84,205.62
train,frame366_jpg.rf.8ce0f55d06b12d824f481a5e515b2892.txt,data/thermal-1-filtered/train/images/frame366_jpg.rf.8ce0f55d06b12d824f481a5e515b2892.jpg,512,512,1.0,3.235,95.7,46.75,501.32
train,002303_png.rf.3e9bc7f940782b08608517d33187fbc2.txt,data/thermal-1-filtered/train/images/002303_png.rf.3e9bc7f940782b08608517d33187fbc2.jpg,512,512,1.0,0.0,80.57,54.8,602.95
train,0_0_000025_jpg.rf.3b9500772b6c72c1c3bab014a66b1fad.txt,data/thermal-1-filtered/train/images/0_0_000025_jpg.rf.3b9500772b6c72c1c3bab014a66b1fad.jpg,512,512,1.0,0.0,90.21,73.93,113.92
train,frame327_jpg.rf.f69ae54b9d47864d7cf95df00582e08f.txt,data/thermal-1-filtered/train/images/frame327_jpg.rf.f69ae54b9d47864d7cf95df00582e08f.jpg,512,512,1.0,3.28,99.74,53.45,538.93
train,002056_png.rf.9f90f16c3ab88154ff7e1acc8e40654a.txt,data/thermal-1-filtered/train/images/002056_png.rf.9f90f16c3ab88154ff7e1acc8e40654a.jpg,512,512,1.0,0.0,77.48,52.08,1229.58
train,0_0_000062_jpg.rf.104baf3a3dc6e6b8d03dac3ee9334a8e.txt,data/thermal-1-filtered/train/images/0_0_000062_jpg.rf.104baf3a3dc6e6b8d03dac3ee9334a8e.jpg,512,512,1.0,0.0,66.26,66.87,89.01
train,IR_BIRD_012_frame293_jpg.rf.6270f5676b3e0b89782b1706c31d85e9.txt,data/thermal-1-filtered/train/images/IR_BIRD_012_frame293_jpg.rf.6270f5676b3e0b89782b1706c31d85e9.jpg,512,512,1.0,0.0,101.45,54.05,96.19
train,002559_png.rf.68b12f039eee9b853af4d1e3395ffc28.txt,data/thermal-1-filtered/train/images/002559_png.rf.68b12f039eee9b853af4d1e3395ffc28.jpg,512,512,1.0,0.0,83.08,54.57,401.84
train,003852_png.rf.4735d09be52c23bb830f3b787f534a7e.txt,data/thermal-1-filtered/train/images/003852_png.rf.4735d09be52c23bb830f3b787f534a7e.jpg,512,512,1.0,0.0,97.01,57.09,1253.39
train,frame671_jpg.rf.3332a317c0753b9fcfb748cf6f95d1ed.txt,data/thermal-1-filtered/train/images/frame671_jpg.rf.3332a317c0753b9fcfb748cf6f95d1ed.jpg,512,512,1.0,3.296,48.64,31.39,433.68
train,frame372_jpg.rf.625d54be9fcaf7e19773c159cefff348.txt,data/thermal-1-filtered/train/images/frame372_jpg.rf.625d54be9fcaf7e19773c159cefff348.jpg,512,512,1.0,3.297,91.86,42.22,470.93
train,003829_png.rf.1ca5215ff293ae7c5fa381e743ed7d48.txt,data/thermal-1-filtered/train/images/003829_png.rf.1ca5215ff293ae7c5fa381e743ed7d48.jpg,512,512,1.0,0.0,88.24,53.04,362.43
train,ir_2_018310_jpg.rf.053095af8ef5c879b68dab0011a70c22.txt,data/thermal-1-filtered/train/images/ir_2_018310_jpg.rf.053095af8ef5c879b68dab0011a70c22.jpg,512,512,1.0,0.0,88.59,59.41,753.9
train,0_0_000123_jpg.rf.16809c35e1c88c95b499f8a786df736a.txt,data/thermal-1-filtered/train/images/0_0_000123_jpg.rf.16809c35e1c88c95b499f8a786df736a.jpg,512,512,1.0,0.0,134.81,56.48,113.1
train,002688_png.rf.ec59874c87ba10c883907b910754d67e.txt,data/thermal-1-filtered/train/images/002688_png.rf.ec59874c87ba10c883907b910754d67e.jpg,512,512,1.0,0.0,78.82,53.06,680.22
train,ir_3_019790_jpg.rf.bdd53ee19ef5b4204e45acf596fb859c.txt,data/thermal-1-filtered/train/images/ir_3_019790_jpg.rf.bdd53ee19ef5b4204e45acf596fb859c.jpg,512,512,1.0,0.0,88.94,60.39,5672.6
train,ir_3_035420_jpg.rf.1a6006fb5e2de6f631fa3df022d0febd.txt,data/thermal-1-filtered/train/images/ir_3_035420_jpg.rf.1a6006fb5e2de6f631fa3df022d0febd.jpg,512,512,1.0,0.0,90.43,58.99,3643.08
train,002198_png.rf.469713bf8c31cd98127e6308341649d1.txt,data/thermal-1-filtered/train/images/002198_png.rf.469713bf8c31cd98127e6308341649d1.jpg,512,512,1.0,0.0,79.1,54.75,566.31
train,frame362_jpg.rf.ac8f82c585c3d7f746257333d24463ba.txt,data/thermal-1-filtered/train/images/frame362_jpg.rf.ac8f82c585c3d7f746257333d24463ba.jpg,512,512,1.0,2.951,81.78,49.66,175.11
train,IR_BIRD_012_frame27_jpg.rf.7863974c32ba8e2cd4f7f3d110b9b06b.txt,data/thermal-1-filtered/train/images/IR_BIRD_012_frame27_jpg.rf.7863974c32ba8e2cd4f7f3d110b9b06b.jpg,512,512,1.0,0.0,92.3,53.62,69.16
train,IR_BIRD_012_frame141_jpg.rf.5510ce9395b68cadc29c59ad0e6ffabd.txt,data/thermal-1-filtered/train/images/IR_BIRD_012_frame141_jpg.rf.5510ce9395b68cadc29c59ad0e6ffabd.jpg,512,512,1.0,0.0,85.33,46.49,107.17
train,003030_png.rf.be82ad65b7226a3a75dd80f8973dc1a0.txt,data/thermal-1-filtered/train/images/003030_png.rf.be82ad65b7226a3a75dd80f8973dc1a0.jpg,512,512,1.0,0.0,81.63,52.26,768.46
train,frame568_jpg.rf.048906faefcdcfcb62ba7347556220a5.txt,data/thermal-1-filtered/train/images/frame568_jpg.rf.048906faefcdcfcb62ba7347556220a5.jpg,512,512,1.0,3.125,44.34,27.34,147.08
train,002442_png.rf.e1f40aa0d5bad5a3ffd241fd898ad136.txt,data/thermal-1-filtered/train/images/002442_png.rf.e1f40aa0d5bad5a3ffd241fd898ad136.jpg,512,512,1.0,0.0,71.35,49.4,317.48
train,002221_png.rf.21d4b4f38fd1fb792aa08e931ce18c4b.txt,data/thermal-1-filtered/train/images/002221_png.rf.21d4b4f38fd1fb792aa08e931ce18c4b.jpg,512,512,1.0,0.0,83.84,51.51,680.89
train,frame232_jpg.rf.779da57d62b742e462a296c5c558e9ba.txt,data/thermal-1-filtered/train/images/frame232_jpg.rf.779da57d62b742e462a296c5c558e9ba.jpg,512,512,1.0,3.164,94.26,48.0,261.21
train,IR_BIRD_012_frame109_jpg.rf.d7476457ff39ec22f1f1481ad8ef9443.txt,data/thermal-1-filtered/train/images/IR_BIRD_012_frame109_jpg.rf.d7476457ff39ec22f1f1481ad8ef9443.jpg,512,512,1.0,0.0,100.07,52.37,82.03
train,frame451_jpg.rf.238d8a8a34e082312ebe264478495132.txt,data/thermal-1-filtered/train/images/frame451_jpg.rf.238d8a8a34e082312ebe264478495132.jpg,512,512,1.0,3.188,90.12,42.68,184.36
train,002784_png.rf.57df67b77870b2f9c7c9eba4033f70b5.txt,data/thermal-1-filtered/train/images/002784_png.rf.57df67b77870b2f9c7c9eba4033f70b5.jpg,512,512,1.0,0.0,92.59,58.08,362.91
train,IR_BIRD_012_frame272_jpg.rf.55a709bbf2b552de6bab68777bc87069.txt,data/thermal-1-filtered/train/images/IR_BIRD_012_frame272_jpg.rf.55a709bbf2b552de6bab68777bc87069.jpg,512,512,1.0,0.0,105.5,50.36,99.83
train,002437_png.rf.1a81bf0a8c278d4bf482c1106acdc741.txt,data/thermal-1-filtered/train/images/002437_png.rf.1a81bf0a8c278d4bf482c1106acdc741.jpg,512,512,1.0,0.0,81.33,53.03,440.42
train,003858_png.rf.324c29e80dec90f7ef3f5d4095d27b4e.txt,data/thermal-1-filtered/train/images/003858_png.rf.324c29e80dec90f7ef3f5d4095d27b4e.jpg,512,512,1.0,0.0,91.11,55.46,417.95
train,frame161_jpg.rf.7baae12f81ca7131a842412b089dc013.txt,data/thermal-1-filtered/train/images/frame161_jpg.rf.7baae12f81ca7131a842412b089dc013.jpg,512,512,1.0,3.081,88.81,55.28,135.39
train,frame523_jpg.rf.00fbacb32fc71dc1ffd8e88e13ceef07.txt,data/thermal-1-filtered/train/images/frame523_jpg.rf.00fbacb32fc71dc1ffd8e88e13ceef07.jpg,512,512,1.0,3.305,70.76,30.5,378.98
train,0_0_000113_jpg.rf.f09006446d2022dc654a5598adc04660.txt,data/thermal-1-filtered/train/images/0_0_000113_jpg.rf.f09006446d2022dc654a5598adc04660.jpg,512,512,1.0,0.0,119.62,66.81,91.24
train,frame245_jpg.rf.962ad7be1fd782e67b2701c8dae0ea3e.txt,data/thermal-1-filtered/train/images/frame245_jpg.rf.962ad7be1fd782e67b2701c8dae0ea3e.jpg,512,512,1.0,3.136,100.7,53.71,531.2
train,002350_png.rf.56ab7f4ff38c32cce934388ab62d00fb.txt,data/thermal-1-filtered/train/images/002350_png.rf.56ab7f4ff38c32cce934388ab62d00fb.jpg,512,512,1.0,0.0,76.62,51.74,335.84
train,frame430_jpg.rf.f6c52cd4266325dc2be08620cc3a2dc2.txt,data/thermal-1-filtered/train/images/frame430_jpg.rf.f6c52cd4266325dc2be08620cc3a2dc2.jpg,512,512,1.0,3.025,77.98,46.13,118.65
train,002379_png.rf.49469489c2740e5af4255de16e4b52f7.txt,data/thermal-1-filtered/train/images/002379_png.rf.49469489c2740e5af4255de16e4b52f7.jpg,512,512,1.0,0.0,83.97,55.28,519.54
train,IR_BIRD_012_frame68_jpg.rf.04cff866ffb405f7fb50fa7b62911445.txt,data/thermal-1-filtered/train/images/IR_BIRD_012_frame68_jpg.rf.04cff866ffb405f7fb50fa7b62911445.jpg,512,512,1.0,0.0,96.01,53.57,72.11
train,002809_png.rf.811b3f94524662bc0cc1fde776192791.txt,data/thermal-1-filtered/train/images/002809_png.rf.811b3f94524662bc0cc1fde776192791.jpg,512,512,1.0,0.0,81.09,55.37,281.95
train,002444_png.rf.b1dffc66e8fae6611812f5dc79af41f1.txt,data/thermal-1-filtered/train/images/002444_png.rf.b1dffc66e8fae6611812f5dc79af41f1.jpg,512,512,1.0,0.0,80.43,49.09,731.9
train,IR_BIRD_012_frame61_jpg.rf.b4fd2844de38241f8d1cb7b5f77c41ae.txt,data/thermal-1-filtered/train/images/IR_BIRD_012_frame61_jpg.rf.b4fd2844de38241f8d1cb7b5f77c41ae.jpg,512,512,1.0,0.0,91.89,53.71,64.16
train,IR_BIRD_012_frame278_jpg.rf.1cffecdfacf6cd7473a5f8d36408a48c.txt,data/thermal-1-filtered/train/images/IR_BIRD_012_frame278_jpg.rf.1cffecdfacf6cd7473a5f8d36408a48c.jpg,512,512,1.0,0.0,107.95,45.77,119.87
train,002372_png.rf.33f1f9130a40259c61c052cff2774392.txt,data/thermal-1-filtered/train/images/002372_png.rf.33f1f9130a40259c61c052cff2774392.jpg,512,512,1.0,0.0,85.16,56.31,227.98
train,002273_png.rf.f3c58e59a027d3dfd62e6be87b9ae0f2.txt,data/thermal-1-filtered/train/images/002273_png.rf.f3c58e59a027d3dfd62e6be87b9ae0f2.jpg,512,512,1.0,0.0,84.51,51.76,201.15
train,frame388_jpg.rf.6a65f2395d04fc94d97afe030dfa5a8a.txt,data/thermal-1-filtered/train/images/frame388_jpg.rf.6a65f2395d04fc94d97afe030dfa5a8a.jpg,512,512,1.0,3.275,89.99,39.96,422.99
train,003711_png.rf.6ff22aab3605ff3f045ef8348ec170f0.txt,data/thermal-1-filtered/train/images/003711_png.rf.6ff22aab3605ff3f045ef8348ec170f0.jpg,512,512,1.0,0.0,89.59,55.67,2413.3
train,frame152_jpg.rf.3b7a9292e8319989db4a6f1f300e0705.txt,data/thermal-1-filtered/train/images/frame152_jpg.rf.3b7a9292e8319989db4a6f1f300e0705.jpg,512,512,1.0,2.982,88.62,56.33,136.26
train,002224_png.rf.bcd5df43de1bd12304ae9b6015f18cb1.txt,data/thermal-1-filtered/train/images/002224_png.rf.bcd5df43de1bd12304ae9b6015f18cb1.jpg,512,512,1.0,0.0,89.48,56.56,2592.76
train,frame104_jpg.rf.31c966ea5262d496dac2361db56c18c3.txt,data/thermal-1-filtered/train/images/frame104_jpg.rf.31c966ea5262d496dac2361db56c18c3.jpg,512,512,1.0,3.292,95.38,49.65,603.63
train,002214_png.rf.129a8742abaa0a185458e8fed6f7aa5c.txt,data/thermal-1-filtered/train/images/002214_png.rf.129a8742abaa0a185458e8fed6f7aa5c.jpg,512,512,1.0,0.0,82.06,52.08,556.28
train,002505_png.rf.4488a5050aa8dc8622011eaa01016b07.txt,data/thermal-1-filtered/train/images/002505_png.rf.4488a5050aa8dc8622011eaa01016b07.jpg,512,512,1.0,0.0,80.36,53.77,668.07
train,frame512_jpg.rf.fcf5e98d6452169e0e093d1e9fb37889.txt,data/thermal-1-filtered/train/images/frame512_jpg.rf.fcf5e98d6452169e0e093d1e9fb37889.jpg,512,512,1.0,3.01,71.8,30.9,120.79
train,002708_png.rf.888874642ca5cc5511d01fdabce774b8.txt,data/thermal-1-filtered/train/images/002708_png.rf.888874642ca5cc5511d01fdabce774b8.jpg,512,512,1.0,0.0,70.82,49.77,333.7
train,IR_BIRD_012_frame197_jpg.rf.4396eeef06d7ad8ca24f32d7388b5210.txt,data/thermal-1-filtered/train/images/IR_BIRD_012_frame197_jpg.rf.4396eeef06d7ad8ca24f32d7388b5210.jpg,512,512,1.0,0.0,96.43,51.35,80.05
train,002225_png.rf.5589259747d4a8beb00b67ddfbea927e.txt,data/thermal-1-filtered/train/images/002225_png.rf.5589259747d4a8beb00b67ddfbea927e.jpg,512,512,1.0,0.0,83.32,56.22,873.58
train,frame148_jpg.rf.749c3b4649a5f52070e62920f62e6c6e.txt,data/thermal-1-filtered/train/images/frame148_jpg.rf.749c3b4649a5f52070e62920f62e6c6e.jpg,512,512,1.0,3.297,99.73,49.99,339.36
train,003757_png.rf.78f8058b1a71cc4c1f642a8edfc2c3ba.txt,data/thermal-1-filtered/train/images/003757_png.rf.78f8058b1a71cc4c1f642a8edfc2c3ba.jpg,512,512,1.0,0.0,83.06,50.22,211.39
train,003083_png.rf.00579e00753638dd1531972cf042882f.txt,data/thermal-1-filtered/train/images/003083_png.rf.00579e00753638dd1531972cf042882f.jpg,512,512,1.0,0.0,88.94,57.96,2475.26
train,frame251_jpg.rf.9b3f5d58a5c3964bad4aec643eb6dde6.txt,data/thermal-1-filtered/train/images/frame251_jpg.rf.9b3f5d58a5c3964bad4aec643eb6dde6.jpg,512,512,1.0,3.05,98.08,58.82,252.39
train,ir_050260_jpg.rf.13cd36c69cf473cda772793d82e9d471.txt,data/thermal-1-filtered/train/images/ir_050260_jpg.rf.13cd36c69cf473cda772793d82e9d471.jpg,512,512,1.0,0.0,82.4,57.05,663.44
train,IR_BIRD_012_frame269_jpg.rf.4e25d2251e22fb690a4e9f554f4da523.txt,data/thermal-1-filtered/train/images/IR_BIRD_012_frame269_jpg.rf.4e25d2251e22fb690a4e9f554f4da523.jpg,512,512,1.0,0.0,108.01,45.77,111.15
train,003772_png.rf.4c6cb19a095a62d2c4d13f2cd3446b12.txt,data/thermal-1-filtered/train/images/003772_png.rf.4c6cb19a095a62d2c4d13f2cd3446b12.jpg,512,512,1.0,0.0,90.7,57.47,303.8
train,002960_png.rf.0ea6dd771026d588c733c323ce2968ec.txt,data/thermal-1-filtered/train/images/002960_png.rf.0ea6dd771026d588c733c323ce2968ec.jpg,512,512,1.0,0.0,89.35,59.19,2065.18
train,frame552_jpg.rf.f7f0a89ae7138661e3a36feeaeceaaf2.txt,data/thermal-1-filtered/train/images/frame552_jpg.rf.f7f0a89ae7138661e3a36feeaeceaaf2.jpg,512,512,1.0,3.083,48.13,28.12,123.31
train,0_0_000043_jpg.rf.c502644427d0843e5dc16d55c30cac7d.txt,data/thermal-1-filtered/train/images/0_0_000043_jpg.rf.c502644427d0843e5dc16d55c30cac7d.jpg,512,512,1.0,0.0,81.16,71.95,114.14
train,002251_png.rf.509df9a0d0512e20313554542362c652.txt,data/thermal-1-filtered/train/images/002251_png.rf.509df9a0d0512e20313554542362c652.jpg,512,512,1.0,0.0,87.07,56.15,231.43
train,002946_png.rf.972f80a9f50ee5091cca03aad066d3a8.txt,data/thermal-1-filtered/train/images/002946_png.rf.972f80a9f50ee5091cca03aad066d3a8.jpg,512,512,1.0,0.0,88.58,58.5,3197.24
train,frame482_jpg.rf.776e0434e61dc9dd247063e2ad631f35.txt,data/thermal-1-filtered/train/images/frame482_jpg.rf.776e0434e61dc9dd247063e2ad631f35.jpg,512,512,1.0,3.146,95.92,40.2,149.57
train,003727_png.rf.b6e3a3cab8afea90113e1c5715cada28.txt,data/thermal-1-filtered/train/images/003727_png.rf.b6e3a3cab8afea90113e1c5715cada28.jpg,512,512,1.0,0.0,86.74,52.33,708.2
train,0_0_000049_jpg.rf.70bd3a967c20455e9c3674e91fbd69e6.txt,data/thermal-1-filtered/train/images/0_0_000049_jpg.rf.70bd3a967c20455e9c3674e91fbd69e6.jpg,512,512,1.0,0.0,68.56,68.95,179.7
train,IR_BIRD_012_frame169_jpg.rf.3b7ebfb3429075672be380f01f596f68.txt,data/thermal-1-filtered/train/images/IR_BIRD_012_frame169_jpg.rf.3b7ebfb3429075672be380f01f596f68.jpg,512,512,1.0,0.0,90.09,53.04,82.01
train,002384_png.rf.7848db78ca1de118ab353bae33dc8db1.txt,data/thermal-1-filtered/train/images/002384_png.rf.7848db78ca1de118ab353bae33dc8db1.jpg,512,512,1.0,0.0,89.39,55.61,1580.43
train,003914_png.rf.214cdf58ddd9cdb6cf34533faafebbfb.txt,data/thermal-1-filtered/train/images/003914_png.rf.214cdf58ddd9cdb6cf34533faafebbfb.jpg,512,512,1.0,0.0,89.82,57.21,1983.01
train,003759_png.rf.e968f1b491644ee7fb8aeefeb02dc98d.txt,data/thermal-1-filtered/train/images/003759_png.rf.e968f1b491644ee7fb8aeefeb02dc98d.jpg,512,512,1.0,0.0,95.28,55.18,906.06
train,frame110_jpg.rf.1e056d3b15686c7fb4e90061f72ebd31.txt,data/thermal-1-filtered/train/images/frame110_jpg.rf.1e056d3b15686c7fb4e90061f72ebd31.jpg,512,512,1.0,3.299,87.88,50.34,336.68
train,003790_png.rf.066a3e7268ed8f7c6db5b54ed7472eef.txt,data/thermal-1-filtered/train/images/003790_png.rf.066a3e7268ed8f7c6db5b54ed7472eef.jpg,512,512,1.0,0.0,91.05,53.92,168.57
train,IR_BIRD_012_frame265_jpg.rf.3d3b68f6ac00ec0d96ce81f5f1c407af.txt,data/thermal-1-filtered/train/images/IR_BIRD_012_frame265_jpg.rf.3d3b68f6ac00ec0d96ce81f5f1c407af.jpg,512,512,1.0,0.0,108.05,45.76,105.58
train,0_0_000035_jpg.rf.d906bfebac2afac0eeb3032a4a5902be.txt,data/thermal-1-filtered/train/images/0_0_000035_jpg.rf.d906bfebac2afac0eeb3032a4a5902be.jpg,512,512,1.0,0.0,96.42,66.05,103.63
train,IR_BIRD_012_frame2_jpg.rf.551ce7706af4ae0b4b981535036533a3.txt,data/thermal-1-filtered/train/images/IR_BIRD_012_frame2_jpg.rf.551ce7706af4ae0b4b981535036533a3.jpg,512,512,1.0,0.0,101.17,46.31,69.48
train,IR_BIRD_012_frame117_jpg.rf.1c1c68d019603870bb9c191f7b473ff2.txt,data/thermal-1-filtered/train/images/IR_BIRD_012_frame117_jpg.rf.1c1c68d019603870bb9c191f7b473ff2.jpg,512,512,1.0,0.0,96.49,53.26,74.57
train,0_0_000276_jpg.rf.217ee1685ababa2bc4a86d79e1435c90.txt,data/thermal-1-filtered/train/images/0_0_000276_jpg.rf.217ee1685ababa2bc4a86d79e1435c90.jpg,512,512,1.0,0.0,67.57,47.05,7.62
train,frame594_jpg.rf.605ff9d3d3363b1e3030367054da20e2.txt,data/thermal-1-filtered/train/images/frame594_jpg.rf.605ff9d3d3363b1e3030367054da20e2.jpg,512,512,1.0,3.105,43.51,27.6,127.1
train,frame708_jpg.rf.6ad1ad0d05089fd9e052ae4fab3b5161.txt,data/thermal-1-filtered/train/images/frame708_jpg.rf.6ad1ad0d05089fd9e052ae4fab3b5161.jpg,512,512,1.0,3.008,47.97,31.31,156.45
train,003044_png.rf.6f5b67566a582fa9172b88b542fc01aa.txt,data/thermal-1-filtered/train/images/003044_png.rf.6f5b67566a582fa9172b88b542fc01aa.jpg,512,512,1.0,0.0,89.46,57.85,2612.56
train,frame297_jpg.rf.8ead593597c8e9a98dad708330029578.txt,data/thermal-1-filtered/train/images/frame297_jpg.rf.8ead593597c8e9a98dad708330029578.jpg,512,512,1.0,3.257,101.07,55.1,544.09
train,003745_png.rf.456f3e963f8f310b2bc30bf15e2a980e.txt,data/thermal-1-filtered/train/images/003745_png.rf.456f3e963f8f310b2bc30bf15e2a980e.jpg,512,512,1.0,0.0,86.47,49.17,311.66
train,002352_png.rf.cdedb0ae8b0b07a7f22f38852d6ae074.txt,data/thermal-1-filtered/train/images/002352_png.rf.cdedb0ae8b0b07a7f22f38852d6ae074.jpg,512,512,1.0,0.0,87.88,55.45,1260.41
train,ir_047270_jpg.rf.c920f7dfbb3a7bc9bc3fe759e912a1bc.txt,data/thermal-1-filtered/train/images/ir_047270_jpg.rf.c920f7dfbb3a7bc9bc3fe759e912a1bc.jpg,512,512,1.0,0.0,83.29,59.48,256.36
train,0_0_000404_jpg.rf.33174f6ba692293f01acf008e519005f.txt,data/thermal-1-filtered/train/images/0_0_000404_jpg.rf.33174f6ba692293f01acf008e519005f.jpg,512,512,1.0,0.0,111.75,59.27,377.43
train,001505_png.rf.69ac69f649b9a53c49b249555479796a.txt,data/thermal-1-filtered/train/images/001505_png.rf.69ac69f649b9a53c49b249555479796a.jpg,512,512,1.0,0.0,89.21,56.67,431.66
train,003856_png.rf.6493f4ad708c2a359c33f02c16f08a42.txt,data/thermal-1-filtered/train/images/003856_png.rf.6493f4ad708c2a359c33f02c16f08a42.jpg,512,512,1.0,0.0,97.58,56.92,1197.33
train,img_0291_png.rf.5a1eb9695bce92b7f4b608dab55d55f1.txt,data/thermal-1-filtered/train/images/img_0291_png.rf.5a1eb9695bce92b7f4b608dab55d55f1.jpg,512,512,1.0,0.0,131.54,34.47,46.53
train,ir_038830_jpg.rf.8fe721e30daa1807776ba558026e66bb.txt,data/thermal-1-filtered/train/images/ir_038830_jpg.rf.8fe721e30daa1807776ba558026e66bb.jpg,512,512,1.0,0.0,89.58,55.89,1309.06
train,002028_png.rf.faaeb194c877a631b1ac4f56a0adcb96.txt,data/thermal-1-filtered/train/images/002028_png.rf.faaeb194c877a631b1ac4f56a0adcb96.jpg,512,512,1.0,0.0,88.91,59.32,4221.88
train,002386_png.rf.69ed25ddb45f4c925741ab6bfd66fd41.txt,data/thermal-1-filtered/train/images/002386_png.rf.69ed25ddb45f4c925741ab6bfd66fd41.jpg,512,512,1.0,0.0,85.97,54.31,567.71
train,frame365_jpg.rf.f531115a0c04e9e2ae6c1d8eb8641695.txt,data/thermal-1-filtered/train/images/frame365_jpg.rf.f531115a0c04e9e2ae6c1d8eb8641695.jpg,512,512,1.0,3.099,87.76,47.73,125.54
train,frame230_jpg.rf.da520351623e77846c847f00ccf94463.txt,data/thermal-1-filtered/train/images/frame230_jpg.rf.da520351623e77846c847f00ccf94463.jpg,512,512,1.0,2.954,87.21,54.81,93.1
train,IR_BIRD_012_frame193_jpg.rf.a9cdecbde038b70c8f396d3357d44d1f.txt,data/thermal-1-filtered/train/images/IR_BIRD_012_frame193_jpg.rf.a9cdecbde038b70c8f396d3357d44d1f.jpg,512,512,1.0,0.0,96.11,51.24,81.45
train,002715_png.rf.de699df26415727722371088c0028609.txt,data/thermal-1-filtered/train/images/002715_png.rf.de699df26415727722371088c0028609.jpg,512,512,1.0,0.0,80.64,53.91,335.93
train,frame564_jpg.rf.e59d68ae1b746ac256b9ae89594daa4f.txt,data/thermal-1-filtered/train/images/frame564_jpg.rf.e59d68ae1b746ac256b9ae89594daa4f.jpg,512,512,1.0,3.199,49.02,29.7,160.53
train,002390_png.rf.a0a7eb79f765a6150d4892ea73abea12.txt,data/thermal-1-filtered/train/images/002390_png.rf.a0a7eb79f765a6150d4892ea73abea12.jpg,512,512,1.0,0.0,86.97,54.05,546.69
train,IR_BIRD_012_frame254_jpg.rf.5c44dd64caa840d3c72065583b6f8fce.txt,data/thermal-1-filtered/train/images/IR_BIRD_012_frame254_jpg.rf.5c44dd64caa840d3c72065583b6f8fce.jpg,512,512,1.0,0.0,108.06,45.9,101.49
train,frame183_jpg.rf.5c0f7dd546ac8032991d08455ce52bf2.txt,data/thermal-1-filtered/train/images/frame183_jpg.rf.5c0f7dd546ac8032991d08455ce52bf2.jpg,512,512,1.0,3.249,93.11,45.02,418.9
train,ir_3_034990_jpg.rf.52b5c439dc5de70f9e34032d2e25e976.txt,data/thermal-1-filtered/train/images/ir_3_034990_jpg.rf.52b5c439dc5de70f9e34032d2e25e976.jpg,512,512,1.0,0.0,86.09,55.34,779.03
train,ir_2_022150_jpg.rf.d5919ec79105c89b00dac04d629524d9.txt,data/thermal-1-filtered/train/images/ir_2_022150_jpg.rf.d5919ec79105c89b00dac04d629524d9.jpg,512,512,1.0,0.0,85.33,57.56,873.34
train,003067_png.rf.dca66246134160b5aacfd8266611dfa3.txt,data/thermal-1-filtered/train/images/003067_png.rf.dca66246134160b5aacfd8266611dfa3.jpg,512,512,1.0,0.0,81.5,57.72,934.21
train,0_0_000034_jpg.rf.fd08d6036a01cf64b87a61b01bdc20df.txt,data/thermal-1-filtered/train/images/0_0_000034_jpg.rf.fd08d6036a01cf64b87a61b01bdc20df.jpg,512,512,1.0,0.0,101.03,65.44,104.78
train,002366_png.rf.413bf532ced31e479f159ab2a781c927.txt,data/thermal-1-filtered/train/images/002366_png.rf.413bf532ced31e479f159ab2a781c927.jpg,512,512,1.0,0.0,89.31,55.36,1035.14
train,frame35_jpg.rf.699fa45b4f485109d49ee870effdde58.txt,data/thermal-1-filtered/train/images/frame35_jpg.rf.699fa45b4f485109d49ee870effdde58.jpg,512,512,1.0,3.048,76.62,46.8,142.14
train,frame623_jpg.rf.736ba1b4be764cd751861ec86d471983.txt,data/thermal-1-filtered/train/images/frame623_jpg.rf.736ba1b4be764cd751861ec86d471983.jpg,512,512,1.0,3.312,55.69,34.17,436.59
train,frame393_jpg.rf.b4417ed4620c0909bdb0332dd9280b5f.txt,data/thermal-1-filtered/train/images/frame393_jpg.rf.b4417ed4620c0909bdb0332dd9280b5f.jpg,512,512,1.0,3.109,85.44,43.33,150.34
train,003694_png.rf.290bd8f21432113bf84c6b1f9e525e8b.txt,data/thermal-1-filtered/train/images/003694_png.rf.290bd8f21432113bf84c6b1f9e525e8b.jpg,512,512,1.0,0.0,85.45,55.04,882.06
train,frame311_jpg.rf.12ea3e339b0eb3fa5cd59b18597471b7.txt,data/thermal-1-filtered/train/images/frame311_jpg.rf.12ea3e339b0eb3fa5cd59b18597471b7.jpg,512,512,1.0,3.325,104.34,57.42,298.34
train,002795_png.rf.f1f9d00c82d3d67df701fa7adbe5c241.txt,data/thermal-1-filtered/train/images/002795_png.rf.f1f9d00c82d3d67df701fa7adbe5c241.jpg,512,512,1.0,0.0,91.04,58.48,1931.77
train,002212_png.rf.3f5bc56c86d809ac4afe94e87e25bece.txt,data/thermal-1-filtered/train/images/002212_png.rf.3f5bc56c86d809ac4afe94e87e25bece.jpg,512,512,1.0,0.0,90.14,55.52,1709.3
train,IR_BIRD_012_frame227_jpg.rf.1b057ecc0688c9eb2f089c6f87751174.txt,data/thermal-1-filtered/train/images/IR_BIRD_012_frame227_jpg.rf.1b057ecc0688c9eb2f089c6f87751174.jpg,512,512,1.0,0.0,99.88,53.65,88.16
train,003832_png.rf.ac4b0a3f19b2309c82d03e019c558b59.txt,data/thermal-1-filtered/train/images/003832_png.rf.ac4b0a3f19b2309c82d03e019c558b59.jpg,512,512,1.0,0.0,89.59,55.79,367.09
train,ir_048760_jpg.rf.35fe22844ddab7604324ecfb68276058.txt,data/thermal-1-filtered/train/images/ir_048760_jpg.rf.35fe22844ddab7604324ecfb68276058.jpg,512,512,1.0,0.0,87.9,57.08,973.56
train,IR_BIRD_012_frame188_jpg.rf.697b7259ed08fc2f3ed34653b486970a.txt,data/thermal-1-filtered/train/images/IR_BIRD_012_frame188_jpg.rf.697b7259ed08fc2f3ed34653b486970a.jpg,512,512,1.0,0.0,100.31,49.33,54.17
train,002778_png.rf.58991b402b8dffeaab15df6a77696e45.txt,data/thermal-1-filtered/train/images/002778_png.rf.58991b402b8dffeaab15df6a77696e45.jpg,512,512,1.0,0.0,73.41,55.31,314.24
train,003029_png.rf.576fb180dc9ed12a1ddc52e61c07d10c.txt,data/thermal-1-filtered/train/images/003029_png.rf.576fb180dc9ed12a1ddc52e61c07d10c.jpg,512,512,1.0,0.0,88.21,58.17,2884.64
train,frame15_jpg.rf.3e023f091ca7f1eba5204b4bc854f541.txt,data/thermal-1-filtered/train/images/frame15_jpg.rf.3e023f091ca7f1eba5204b4bc854f541.jpg,512,512,1.0,3.222,78.58,47.54,429.29
train,frame41_jpg.rf.62aada96dc34fd0a9f13d015fccfa967.txt,data/thermal-1-filtered/train/images/frame41_jpg.rf.62aada96dc34fd0a9f13d015fccfa967.jpg,512,512,1.0,3.202,89.52,48.05,529.03
train,002078_png.rf.47a411074ee76a24e37834b8d0b3d9c0.txt,data/thermal-1-filtered/train/images/002078_png.rf.47a411074ee76a24e37834b8d0b3d9c0.jpg,512,512,1.0,0.0,78.76,57.0,1085.29
train,frame321_jpg.rf.bf380a00fbba69b330d6d8843b45f7eb.txt,data/thermal-1-filtered/train/images/frame321_jpg.rf.bf380a00fbba69b330d6d8843b45f7eb.jpg,512,512,1.0,3.0,87.05,59.77,114.42
train,0_0_000085_jpg.rf.bbbaf88b2197b4b398e6ea7e85e24a9a.txt,data/thermal-1-filtered/train/images/0_0_000085_jpg.rf.bbbaf88b2197b4b398e6ea7e85e24a9a.jpg,512,512,1.0,0.0,97.29,63.9,27.77
train,003872_png.rf.8e2cc6fe9538ed4d4ebc1c09f0e97814.txt,data/thermal-1-filtered/train/images/003872_png.rf.8e2cc6fe9538ed4d4ebc1c09f0e97814.jpg,512,512,1.0,0.0,90.65,57.25,456.51
train,0_0_000063_jpg.rf.cfc685f77bfbb4edf52c952b994cbf25.txt,data/thermal-1-filtered/train/images/0_0_000063_jpg.rf.cfc685f77bfbb4edf52c952b994cbf25.jpg,512,512,1.0,0.0,63.27,67.69,84.22
train,002347_png.rf.f1437a32dec8b30cb841ac6b578cab34.txt,data/thermal-1-filtered/train/images/002347_png.rf.f1437a32dec8b30cb841ac6b578cab34.jpg,512,512,1.0,0.0,77.8,51.35,342.62
train,frame636_jpg.rf.dadba63e33484f8614ad7572d990e30e.txt,data/thermal-1-filtered/train/images/frame636_jpg.rf.dadba63e33484f8614ad7572d990e30e.jpg,512,512,1.0,3.245,47.61,29.83,174.95
train,frame69_jpg.rf.7058d1895a1c4d2a48b47a782d5fd06c.txt,data/thermal-1-filtered/train/images/frame69_jpg.rf.7058d1895a1c4d2a48b47a782d5fd06c.jpg,512,512,1.0,3.176,89.51,52.5,175.44
train,IR_BIRD_012_frame78_jpg.rf.2cf54e8c334ab317abb88b89a48688a2.txt,data/thermal-1-filtered/train/images/IR_BIRD_012_frame78_jpg.rf.2cf54e8c334ab317abb88b89a48688a2.jpg,512,512,1.0,0.0,95.61,51.76,61.07
train,002251_png.rf.dfddbbb7cf79fdf1f08680eb369961fe.txt,data/thermal-1-filtered/train/images/002251_png.rf.dfddbbb7cf79fdf1f08680eb369961fe.jpg,512,512,1.0,0.0,83.95,54.59,155.68
train,002459_png.rf.1ebab7dec4101c5d83aa280d9630d657.txt,data/thermal-1-filtered/train/images/002459_png.rf.1ebab7dec4101c5d83aa280d9630d657.jpg,512,512,1.0,0.0,85.58,54.26,1233.09
train,frame276_jpg.rf.dcc3e2674f3252c941a82ff06ea9dc33.txt,data/thermal-1-filtered/train/images/frame276_jpg.rf.dcc3e2674f3252c941a82ff06ea9dc33.jpg,512,512,1.0,3.138,91.64,56.71,327.34
train,frame379_jpg.rf.5f327000bcb96378f697bc5af5a11266.txt,data/thermal-1-filtered/train/images/frame379_jpg.rf.5f327000bcb96378f697bc5af5a11266.jpg,512,512,1.0,3.302,91.32,39.91,467.09
train,IR_BIRD_012_frame270_jpg.rf.39e08109b735132cbd78bc126578a6e7.txt,data/thermal-1-filtered/train/images/IR_BIRD_012_frame270_jpg.rf.39e08109b735132cbd78bc126578a6e7.jpg,512,512,1.0,0.0,107.95,45.75,113.07
train,frame352_jpg.rf.2ed9ae2a5a42398d1e1cf43345f1d2de.txt,data/thermal-1-filtered/train/images/frame352_jpg.rf.2ed9ae2a5a42398d1e1cf43345f1d2de.jpg,512,512,1.0,3.157,90.44,45.73,243.05
train,IR_BIRD_012_frame223_jpg.rf.b09bc8226b83c8225d6b36bb752646e7.txt,data/thermal-1-filtered/train/images/IR_BIRD_012_frame223_jpg.rf.b09bc8226b83c8225d6b36bb752646e7.jpg,512,512,1.0,0.0,102.69,53.22,76.47
train,frame566_jpg.rf.266ac283d0f24905c294a4c27ae35a9b.txt,data/thermal-1-filtered/train/images/frame566_jpg.rf.266ac283d0f24905c294a4c27ae35a9b.jpg,512,512,1.0,3.007,44.02,28.27,120.93
train,002414_png.rf.3689770cef96a1db4056fc611f68f6b8.txt,data/thermal-1-filtered/train/images/002414_png.rf.3689770cef96a1db4056fc611f68f6b8.jpg,512,512,1.0,0.0,90.32,54.76,1061.84
train,frame681_jpg.rf.18b9f495bc4ade5a4cdf24f7d748bfe8.txt,data/thermal-1-filtered/train/images/frame681_jpg.rf.18b9f495bc4ade5a4cdf24f7d748bfe8.jpg,512,512,1.0,3.269,46.46,26.54,191.8
train,ir_3_028560_jpg.rf.1bf3ecb34d88ad364177c5176b0cf9cc.txt,data/thermal-1-filtered/train/images/ir_3_028560_jpg.rf.1bf3ecb34d88ad364177c5176b0cf9cc.jpg,512,512,1.0,0.0,88.91,58.0,1656.03
train,frame106_jpg.rf.d1511acc36820fd20762b634f44bed5c.txt,data/thermal-1-filtered/train/images/frame106_jpg.rf.d1511acc36820fd20762b634f44bed5c.jpg,512,512,1.0,3.299,90.19,51.79,513.06
train,frame312_jpg.rf.42064a93f4171f71828f2f8af2e0a55b.txt,data/thermal-1-filtered/train/images/frame312_jpg.rf.42064a93f4171f71828f2f8af2e0a55b.jpg,512,512,1.0,3.287,106.31,58.45,570.62
train,frame243_jpg.rf.0c1f3b17c4181765783f1b0a57983f49.txt,data/thermal-1-filtered/train/images/frame243_jpg.rf.0c1f3b17c4181765783f1b0a57983f49.jpg,512,512,1.0,2.852,86.27,58.65,103.75
train,frame535_jpg.rf.b290280c5de6ae23f9988d4242f656fc.txt,data/thermal-1-filtered/train/images/frame535_jpg.rf.b290280c5de6ae23f9988d4242f656fc.jpg,512,512,1.0,3.124,55.57,29.63,162.8
train,frame664_jpg.rf.75c3ab844b27311d41859504b397fa4a.txt,data/thermal-1-filtered/train/images/frame664_jpg.rf.75c3ab844b27311d41859504b397fa4a.jpg,512,512,1.0,3.294,47.2,27.28,162.89
train,IR_BIRD_012_frame181_jpg.rf.380c2020dddfefbd9c3beeea58c49f86.txt,data/thermal-1-filtered/train/images/IR_BIRD_012_frame181_jpg.rf.380c2020dddfefbd9c3beeea58c49f86.jpg,512,512,1.0,0.0,101.09,49.51,58.3
train,IR_BIRD_012_frame228_jpg.rf.cff4b27999cb4660752dbe35e9851fa8.txt,data/thermal-1-filtered/train/images/IR_BIRD_012_frame228_jpg.rf.cff4b27999cb4660752dbe35e9851fa8.jpg,512,512,1.0,0.0,108.17,46.33,115.06
train,frame121_jpg.rf.4df17b5200d7beab51a7ecf597d18cda.txt,data/thermal-1-filtered/train/images/frame121_jpg.rf.4df17b5200d7beab51a7ecf597d18cda.jpg,512,512,1.0,2.937,83.66,58.65,182.96
train,IR_BIRD_012_frame147_jpg.rf.ec75eff433e4fade27ff85384d20e40a.txt,data/thermal-1-filtered/train/images/IR_BIRD_012_frame147_jpg.rf.ec75eff433e4fade27ff85384d20e40a.jpg,512,512,1.0,0.0,93.04,55.37,77.56
train,IR_BIRD_012_frame119_jpg.rf.8d149825ec7d67c0989e21f0b645835c.txt,data/thermal-1-filtered/train/images/IR_BIRD_012_frame119_jpg.rf.8d149825ec7d67c0989e21f0b645835c.jpg,512,512,1.0,0.0,99.69,52.4,80.72
train,0_0_000019_jpg.rf.26316c445d594843d72d29117f426c34.txt,data/thermal-1-filtered/train/images/0_0_000019_jpg.rf.26316c445d594843d72d29117f426c34.jpg,512,512,1.0,0.0,100.14,74.79,109.78
train,003758_png.rf.b74ade2eb4335d2ddb5c00c637d90d58.txt,data/thermal-1-filtered/train/images/003758_png.rf.b74ade2eb4335d2ddb5c00c637d90d58.jpg,512,512,1.0,0.0,91.18,49.08,275.0
train,ir_3_019790_jpg.rf.fe92279c89cbd3c52427d67609f3e645.txt,data/thermal-1-filtered/train/images/ir_3_019790_jpg.rf.fe92279c89cbd3c52427d67609f3e645.jpg,512,512,1.0,0.0,82.9,57.77,1674.79
train,frame146_jpg.rf.b53b3cdb45107d1b019c0cdb2705e41a.txt,data/thermal-1-filtered/train/images/frame146_jpg.rf.b53b3cdb45107d1b019c0cdb2705e41a.jpg,512,512,1.0,3.286,98.78,49.77,396.28
train,002162_png.rf.117e6bde4e0d5f2badd25dbca8321213.txt,data/thermal-1-filtered/train/images/002162_png.rf.117e6bde4e0d5f2badd25dbca8321213.jpg,512,512,1.0,0.0,80.01,53.88,792.74
train,003836_png.rf.131c32b2c6327bd6968665510fc736b8.txt,data/thermal-1-filtered/train/images/003836_png.rf.131c32b2c6327bd6968665510fc736b8.jpg,512,512,1.0,0.0,96.68,57.15,1199.36
train,002337_png.rf.56a3a61136d57e64be9382f591218e37.txt,data/thermal-1-filtered/train/images/002337_png.rf.56a3a61136d57e64be9382f591218e37.jpg,512,512,1.0,0.0,85.93,56.18,774.95
train,002399_png.rf.8b10b4c2db4283d18dc9842f35d84ca6.txt,data/thermal-1-filtered/train/images/002399_png.rf.8b10b4c2db4283d18dc9842f35d84ca6.jpg,512,512,1.0,0.0,78.12,49.36,339.97
train,frame486_jpg.rf.b843dcf1e6587e9f3c89d2bb5656ce28.txt,data/thermal-1-filtered/train/images/frame486_jpg.rf.b843dcf1e6587e9f3c89d2bb5656ce28.jpg,512,512,1.0,3.169,93.48,38.65,151.34
train,001999_png.rf.98ead2a6104a6545fff9ab04b9b3fa37.txt,data/thermal-1-filtered/train/images/001999_png.rf.98ead2a6104a6545fff9ab04b9b3fa37.jpg,512,512,1.0,0.0,91.46,58.15,2414.82
train,003102_png.rf.594209672be6ff593aec6317810b3db6.txt,data/thermal-1-filtered/train/images/003102_png.rf.594209672be6ff593aec6317810b3db6.jpg,512,512,1.0,0.0,88.89,57.5,2328.01
train,frame175_jpg.rf.617469b001244c099a558ec9d8081ef5.txt,data/thermal-1-filtered/train/images/frame175_jpg.rf.617469b001244c099a558ec9d8081ef5.jpg,512,512,1.0,3.262,96.12,47.22,407.86
train,003062_png.rf.e925184e8e127833f79432b6dd06157b.txt,data/thermal-1-filtered/train/images/003062_png.rf.e925184e8e127833f79432b6dd06157b.jpg,512,512,1.0,0.0,80.93,57.8,942.01
train,IR_BIRD_012_frame290_jpg.rf.8c20a9ee69203064ab3cd7356df9bb52.txt,data/thermal-1-filtered/train/images/IR_BIRD_012_frame290_jpg.rf.8c20a9ee69203064ab3cd7356df9bb52.jpg,512,512,1.0,0.0,107.92,45.76,123.38
train,ir_2_030920_jpg.rf.8b45074aa777e183639d584b79127789.txt,data/thermal-1-filtered/train/images/ir_2_030920_jpg.rf.8b45074aa777e183639d584b79127789.jpg,512,512,1.0,0.0,78.89,54.72,390.62
train,frame268_jpg.rf.130e389e51fa65fffddd6cc76cf05189.txt,data/thermal-1-filtered/train/images/frame268_jpg.rf.130e389e51fa65fffddd6cc76cf05189.jpg,512,512,1.0,3.131,91.85,54.28,679.03
train,002027_png.rf.c4de34b8d4dcc3a34cee92a2af951d27.txt,data/thermal-1-filtered/train/images/002027_png.rf.c4de34b8d4dcc3a34cee92a2af951d27.jpg,512,512,1.0,0.0,86.23,56.1,1395.72
train,002726_png.rf.a53d48682cdeaf2413c8d8106f9f1652.txt,data/thermal-1-filtered/train/images/002726_png.rf.a53d48682cdeaf2413c8d8106f9f1652.jpg,512,512,1.0,0.0,82.24,54.96,487.19
train,IR_BIRD_012_frame286_jpg.rf.fdbcfc71d76f0fbd25ef9c70db062a9f.txt,data/thermal-1-filtered/train/images/IR_BIRD_012_frame286_jpg.rf.fdbcfc71d76f0fbd25ef9c70db062a9f.jpg,512,512,1.0,0.0,101.03,54.9,92.06
train,IR_BIRD_012_frame138_jpg.rf.fae0de54b6fdb7244091df3e147a37ed.txt,data/thermal-1-filtered/train/images/IR_BIRD_012_frame138_jpg.rf.fae0de54b6fdb7244091df3e147a37ed.jpg,512,512,1.0,0.0,98.1,52.29,81.38
train,IR_BIRD_012_frame249_jpg.rf.612b648d26e7a831e8f905578540b48f.txt,data/thermal-1-filtered/train/images/IR_BIRD_012_frame249_jpg.rf.612b648d26e7a831e8f905578540b48f.jpg,512,512,1.0,0.0,100.34,57.14,90.27
train,frame137_jpg.rf.73fd908e28d207c9d6d7924e25736f37.txt,data/thermal-1-filtered/train/images/frame137_jpg.rf.73fd908e28d207c9d6d7924e25736f37.jpg,512,512,1.0,3.274,99.42,51.18,510.55
train,003857_png.rf.49a6dff8326d9b73591dfb52ca2cb56b.txt,data/thermal-1-filtered/train/images/003857_png.rf.49a6dff8326d9b73591dfb52ca2cb56b.jpg,512,512,1.0,0.0,85.59,56.31,390.7
train,frame239_jpg.rf.b49434d432a79649bd87e5a418c4d212.txt,data/thermal-1-filtered/train/images/frame239_jpg.rf.b49434d432a79649bd87e5a418c4d212.jpg,512,512,1.0,3.135,95.94,50.18,438.83
train,002422_png.rf.39835710e42e5e99e9719da9ee985c4a.txt,data/thermal-1-filtered/train/images/002422_png.rf.39835710e42e5e99e9719da9ee985c4a.jpg,512,512,1.0,0.0,81.5,54.56,384.83
train,frame328_jpg.rf.a95af9d7c7c531734693a3c6b77190ed.txt,data/thermal-1-filtered/train/images/frame328_jpg.rf.a95af9d7c7c531734693a3c6b77190ed.jpg,512,512,1.0,3.313,98.83,52.98,234.62
train,002261_png.rf.f2c520b4da40c3274ed74161b11c39d7.txt,data/thermal-1-filtered/train/images/002261_png.rf.f2c520b4da40c3274ed74161b11c39d7.jpg,512,512,1.0,0.0,77.62,51.94,311.06
train,IR_BIRD_012_frame262_jpg.rf.3f69fd0d3991b706ad339478e770ed92.txt,data/thermal-1-filtered/train/images/IR_BIRD_012_frame262_jpg.rf.3f69fd0d3991b706ad339478e770ed92.jpg,512,512,1.0,0.0,98.17,57.11,96.11
train,frame405_jpg.rf.906ca8938072d08ed5f05bcf08e09e3f.txt,data/thermal-1-filtered/train/images/frame405_jpg.rf.906ca8938072d08ed5f05bcf08e09e3f.jpg,512,512,1.0,3.002,81.42,45.53,100.18
train,002746_png.rf.48c00be255b8a8cd5ee9ac23528a6eec.txt,data/thermal-1-filtered/train/images/002746_png.rf.48c00be255b8a8cd5ee9ac23528a6eec.jpg,512,512,1.0,0.0,83.31,54.07,1505.53
train,002056_png.rf.04c9f12db96830c8bfe761b2e8f0fbce.txt,data/thermal-1-filtered/train/images/002056_png.rf.04c9f12db96830c8bfe761b2e8f0fbce.jpg,512,512,1.0,0.0,87.71,58.88,4713.29
train,003791_png.rf.0cd98c4669cb3430748e8f58775f36b1.txt,data/thermal-1-filtered/train/images/003791_png.rf.0cd98c4669cb3430748e8f58775f36b1.jpg,512,512,1.0,0.0,101.35,58.52,492.13
train,003696_png.rf.9c1111079549f128cd911496ec035f49.txt,data/thermal-1-filtered/train/images/003696_png.rf.9c1111079549f128cd911496ec035f49.jpg,512,512,1.0,0.0,89.28,56.24,2541.54
train,002495_png.rf.272d3b5741c12fd525eee388e9d93575.txt,data/thermal-1-filtered/train/images/002495_png.rf.272d3b5741c12fd525eee388e9d93575.jpg,512,512,1.0,0.0,85.01,55.24,1827.39
train,frame671_jpg.rf.154b97554e4ee717a0e80b9aeffe2aeb.txt,data/thermal-1-filtered/train/images/frame671_jpg.rf.154b97554e4ee717a0e80b9aeffe2aeb.jpg,512,512,1.0,3.248,41.03,24.49,160.17
train,002392_png.rf.7b07894b44707d028312635e79f576b2.txt,data/thermal-1-filtered/train/images/002392_png.rf.7b07894b44707d028312635e79f576b2.jpg,512,512,1.0,0.0,83.86,51.66,418.92
train,003745_png.rf.4ca1a2cd668add7b2893c5c1c647a7ec.txt,data/thermal-1-filtered/train/images/003745_png.rf.4ca1a2cd668add7b2893c5c1c647a7ec.jpg,512,512,1.0,0.0,88.11,48.07,365.85
train,frame706_jpg.rf.a53da6f16c242bec7ccff3d29960f21f.txt,data/thermal-1-filtered/train/images/frame706_jpg.rf.a53da6f16c242bec7ccff3d29960f21f.jpg,512,512,1.0,3.249,53.29,32.64,189.66
train,002393_png.rf.44f0799d20ca8faa8625fd6a92bf53e9.txt,data/thermal-1-filtered/train/images/002393_png.rf.44f0799d20ca8faa8625fd6a92bf53e9.jpg,512,512,1.0,0.0,82.09,53.77,300.22
train,IR_BIRD_012_frame224_jpg.rf.81b07ecaf71f617d087e9a8a5a1904a3.txt,data/thermal-1-filtered/train/images/IR_BIRD_012_frame224_jpg.rf.81b07ecaf71f617d087e9a8a5a1904a3.jpg,512,512,1.0,0.0,105.98,48.18,101.62
train,002349_png.rf.f6cd48b0d885ddf7b640dbf56126914c.txt,data/thermal-1-filtered/train/images/002349_png.rf.f6cd48b0d885ddf7b640dbf56126914c.jpg,512,512,1.0,0.0,88.31,55.82,1286.47
train,003865_png.rf.b6c2c64612717701b8e66f32230b2e4c.txt,data/thermal-1-filtered/train/images/003865_png.rf.b6c2c64612717701b8e66f32230b2e4c.jpg,512,512,1.0,0.0,91.86,56.35,473.85
train,002013_png.rf.a9a34e6aacc2f3bb818b9d77463aea2c.txt,data/thermal-1-filtered/train/images/002013_png.rf.a9a34e6aacc2f3bb818b9d77463aea2c.jpg,512,512,1.0,0.0,90.13,58.4,2512.88
train,002241_png.rf.8141d5b74886fb5a50837c03aae53922.txt,data/thermal-1-filtered/train/images/002241_png.rf.8141d5b74886fb5a50837c03aae53922.jpg,512,512,1.0,0.0,88.9,54.07,841.81
train,IR_BIRD_012_frame137_jpg.rf.7f262b1459f4829520958cbcd793ab5f.txt,data/thermal-1-filtered/train/images/IR_BIRD_012_frame137_jpg.rf.7f262b1459f4829520958cbcd793ab5f.jpg,512,512,1.0,0.0,103.02,49.66,74.89
train,frame378_jpg.rf.d5ff753a0abf4aab0ac6e82322213cd1.txt,data/thermal-1-filtered/train/images/frame378_jpg.rf.d5ff753a0abf4aab0ac6e82322213cd1.jpg,512,512,1.0,3.101,84.1,43.46,119.66
train,002360_png.rf.a7cc8f6a0c24a770af3f6bc1992cd880.txt,data/thermal-1-filtered/train/images/002360_png.rf.a7cc8f6a0c24a770af3f6bc1992cd880.jpg,512,512,1.0,0.0,87.7,55.29,1055.7
train,002055_png.rf.53e982d31114c1488a02d84970a2cbc2.txt,data/thermal-1-filtered/train/images/002055_png.rf.53e982d31114c1488a02d84970a2cbc2.jpg,512,512,1.0,0.0,87.75,59.13,4995.36
train,002742_png.rf.527bd3a396c340517c0e7f85a74653b8.txt,data/thermal-1-filtered/train/images/002742_png.rf.527bd3a396c340517c0e7f85a74653b8.jpg,512,512,1.0,0.0,87.81,54.85,1816.5
train,0_0_000707_jpg.rf.0377c98aa534e429e49242fd465e5f95.txt,data/thermal-1-filtered/train/images/0_0_000707_jpg.rf.0377c98aa534e429e49242fd465e5f95.jpg,512,512,1.0,0.0,108.45,50.49,119.97
train,0_0_000067_jpg.rf.ac436dd675aa27894a052c4e7a991625.txt,data/thermal-1-filtered/train/images/0_0_000067_jpg.rf.ac436dd675aa27894a052c4e7a991625.jpg,512,512,1.0,0.0,123.06,61.11,420.93
train,002203_png.rf.3a036c4d0c04901da57ed6b3ebbefa03.txt,data/thermal-1-filtered/train/images/002203_png.rf.3a036c4d0c04901da57ed6b3ebbefa03.jpg,512,512,1.0,0.0,82.43,57.13,663.86
train,frame294_jpg.rf.a5e1331beb93eb559ec4c228bae7bf2b.txt,data/thermal-1-filtered/train/images/frame294_jpg.rf.a5e1331beb93eb559ec4c228bae7bf2b.jpg,512,512,1.0,3.223,90.31,52.46,142.74
train,003764_png.rf.b255bc6bf8e688684fc7298a26210071.txt,data/thermal-1-filtered/train/images/003764_png.rf.b255bc6bf8e688684fc7298a26210071.jpg,512,512,1.0,0.0,96.74,55.44,1128.4
train,002420_png.rf.ed2064db7a2ac291af02e7ad9e1a820e.txt,data/thermal-1-filtered/train/images/002420_png.rf.ed2064db7a2ac291af02e7ad9e1a820e.jpg,512,512,1.0,0.0,90.49,55.27,1198.52
train,003736_png.rf.12e0b2b4e4540fd756eac72edfc54242.txt,data/thermal-1-filtered/train/images/003736_png.rf.12e0b2b4e4540fd756eac72edfc54242.jpg,512,512,1.0,0.0,90.44,53.89,1709.0
train,frame393_jpg.rf.f4808550ed7277215c9e91994eede8ab.txt,data/thermal-1-filtered/train/images/frame393_jpg.rf.f4808550ed7277215c9e91994eede8ab.jpg,512,512,1.0,3.271,90.2,40.9,442.37
train,003800_png.rf.993eac6b69833210ee8a1c43559b723d.txt,data/thermal-1-filtered/train/images/003800_png.rf.993eac6b69833210ee8a1c43559b723d.jpg,512,512,1.0,0.0,101.08,58.8,530.48
train,frame566_jpg.rf.984a95256963423de77648f2699c6777.txt,data/thermal-1-filtered/train/images/frame566_jpg.rf.984a95256963423de77648f2699c6777.jpg,512,512,1.0,3.27,54.01,31.24,211.24
train,002055_png.rf.ed2114ec65a8b2c8f4e33c26520b92c8.txt,data/thermal-1-filtered/train/images/002055_png.rf.ed2114ec65a8b2c8f4e33c26520b92c8.jpg,512,512,1.0,0.0,81.33,55.49,1498.99
train,frame289_jpg.rf.3443feaeb01d360a948126952dd23515.txt,data/thermal-1-filtered/train/images/frame289_jpg.rf.3443feaeb01d360a948126952dd23515.jpg,512,512,1.0,3.248,99.46,54.59,517.5
train,003828_png.rf.241bb5245b543bc75d2ec0c8fc75b9d0.txt,data/thermal-1-filtered/train/images/003828_png.rf.241bb5245b543bc75d2ec0c8fc75b9d0.jpg,512,512,1.0,0.0,97.3,56.86,1226.16
train,002774_png.rf.e9fa4f7bb0660a4d0550fc1a0b26bec0.txt,data/thermal-1-filtered/train/images/002774_png.rf.e9fa4f7bb0660a4d0550fc1a0b26bec0.jpg,512,512,1.0,0.0,75.91,52.38,319.94
train,frame451_jpg.rf.faf918739adc2a4a5b21824d50f486f1.txt,data/thermal-1-filtered/train/images/frame451_jpg.rf.faf918739adc2a4a5b21824d50f486f1.jpg,512,512,1.0,3.145,88.79,44.26,107.77
train,frame175_jpg.rf.5cd39a580e7a439e8ed48dcd4318790c.txt,data/thermal-1-filtered/train/images/frame175_jpg.rf.5cd39a580e7a439e8ed48dcd4318790c.jpg,512,512,1.0,3.25,94.25,47.55,221.4
train,frame212_jpg.rf.9e19eee9da0cdf39e5610f39193965e3.txt,data/thermal-1-filtered/train/images/frame212_jpg.rf.9e19eee9da0cdf39e5610f39193965e3.jpg,512,512,1.0,3.291,94.05,42.95,404.97
train,IR_BIRD_012_frame254_jpg.rf.ca0aaa039b5d9e6b07ec79ce13726ac7.txt,data/thermal-1-filtered/train/images/IR_BIRD_012_frame254_jpg.rf.ca0aaa039b5d9e6b07ec79ce13726ac7.jpg,512,512,1.0,0.0,100.67,54.7,88.91
train,IR_BIRD_012_frame286_jpg.rf.dccac45f600374960266965fe3d266cb.txt,data/thermal-1-filtered/train/images/IR_BIRD_012_frame286_jpg.rf.dccac45f600374960266965fe3d266cb.jpg,512,512,1.0,0.0,107.94,45.76,122.03
train,IR_BIRD_012_frame105_jpg.rf.246cab6a9df359a31a7aa3a53c1a9d5c.txt,data/thermal-1-filtered/train/images/IR_BIRD_012_frame105_jpg.rf.246cab6a9df359a31a7aa3a53c1a9d5c.jpg,512,512,1.0,0.0,103.87,49.39,70.75
train,0_0_000187_jpg.rf.774cbf82f31221ed613b3d18cc3b19ef.txt,data/thermal-1-filtered/train/images/0_0_000187_jpg.rf.774cbf82f31221ed613b3d18cc3b19ef.jpg,512,512,1.0,0.0,61.48,39.33,81.59
train,IR_BIRD_012_frame194_jpg.rf.58acfb97229f61737af9426af85ce137.txt,data/thermal-1-filtered/train/images/IR_BIRD_012_frame194_jpg.rf.58acfb97229f61737af9426af85ce137.jpg,512,512,1.0,0.0,99.93,49.28,52.62
train,0_0_000085_jpg.rf.6a04260e242f960d32eeff79940d8a8b.txt,data/thermal-1-filtered/train/images/0_0_000085_jpg.rf.6a04260e242f960d32eeff79940d8a8b.jpg,512,512,1.0,0.0,88.69,63.65,93.72
train,thermal_tzeelim_021760_jpg.rf.2d3672ef9ea5b8cc327c17f8ee2fe108.txt,data/thermal-1-filtered/train/images/thermal_tzeelim_021760_jpg.rf.2d3672ef9ea5b8cc327c17f8ee2fe108.jpg,512,512,1.0,0.0,83.08,56.4,279.19
train,002358_png.rf.3699ce727cba4527aaf59a1a9c1d6573.txt,data/thermal-1-filtered/train/images/002358_png.rf.3699ce727cba4527aaf59a1a9c1d6573.jpg,512,512,1.0,0.0,76.82,54.07,331.31
train,ir_3_037420_jpg.rf.1d1bf14308a0fd6c3d18cac0133c38f7.txt,data/thermal-1-filtered/train/images/ir_3_037420_jpg.rf.1d1bf14308a0fd6c3d18cac0133c38f7.jpg,512,512,1.0,0.0,79.77,51.67,478.91
train,IR_BIRD_012_frame13_jpg.rf.435c2b466e7b60b312e6bd809f7b7b0a.txt,data/thermal-1-filtered/train/images/IR_BIRD_012_frame13_jpg.rf.435c2b466e7b60b312e6bd809f7b7b0a.jpg,512,512,1.0,0.0,96.34,51.82,61.67
train,003098_png.rf.0f390e83307f2263f58bbbe74bec8671.txt,data/thermal-1-filtered/train/images/003098_png.rf.0f390e83307f2263f58bbbe74bec8671.jpg,512,512,1.0,0.0,88.36,56.89,2204.23
train,003836_png.rf.de430a69caf4b4e87687732c10b74706.txt,data/thermal-1-filtered/train/images/003836_png.rf.de430a69caf4b4e87687732c10b74706.jpg,512,512,1.0,0.0,85.58,53.89,336.61
train,frame239_jpg.rf.e920548d0f6c9877be01573b70b29f0e.txt,data/thermal-1-filtered/train/images/frame239_jpg.rf.e920548d0f6c9877be01573b70b29f0e.jpg,512,512,1.0,2.882,85.37,52.92,139.15
train,frame158_jpg.rf.1f17e385e0a03b1e439bc4aa49f8a298.txt,data/thermal-1-filtered/train/images/frame158_jpg.rf.1f17e385e0a03b1e439bc4aa49f8a298.jpg,512,512,1.0,3.213,94.28,52.28,160.64
train,002772_png.rf.3e3f65128a0949220a49413d86b56e88.txt,data/thermal-1-filtered/train/images/002772_png.rf.3e3f65128a0949220a49413d86b56e88.jpg,512,512,1.0,0.0,81.62,53.31,345.43
train,002158_png.rf.d79f6230a8754c57f4c83bb89b704623.txt,data/thermal-1-filtered/train/images/002158_png.rf.d79f6230a8754c57f4c83bb89b704623.jpg,512,512,1.0,0.0,82.04,54.89,912.75
train,0_0_000105_jpg.rf.29121e6c75b4ac635483c878f0740192.txt,data/thermal-1-filtered/train/images/0_0_000105_jpg.rf.29121e6c75b4ac635483c878f0740192.jpg,512,512,1.0,0.0,127.03,48.14,26.62
train,002962_png.rf.080a1780fbafa431d62b4f5271a2f339.txt,data/thermal-1-filtered/train/images/002962_png.rf.080a1780fbafa431d62b4f5271a2f339.jpg,512,512,1.0,0.0,82.1,58.56,1436.61
train,003805_png.rf.7e2973d5ba79e5847b3b565399c4c51e.txt,data/thermal-1-filtered/train/images/003805_png.rf.7e2973d5ba79e5847b3b565399c4c51e.jpg,512,512,1.0,0.0,86.71,57.35,219.75
train,002282_png.rf.bbbfbad112a262b2aa26675a89d96350.txt,data/thermal-1-filtered/train/images/002282_png.rf.bbbfbad112a262b2aa26675a89d96350.jpg,512,512,1.0,0.0,91.02,56.23,590.08
train,002044_png.rf.53b8938db3b33db37b16b6d3ee4e5017.txt,data/thermal-1-filtered/train/images/002044_png.rf.53b8938db3b33db37b16b6d3ee4e5017.jpg,512,512,1.0,0.0,77.22,53.2,1225.27
train,002542_png.rf.685f59e7fe4adc9f2bd2771a79ed1ac5.txt,data/thermal-1-filtered/train/images/002542_png.rf.685f59e7fe4adc9f2bd2771a79ed1ac5.jpg,512,512,1.0,0.0,80.65,56.62,408.59
train,0_0_000056_jpg.rf.03f8e278c8ec86e4ed7491b67592fe51.txt,data/thermal-1-filtered/train/images/0_0_000056_jpg.rf.03f8e278c8ec86e4ed7491b67592fe51.jpg,512,512,1.0,0.0,69.38,68.71,155.46
train,003779_png.rf.1de481be28e01ea0ddac1b74b3c68cb8.txt,data/thermal-1-filtered/train/images/003779_png.rf.1de481be28e01ea0ddac1b74b3c68cb8.jpg,512,512,1.0,0.0,98.19,57.79,284.94
train,002250_png.rf.66b1f4c8fa39436b6a50aa2559a8b5c5.txt,data/thermal-1-filtered/train/images/002250_png.rf.66b1f4c8fa39436b6a50aa2559a8b5c5.jpg,512,512,1.0,0.0,84.41,53.04,349.56
train,frame625_jpg.rf.0db1256380267c1df49858a7a0ca9b70.txt,data/thermal-1-filtered/train/images/frame625_jpg.rf.0db1256380267c1df49858a7a0ca9b70.jpg,512,512,1.0,3.308,55.67,34.28,440.83
train,002207_png.rf.ef3533ff3c2ab70aa13fb35fc2d42559.txt,data/thermal-1-filtered/train/images/002207_png.rf.ef3533ff3c2ab70aa13fb35fc2d42559.jpg,512,512,1.0,0.0,91.58,56.43,2049.29
train,frame336_jpg.rf.98e3fc718f0c07523db75143ce140a40.txt,data/thermal-1-filtered/train/images/frame336_jpg.rf.98e3fc718f0c07523db75143ce140a40.jpg,512,512,1.0,3.297,106.41,52.91,524.78
train,frame401_jpg.rf.210f4298f64390e0f2532645e2767d03.txt,data/thermal-1-filtered/train/images/frame401_jpg.rf.210f4298f64390e0f2532645e2767d03.jpg,512,512,1.0,3.005,79.19,42.47,91.29
train,003717_png.rf.4de4f72ca83b3e09bba5d5fabab3f1d6.txt,data/thermal-1-filtered/train/images/003717_png.rf.4de4f72ca83b3e09bba5d5fabab3f1d6.jpg,512,512,1.0,0.0,77.87,52.2,497.78
train,002512_png.rf.123851369c50466f7d8939ce32da663e.txt,data/thermal-1-filtered/train/images/002512_png.rf.123851369c50466f7d8939ce32da663e.jpg,512,512,1.0,0.0,76.43,54.9,584.2
train,002096_png.rf.99b8a985596a5851deb9a868fdc8cce9.txt,data/thermal-1-filtered/train/images/002096_png.rf.99b8a985596a5851deb9a868fdc8cce9.jpg,512,512,1.0,0.0,79.18,56.69,601.04
train,0_0_000404_jpg.rf.8c859964fb485ecbb40a53a3f8c28d94.txt,data/thermal-1-filtered/train/images/0_0_000404_jpg.rf.8c859964fb485ecbb40a53a3f8c28d94.jpg,512,512,1.0,0.0,98.43,63.7,234.47
train,frame310_jpg.rf.e3ddbdc8a98e94ad1ff709f1fdced55c.txt,data/thermal-1-filtered/train/images/frame310_jpg.rf.e3ddbdc8a98e94ad1ff709f1fdced55c.jpg,512,512,1.0,3.214,101.49,59.68,210.44
train,001676_png.rf.aec678157233a391c9b5b42f53778cec.txt,data/thermal-1-filtered/train/images/001676_png.rf.aec678157233a391c9b5b42f53778cec.jpg,512,512,1.0,0.0,81.61,55.95,710.81
train,frame552_jpg.rf.f04d8f5f8e0e26fa7dc6daf541b4d183.txt,data/thermal-1-filtered/train/images/frame552_jpg.rf.f04d8f5f8e0e26fa7dc6daf541b4d183.jpg,512,512,1.0,3.313,59.88,33.04,416.31
train,002042_png.rf.6ca459c850caf514443e8854d35d49b5.txt,data/thermal-1-filtered/train/images/002042_png.rf.6ca459c850caf514443e8854d35d49b5.jpg,512,512,1.0,0.0,87.74,59.06,4389.17
train,002727_png.rf.bc23ca1b0fdf06251be4905e1e8e8264.txt,data/thermal-1-filtered/train/images/002727_png.rf.bc23ca1b0fdf06251be4905e1e8e8264.jpg,512,512,1.0,0.0,71.39,53.23,217.18
train,IR_BIRD_012_frame63_jpg.rf.2186f3c51dfb5fa3969cc1b6c44e6716.txt,data/thermal-1-filtered/train/images/IR_BIRD_012_frame63_jpg.rf.2186f3c51dfb5fa3969cc1b6c44e6716.jpg,512,512,1.0,0.0,99.85,49.45,70.43
train,frame313_jpg.rf.c5172cf7e390d8ac7aacb6d0ee0f97d5.txt,data/thermal-1-filtered/train/images/frame313_jpg.rf.c5172cf7e390d8ac7aacb6d0ee0f97d5.jpg,512,512,1.0,3.281,103.6,58.42,245.02
train,IR_BIRD_012_frame151_jpg.rf.53c4ccd2dd14592a3bde520a8e14864c.txt,data/thermal-1-filtered/train/images/IR_BIRD_012_frame151_jpg.rf.53c4ccd2dd14592a3bde520a8e14864c.jpg,512,512,1.0,0.0,91.35,49.65,81.1
train,002327_png.rf.2973bf9715a6ae2a87050e9c513d87e2.txt,data/thermal-1-filtered/train/images/002327_png.rf.2973bf9715a6ae2a87050e9c513d87e2.jpg,512,512,1.0,0.0,88.22,57.24,1638.75
train,003832_png.rf.bfda99f61602026537942b2cd2c08059.txt,data/thermal-1-filtered/train/images/003832_png.rf.bfda99f61602026537942b2cd2c08059.jpg,512,512,1.0,0.0,96.69,57.05,1230.12
train,002783_png.rf.b13e66a134e6631e1c35b48f35e32e76.txt,data/thermal-1-filtered/train/images/002783_png.rf.b13e66a134e6631e1c35b48f35e32e76.jpg,512,512,1.0,0.0,86.43,59.74,326.17
train,ir_047270_jpg.rf.cc338441297260440ab0e580657af9a2.txt,data/thermal-1-filtered/train/images/ir_047270_jpg.rf.cc338441297260440ab0e580657af9a2.jpg,512,512,1.0,0.0,93.25,59.88,628.74
train,002395_png.rf.8c6d51c1263e5d35cd437c3c597fd46b.txt,data/thermal-1-filtered/train/images/002395_png.rf.8c6d51c1263e5d35cd437c3c597fd46b.jpg,512,512,1.0,0.0,91.15,56.33,808.63
train,IR_BIRD_012_frame276_jpg.rf.66b0f8e5f4cf5ec8bde4514a71ae3f7e.txt,data/thermal-1-filtered/train/images/IR_BIRD_012_frame276_jpg.rf.66b0f8e5f4cf5ec8bde4514a71ae3f7e.jpg,512,512,1.0,0.0,101.38,53.54,96.43
train,frame71_jpg.rf.e49f9d3593e9d02ad04a15504ca2aa71.txt,data/thermal-1-filtered/train/images/frame71_jpg.rf.e49f9d3593e9d02ad04a15504ca2aa71.jpg,512,512,1.0,3.231,93.11,50.66,213.25
train,IR_BIRD_012_frame257_jpg.rf.1517108fcfc586c986da6303c9c323e1.txt,data/thermal-1-filtered/train/images/IR_BIRD_012_frame257_jpg.rf.1517108fcfc586c986da6303c9c323e1.jpg,512,512,1.0,0.0,100.88,54.86,95.7
train,frame539_jpg.rf.1026cffc19f78150b5f2f75ebe33349d.txt,data/thermal-1-filtered/train/images/frame539_jpg.rf.1026cffc19f78150b5f2f75ebe33349d.jpg,512,512,1.0,3.067,52.61,30.04,137.75
train,002224_png.rf.1a161a3ea69b6703266c59bd61437430.txt,data/thermal-1-filtered/train/images/002224_png.rf.1a161a3ea69b6703266c59bd61437430.jpg,512,512,1.0,0.0,83.07,56.46,1264.59
train,frame417_jpg.rf.f4c52d9061dac3631c6167aadc2abcc7.txt,data/thermal-1-filtered/train/images/frame417_jpg.rf.f4c52d9061dac3631c6167aadc2abcc7.jpg,512,512,1.0,3.141,81.88,41.9,80.11
train,002005_png.rf.d0fce20ae140e344711c5f4b5c1bce1a.txt,data/thermal-1-filtered/train/images/002005_png.rf.d0fce20ae140e344711c5f4b5c1bce1a.jpg,512,512,1.0,0.0,91.69,57.85,2293.03
train,frame317_jpg.rf.97c8ea5bf2fc1647b06c5a29b40ce94e.txt,data/thermal-1-filtered/train/images/frame317_jpg.rf.97c8ea5bf2fc1647b06c5a29b40ce94e.jpg,512,512,1.0,3.207,98.02,58.88,181.24
train,002028_png.rf.b849b7a8c22fcd2c3fb3d4a09c3af3ff.txt,data/thermal-1-filtered/train/images/002028_png.rf.b849b7a8c22fcd2c3fb3d4a09c3af3ff.jpg,512,512,1.0,0.0,83.53,55.41,1163.25
train,frame223_jpg.rf.0b1968f88dcde4e57daed0ba5f3524d5.txt,data/thermal-1-filtered/train/images/frame223_jpg.rf.0b1968f88dcde4e57daed0ba5f3524d5.jpg,512,512,1.0,3.258,93.67,44.82,386.69
train,IR_BIRD_012_frame143_jpg.rf.2bff171f43febf8f0154008400ac7c3a.txt,data/thermal-1-filtered/train/images/IR_BIRD_012_frame143_jpg.rf.2bff171f43febf8f0154008400ac7c3a.jpg,512,512,1.0,0.0,102.93,49.73,75.91
train,frame449_jpg.rf.d116c970910a30029ce51b73a46fed94.txt,data/thermal-1-filtered/train/images/frame449_jpg.rf.d116c970910a30029ce51b73a46fed94.jpg,512,512,1.0,3.003,85.25,48.91,190.55
train,002303_png.rf.594a1941b83e309ef524317f2c709b59.txt,data/thermal-1-filtered/train/images/002303_png.rf.594a1941b83e309ef524317f2c709b59.jpg,512,512,1.0,0.0,83.19,51.85,547.89
train,frame595_jpg.rf.82358b4e06ffe021d6a4b72c550437a8.txt,data/thermal-1-filtered/train/images/frame595_jpg.rf.82358b4e06ffe021d6a4b72c550437a8.jpg,512,512,1.0,3.308,56.88,34.32,423.04
train,IR_BIRD_012_frame99_jpg.rf.d056a138c532329689c5a95b865d260b.txt,data/thermal-1-filtered/train/images/IR_BIRD_012_frame99_jpg.rf.d056a138c532329689c5a95b865d260b.jpg,512,512,1.0,0.0,103.65,49.46,62.59
train,frame191_jpg.rf.a2f11e8a11fdf3be4ffca87aec4814cb.txt,data/thermal-1-filtered/train/images/frame191_jpg.rf.a2f11e8a11fdf3be4ffca87aec4814cb.jpg,512,512,1.0,3.314,91.76,43.2,409.07
train,0_0_000459_jpg.rf.76f42ff78d39e315ae7d064189837f09.txt,data/thermal-1-filtered/train/images/0_0_000459_jpg.rf.76f42ff78d39e315ae7d064189837f09.jpg,512,512,1.0,0.0,123.64,50.31,40.88
train,003070_png.rf.c5283312f87cb9d8a495967fcb33c7d7.txt,data/thermal-1-filtered/train/images/003070_png.rf.c5283312f87cb9d8a495967fcb33c7d7.jpg,512,512,1.0,0.0,85.99,57.05,871.78
train,002740_png.rf.930561c4717d21fadd37824f8d82b0b0.txt,data/thermal-1-filtered/train/images/002740_png.rf.930561c4717d21fadd37824f8d82b0b0.jpg,512,512,1.0,0.0,87.36,55.08,444.93
train,003687_png.rf.adccccb8220f435a46fbbbac39fe6e0e.txt,data/thermal-1-filtered/train/images/003687_png.rf.adccccb8220f435a46fbbbac39fe6e0e.jpg,512,512,1.0,0.0,77.06,54.56,737.06
train,003785_png.rf.ee1881ad202fd39b40627d58990ed8ac.txt,data/thermal-1-filtered/train/images/003785_png.rf.ee1881ad202fd39b40627d58990ed8ac.jpg,512,512,1.0,0.0,92.26,56.1,166.81
train,002063_png.rf.4692d0ec390336ffdaff5f92950bc07c.txt,data/thermal-1-filtered/train/images/002063_png.rf.4692d0ec390336ffdaff5f92950bc07c.jpg,512,512,1.0,0.0,82.49,53.0,1034.94
train,002427_png.rf.cef3de46acd7b9748c5f5e96fe1cebff.txt,data/thermal-1-filtered/train/images/002427_png.rf.cef3de46acd7b9748c5f5e96fe1cebff.jpg,512,512,1.0,0.0,91.43,55.62,1246.5
train,IR_BIRD_012_frame247_jpg.rf.20933678a3c5fdc7492d31f358427813.txt,data/thermal-1-filtered/train/images/IR_BIRD_012_frame247_jpg.rf.20933678a3c5fdc7492d31f358427813.jpg,512,512,1.0,0.0,103.64,50.77,85.36
train,003910_png.rf.6a7409c59046db2736ab91c244010e74.txt,data/thermal-1-filtered/train/images/003910_png.rf.6a7409c59046db2736ab91c244010e74.jpg,512,512,1.0,0.0,83.68,56.74,596.83
train,002364_png.rf.7c1d5f85a0556d552fb086af13fe9c89.txt,data/thermal-1-filtered/train/images/002364_png.rf.7c1d5f85a0556d552fb086af13fe9c89.jpg,512,512,1.0,0.0,89.12,55.43,1077.43
train,002428_png.rf.a502607433f2655b84b6e1fd14559759.txt,data/thermal-1-filtered/train/images/002428_png.rf.a502607433f2655b84b6e1fd14559759.jpg,512,512,1.0,0.0,74.5,50.64,252.3
train,frame150_jpg.rf.8276fc7de32413ad08f03941089d3ad3.txt,data/thermal-1-filtered/train/images/frame150_jpg.rf.8276fc7de32413ad08f03941089d3ad3.jpg,512,512,1.0,3.298,99.98,50.03,366.36
train,0_0_000282_jpg.rf.f8b08d009ddeaf01d69a81c174ab976c.txt,data/thermal-1-filtered/train/images/0_0_000282_jpg.rf.f8b08d009ddeaf01d69a81c174ab976c.jpg,512,512,1.0,0.0,67.01,46.03,93.64
train,ir_035420_jpg.rf.e59010e2dd3a28918543151b17d60b65.txt,data/thermal-1-filtered/train/images/ir_035420_jpg.rf.e59010e2dd3a28918543151b17d60b65.jpg,512,512,1.0,0.0,89.71,62.51,4761.29
train,002068_png.rf.ae1e2abd99c8999c58245726f522d63b.txt,data/thermal-1-filtered/train/images/002068_png.rf.ae1e2abd99c8999c58245726f522d63b.jpg,512,512,1.0,0.0,84.02,53.96,1037.75
train,002096_png.rf.067e8329614b7a5ba0def47484f6d202.txt,data/thermal-1-filtered/train/images/002096_png.rf.067e8329614b7a5ba0def47484f6d202.jpg,512,512,1.0,0.0,84.82,56.69,645.08
train,0_0_000362_jpg.rf.a540813cc8045d68ff42622fd4bc844a.txt,data/thermal-1-filtered/train/images/0_0_000362_jpg.rf.a540813cc8045d68ff42622fd4bc844a.jpg,512,512,1.0,0.0,69.16,61.81,75.37
train,0_0_000672_jpg.rf.0f1586f5ce184e62d7dc9383b2fc64a4.txt,data/thermal-1-filtered/train/images/0_0_000672_jpg.rf.0f1586f5ce184e62d7dc9383b2fc64a4.jpg,512,512,1.0,0.0,110.27,58.36,152.42
train,003067_png.rf.6ea9fc048fb729df388de27d521c0f12.txt,data/thermal-1-filtered/train/images/003067_png.rf.6ea9fc048fb729df388de27d521c0f12.jpg,512,512,1.0,0.0,81.13,57.64,960.13
train,0_0_000027_jpg.rf.53b4fbbefa2e461f8f39d5a34993ba24.txt,data/thermal-1-filtered/train/images/0_0_000027_jpg.rf.53b4fbbefa2e461f8f39d5a34993ba24.jpg,512,512,1.0,0.0,105.56,71.32,78.63
train,003830_png.rf.decc38e71a87054ff03999f8b11dae9f.txt,data/thermal-1-filtered/train/images/003830_png.rf.decc38e71a87054ff03999f8b11dae9f.jpg,512,512,1.0,0.0,88.78,58.05,402.77
train,frame453_jpg.rf.c91d2b757cc4a7cf2814fb819c53f858.txt,data/thermal-1-filtered/train/images/frame453_jpg.rf.c91d2b757cc4a7cf2814fb819c53f858.jpg,512,512,1.0,3.292,91.9,37.14,508.18
train,frame527_jpg.rf.25f0f37e0bbe41648edad00494ed85d4.txt,data/thermal-1-filtered/train/images/frame527_jpg.rf.25f0f37e0bbe41648edad00494ed85d4.jpg,512,512,1.0,3.011,56.39,29.39,143.67
train,001502_png.rf.c8e9b1d16b2085e7bcfe0c86f10cc235.txt,data/thermal-1-filtered/train/images/001502_png.rf.c8e9b1d16b2085e7bcfe0c86f10cc235.jpg,512,512,1.0,0.0,88.62,56.3,608.53
train,002421_png.rf.5d1a4e89fe679a9b2be5e6fb194471b7.txt,data/thermal-1-filtered/train/images/002421_png.rf.5d1a4e89fe679a9b2be5e6fb194471b7.jpg,512,512,1.0,0.0,87.76,52.71,446.09
train,frame713_jpg.rf.94a2d09539c092d7441bfa3be0ad1ac2.txt,data/thermal-1-filtered/train/images/frame713_jpg.rf.94a2d09539c092d7441bfa3be0ad1ac2.jpg,512,512,1.0,3.011,46.91,28.06,155.02
train,ir_3_015160_jpg.rf.97d2d7ae26d362512aab76fc36d6d6e5.txt,data/thermal-1-filtered/train/images/ir_3_015160_jpg.rf.97d2d7ae26d362512aab76fc36d6d6e5.jpg,512,512,1.0,0.0,83.28,54.56,881.37
train,002726_png.rf.840458888d24c5e4bb637cc95aa401fc.txt,data/thermal-1-filtered/train/images/002726_png.rf.840458888d24c5e4bb637cc95aa401fc.jpg,512,512,1.0,0.0,76.12,50.95,189.79
train,ir_2_028720_jpg.rf.389d5c1ad96ee0aa180cf613049bba56.txt,data/thermal-1-filtered/train/images/ir_2_028720_jpg.rf.389d5c1ad96ee0aa180cf613049bba56.jpg,512,512,1.0,0.0,76.69,55.42,1068.82
train,001994_png.rf.df842d08b3c22716596b9f0d23b821d7.txt,data/thermal-1-filtered/train/images/001994_png.rf.df842d08b3c22716596b9f0d23b821d7.jpg,512,512,1.0,0.0,92.11,58.72,2733.63
train,002432_png.rf.c536a8258b602d356a438c7cdac5fd95.txt,data/thermal-1-filtered/train/images/002432_png.rf.c536a8258b602d356a438c7cdac5fd95.jpg,512,512,1.0,0.0,92.31,52.69,462.78
train,frame132_jpg.rf.8e046f6bd360b3ec8a1dca5a2ae8a1c5.txt,data/thermal-1-filtered/train/images/frame132_jpg.rf.8e046f6bd360b3ec8a1dca5a2ae8a1c5.jpg,512,512,1.0,3.076,92.52,56.99,197.3
train,frame598_jpg.rf.8d91aa104fd4876034d81b7acdaa2c37.txt,data/thermal-1-filtered/train/images/frame598_jpg.rf.8d91aa104fd4876034d81b7acdaa2c37.jpg,512,512,1.0,3.125,47.46,30.2,163.8
train,002778_png.rf.96ba5e4dbf1f4ff5438d7a5c5b5e7a5d.txt,data/thermal-1-filtered/train/images/002778_png.rf.96ba5e4dbf1f4ff5438d7a5c5b5e7a5d.jpg,512,512,1.0,0.0,77.27,53.82,327.86
train,frame484_jpg.rf.fbcd5d3bd8419e00849549f9dcb89368.txt,data/thermal-1-filtered/train/images/frame484_jpg.rf.fbcd5d3bd8419e00849549f9dcb89368.jpg,512,512,1.0,3.124,93.0,40.25,131.87
train,002384_png.rf.4c1bd6f2cdc355c43c65a0c57097c8ce.txt,data/thermal-1-filtered/train/images/002384_png.rf.4c1bd6f2cdc355c43c65a0c57097c8ce.jpg,512,512,1.0,0.0,87.42,54.58,597.41
train,002040_png.rf.69c0501874451d7f28e039ee280ee149.txt,data/thermal-1-filtered/train/images/002040_png.rf.69c0501874451d7f28e039ee280ee149.jpg,512,512,1.0,0.0,74.96,53.02,885.72
train,002470_png.rf.fc22ff1e6af4916edfa206666368c35b.txt,data/thermal-1-filtered/train/images/002470_png.rf.fc22ff1e6af4916edfa206666368c35b.jpg,512,512,1.0,0.0,77.33,49.73,429.71
train,frame689_jpg.rf.26de939f548030eb2482c8e2375c193c.txt,data/thermal-1-filtered/train/images/frame689_jpg.rf.26de939f548030eb2482c8e2375c193c.jpg,512,512,1.0,3.219,42.81,22.71,119.92
train,frame470_jpg.rf.2012c13ea7531207ceb34cc5d432cfa7.txt,data/thermal-1-filtered/train/images/frame470_jpg.rf.2012c13ea7531207ceb34cc5d432cfa7.jpg,512,512,1.0,3.292,100.24,38.24,139.18
train,frame553_jpg.rf.a13300122a76f7f025e8ecaa440001c4.txt,data/thermal-1-filtered/train/images/frame553_jpg.rf.a13300122a76f7f025e8ecaa440001c4.jpg,512,512,1.0,3.328,52.0,26.73,189.39
train,0_0_000672_jpg.rf.facac5f675f62b72caf6e2a028609281.txt,data/thermal-1-filtered/train/images/0_0_000672_jpg.rf.facac5f675f62b72caf6e2a028609281.jpg,512,512,1.0,0.0,112.35,56.08,159.24
train,0_0_000008_jpg.rf.0940d457e87ff21129890914e517dfe0.txt,data/thermal-1-filtered/train/images/0_0_000008_jpg.rf.0940d457e87ff21129890914e517dfe0.jpg,512,512,1.0,0.0,104.96,58.4,226.39
train,002054_png.rf.2ad13a5073c96927d21206d350e688ed.txt,data/thermal-1-filtered/train/images/002054_png.rf.2ad13a5073c96927d21206d350e688ed.jpg,512,512,1.0,0.0,79.36,55.6,1460.03
train,003085_png.rf.6a27d74f480ee882cb8febaf1db61210.txt,data/thermal-1-filtered/train/images/003085_png.rf.6a27d74f480ee882cb8febaf1db61210.jpg,512,512,1.0,0.0,86.14,53.95,742.17
train,frame438_jpg.rf.f7cefda889024bcbe4672c3b7f57831b.txt,data/thermal-1-filtered/train/images/frame438_jpg.rf.f7cefda889024bcbe4672c3b7f57831b.jpg,512,512,1.0,2.981,73.19,42.76,132.64
train,img_0291_png.rf.a5ad05f6f288fd2b5c2bd43522f70403.txt,data/thermal-1-filtered/train/images/img_0291_png.rf.a5ad05f6f288fd2b5c2bd43522f70403.jpg,512,512,1.0,0.0,125.6,45.79,92.38
train,IR_BIRD_012_frame221_jpg.rf.a797cc1be9c30c17efd221f1a4665812.txt,data/thermal-1-filtered/train/images/IR_BIRD_012_frame221_jpg.rf.a797cc1be9c30c17efd221f1a4665812.jpg,512,512,1.0,0.0,103.38,50.53,93.45
train,003037_png.rf.759712bfc6fd526cb1897a52e7d4d7bb.txt,data/thermal-1-filtered/train/images/003037_png.rf.759712bfc6fd526cb1897a52e7d4d7bb.jpg,512,512,1.0,0.0,89.77,58.19,2431.72
train,002682_png.rf.01814d8e51c7db1c3f4f5100b354afb2.txt,data/thermal-1-filtered/train/images/002682_png.rf.01814d8e51c7db1c3f4f5100b354afb2.jpg,512,512,1.0,0.0,89.19,55.15,1862.65
train,003022_png.rf.9f4166f3c397622ed9f2ac2aaec35dbe.txt,data/thermal-1-filtered/train/images/003022_png.rf.9f4166f3c397622ed9f2ac2aaec35dbe.jpg,512,512,1.0,0.0,92.89,55.71,426.64
train,ir_3_018960_jpg.rf.47d2c28e2b8e1eef608a2ff94465daae.txt,data/thermal-1-filtered/train/images/ir_3_018960_jpg.rf.47d2c28e2b8e1eef608a2ff94465daae.jpg,512,512,1.0,0.0,90.78,55.65,1029.35
train,0_0_000067_jpg.rf.59b91c509863e0b176382b7a4ee7292d.txt,data/thermal-1-filtered/train/images/0_0_000067_jpg.rf.59b91c509863e0b176382b7a4ee7292d.jpg,512,512,1.0,0.0,69.13,70.66,47.59
train,002779_png.rf.28355cf3721ceb66e3905eb89628795c.txt,data/thermal-1-filtered/train/images/002779_png.rf.28355cf3721ceb66e3905eb89628795c.jpg,512,512,1.0,0.0,84.11,54.74,914.08
train,002798_png.rf.b40b755d74fad6999d904e209178ccbb.txt,data/thermal-1-filtered/train/images/002798_png.rf.b40b755d74fad6999d904e209178ccbb.jpg,512,512,1.0,0.0,89.47,57.87,1415.75
train,frame1_jpg.rf.b3b6a1596feaa3f87a81fbbea1f18dad.txt,data/thermal-1-filtered/train/images/frame1_jpg.rf.b3b6a1596feaa3f87a81fbbea1f18dad.jpg,512,512,1.0,3.239,74.88,42.66,227.56
train,frame459_jpg.rf.ff049346ebd1642bce60d700f368439b.txt,data/thermal-1-filtered/train/images/frame459_jpg.rf.ff049346ebd1642bce60d700f368439b.jpg,512,512,1.0,2.981,84.82,46.75,126.86
train,IR_BIRD_012_frame99_jpg.rf.015bbb2736b7038c5934c2e3a0f59533.txt,data/thermal-1-filtered/train/images/IR_BIRD_012_frame99_jpg.rf.015bbb2736b7038c5934c2e3a0f59533.jpg,512,512,1.0,0.0,91.63,55.51,77.3
train,002391_png.rf.1e780dd50eb62c15b6e7554f64c81074.txt,data/thermal-1-filtered/train/images/002391_png.rf.1e780dd50eb62c15b6e7554f64c81074.jpg,512,512,1.0,0.0,82.55,50.22,426.24
train,002040_png.rf.3107df058adba346c242cb0a6b109623.txt,data/thermal-1-filtered/train/images/002040_png.rf.3107df058adba346c242cb0a6b109623.jpg,512,512,1.0,0.0,86.19,56.25,1228.05
train,003716_png.rf.5372d69141c1139fe44f07ff8a1eb577.txt,data/thermal-1-filtered/train/images/003716_png.rf.5372d69141c1139fe44f07ff8a1eb577.jpg,512,512,1.0,0.0,82.05,55.33,701.77
train,003787_png.rf.a30107292386527b3124daea3e51985b.txt,data/thermal-1-filtered/train/images/003787_png.rf.a30107292386527b3124daea3e51985b.jpg,512,512,1.0,0.0,101.55,58.73,564.22
train,003736_png.rf.487c349f5d869c7f65a32a6b5810bca9.txt,data/thermal-1-filtered/train/images/003736_png.rf.487c349f5d869c7f65a32a6b5810bca9.jpg,512,512,1.0,0.0,84.78,53.39,550.64
train,IR_BIRD_012_frame240_jpg.rf.a55387f55aef92c0b2c456acea2deb23.txt,data/thermal-1-filtered/train/images/IR_BIRD_012_frame240_jpg.rf.a55387f55aef92c0b2c456acea2deb23.jpg,512,512,1.0,0.0,101.3,52.26,96.04
train,frame688_jpg.rf.55fc410c121a82f89df98d25bf9a0693.txt,data/thermal-1-filtered/train/images/frame688_jpg.rf.55fc410c121a82f89df98d25bf9a0693.jpg,512,512,1.0,3.106,41.55,23.78,116.5
train,frame540_jpg.rf.287e037131e2b5980d4f90006947a788.txt,data/thermal-1-filtered/train/images/frame540_jpg.rf.287e037131e2b5980d4f90006947a788.jpg,512,512,1.0,3.021,52.4,31.03,189.36
train,003795_png.rf.cc2d2595efe5cb7361e0fab195ba2e90.txt,data/thermal-1-filtered/train/images/003795_png.rf.cc2d2595efe5cb7361e0fab195ba2e90.jpg,512,512,1.0,0.0,101.43,58.76,489.03
train,0_0_000201_jpg.rf.0370ef2d4cf397064b6fd86fa759ec4d.txt,data/thermal-1-filtered/train/images/0_0_000201_jpg.rf.0370ef2d4cf397064b6fd86fa759ec4d.jpg,512,512,1.0,0.0,76.09,42.94,96.99
train,frame192_jpg.rf.5ebd622950761e78fb3c562c75d24fb5.txt,data/thermal-1-filtered/train/images/frame192_jpg.rf.5ebd622950761e78fb3c562c75d24fb5.jpg,512,512,1.0,3.205,90.06,45.41,172.02
train,frame489_jpg.rf.8d722bbad8326c95d790f63520b41a38.txt,data/thermal-1-filtered/train/images/frame489_jpg.rf.8d722bbad8326c95d790f63520b41a38.jpg,512,512,1.0,3.199,81.36,34.66,143.72
train,0_0_000257_jpg.rf.f69538424d021e8ef4f5ff3f381ceffe.txt,data/thermal-1-filtered/train/images/0_0_000257_jpg.rf.f69538424d021e8ef4f5ff3f381ceffe.jpg,512,512,1.0,0.0,39.41,46.97,65.79
train,003784_png.rf.46fef84c574cf5cd5a7b0e2bb188d4bd.txt,data/thermal-1-filtered/train/images/003784_png.rf.46fef84c574cf5cd5a7b0e2bb188d4bd.jpg,512,512,1.0,0.0,90.16,59.72,206.57
train,IR_BIRD_012_frame78_jpg.rf.cdca7dec851f8667edf2b284f9186250.txt,data/thermal-1-filtered/train/images/IR_BIRD_012_frame78_jpg.rf.cdca7dec851f8667edf2b284f9186250.jpg,512,512,1.0,0.0,101.21,46.3,70.03
train,003544_png.rf.2d8a7f80913b60eaa2aaa65b0300adb9.txt,data/thermal-1-filtered/train/images/003544_png.rf.2d8a7f80913b60eaa2aaa65b0300adb9.jpg,512,512,1.0,0.0,88.76,57.1,3061.91
train,frame406_jpg.rf.209c2a50f8761cd755ae685f45d86e6b.txt,data/thermal-1-filtered/train/images/frame406_jpg.rf.209c2a50f8761cd755ae685f45d86e6b.jpg,512,512,1.0,3.162,84.01,42.36,80.86
train,frame448_jpg.rf.ba22fc87c5a1e1a7a3b48d9933449df0.txt,data/thermal-1-filtered/train/images/frame448_jpg.rf.ba22fc87c5a1e1a7a3b48d9933449df0.jpg,512,512,1.0,3.016,83.0,47.84,100.01
train,003038_png.rf.f85e93265645a1e85464e9465b7bbf5f.txt,data/thermal-1-filtered/train/images/003038_png.rf.f85e93265645a1e85464e9465b7bbf5f.jpg,512,512,1.0,0.0,77.7,51.49,594.15
train,0_0_000201_jpg.rf.072a4d2c5a719fff13ce420c523add40.txt,data/thermal-1-filtered/train/images/0_0_000201_jpg.rf.072a4d2c5a719fff13ce420c523add40.jpg,512,512,1.0,0.0,80.43,43.25,32.35
train,frame285_jpg.rf.31d03f3cc05dcc04d9847ebd378d4b28.txt,data/thermal-1-filtered/train/images/frame285_jpg.rf.31d03f3cc05dcc04d9847ebd378d4b28.jpg,512,512,1.0,3.248,99.73,57.43,596.18
train,0_0_000051_jpg.rf.49677e8cd065f7898278fdeaacabf41d.txt,data/thermal-1-filtered/train/images/0_0_000051_jpg.rf.49677e8cd065f7898278fdeaacabf41d.jpg,512,512,1.0,0.0,57.91,63.96,144.38
train,frame579_jpg.rf.a2e8d9ad1bb2c6b9180604ffb9457417.txt,data/thermal-1-filtered/train/images/frame579_jpg.rf.a2e8d9ad1bb2c6b9180604ffb9457417.jpg,512,512,1.0,3.31,57.72,34.15,427.55
train,003065_png.rf.d6b67dd96fcd997fb1f6c5b829fbebf1.txt,data/thermal-1-filtered/train/images/003065_png.rf.d6b67dd96fcd997fb1f6c5b829fbebf1.jpg,512,512,1.0,0.0,89.63,58.27,2877.1
train,002031_png.rf.2f0304c6a2a9c3da51ae585bb95d85f2.txt,data/thermal-1-filtered/train/images/002031_png.rf.2f0304c6a2a9c3da51ae585bb95d85f2.jpg,512,512,1.0,0.0,88.95,59.8,4440.89
train,frame262_jpg.rf.6f7bf7ec996b7b3148b15201fb4465e4.txt,data/thermal-1-filtered/train/images/frame262_jpg.rf.6f7bf7ec996b7b3148b15201fb4465e4.jpg,512,512,1.0,2.76,78.5,57.79,135.06
train,frame13_jpg.rf.20a180e0b5a45750dfe9341f0fc6440c.txt,data/thermal-1-filtered/train/images/frame13_jpg.rf.20a180e0b5a45750dfe9341f0fc6440c.jpg,512,512,1.0,3.222,78.62,48.07,369.06
train,frame315_jpg.rf.a7dd7676a4b83e3dcb2a6599f44bf78d.txt,data/thermal-1-filtered/train/images/frame315_jpg.rf.a7dd7676a4b83e3dcb2a6599f44bf78d.jpg,512,512,1.0,3.057,94.33,61.72,125.89
train,IR_BIRD_012_frame246_jpg.rf.b1383a1ab852e3debc16d2ee0dfc8d10.txt,data/thermal-1-filtered/train/images/IR_BIRD_012_frame246_jpg.rf.b1383a1ab852e3debc16d2ee0dfc8d10.jpg,512,512,1.0,0.0,108.04,46.18,84.03
train,0_0_000281_jpg.rf.2959be6b0896b8134507e4d593ba4aa5.txt,data/thermal-1-filtered/train/images/0_0_000281_jpg.rf.2959be6b0896b8134507e4d593ba4aa5.jpg,512,512,1.0,0.0,99.8,54.2,89.51
train,frame418_jpg.rf.dfd4bf1573d07189be737f079d0b415d.txt,data/thermal-1-filtered/train/images/frame418_jpg.rf.dfd4bf1573d07189be737f079d0b415d.jpg,512,512,1.0,3.271,89.44,43.22,477.92
train,IR_BIRD_012_frame120_jpg.rf.c825571483678ad0e7263f8c6feee7c4.txt,data/thermal-1-filtered/train/images/IR_BIRD_012_frame120_jpg.rf.c825571483678ad0e7263f8c6feee7c4.jpg,512,512,1.0,0.0,103.92,49.49,67.42
train,frame303_jpg.rf.6109980ee12d63bc8e8e196a610d6a4c.txt,data/thermal-1-filtered/train/images/frame303_jpg.rf.6109980ee12d63bc8e8e196a610d6a4c.jpg,512,512,1.0,3.314,110.51,62.28,613.4
train,frame612_jpg.rf.f96b301e831e045d813c70c91f97f9d5.txt,data/thermal-1-filtered/train/images/frame612_jpg.rf.f96b301e831e045d813c70c91f97f9d5.jpg,512,512,1.0,3.196,45.43,28.11,171.28
train,frame632_jpg.rf.6e6ad4420d09ea71c15af73374acc46a.txt,data/thermal-1-filtered/train/images/frame632_jpg.rf.6e6ad4420d09ea71c15af73374acc46a.jpg,512,512,1.0,3.307,56.45,34.24,438.89
train,IR_BIRD_012_frame137_jpg.rf.fccf347a2e9181b8adf9912679621e25.txt,data/thermal-1-filtered/train/images/IR_BIRD_012_frame137_jpg.rf.fccf347a2e9181b8adf9912679621e25.jpg,512,512,1.0,0.0,93.53,54.74,71.15
train,frame716_jpg.rf.8d0ebeffd3206fd175c0abbdd2f471c3.txt,data/thermal-1-filtered/train/images/frame716_jpg.rf.8d0ebeffd3206fd175c0abbdd2f471c3.jpg,512,512,1.0,3.05,48.27,26.48,99.08
train,frame668_jpg.rf.3827e19ec6a112561c24a5c2ab0d5c83.txt,data/thermal-1-filtered/train/images/frame668_jpg.rf.3827e19ec6a112561c24a5c2ab0d5c83.jpg,512,512,1.0,3.302,51.45,31.12,429.09
train,frame647_jpg.rf.c6708bded78ca3a02e5dd1be296bc44f.txt,data/thermal-1-filtered/train/images/frame647_jpg.rf.c6708bded78ca3a02e5dd1be296bc44f.jpg,512,512,1.0,3.044,41.41,26.12,85.43
train,002018_png.rf.97c71081176b34ae4348f04a47298cab.txt,data/thermal-1-filtered/train/images/002018_png.rf.97c71081176b34ae4348f04a47298cab.jpg,512,512,1.0,0.0,81.87,56.06,806.11
train,003684_png.rf.e8cba4f15c8b3b1cc3e9e79fc94afc0e.txt,data/thermal-1-filtered/train/images/003684_png.rf.e8cba4f15c8b3b1cc3e9e79fc94afc0e.jpg,512,512,1.0,0.0,79.15,53.29,757.5
train,003018_png.rf.26c4404091c136fd5c63822e58c0ed82.txt,data/thermal-1-filtered/train/images/003018_png.rf.26c4404091c136fd5c63822e58c0ed82.jpg,512,512,1.0,0.0,87.11,57.41,2267.85
train,frame454_jpg.rf.9bf8b16816ba1d4d9fa1e30cfe7062f4.txt,data/thermal-1-filtered/train/images/frame454_jpg.rf.9bf8b16816ba1d4d9fa1e30cfe7062f4.jpg,512,512,1.0,3.201,86.86,37.7,154.17
train,003429_png.rf.5e067b387db1f874bf1da87d545fd91a.txt,data/thermal-1-filtered/train/images/003429_png.rf.5e067b387db1f874bf1da87d545fd91a.jpg,512,512,1.0,0.0,91.34,56.38,1952.73
train,0_0_000035_jpg.rf.fc2375814b5fe2807d1c00f9c09348f7.txt,data/thermal-1-filtered/train/images/0_0_000035_jpg.rf.fc2375814b5fe2807d1c00f9c09348f7.jpg,512,512,1.0,0.0,106.5,69.81,112.29
train,ir_3_018290_jpg.rf.9c98972dc91d958073caeeddbcb26e63.txt,data/thermal-1-filtered/train/images/ir_3_018290_jpg.rf.9c98972dc91d958073caeeddbcb26e63.jpg,512,512,1.0,0.0,80.01,55.13,722.76
train,IR_BIRD_012_frame189_jpg.rf.b8a989925b6d6549137af134f1a7ce85.txt,data/thermal-1-filtered/train/images/IR_BIRD_012_frame189_jpg.rf.b8a989925b6d6549137af134f1a7ce85.jpg,512,512,1.0,0.0,99.19,50.35,248.41
train,frame661_jpg.rf.9c69bdad6ec52dfb39bb02fb255b7977.txt,data/thermal-1-filtered/train/images/frame661_jpg.rf.9c69bdad6ec52dfb39bb02fb255b7977.jpg,512,512,1.0,3.046,40.22,25.88,123.53
train,002722_png.rf.7d55bbeebe4de0fe8b7465119797f8c1.txt,data/thermal-1-filtered/train/images/002722_png.rf.7d55bbeebe4de0fe8b7465119797f8c1.jpg,512,512,1.0,0.0,79.68,52.64,319.47
train,frame691_jpg.rf.7fe662a077449bba6ef4c8bbd7832639.txt,data/thermal-1-filtered/train/images/frame691_jpg.rf.7fe662a077449bba6ef4c8bbd7832639.jpg,512,512,1.0,3.302,51.17,30.14,477.23
train,002394_png.rf.1f698de53004e053cdd16fa2b84ded51.txt,data/thermal-1-filtered/train/images/002394_png.rf.1f698de53004e053cdd16fa2b84ded51.jpg,512,512,1.0,0.0,83.44,55.39,347.46
train,frame237_jpg.rf.e9b436b985e1310dd48da07dee58af3d.txt,data/thermal-1-filtered/train/images/frame237_jpg.rf.e9b436b985e1310dd48da07dee58af3d.jpg,512,512,1.0,3.115,95.03,49.88,457.11
train,0_0_000580_jpg.rf.6faf653a1299941738164be487d7e071.txt,data/thermal-1-filtered/train/images/0_0_000580_jpg.rf.6faf653a1299941738164be487d7e071.jpg,512,512,1.0,0.0,119.02,58.73,528.43
train,003776_png.rf.551172b3a655902c5f734c78fc372fcc.txt,data/thermal-1-filtered/train/images/003776_png.rf.551172b3a655902c5f734c78fc372fcc.jpg,512,512,1.0,0.0,97.99,55.78,266.94
train,frame633_jpg.rf.0f6a1620f6fc313f11aa9ef3b7441ed1.txt,data/thermal-1-filtered/train/images/frame633_jpg.rf.0f6a1620f6fc313f11aa9ef3b7441ed1.jpg,512,512,1.0,3.304,56.1,34.02,438.49
train,002676_png.rf.8dec282528e0dbe8c75c46069d0f025a.txt,data/thermal-1-filtered/train/images/002676_png.rf.8dec282528e0dbe8c75c46069d0f025a.jpg,512,512,1.0,0.0,91.28,56.03,1814.39
train,ir_3_032220_jpg.rf.2dd6e212bc8aeba7889ead004e4ad9b7.txt,data/thermal-1-filtered/train/images/ir_3_032220_jpg.rf.2dd6e212bc8aeba7889ead004e4ad9b7.jpg,512,512,1.0,0.0,89.1,59.48,4806.03
train,frame448_jpg.rf.63c7e87d50dd0c74fb243d4185c3a116.txt,data/thermal-1-filtered/train/images/frame448_jpg.rf.63c7e87d50dd0c74fb243d4185c3a116.jpg,512,512,1.0,3.209,95.48,47.53,240.69
train,ir_3_032220_jpg.rf.3e2cd9ba2f2931f7e970efd9060829bc.txt,data/thermal-1-filtered/train/images/ir_3_032220_jpg.rf.3e2cd9ba2f2931f7e970efd9060829bc.jpg,512,512,1.0,0.0,79.04,55.3,1279.81
train,IR_BIRD_012_frame262_jpg.rf.c9325aa876f5a0d9ec0b5348215fd23b.txt,data/thermal-1-filtered/train/images/IR_BIRD_012_frame262_jpg.rf.c9325aa876f5a0d9ec0b5348215fd23b.jpg,512,512,1.0,0.0,101.09,53.53,79.96
train,002383_png.rf.42b0e3e78b3bb7b6ad40ac3343a38af3.txt,data/thermal-1-filtered/train/images/002383_png.rf.42b0e3e78b3bb7b6ad40ac3343a38af3.jpg,512,512,1.0,0.0,90.4,56.12,1745.28
train,003691_png.rf.684755911d3a86a7a380710b431ade09.txt,data/thermal-1-filtered/train/images/003691_png.rf.684755911d3a86a7a380710b431ade09.jpg,512,512,1.0,0.0,77.43,54.29,685.84
train,frame411_jpg.rf.ab5ab1404c925098e4f8e3df7f6ddfb4.txt,data/thermal-1-filtered/train/images/frame411_jpg.rf.ab5ab1404c925098e4f8e3df7f6ddfb4.jpg,512,512,1.0,3.266,89.3,42.09,452.31
train,0_0_000005_jpg.rf.dbb59961ce2c921ceead80efa6555650.txt,data/thermal-1-filtered/train/images/0_0_000005_jpg.rf.dbb59961ce2c921ceead80efa6555650.jpg,512,512,1.0,0.0,121.5,55.83,301.16
train,003856_png.rf.3993edab749f80a8fefa3feac5c57804.txt,data/thermal-1-filtered/train/images/003856_png.rf.3993edab749f80a8fefa3feac5c57804.jpg,512,512,1.0,0.0,94.34,56.34,414.36
train,003031_png.rf.620b22729281f7b97eb25bbb5ac075a8.txt,data/thermal-1-filtered/train/images/003031_png.rf.620b22729281f7b97eb25bbb5ac075a8.jpg,512,512,1.0,0.0,76.09,53.39,686.07
train,frame405_jpg.rf.2cddd298ac0248a1feede80063a53cc8.txt,data/thermal-1-filtered/train/images/frame405_jpg.rf.2cddd298ac0248a1feede80063a53cc8.jpg,512,512,1.0,3.01,82.71,46.18,120.94
train,002356_png.rf.2de474593e8c51df7e46edf4a7a0c43c.txt,data/thermal-1-filtered/train/images/002356_png.rf.2de474593e8c51df7e46edf4a7a0c43c.jpg,512,512,1.0,0.0,88.32,55.52,1261.17
train,003822_png.rf.271c77c8a4b4f73f00cf3cd1b6c8d70b.txt,data/thermal-1-filtered/train/images/003822_png.rf.271c77c8a4b4f73f00cf3cd1b6c8d70b.jpg,512,512,1.0,0.0,97.72,56.85,1264.4
train,frame409_jpg.rf.38f79983c8f12131c77147810cc4212c.txt,data/thermal-1-filtered/train/images/frame409_jpg.rf.38f79983c8f12131c77147810cc4212c.jpg,512,512,1.0,2.952,74.88,42.31,66.34
train,002540_png.rf.3e9e3670132c401a9750fa1aee39c242.txt,data/thermal-1-filtered/train/images/002540_png.rf.3e9e3670132c401a9750fa1aee39c242.jpg,512,512,1.0,0.0,82.73,54.31,381.06
train,IR_BIRD_012_frame209_jpg.rf.2ab2e11e5a3f26576db1ab71f63f0dd0.txt,data/thermal-1-filtered/train/images/IR_BIRD_012_frame209_jpg.rf.2ab2e11e5a3f26576db1ab71f63f0dd0.jpg,512,512,1.0,0.0,107.74,46.25,134.92
train,003863_png.rf.7f52dcd5626034dc21ac8c7917c5eafe.txt,data/thermal-1-filtered/train/images/003863_png.rf.7f52dcd5626034dc21ac8c7917c5eafe.jpg,512,512,1.0,0.0,96.81,56.98,1272.62
train,002691_png.rf.0497f78d41e2b29e4cf5e70f1559d08d.txt,data/thermal-1-filtered/train/images/002691_png.rf.0497f78d41e2b29e4cf5e70f1559d08d.jpg,512,512,1.0,0.0,79.46,54.78,708.11
train,002745_png.rf.95b4994fb46a6d308c27a66aef9d80e4.txt,data/thermal-1-filtered/train/images/002745_png.rf.95b4994fb46a6d308c27a66aef9d80e4.jpg,512,512,1.0,0.0,73.65,49.13,495.34
train,002289_png.rf.a872b6664e9bef6017e626fa6510d325.txt,data/thermal-1-filtered/train/images/002289_png.rf.a872b6664e9bef6017e626fa6510d325.jpg,512,512,1.0,0.0,91.89,55.9,694.86
train,003032_png.rf.f983b6ff8a8875a058c1bd3da9a6fdde.txt,data/thermal-1-filtered/train/images/003032_png.rf.f983b6ff8a8875a058c1bd3da9a6fdde.jpg,512,512,1.0,0.0,88.61,57.64,2031.41
train,frame707_jpg.rf.829aaf857c2d2bd48edd831447438fd4.txt,data/thermal-1-filtered/train/images/frame707_jpg.rf.829aaf857c2d2bd48edd831447438fd4.jpg,512,512,1.0,3.198,52.6,31.99,178.78
train,0_0_000255_jpg.rf.9209242039a8ccfea1a5b3d55831f5a0.txt,data/thermal-1-filtered/train/images/0_0_000255_jpg.rf.9209242039a8ccfea1a5b3d55831f5a0.jpg,512,512,1.0,0.0,42.6,49.25,88.01
train,002366_png.rf.1a27c9f37935b801e736e593a8c24ab8.txt,data/thermal-1-filtered/train/images/002366_png.rf.1a27c9f37935b801e736e593a8c24ab8.jpg,512,512,1.0,0.0,82.19,54.9,352.33
train,frame326_jpg.rf.7441701a7796c025fad08c553e22d452.txt,data/thermal-1-filtered/train/images/frame326_jpg.rf.7441701a7796c025fad08c553e22d452.jpg,512,512,1.0,3.283,100.16,53.84,543.48
train,IR_BIRD_012_frame19_jpg.rf.639080151198f36a6fec2058758e40b4.txt,data/thermal-1-filtered/train/images/IR_BIRD_012_frame19_jpg.rf.639080151198f36a6fec2058758e40b4.jpg,512,512,1.0,0.0,95.98,53.39,60.84
train,frame535_jpg.rf.b509b88f7f288a5479cb5346a3683468.txt,data/thermal-1-filtered/train/images/frame535_jpg.rf.b509b88f7f288a5479cb5346a3683468.jpg,512,512,1.0,3.314,64.62,32.02,403.66
train,002740_png.rf.6c4f014ad4e49259d1afd72fbaca7974.txt,data/thermal-1-filtered/train/images/002740_png.rf.6c4f014ad4e49259d1afd72fbaca7974.jpg,512,512,1.0,0.0,95.4,55.75,1214.94
train,frame478_jpg.rf.fda975d7ae5f91e3cbf21a1a1448305c.txt,data/thermal-1-filtered/train/images/frame478_jpg.rf.fda975d7ae5f91e3cbf21a1a1448305c.jpg,512,512,1.0,3.039,89.35,40.86,133.19
train,0_0_000060_jpg.rf.5663df0034668cc331ffe6235adc3c16.txt,data/thermal-1-filtered/train/images/0_0_000060_jpg.rf.5663df0034668cc331ffe6235adc3c16.jpg,512,512,1.0,0.0,107.72,66.01,116.94
train,002097_png.rf.98d37c49acf709adadc9ef4cd0ce4795.txt,data/thermal-1-filtered/train/images/002097_png.rf.98d37c49acf709adadc9ef4cd0ce4795.jpg,512,512,1.0,0.0,90.57,57.1,2532.37
train,IR_BIRD_012_frame1_jpg.rf.70f9c421eb1a551856ef5122db4e2353.txt,data/thermal-1-filtered/train/images/IR_BIRD_012_frame1_jpg.rf.70f9c421eb1a551856ef5122db4e2353.jpg,512,512,1.0,0.0,91.11,54.75,64.8
train,frame244_jpg.rf.f89a902f6374c6922245981640d66659.txt,data/thermal-1-filtered/train/images/frame244_jpg.rf.f89a902f6374c6922245981640d66659.jpg,512,512,1.0,2.959,92.79,57.16,174.43
train,frame61_jpg.rf.70a933e628bec249ab2b1e55294aa0b1.txt,data/thermal-1-filtered/train/images/frame61_jpg.rf.70a933e628bec249ab2b1e55294aa0b1.jpg,512,512,1.0,2.912,83.47,57.32,160.33
train,IR_BIRD_012_frame179_jpg.rf.1d5330d02856302264ef587bc0da4fd5.txt,data/thermal-1-filtered/train/images/IR_BIRD_012_frame179_jpg.rf.1d5330d02856302264ef587bc0da4fd5.jpg,512,512,1.0,0.0,101.3,49.57,60.5
train,frame402_jpg.rf.955773ba2594a3f4062e3170d134c278.txt,data/thermal-1-filtered/train/images/frame402_jpg.rf.955773ba2594a3f4062e3170d134c278.jpg,512,512,1.0,3.274,91.35,41.37,481.76
train,003802_png.rf.b70a016dfa007bb3a0a4daeb27bf4764.txt,data/thermal-1-filtered/train/images/003802_png.rf.b70a016dfa007bb3a0a4daeb27bf4764.jpg,512,512,1.0,0.0,79.83,53.65,130.1
train,003811_png.rf.083b9fd6ca742bc0a2c11def4ae89510.txt,data/thermal-1-filtered/train/images/003811_png.rf.083b9fd6ca742bc0a2c11def4ae89510.jpg,512,512,1.0,0.0,98.23,57.92,1133.48
train,frame15_jpg.rf.f55c40e1b4ec08fa436763e9165644e8.txt,data/thermal-1-filtered/train/images/frame15_jpg.rf.f55c40e1b4ec08fa436763e9165644e8.jpg,512,512,1.0,3.002,61.9,43.16,120.79
train,0_0_001477_jpg.rf.5960e8428dfc46207a8f9f84aa4f5798.txt,data/thermal-1-filtered/train/images/0_0_001477_jpg.rf.5960e8428dfc46207a8f9f84aa4f5798.jpg,512,512,1.0,0.0,99.08,61.53,168.57
train,frame471_jpg.rf.ba51df42a7b35458a9697ef4b64fbac0.txt,data/thermal-1-filtered/train/images/frame471_jpg.rf.ba51df42a7b35458a9697ef4b64fbac0.jpg,512,512,1.0,3.259,104.56,43.84,245.3
train,002344_png.rf.b9e573b1d115343256db170a13f7b20c.txt,data/thermal-1-filtered/train/images/002344_png.rf.b9e573b1d115343256db170a13f7b20c.jpg,512,512,1.0,0.0,78.95,55.84,491.39
train,frame30_jpg.rf.dcc6295c770a4317d58bdcca9f1e8c00.txt,data/thermal-1-filtered/train/images/frame30_jpg.rf.dcc6295c770a4317d58bdcca9f1e8c00.jpg,512,512,1.0,3.177,89.47,52.64,416.86
train,003021_png.rf.a718111b30cd02938b48b5dced4386b2.txt,data/thermal-1-filtered/train/images/003021_png.rf.a718111b30cd02938b48b5dced4386b2.jpg,512,512,1.0,0.0,87.05,53.96,758.43
train,0_0_000039_jpg.rf.0153e3c207ca42049cec23effebfd98d.txt,data/thermal-1-filtered/train/images/0_0_000039_jpg.rf.0153e3c207ca42049cec23effebfd98d.jpg,512,512,1.0,0.0,89.98,72.35,117.38
train,frame265_jpg.rf.691507056452d6580aed5e05b164e501.txt,data/thermal-1-filtered/train/images/frame265_jpg.rf.691507056452d6580aed5e05b164e501.jpg,512,512,1.0,3.03,89.36,57.74,279.57
train,ir_3_031530_jpg.rf.d3980e57b9868e37e7e70a934501318a.txt,data/thermal-1-filtered/train/images/ir_3_031530_jpg.rf.d3980e57b9868e37e7e70a934501318a.jpg,512,512,1.0,0.0,84.98,53.06,901.22
train,002732_png.rf.eafa057901ca212b078aa423a883f7e3.txt,data/thermal-1-filtered/train/images/002732_png.rf.eafa057901ca212b078aa423a883f7e3.jpg,512,512,1.0,0.0,69.72,50.29,105.25
train,frame384_jpg.rf.7ddf1dc961d3b388d8f30508b09de86d.txt,data/thermal-1-filtered/train/images/frame384_jpg.rf.7ddf1dc961d3b388d8f30508b09de86d.jpg,512,512,1.0,3.232,89.66,41.1,150.53
train,frame270_jpg.rf.82cb70c7aeb52a6998636fd68f517585.txt,data/thermal-1-filtered/train/images/frame270_jpg.rf.82cb70c7aeb52a6998636fd68f517585.jpg,512,512,1.0,3.16,92.22,52.76,615.07
train,002460_png.rf.eeb8c83d48b63f51de169b80bf20b9d4.txt,data/thermal-1-filtered/train/images/002460_png.rf.eeb8c83d48b63f51de169b80bf20b9d4.jpg,512,512,1.0,0.0,80.72,52.33,450.42
train,003522_png.rf.f5b641872cd44ab8e3fe8f234afd8e1d.txt,data/thermal-1-filtered/train/images/003522_png.rf.f5b641872cd44ab8e3fe8f234afd8e1d.jpg,512,512,1.0,0.0,89.13,58.36,4759.73
train,002272_png.rf.cb1dee26dc845bedb7daa34ac9be8e26.txt,data/thermal-1-filtered/train/images/002272_png.rf.cb1dee26dc845bedb7daa34ac9be8e26.jpg,512,512,1.0,0.0,90.1,55.19,537.16
train,frame388_jpg.rf.8018bb653cf45520e0ccefeb74d556be.txt,data/thermal-1-filtered/train/images/frame388_jpg.rf.8018bb653cf45520e0ccefeb74d556be.jpg,512,512,1.0,3.115,84.25,41.74,123.73
train,frame64_jpg.rf.8d65d3be3cf003127f82f7296378dc03.txt,data/thermal-1-filtered/train/images/frame64_jpg.rf.8d65d3be3cf003127f82f7296378dc03.jpg,512,512,1.0,3.153,90.26,51.91,613.65
train,003726_png.rf.c65e16c82b4f69978675d188efd5a46b.txt,data/thermal-1-filtered/train/images/003726_png.rf.c65e16c82b4f69978675d188efd5a46b.jpg,512,512,1.0,0.0,89.73,54.85,2330.4
train,IR_BIRD_012_frame231_jpg.rf.5e1b2239a40d7e4d8570fa0d904ce5e6.txt,data/thermal-1-filtered/train/images/IR_BIRD_012_frame231_jpg.rf.5e1b2239a40d7e4d8570fa0d904ce5e6.jpg,512,512,1.0,0.0,98.74,56.14,85.63
train,002834_png.rf.250920f1b3fbdfa772a02c8e7ae84672.txt,data/thermal-1-filtered/train/images/002834_png.rf.250920f1b3fbdfa772a02c8e7ae84672.jpg,512,512,1.0,0.0,87.44,52.35,791.85
train,IR_BIRD_012_frame44_jpg.rf.6f901db84a287ff8cee0b3aca2e04345.txt,data/thermal-1-filtered/train/images/IR_BIRD_012_frame44_jpg.rf.6f901db84a287ff8cee0b3aca2e04345.jpg,512,512,1.0,0.0,94.63,53.96,71.38
train,frame103_jpg.rf.5683b7df7046e02611122f5671d4eaa3.txt,data/thermal-1-filtered/train/images/frame103_jpg.rf.5683b7df7046e02611122f5671d4eaa3.jpg,512,512,1.0,3.084,89.02,53.05,174.83
train,002436_png.rf.e53135da8105f136d854f51178ed6031.txt,data/thermal-1-filtered/train/images/002436_png.rf.e53135da8105f136d854f51178ed6031.jpg,512,512,1.0,0.0,88.58,54.69,1451.64
train,002293_png.rf.015b600e5cccbd4ec802e1a1f7981936.txt,data/thermal-1-filtered/train/images/002293_png.rf.015b600e5cccbd4ec802e1a1f7981936.jpg,512,512,1.0,0.0,90.79,55.5,1169.92
train,003780_png.rf.2c5962ee890e00220640a9e8fae1f5c2.txt,data/thermal-1-filtered/train/images/003780_png.rf.2c5962ee890e00220640a9e8fae1f5c2.jpg,512,512,1.0,0.0,88.9,56.69,209.23
train,002000_png.rf.0ce7e5584b7df0f0ead479d017000fca.txt,data/thermal-1-filtered/train/images/002000_png.rf.0ce7e5584b7df0f0ead479d017000fca.jpg,512,512,1.0,0.0,88.03,54.69,783.52
train,0_0_000049_jpg.rf.10682e4b26bc74f7fb754456bea78dec.txt,data/thermal-1-filtered/train/images/0_0_000049_jpg.rf.10682e4b26bc74f7fb754456bea78dec.jpg,512,512,1.0,0.0,64.5,67.15,130.29
train,002375_png.rf.6beff0e4d9ca7850aaf46b881a6978bb.txt,data/thermal-1-filtered/train/images/002375_png.rf.6beff0e4d9ca7850aaf46b881a6978bb.jpg,512,512,1.0,0.0,74.34,50.9,333.45
train,002201_png.rf.dae1a9e0f46af52260a17c473b3f2a18.txt,data/thermal-1-filtered/train/images/002201_png.rf.dae1a9e0f46af52260a17c473b3f2a18.jpg,512,512,1.0,0.0,87.91,55.29,729.76
train,002393_png.rf.835edc9e74e2051eb5c240340c637bda.txt,data/thermal-1-filtered/train/images/002393_png.rf.835edc9e74e2051eb5c240340c637bda.jpg,512,512,1.0,0.0,88.26,55.24,750.49
train,0_0_000029_jpg.rf.011c2da9053ae195b1b1ebe520fc9d3e.txt,data/thermal-1-filtered/train/images/0_0_000029_jpg.rf.011c2da9053ae195b1b1ebe520fc9d3e.jpg,512,512,1.0,0.0,123.69,54.97,68.0
train,frame525_jpg.rf.8abc5bbeec70332c7f89ce695cc7556d.txt,data/thermal-1-filtered/train/images/frame525_jpg.rf.8abc5bbeec70332c7f89ce695cc7556d.jpg,512,512,1.0,3.251,65.15,30.33,192.82
train,frame272_jpg.rf.38903e833b01c2d4dcb317661f86b49f.txt,data/thermal-1-filtered/train/images/frame272_jpg.rf.38903e833b01c2d4dcb317661f86b49f.jpg,512,512,1.0,2.897,75.24,52.06,173.32
train,003851_png.rf.d26f32220762e38dd24008c3e119557d.txt,data/thermal-1-filtered/train/images/003851_png.rf.d26f32220762e38dd24008c3e119557d.jpg,512,512,1.0,0.0,93.26,54.31,442.55
train,frame485_jpg.rf.36cf14e3bfed07bcfeac69e6890c0ad1.txt,data/thermal-1-filtered/train/images/frame485_jpg.rf.36cf14e3bfed07bcfeac69e6890c0ad1.jpg,512,512,1.0,3.304,102.05,35.11,364.13
train,frame490_jpg.rf.0e728cc30bf275a32cf7c52b1e1a69a8.txt,data/thermal-1-filtered/train/images/frame490_jpg.rf.0e728cc30bf275a32cf7c52b1e1a69a8.jpg,512,512,1.0,3.171,82.55,36.56,155.59
train,003750_png.rf.e36bf4ee53b885f04b4473837e1a31e6.txt,data/thermal-1-filtered/train/images/003750_png.rf.e36bf4ee53b885f04b4473837e1a31e6.jpg,512,512,1.0,0.0,78.62,50.66,224.1
train,003054_png.rf.2e6aadd304a000d5733b54eacbc508a1.txt,data/thermal-1-filtered/train/images/003054_png.rf.2e6aadd304a000d5733b54eacbc508a1.jpg,512,512,1.0,0.0,80.57,57.22,855.85
train,IR_BIRD_012_frame53_jpg.rf.82b14e7c7e6004dbe2e99ef52b91e7a7.txt,data/thermal-1-filtered/train/images/IR_BIRD_012_frame53_jpg.rf.82b14e7c7e6004dbe2e99ef52b91e7a7.jpg,512,512,1.0,0.0,101.19,46.32,69.92
train,frame260_jpg.rf.6453aabbea0fa83abba3da824aafb9e8.txt,data/thermal-1-filtered/train/images/frame260_jpg.rf.6453aabbea0fa83abba3da824aafb9e8.jpg,512,512,1.0,2.912,85.25,57.49,210.43
train,frame333_jpg.rf.728224f81f7c39e53b826d2942451bc0.txt,data/thermal-1-filtered/train/images/frame333_jpg.rf.728224f81f7c39e53b826d2942451bc0.jpg,512,512,1.0,3.285,101.25,55.27,528.61
train,frame698_jpg.rf.67a9091286ee03bd5ac48467271d8d1d.txt,data/thermal-1-filtered/train/images/frame698_jpg.rf.67a9091286ee03bd5ac48467271d8d1d.jpg,512,512,1.0,3.03,43.04,27.91,165.94
train,frame138_jpg.rf.76b5c2d49f2712f78a8ea652d36997f8.txt,data/thermal-1-filtered/train/images/frame138_jpg.rf.76b5c2d49f2712f78a8ea652d36997f8.jpg,512,512,1.0,3.066,92.27,55.04,140.03
train,frame421_jpg.rf.1e6ad377fd5cb4ce239569ff6da8dc1e.txt,data/thermal-1-filtered/train/images/frame421_jpg.rf.1e6ad377fd5cb4ce239569ff6da8dc1e.jpg,512,512,1.0,3.068,78.39,44.34,101.14
train,002664_png.rf.f42e867eda244af6918c2368b720ac6f.txt,data/thermal-1-filtered/train/images/002664_png.rf.f42e867eda244af6918c2368b720ac6f.jpg,512,512,1.0,0.0,83.25,54.87,876.31
train,003823_png.rf.3b9b591ff333c3155d57eff16cdb33ea.txt,data/thermal-1-filtered/train/images/003823_png.rf.3b9b591ff333c3155d57eff16cdb33ea.jpg,512,512,1.0,0.0,97.82,54.65,481.56
train,frame325_jpg.rf.4be90e2262688f1b5c9b3cfccba867ba.txt,data/thermal-1-filtered/train/images/frame325_jpg.rf.4be90e2262688f1b5c9b3cfccba867ba.jpg,512,512,1.0,3.204,92.19,53.8,181.4
train,ir_058630_jpg.rf.e4d0422a927b6a3031a77eb74896c673.txt,data/thermal-1-filtered/train/images/ir_058630_jpg.rf.e4d0422a927b6a3031a77eb74896c673.jpg,512,512,1.0,0.0,69.02,52.46,284.35
train,002529_png.rf.49b1e49a1dbb7ad49f7164227649c24c.txt,data/thermal-1-filtered/train/images/002529_png.rf.49b1e49a1dbb7ad49f7164227649c24c.jpg,512,512,1.0,0.0,88.37,53.84,415.7
train,001496_png.rf.ac6846dd01c49550582057d0a7309142.txt,data/thermal-1-filtered/train/images/001496_png.rf.ac6846dd01c49550582057d0a7309142.jpg,512,512,1.0,0.0,86.39,54.35,550.76
train,002364_png.rf.6ebb35ab6a3891d87b8f61b8a02579ce.txt,data/thermal-1-filtered/train/images/002364_png.rf.6ebb35ab6a3891d87b8f61b8a02579ce.jpg,512,512,1.0,0.0,86.21,55.45,593.57
train,IR_BIRD_012_frame79_jpg.rf.b023a44c7a0e0b6fa6f93430d93c9516.txt,data/thermal-1-filtered/train/images/IR_BIRD_012_frame79_jpg.rf.b023a44c7a0e0b6fa6f93430d93c9516.jpg,512,512,1.0,0.0,101.21,46.3,69.99
train,frame300_jpg.rf.3abb95e88206f5115fcdd36fde4df5c9.txt,data/thermal-1-filtered/train/images/frame300_jpg.rf.3abb95e88206f5115fcdd36fde4df5c9.jpg,512,512,1.0,2.978,85.0,56.08,126.58
train,frame589_jpg.rf.386477cd7d30c42463c37a4276d0b333.txt,data/thermal-1-filtered/train/images/frame589_jpg.rf.386477cd7d30c42463c37a4276d0b333.jpg,512,512,1.0,3.143,44.59,28.61,149.61
train,002719_png.rf.b85652c4c57ae52d21e9bfa9bc1e0939.txt,data/thermal-1-filtered/train/images/002719_png.rf.b85652c4c57ae52d21e9bfa9bc1e0939.jpg,512,512,1.0,0.0,86.22,55.74,923.81
train,002409_png.rf.cdac0ca2e66fd1d990328fd517a74ff2.txt,data/thermal-1-filtered/train/images/002409_png.rf.cdac0ca2e66fd1d990328fd517a74ff2.jpg,512,512,1.0,0.0,90.29,55.06,1276.95
train,IR_BIRD_012_frame217_jpg.rf.8d7022288a1e068da4b488af8ebb6287.txt,data/thermal-1-filtered/train/images/IR_BIRD_012_frame217_jpg.rf.8d7022288a1e068da4b488af8ebb6287.jpg,512,512,1.0,0.0,107.79,46.26,140.3
train,002672_png.rf.859df6b714bd88a33c76a456bc53cca4.txt,data/thermal-1-filtered/train/images/002672_png.rf.859df6b714bd88a33c76a456bc53cca4.jpg,512,512,1.0,0.0,90.12,57.3,1921.99
train,002050_png.rf.721c90be6857ce6979d97e4276952ede.txt,data/thermal-1-filtered/train/images/002050_png.rf.721c90be6857ce6979d97e4276952ede.jpg,512,512,1.0,0.0,77.19,54.84,1220.1
train,002823_png.rf.a547dab26949bb9a72e5eac02f88cb44.txt,data/thermal-1-filtered/train/images/002823_png.rf.a547dab26949bb9a72e5eac02f88cb44.jpg,512,512,1.0,0.0,89.7,56.23,1383.74
train,frame574_jpg.rf.47a271cf19f69eb1594feae69a4598be.txt,data/thermal-1-filtered/train/images/frame574_jpg.rf.47a271cf19f69eb1594feae69a4598be.jpg,512,512,1.0,3.249,47.14,27.44,106.69
train,frame65_jpg.rf.031e0782c7ad090e625acbd0df7f244a.txt,data/thermal-1-filtered/train/images/frame65_jpg.rf.031e0782c7ad090e625acbd0df7f244a.jpg,512,512,1.0,3.169,92.69,52.26,611.67
train,frame109_jpg.rf.d96d5f74c3008d33f1ceddd1825a38e1.txt,data/thermal-1-filtered/train/images/frame109_jpg.rf.d96d5f74c3008d33f1ceddd1825a38e1.jpg,512,512,1.0,3.025,81.6,54.06,175.54
train,frame595_jpg.rf.6e274ea7ffaf1bb05803c6b018003981.txt,data/thermal-1-filtered/train/images/frame595_jpg.rf.6e274ea7ffaf1bb05803c6b018003981.jpg,512,512,1.0,3.084,46.31,30.23,164.85
train,002729_png.rf.c1e37513f88fd19f1145bd79348da86b.txt,data/thermal-1-filtered/train/images/002729_png.rf.c1e37513f88fd19f1145bd79348da86b.jpg,512,512,1.0,0.0,79.82,54.1,229.89
train,frame274_jpg.rf.e326624200ac38ee5674103c847bee9d.txt,data/thermal-1-filtered/train/images/frame274_jpg.rf.e326624200ac38ee5674103c847bee9d.jpg,512,512,1.0,2.997,76.14,49.68,141.49
train,frame517_jpg.rf.7664295d5713900d7dbcdca09dc1d567.txt,data/thermal-1-filtered/train/images/frame517_jpg.rf.7664295d5713900d7dbcdca09dc1d567.jpg,512,512,1.0,3.306,81.31,30.7,394.3
train,IR_BIRD_012_frame247_jpg.rf.8ba48919bbd3d6b5167ba15c03486e91.txt,data/thermal-1-filtered/train/images/IR_BIRD_012_frame247_jpg.rf.8ba48919bbd3d6b5167ba15c03486e91.jpg,512,512,1.0,0.0,108.08,46.2,79.53
train,frame408_jpg.rf.f9d09858959b98ef2080afbfdc79f93e.txt,data/thermal-1-filtered/train/images/frame408_jpg.rf.f9d09858959b98ef2080afbfdc79f93e.jpg,512,512,1.0,3.27,90.3,42.13,453.72
train,001504_png.rf.87ed38e93935bbd769bfbdc60a3043c5.txt,data/thermal-1-filtered/train/images/001504_png.rf.87ed38e93935bbd769bfbdc60a3043c5.jpg,512,512,1.0,0.0,76.13,55.78,238.88
train,0_0_000046_jpg.rf.56d014128c3e82f403be54c47c14e23c.txt,data/thermal-1-filtered/train/images/0_0_000046_jpg.rf.56d014128c3e82f403be54c47c14e23c.jpg,512,512,1.0,0.0,61.91,65.91,104.45
train,003783_png.rf.6a35a71c8db2c9efad85721106053e61.txt,data/thermal-1-filtered/train/images/003783_png.rf.6a35a71c8db2c9efad85721106053e61.jpg,512,512,1.0,0.0,92.17,57.97,211.01
train,002411_png.rf.9b4e4c06973a4d119615e9d0e9a5cbbe.txt,data/thermal-1-filtered/train/images/002411_png.rf.9b4e4c06973a4d119615e9d0e9a5cbbe.jpg,512,512,1.0,0.0,90.41,55.13,1236.12
train,002334_png.rf.09b8242b291c48e4a7f2ec5f4b4698e6.txt,data/thermal-1-filtered/train/images/002334_png.rf.09b8242b291c48e4a7f2ec5f4b4698e6.jpg,512,512,1.0,0.0,88.81,56.32,1484.43
train,002805_png.rf.fbca63cb1610d31b5dcab45e63107a38.txt,data/thermal-1-filtered/train/images/002805_png.rf.fbca63cb1610d31b5dcab45e63107a38.jpg,512,512,1.0,0.0,74.95,55.3,276.56
train,IR_BIRD_012_frame277_jpg.rf.8e914b60e5500e07930fbe20bf87f65f.txt,data/thermal-1-filtered/train/images/IR_BIRD_012_frame277_jpg.rf.8e914b60e5500e07930fbe20bf87f65f.jpg,512,512,1.0,0.0,101.9,52.26,83.72
train,003049_png.rf.43b2e089a1a0020eefd26801e61e13ca.txt,data/thermal-1-filtered/train/images/003049_png.rf.43b2e089a1a0020eefd26801e61e13ca.jpg,512,512,1.0,0.0,79.12,56.14,750.11
train,frame587_jpg.rf.ac0e25c297e3b5fa628f2351b9ec9b18.txt,data/thermal-1-filtered/train/images/frame587_jpg.rf.ac0e25c297e3b5fa628f2351b9ec9b18.jpg,512,512,1.0,3.309,57.16,34.41,424.57
train,IR_BIRD_012_frame119_jpg.rf.e019fc632bb9e6a82ebf2dfb61119b7f.txt,data/thermal-1-filtered/train/images/IR_BIRD_012_frame119_jpg.rf.e019fc632bb9e6a82ebf2dfb61119b7f.jpg,512,512,1.0,0.0,97.52,53.85,74.55
train,002356_png.rf.5571a50704d350ade7e20d9e19244e62.txt,data/thermal-1-filtered/train/images/002356_png.rf.5571a50704d350ade7e20d9e19244e62.jpg,512,512,1.0,0.0,84.5,54.49,449.47
train,frame670_jpg.rf.4a843e65316fae62c33051aa6af224ce.txt,data/thermal-1-filtered/train/images/frame670_jpg.rf.4a843e65316fae62c33051aa6af224ce.jpg,512,512,1.0,3.303,51.4,32.42,430.18
train,frame259_jpg.rf.5e58865441f43cac06468f5c8c9a7b3c.txt,data/thermal-1-filtered/train/images/frame259_jpg.rf.5e58865441f43cac06468f5c8c9a7b3c.jpg,512,512,1.0,3.014,90.36,57.58,213.32
train,002589_png.rf.c5d72bc3075709cb1bc989c6bb8c1b69.txt,data/thermal-1-filtered/train/images/002589_png.rf.c5d72bc3075709cb1bc989c6bb8c1b69.jpg,512,512,1.0,0.0,92.51,56.84,1389.32
train,003765_png.rf.076bbcb0dbc12459565541ea033c6804.txt,data/thermal-1-filtered/train/images/003765_png.rf.076bbcb0dbc12459565541ea033c6804.jpg,512,512,1.0,0.0,90.4,54.08,407.09
train,ir_3_034970_jpg.rf.529f314afc8a2a4b80ee676f3ffc0f7d.txt,data/thermal-1-filtered/train/images/ir_3_034970_jpg.rf.529f314afc8a2a4b80ee676f3ffc0f7d.jpg,512,512,1.0,0.0,92.95,53.31,618.75
train,ir_3_037420_jpg.rf.fd244c9ccc0d05c3738c4144064696ff.txt,data/thermal-1-filtered/train/images/ir_3_037420_jpg.rf.fd244c9ccc0d05c3738c4144064696ff.jpg,512,512,1.0,0.0,82.92,53.62,553.98
train,002277_png.rf.830a827116be789d1e1d4358e250127a.txt,data/thermal-1-filtered/train/images/002277_png.rf.830a827116be789d1e1d4358e250127a.jpg,512,512,1.0,0.0,90.39,56.38,449.02
train,frame113_jpg.rf.a617de696ecb33602b48a7c93f5bcb5f.txt,data/thermal-1-filtered/train/images/frame113_jpg.rf.a617de696ecb33602b48a7c93f5bcb5f.jpg,512,512,1.0,3.085,85.43,55.89,207.32
train,003761_png.rf.6ecd6e1dfbfec674c0952dc0c93e3eac.txt,data/thermal-1-filtered/train/images/003761_png.rf.6ecd6e1dfbfec674c0952dc0c93e3eac.jpg,512,512,1.0,0.0,96.53,56.13,842.97
train,003762_png.rf.cd925ab99394643e9ba2c2d4a7256db9.txt,data/thermal-1-filtered/train/images/003762_png.rf.cd925ab99394643e9ba2c2d4a7256db9.jpg,512,512,1.0,0.0,91.24,55.79,205.93
train,ir_3_036060_jpg.rf.9dcc2b9ea53bf7735714db35f8f7aaf9.txt,data/thermal-1-filtered/train/images/ir_3_036060_jpg.rf.9dcc2b9ea53bf7735714db35f8f7aaf9.jpg,512,512,1.0,0.0,85.4,59.51,908.85
train,frame492_jpg.rf.b7cc270f25efacba726247e24fdf5e87.txt,data/thermal-1-filtered/train/images/frame492_jpg.rf.b7cc270f25efacba726247e24fdf5e87.jpg,512,512,1.0,3.086,81.52,39.06,153.76
train,frame319_jpg.rf.3431a54e95b860e6313c7774b033c0d8.txt,data/thermal-1-filtered/train/images/frame319_jpg.rf.3431a54e95b860e6313c7774b033c0d8.jpg,512,512,1.0,3.009,92.14,62.1,125.26
train,001503_png.rf.4f71d60936b3be79f606515b93bc1a76.txt,data/thermal-1-filtered/train/images/001503_png.rf.4f71d60936b3be79f606515b93bc1a76.jpg,512,512,1.0,0.0,88.7,56.26,604.38
train,002211_png.rf.c9c05e5a78bd627052d7ff3ba927ab2b.txt,data/thermal-1-filtered/train/images/002211_png.rf.c9c05e5a78bd627052d7ff3ba927ab2b.jpg,512,512,1.0,0.0,79.27,53.6,517.38
train,003746_png.rf.e38ffdf15ae6c63a4d15dd7a887e8af0.txt,data/thermal-1-filtered/train/images/003746_png.rf.e38ffdf15ae6c63a4d15dd7a887e8af0.jpg,512,512,1.0,0.0,81.84,52.93,362.92
train,frame238_jpg.rf.ae6b49f4974e1a6041975dde71f32184.txt,data/thermal-1-filtered/train/images/frame238_jpg.rf.ae6b49f4974e1a6041975dde71f32184.jpg,512,512,1.0,2.789,84.94,55.01,130.53
train,002206_png.rf.f3248061dab95241257f77f587113f9a.txt,data/thermal-1-filtered/train/images/002206_png.rf.f3248061dab95241257f77f587113f9a.jpg,512,512,1.0,0.0,79.42,51.05,542.0
train,0_0_000082_jpg.rf.db77ac854ea960e14bb79bf7f6a6a619.txt,data/thermal-1-filtered/train/images/0_0_000082_jpg.rf.db77ac854ea960e14bb79bf7f6a6a619.jpg,512,512,1.0,0.0,112.25,64.82,221.87
train,002390_png.rf.d9103767bf71ddf47bb4c418f46d79b0.txt,data/thermal-1-filtered/train/images/002390_png.rf.d9103767bf71ddf47bb4c418f46d79b0.jpg,512,512,1.0,0.0,84.27,55.4,691.0
train,frame349_jpg.rf.8975745cb5caa3bae5e2615f082aa433.txt,data/thermal-1-filtered/train/images/frame349_jpg.rf.8975745cb5caa3bae5e2615f082aa433.jpg,512,512,1.0,3.212,97.54,44.06,175.38
train,003968_png.rf.c1ac6f14f443db43f63e2767a8935f01.txt,data/thermal-1-filtered/train/images/003968_png.rf.c1ac6f14f443db43f63e2767a8935f01.jpg,512,512,1.0,0.0,84.01,55.44,1463.63
train,frame19_jpg.rf.5f0fd4d40fdec19a2b31b6a66f457ef4.txt,data/thermal-1-filtered/train/images/frame19_jpg.rf.5f0fd4d40fdec19a2b31b6a66f457ef4.jpg,512,512,1.0,2.962,71.26,47.32,136.64
train,003056_png.rf.deb8b08e17825835ce5596c43471b18e.txt,data/thermal-1-filtered/train/images/003056_png.rf.deb8b08e17825835ce5596c43471b18e.jpg,512,512,1.0,0.0,78.79,55.93,838.41
train,002735_png.rf.cda4654d57e14eee03efb5090cf1343c.txt,data/thermal-1-filtered/train/images/002735_png.rf.cda4654d57e14eee03efb5090cf1343c.jpg,512,512,1.0,0.0,85.54,53.45,765.0
train,IR_BIRD_012_frame133_jpg.rf.75aa809f047bf7dc89e24782248cf3be.txt,data/thermal-1-filtered/train/images/IR_BIRD_012_frame133_jpg.rf.75aa809f047bf7dc89e24782248cf3be.jpg,512,512,1.0,0.0,92.01,52.77,78.99
train,frame152_jpg.rf.09ddb6a3b362e684058d0c118ecaf049.txt,data/thermal-1-filtered/train/images/frame152_jpg.rf.09ddb6a3b362e684058d0c118ecaf049.jpg,512,512,1.0,3.306,100.03,50.2,404.09
train,frame643_jpg.rf.ad24cd4bd91b784c1edbe3fd46c72b27.txt,data/thermal-1-filtered/train/images/frame643_jpg.rf.ad24cd4bd91b784c1edbe3fd46c72b27.jpg,512,512,1.0,3.196,50.52,31.39,181.07
train,frame412_jpg.rf.a06865bc2d2fff655f177a3549c4e602.txt,data/thermal-1-filtered/train/images/frame412_jpg.rf.a06865bc2d2fff655f177a3549c4e602.jpg,512,512,1.0,3.268,89.34,42.09,452.33
train,frame447_jpg.rf.61e3cfc25801bcf1e1d987541fa8527f.txt,data/thermal-1-filtered/train/images/frame447_jpg.rf.61e3cfc25801bcf1e1d987541fa8527f.jpg,512,512,1.0,3.012,87.66,50.88,195.51
train,002709_png.rf.2ec524f4b6645eca21d37200ff3ae762.txt,data/thermal-1-filtered/train/images/002709_png.rf.2ec524f4b6645eca21d37200ff3ae762.jpg,512,512,1.0,0.0,79.61,52.22,431.17
train,002222_png.rf.d0720f1bfe7de53767b052c6b782af96.txt,data/thermal-1-filtered/train/images/002222_png.rf.d0720f1bfe7de53767b052c6b782af96.jpg,512,512,1.0,0.0,92.12,56.61,1466.77
train,frame340_jpg.rf.5656ff1ad83f2299275c975c5882b761.txt,data/thermal-1-filtered/train/images/frame340_jpg.rf.5656ff1ad83f2299275c975c5882b761.jpg,512,512,1.0,3.191,99.04,50.26,180.3
train,002048_png.rf.83e349857e86cac84edce5829fe7ad67.txt,data/thermal-1-filtered/train/images/002048_png.rf.83e349857e86cac84edce5829fe7ad67.jpg,512,512,1.0,0.0,88.37,58.55,4116.61
train,frame294_jpg.rf.75ab6777e85dd8a4161d437a52cf8911.txt,data/thermal-1-filtered/train/images/frame294_jpg.rf.75ab6777e85dd8a4161d437a52cf8911.jpg,512,512,1.0,3.061,89.74,55.3,204.38
train,frame290_jpg.rf.abff36152d94b3ffcfedac823822c1bc.txt,data/thermal-1-filtered/train/images/frame290_jpg.rf.abff36152d94b3ffcfedac823822c1bc.jpg,512,512,1.0,3.254,99.48,54.63,550.0
train,frame725_jpg.rf.356221aeb3efcef33b633c07f9d8b897.txt,data/thermal-1-filtered/train/images/frame725_jpg.rf.356221aeb3efcef33b633c07f9d8b897.jpg,512,512,1.0,3.158,56.83,30.14,148.86
train,003704_png.rf.65ef761b72e9b486b19e6ab5f27b8e01.txt,data/thermal-1-filtered/train/images/003704_png.rf.65ef761b72e9b486b19e6ab5f27b8e01.jpg,512,512,1.0,0.0,87.48,54.51,891.36
train,IR_BIRD_012_frame256_jpg.rf.f4203673f7fb7673efa3e1bd911d987a.txt,data/thermal-1-filtered/train/images/IR_BIRD_012_frame256_jpg.rf.f4203673f7fb7673efa3e1bd911d987a.jpg,512,512,1.0,0.0,106.07,48.91,97.58
train,0_0_000270_jpg.rf.047d3c5fcbea730de7aa616b215d33a9.txt,data/thermal-1-filtered/train/images/0_0_000270_jpg.rf.047d3c5fcbea730de7aa616b215d33a9.jpg,512,512,1.0,0.0,50.02,30.08,34.95
train,IR_BIRD_012_frame300_jpg.rf.e042a64562ad5c855463a256207a615e.txt,data/thermal-1-filtered/train/images/IR_BIRD_012_frame300_jpg.rf.e042a64562ad5c855463a256207a615e.jpg,512,512,1.0,0.0,102.11,52.52,87.73
train,002244_png.rf.29c2c97bd33631c3b87af209f05e38a7.txt,data/thermal-1-filtered/train/images/002244_png.rf.29c2c97bd33631c3b87af209f05e38a7.jpg,512,512,1.0,0.0,90.06,54.4,980.73
train,frame374_jpg.rf.a05bfa00cac0a02008f57b431cee3ba3.txt,data/thermal-1-filtered/train/images/frame374_jpg.rf.a05bfa00cac0a02008f57b431cee3ba3.jpg,512,512,1.0,3.299,89.03,41.69,460.34
train,frame338_jpg.rf.64736711f7ceaf1f30eadc83586bfc1f.txt,data/thermal-1-filtered/train/images/frame338_jpg.rf.64736711f7ceaf1f30eadc83586bfc1f.jpg,512,512,1.0,3.055,97.2,55.56,154.24
train,frame243_jpg.rf.4f2bd3dc793f3415f2e683d774ab75bf.txt,data/thermal-1-filtered/train/images/frame243_jpg.rf.4f2bd3dc793f3415f2e683d774ab75bf.jpg,512,512,1.0,2.849,89.77,60.79,117.13
train,002212_png.rf.1cf94905ecb8139b8527973b06f92f22.txt,data/thermal-1-filtered/train/images/002212_png.rf.1cf94905ecb8139b8527973b06f92f22.jpg,512,512,1.0,0.0,85.25,54.23,585.61
train,003851_png.rf.fe680c57357fce6dbe086fcde9b21b67.txt,data/thermal-1-filtered/train/images/003851_png.rf.fe680c57357fce6dbe086fcde9b21b67.jpg,512,512,1.0,0.0,97.12,57.24,1238.06
train,ir_2_021310_jpg.rf.2a328d2d2f71a5c5175d6507d7f6521f.txt,data/thermal-1-filtered/train/images/ir_2_021310_jpg.rf.2a328d2d2f71a5c5175d6507d7f6521f.jpg,512,512,1.0,0.0,84.3,54.2,1165.31
train,002216_png.rf.5e35d1426e500698febf802956ea630f.txt,data/thermal-1-filtered/train/images/002216_png.rf.5e35d1426e500698febf802956ea630f.jpg,512,512,1.0,0.0,83.76,51.56,372.65
train,0_0_000064_jpg.rf.fe501dd663cb0141dc7c3aae805df77c.txt,data/thermal-1-filtered/train/images/0_0_000064_jpg.rf.fe501dd663cb0141dc7c3aae805df77c.jpg,512,512,1.0,0.0,60.88,67.32,73.21
train,002667_png.rf.819380185522d7b094c12cb5f6a63b83.txt,data/thermal-1-filtered/train/images/002667_png.rf.819380185522d7b094c12cb5f6a63b83.jpg,512,512,1.0,0.0,77.94,54.73,849.61
train,002469_png.rf.9331d7d606b52305adbaeb557d4b51b6.txt,data/thermal-1-filtered/train/images/002469_png.rf.9331d7d606b52305adbaeb557d4b51b6.jpg,512,512,1.0,0.0,69.82,49.22,364.31
train,002440_png.rf.684b49c436a197b3d0d60b25c8db3a6f.txt,data/thermal-1-filtered/train/images/002440_png.rf.684b49c436a197b3d0d60b25c8db3a6f.jpg,512,512,1.0,0.0,78.04,47.53,378.77
train,0_0_000346_jpg.rf.218fa1029e437ee505887362e97d63f6.txt,data/thermal-1-filtered/train/images/0_0_000346_jpg.rf.218fa1029e437ee505887362e97d63f6.jpg,512,512,1.0,0.0,75.22,72.2,42.65
train,003872_png.rf.e3b2669f62db820110aba7bd2e0b2ce0.txt,data/thermal-1-filtered/train/images/003872_png.rf.e3b2669f62db820110aba7bd2e0b2ce0.jpg,512,512,1.0,0.0,96.49,57.13,1302.94
train,002230_png.rf.580b63de21955100c33939a6277cccf3.txt,data/thermal-1-filtered/train/images/002230_png.rf.580b63de21955100c33939a6277cccf3.jpg,512,512,1.0,0.0,88.67,56.06,1410.4
train,frame390_jpg.rf.d1cedad6a6f0333a4e1006000e77b91b.txt,data/thermal-1-filtered/train/images/frame390_jpg.rf.d1cedad6a6f0333a4e1006000e77b91b.jpg,512,512,1.0,3.264,90.91,40.74,467.88
train,002807_png.rf.0651feb945d18cfef9b7bb8a9cbfed43.txt,data/thermal-1-filtered/train/images/002807_png.rf.0651feb945d18cfef9b7bb8a9cbfed43.jpg,512,512,1.0,0.0,77.94,57.46,411.77
train,0_0_000017_jpg.rf.4c34160fc047de13cbae7a9eb672c133.txt,data/thermal-1-filtered/train/images/0_0_000017_jpg.rf.4c34160fc047de13cbae7a9eb672c133.jpg,512,512,1.0,0.0,104.63,73.87,105.79
train,002202_png.rf.ec480d80dbb8170b10b0d31564f9574e.txt,data/thermal-1-filtered/train/images/002202_png.rf.ec480d80dbb8170b10b0d31564f9574e.jpg,512,512,1.0,0.0,87.12,55.62,699.36
train,0_0_000360_jpg.rf.7c8f1553dadf62a4cda57213c3e59406.txt,data/thermal-1-filtered/train/images/0_0_000360_jpg.rf.7c8f1553dadf62a4cda57213c3e59406.jpg,512,512,1.0,0.0,63.13,58.37,68.75
train,0_0_000058_jpg.rf.7205cfe85f18aef113ef1bc6216c9de9.txt,data/thermal-1-filtered/train/images/0_0_000058_jpg.rf.7205cfe85f18aef113ef1bc6216c9de9.jpg,512,512,1.0,0.0,64.58,66.76,104.57
train,frame244_jpg.rf.c0dfc89ec0fbc1bd5fa48f25b94dbe9b.txt,data/thermal-1-filtered/train/images/frame244_jpg.rf.c0dfc89ec0fbc1bd5fa48f25b94dbe9b.jpg,512,512,1.0,3.152,101.37,53.99,533.33
train,002045_png.rf.1e3bc72fda6d3003b5f79609649eae6b.txt,data/thermal-1-filtered/train/images/002045_png.rf.1e3bc72fda6d3003b5f79609649eae6b.jpg,512,512,1.0,0.0,87.36,55.39,1475.02
train,frame379_jpg.rf.778d6c32d355f7278ca1958dd2c4e0ff.txt,data/thermal-1-filtered/train/images/frame379_jpg.rf.778d6c32d355f7278ca1958dd2c4e0ff.jpg,512,512,1.0,3.268,89.58,40.27,208.02
train,002721_png.rf.f987363e96c0bf239963f0bec12adb72.txt,data/thermal-1-filtered/train/images/002721_png.rf.f987363e96c0bf239963f0bec12adb72.jpg,512,512,1.0,0.0,84.4,53.76,362.17
train,0_0_000111_jpg.rf.10f0a87f58fffc28996c4c59a4b8900e.txt,data/thermal-1-filtered/train/images/0_0_000111_jpg.rf.10f0a87f58fffc28996c4c59a4b8900e.jpg,512,512,1.0,0.0,128.63,48.91,116.36
train,003838_png.rf.4a9216e01775afe2a70bbbf93d1e3340.txt,data/thermal-1-filtered/train/images/003838_png.rf.4a9216e01775afe2a70bbbf93d1e3340.jpg,512,512,1.0,0.0,96.86,57.19,1211.67
train,002227_png.rf.6050aa3085b93549e7f291f39a54082c.txt,data/thermal-1-filtered/train/images/002227_png.rf.6050aa3085b93549e7f291f39a54082c.jpg,512,512,1.0,0.0,84.61,53.48,786.87
train,frame224_jpg.rf.6932c6bc43158bd003e1387876fa6265.txt,data/thermal-1-filtered/train/images/frame224_jpg.rf.6932c6bc43158bd003e1387876fa6265.jpg,512,512,1.0,3.165,88.83,48.51,161.61
train,002377_png.rf.9d00a115cbe29a6751adf0b1f94455fa.txt,data/thermal-1-filtered/train/images/002377_png.rf.9d00a115cbe29a6751adf0b1f94455fa.jpg,512,512,1.0,0.0,82.6,54.88,517.84
train,frame145_jpg.rf.789ab1b561696a1a27539a9a30a1c345.txt,data/thermal-1-filtered/train/images/frame145_jpg.rf.789ab1b561696a1a27539a9a30a1c345.jpg,512,512,1.0,3.208,96.38,52.48,161.77
train,003709_png.rf.6cd45c0f8f88d5ef4b95c106900649b3.txt,data/thermal-1-filtered/train/images/003709_png.rf.6cd45c0f8f88d5ef4b95c106900649b3.jpg,512,512,1.0,0.0,87.9,52.72,768.05
train,frame526_jpg.rf.2c9e552b2b8687b1683cc4497c40b157.txt,data/thermal-1-filtered/train/images/frame526_jpg.rf.2c9e552b2b8687b1683cc4497c40b157.jpg,512,512,1.0,3.01,52.37,25.98,76.5
train,003772_png.rf.cf2d157981cf1227602e074e62f82cd8.txt,data/thermal-1-filtered/train/images/003772_png.rf.cf2d157981cf1227602e074e62f82cd8.jpg,512,512,1.0,0.0,95.18,53.87,278.96
train,frame289_jpg.rf.17cac61237e4d8171a8a6bd81fea0640.txt,data/thermal-1-filtered/train/images/frame289_jpg.rf.17cac61237e4d8171a8a6bd81fea0640.jpg,512,512,1.0,3.015,85.63,54.71,186.71
train,002804_png.rf.866d736c0bb69b1b5ccfbe383314c601.txt,data/thermal-1-filtered/train/images/002804_png.rf.866d736c0bb69b1b5ccfbe383314c601.jpg,512,512,1.0,0.0,86.84,58.1,885.27
train,IR_BIRD_012_frame196_jpg.rf.80c4fb22b76468b69bd71a368c243536.txt,data/thermal-1-filtered/train/images/IR_BIRD_012_frame196_jpg.rf.80c4fb22b76468b69bd71a368c243536.jpg,512,512,1.0,0.0,93.99,51.04,67.55
train,IR_BIRD_012_frame131_jpg.rf.93cc01762311ebc4ae118253e0f4d5d6.txt,data/thermal-1-filtered/train/images/IR_BIRD_012_frame131_jpg.rf.93cc01762311ebc4ae118253e0f4d5d6.jpg,512,512,1.0,0.0,90.0,53.62,72.11
train,frame717_jpg.rf.14a2c11f1058204dc741a6f5eec75f35.txt,data/thermal-1-filtered/train/images/frame717_jpg.rf.14a2c11f1058204dc741a6f5eec75f35.jpg,512,512,1.0,3.29,62.14,31.41,443.89
train,ir_3_015160_jpg.rf.ea7274955ae8d5f5340456d41467eb16.txt,data/thermal-1-filtered/train/images/ir_3_015160_jpg.rf.ea7274955ae8d5f5340456d41467eb16.jpg,512,512,1.0,0.0,91.22,53.98,1005.73
train,ir_2_022720_jpg.rf.a43fc47d98b165fd0b1b84bb957d1ccf.txt,data/thermal-1-filtered/train/images/ir_2_022720_jpg.rf.a43fc47d98b165fd0b1b84bb957d1ccf.jpg,512,512,1.0,0.0,81.4,55.78,1098.38
train,002410_png.rf.f842521449f3e59d3c590cdda08bfc0f.txt,data/thermal-1-filtered/train/images/002410_png.rf.f842521449f3e59d3c590cdda08bfc0f.jpg,512,512,1.0,0.0,85.06,53.59,415.1
train,frame673_jpg.rf.8d755fc9c2f6877b9f407f2761ac0971.txt,data/thermal-1-filtered/train/images/frame673_jpg.rf.8d755fc9c2f6877b9f407f2761ac0971.jpg,512,512,1.0,3.309,47.54,30.23,454.43
train,003772_png.rf.e9fc84c2e4c3a313f4fe411c1c337c6e.txt,data/thermal-1-filtered/train/images/003772_png.rf.e9fc84c2e4c3a313f4fe411c1c337c6e.jpg,512,512,1.0,0.0,97.88,56.7,900.79
train,002074_png.rf.cfa3226b88d44569c420514b7a5615cd.txt,data/thermal-1-filtered/train/images/002074_png.rf.cfa3226b88d44569c420514b7a5615cd.jpg,512,512,1.0,0.0,90.23,57.8,3773.99
train,frame143_jpg.rf.ab34da7db661b142ed99c2f9a7d5cb17.txt,data/thermal-1-filtered/train/images/frame143_jpg.rf.ab34da7db661b142ed99c2f9a7d5cb17.jpg,512,512,1.0,3.271,96.39,50.82,194.06
train,frame629_jpg.rf.adf65dcd99afaf2b4032615dcb9f5121.txt,data/thermal-1-filtered/train/images/frame629_jpg.rf.adf65dcd99afaf2b4032615dcb9f5121.jpg,512,512,1.0,3.017,39.71,27.52,112.96
train,frame126_jpg.rf.48e94ce8fe5d7c5ccff5e2e2c610aac6.txt,data/thermal-1-filtered/train/images/frame126_jpg.rf.48e94ce8fe5d7c5ccff5e2e2c610aac6.jpg,512,512,1.0,3.27,99.89,56.95,722.85
train,002428_png.rf.9aef953c033cbe8e27576470ad2993a5.txt,data/thermal-1-filtered/train/images/002428_png.rf.9aef953c033cbe8e27576470ad2993a5.jpg,512,512,1.0,0.0,83.06,54.68,368.43
train,002264_png.rf.d09cf7d25f4b5f5303507e5b64ad26bc.txt,data/thermal-1-filtered/train/images/002264_png.rf.d09cf7d25f4b5f5303507e5b64ad26bc.jpg,512,512,1.0,0.0,79.82,48.78,185.64
train,frame563_jpg.rf.27b50e33f286ad1accd781fa7a76c5d4.txt,data/thermal-1-filtered/train/images/frame563_jpg.rf.27b50e33f286ad1accd781fa7a76c5d4.jpg,512,512,1.0,3.08,50.28,31.2,174.72
train,IR_BIRD_012_frame143_jpg.rf.5cde791453e7b95bf29c6dd73d7ac8c2.txt,data/thermal-1-filtered/train/images/IR_BIRD_012_frame143_jpg.rf.5cde791453e7b95bf29c6dd73d7ac8c2.jpg,512,512,1.0,0.0,100.4,50.94,101.82
train,002704_png.rf.f7169c6f27e6eb49555bfe5ad6a283c3.txt,data/thermal-1-filtered/train/images/002704_png.rf.f7169c6f27e6eb49555bfe5ad6a283c3.jpg,512,512,1.0,0.0,66.98,47.58,286.96
train,002253_png.rf.77e0a6d8613e1a647188d28ef2c30034.txt,data/thermal-1-filtered/train/images/002253_png.rf.77e0a6d8613e1a647188d28ef2c30034.jpg,512,512,1.0,0.0,99.62,58.89,200.33
train,frame443_jpg.rf.cc4335b1731feefd4db1873cf9d1eff9.txt,data/thermal-1-filtered/train/images/frame443_jpg.rf.cc4335b1731feefd4db1873cf9d1eff9.jpg,512,512,1.0,3.236,90.91,45.26,258.81
train,002277_png.rf.75dbbd995bedebcf5cef6f2724aba48e.txt,data/thermal-1-filtered/train/images/002277_png.rf.75dbbd995bedebcf5cef6f2724aba48e.jpg,512,512,1.0,0.0,86.39,52.58,175.96
train,frame432_jpg.rf.588744d23fad7e9099450918ce81b96d.txt,data/thermal-1-filtered/train/images/frame432_jpg.rf.588744d23fad7e9099450918ce81b96d.jpg,512,512,1.0,3.251,88.47,45.85,603.59
train,002076_png.rf.fde553178cd4a37c99bda2d3b254cbc6.txt,data/thermal-1-filtered/train/images/002076_png.rf.fde553178cd4a37c99bda2d3b254cbc6.jpg,512,512,1.0,0.0,86.28,56.19,1272.15
train,002063_png.rf.7706c6af591c2c6af822081c7b979d0f.txt,data/thermal-1-filtered/train/images/002063_png.rf.7706c6af591c2c6af822081c7b979d0f.jpg,512,512,1.0,0.0,87.85,58.03,3109.68
train,IR_BIRD_012_frame50_jpg.rf.774d1685a92b190c50b970091babc834.txt,data/thermal-1-filtered/train/images/IR_BIRD_012_frame50_jpg.rf.774d1685a92b190c50b970091babc834.jpg,512,512,1.0,0.0,98.5,51.42,63.16
train,003024_png.rf.5151ed6d6c52709b961437885436fa0f.txt,data/thermal-1-filtered/train/images/003024_png.rf.5151ed6d6c52709b961437885436fa0f.jpg,512,512,1.0,0.0,83.93,56.67,984.1
train,002513_png.rf.cd3cfec316239b7fc12a1baa11639dc1.txt,data/thermal-1-filtered/train/images/002513_png.rf.cd3cfec316239b7fc12a1baa11639dc1.jpg,512,512,1.0,0.0,81.32,53.04,593.77
train,IR_BIRD_012_frame176_jpg.rf.13efa666ed040dca86bc16864d9f548c.txt,data/thermal-1-filtered/train/images/IR_BIRD_012_frame176_jpg.rf.13efa666ed040dca86bc16864d9f548c.jpg,512,512,1.0,0.0,101.12,49.54,61.58
train,IR_BIRD_012_frame187_jpg.rf.8d4ae9507bc6f01a8db6a4613aeff8c3.txt,data/thermal-1-filtered/train/images/IR_BIRD_012_frame187_jpg.rf.8d4ae9507bc6f01a8db6a4613aeff8c3.jpg,512,512,1.0,0.0,92.36,52.14,72.11
train,IR_BIRD_012_frame61_jpg.rf.a9d30297eb1b9d7812bdba0fd7b1e418.txt,data/thermal-1-filtered/train/images/IR_BIRD_012_frame61_jpg.rf.a9d30297eb1b9d7812bdba0fd7b1e418.jpg,512,512,1.0,0.0,101.19,46.31,69.75
train,002301_png.rf.841ae6d265bf95656f066dd3c84b14c9.txt,data/thermal-1-filtered/train/images/002301_png.rf.841ae6d265bf95656f066dd3c84b14c9.jpg,512,512,1.0,0.0,83.83,56.09,660.53
train,frame618_jpg.rf.06409f04a1fbff0e4c1e568aa524c48a.txt,data/thermal-1-filtered/train/images/frame618_jpg.rf.06409f04a1fbff0e4c1e568aa524c48a.jpg,512,512,1.0,3.313,56.77,34.2,436.91
train,003839_png.rf.79e0c17a9a0000468b6a32ca94527cfb.txt,data/thermal-1-filtered/train/images/003839_png.rf.79e0c17a9a0000468b6a32ca94527cfb.jpg,512,512,1.0,0.0,88.82,57.46,426.18
train,003815_png.rf.51d5236ef85ca64823cf5c9004b76b3f.txt,data/thermal-1-filtered/train/images/003815_png.rf.51d5236ef85ca64823cf5c9004b76b3f.jpg,512,512,1.0,0.0,92.8,56.77,367.48
train,003487_png.rf.3114536d0bf5f641772a1fc1fdea9413.txt,data/thermal-1-filtered/train/images/003487_png.rf.3114536d0bf5f641772a1fc1fdea9413.jpg,512,512,1.0,0.0,89.69,57.37,4304.38
train,frame493_jpg.rf.432c78ff0db1c3b9bc552184e60eafc8.txt,data/thermal-1-filtered/train/images/frame493_jpg.rf.432c78ff0db1c3b9bc552184e60eafc8.jpg,512,512,1.0,3.315,91.92,36.69,380.77
train,frame54_jpg.rf.11740c67f82ae19ed17398fc021c43c5.txt,data/thermal-1-filtered/train/images/frame54_jpg.rf.11740c67f82ae19ed17398fc021c43c5.jpg,512,512,1.0,2.908,80.77,54.37,191.78
train,IR_BIRD_012_frame3_jpg.rf.4625dd384651ab4e01dbe4ba3216c95e.txt,data/thermal-1-filtered/train/images/IR_BIRD_012_frame3_jpg.rf.4625dd384651ab4e01dbe4ba3216c95e.jpg,512,512,1.0,0.0,101.17,46.31,69.2
train,frame618_jpg.rf.d5c1d177f247403d45c474174513eec2.txt,data/thermal-1-filtered/train/images/frame618_jpg.rf.d5c1d177f247403d45c474174513eec2.jpg,512,512,1.0,3.147,44.75,28.49,153.75
train,IR_BIRD_012_frame63_jpg.rf.35cbd55d5479bd1c16f4ecbc609815d8.txt,data/thermal-1-filtered/train/images/IR_BIRD_012_frame63_jpg.rf.35cbd55d5479bd1c16f4ecbc609815d8.jpg,512,512,1.0,0.0,95.37,51.6,66.16
train,frame230_jpg.rf.4aed2bd1f56d22656eb2e07dc80c14a0.txt,data/thermal-1-filtered/train/images/frame230_jpg.rf.4aed2bd1f56d22656eb2e07dc80c14a0.jpg,512,512,1.0,3.073,89.55,50.17,166.0
train,ir_2_030860_jpg.rf.40caf28914cfe802d0a97d7e4b0fd946.txt,data/thermal-1-filtered/train/images/ir_2_030860_jpg.rf.40caf28914cfe802d0a97d7e4b0fd946.jpg,512,512,1.0,0.0,87.95,57.84,2420.49
train,IR_BIRD_012_frame290_jpg.rf.8fad7e42edfff7b216bf8375a6c51280.txt,data/thermal-1-filtered/train/images/IR_BIRD_012_frame290_jpg.rf.8fad7e42edfff7b216bf8375a6c51280.jpg,512,512,1.0,0.0,102.01,52.49,87.81
train,002557_png.rf.5a7be6589e166379f83e0a2705d521b6.txt,data/thermal-1-filtered/train/images/002557_png.rf.5a7be6589e166379f83e0a2705d521b6.jpg,512,512,1.0,0.0,82.0,48.85,515.41
train,002748_png.rf.ed69c26075a281ed6b2f3077d5f7b7ed.txt,data/thermal-1-filtered/train/images/002748_png.rf.ed69c26075a281ed6b2f3077d5f7b7ed.jpg,512,512,1.0,0.0,80.11,52.32,343.95
train,ir_2_034570_jpg.rf.da3d2e9afe28307417f2747902235d2a.txt,data/thermal-1-filtered/train/images/ir_2_034570_jpg.rf.da3d2e9afe28307417f2747902235d2a.jpg,512,512,1.0,0.0,82.65,57.03,1263.34
train,ir_051080_jpg.rf.ac9ecc20babc53e7f0fe56459deeb32b.txt,data/thermal-1-filtered/train/images/ir_051080_jpg.rf.ac9ecc20babc53e7f0fe56459deeb32b.jpg,512,512,1.0,0.0,94.2,61.58,1628.85
train,ir_051080_jpg.rf.fc27a74878e9433a95e12d79880a4eab.txt,data/thermal-1-filtered/train/images/ir_051080_jpg.rf.fc27a74878e9433a95e12d79880a4eab.jpg,512,512,1.0,0.0,94.25,59.38,549.13
train,frame521_jpg.rf.5dc54794a7441350ab1506309b58898a.txt,data/thermal-1-filtered/train/images/frame521_jpg.rf.5dc54794a7441350ab1506309b58898a.jpg,512,512,1.0,3.306,74.02,31.08,366.98
train,frame272_jpg.rf.168369deb2c0acf89e3b7af1d87d510b.txt,data/thermal-1-filtered/train/images/frame272_jpg.rf.168369deb2c0acf89e3b7af1d87d510b.jpg,512,512,1.0,2.886,73.04,50.34,148.98
train,frame130_jpg.rf.699cfbc6bffd128431878186f82a952a.txt,data/thermal-1-filtered/train/images/frame130_jpg.rf.699cfbc6bffd128431878186f82a952a.jpg,512,512,1.0,3.115,93.18,56.62,228.62
train,003798_png.rf.2874740488f165fa6d810ded3bc4fed8.txt,data/thermal-1-filtered/train/images/003798_png.rf.2874740488f165fa6d810ded3bc4fed8.jpg,512,512,1.0,0.0,100.11,58.15,219.72
train,002381_png.rf.b485314a06ac2f03a35af22b4fc215b5.txt,data/thermal-1-filtered/train/images/002381_png.rf.b485314a06ac2f03a35af22b4fc215b5.jpg,512,512,1.0,0.0,86.12,52.44,602.51
train,003863_png.rf.d6f0c9d045412c8e4e4625bc399af6ea.txt,data/thermal-1-filtered/train/images/003863_png.rf.d6f0c9d045412c8e4e4625bc399af6ea.jpg,512,512,1.0,0.0,93.19,54.39,737.0
train,002797_png.rf.b0fa3abb3a764f4489606e2ce12364db.txt,data/thermal-1-filtered/train/images/002797_png.rf.b0fa3abb3a764f4489606e2ce12364db.jpg,512,512,1.0,0.0,83.73,58.42,681.51
train,0_0_000050_jpg.rf.ffdd74c545466f5b92a23189b8520682.txt,data/thermal-1-filtered/train/images/0_0_000050_jpg.rf.ffdd74c545466f5b92a23189b8520682.jpg,512,512,1.0,0.0,49.13,60.44,142.17
train,002243_png.rf.e1f635ab77bf336e97e7331a9ba870a8.txt,data/thermal-1-filtered/train/images/002243_png.rf.e1f635ab77bf336e97e7331a9ba870a8.jpg,512,512,1.0,0.0,82.14,53.08,309.9
train,frame668_jpg.rf.7e1f04ee4b85c55409be0228bb6b8683.txt,data/thermal-1-filtered/train/images/frame668_jpg.rf.7e1f04ee4b85c55409be0228bb6b8683.jpg,512,512,1.0,3.272,48.31,28.84,199.97
train,IR_BIRD_012_frame223_jpg.rf.918086e73837a3c9fe598ff418e23dd2.txt,data/thermal-1-filtered/train/images/IR_BIRD_012_frame223_jpg.rf.918086e73837a3c9fe598ff418e23dd2.jpg,512,512,1.0,0.0,105.49,50.72,81.2
train,002249_png.rf.ba4a44cc215c8f95a5a8bfdb76e9636c.txt,data/thermal-1-filtered/train/images/002249_png.rf.ba4a44cc215c8f95a5a8bfdb76e9636c.jpg,512,512,1.0,0.0,77.47,52.43,268.36
train,IR_BIRD_012_frame202_jpg.rf.63d8bec31faddabd4f4459e98467cbcc.txt,data/thermal-1-filtered/train/images/IR_BIRD_012_frame202_jpg.rf.63d8bec31faddabd4f4459e98467cbcc.jpg,512,512,1.0,0.0,95.76,49.24,97.39
train,frame13_jpg.rf.ec39a0e4b62598f0bb79d6069e079089.txt,data/thermal-1-filtered/train/images/frame13_jpg.rf.ec39a0e4b62598f0bb79d6069e079089.jpg,512,512,1.0,3.104,70.88,46.91,134.48
train,002673_png.rf.094f38b027f5e1654b7e9083a7a18b0f.txt,data/thermal-1-filtered/train/images/002673_png.rf.094f38b027f5e1654b7e9083a7a18b0f.jpg,512,512,1.0,0.0,86.47,56.78,642.04
train,frame473_jpg.rf.9e5c729c7e093fb9ebcd02d7f2e3de61.txt,data/thermal-1-filtered/train/images/frame473_jpg.rf.9e5c729c7e093fb9ebcd02d7f2e3de61.jpg,512,512,1.0,3.054,95.95,49.07,179.71
train,002443_png.rf.c92de0d125f8be596f16c7982fd992be.txt,data/thermal-1-filtered/train/images/002443_png.rf.c92de0d125f8be596f16c7982fd992be.jpg,512,512,1.0,0.0,68.14,47.68,222.73
train,IR_BIRD_012_frame224_jpg.rf.f00e8c510a855a8c23ce14de6f44e40d.txt,data/thermal-1-filtered/train/images/IR_BIRD_012_frame224_jpg.rf.f00e8c510a855a8c23ce14de6f44e40d.jpg,512,512,1.0,0.0,98.83,55.87,86.49
train,IR_BIRD_012_frame29_jpg.rf.25c7d4ffd7648148563722e68e839bad.txt,data/thermal-1-filtered/train/images/IR_BIRD_012_frame29_jpg.rf.25c7d4ffd7648148563722e68e839bad.jpg,512,512,1.0,0.0,101.18,46.31,69.38
train,IR_BIRD_012_frame29_jpg.rf.d8ae2df1b9cf4f6548a8f5997f2f43f7.txt,data/thermal-1-filtered/train/images/IR_BIRD_012_frame29_jpg.rf.d8ae2df1b9cf4f6548a8f5997f2f43f7.jpg,512,512,1.0,0.0,96.43,51.14,59.48
train,IR_BIRD_012_frame146_jpg.rf.e05d2ff10b16da1a6d503d2ac48ff718.txt,data/thermal-1-filtered/train/images/IR_BIRD_012_frame146_jpg.rf.e05d2ff10b16da1a6d503d2ac48ff718.jpg,512,512,1.0,0.0,101.56,51.3,39.24
train,IR_BIRD_012_frame211_jpg.rf.e026d5c9d4435f20b91f0b4d9aac597a.txt,data/thermal-1-filtered/train/images/IR_BIRD_012_frame211_jpg.rf.e026d5c9d4435f20b91f0b4d9aac597a.jpg,512,512,1.0,0.0,98.68,55.33,85.17
train,frame504_jpg.rf.04f99dd737bcbe96b1dbf18dbe99c2ce.txt,data/thermal-1-filtered/train/images/frame504_jpg.rf.04f99dd737bcbe96b1dbf18dbe99c2ce.jpg,512,512,1.0,3.305,87.0,34.72,384.07
train,IR_BIRD_012_frame66_jpg.rf.d0597f75be28f80f58c5ef61765c2055.txt,data/thermal-1-filtered/train/images/IR_BIRD_012_frame66_jpg.rf.d0597f75be28f80f58c5ef61765c2055.jpg,512,512,1.0,0.0,91.59,53.87,68.71
train,003767_png.rf.68051bfe6ec6a66961f90c1e78e786e6.txt,data/thermal-1-filtered/train/images/003767_png.rf.68051bfe6ec6a66961f90c1e78e786e6.jpg,512,512,1.0,0.0,95.63,54.77,1069.62
train,frame712_jpg.rf.0790088b57c5bb9cbb4c6e64fc9ec92d.txt,data/thermal-1-filtered/train/images/frame712_jpg.rf.0790088b57c5bb9cbb4c6e64fc9ec92d.jpg,512,512,1.0,3.295,61.38,34.25,439.98
train,frame687_jpg.rf.2287581cd67b2be5b092d3a6996b0e4d.txt,data/thermal-1-filtered/train/images/frame687_jpg.rf.2287581cd67b2be5b092d3a6996b0e4d.jpg,512,512,1.0,3.301,49.69,30.01,479.0
train,frame419_jpg.rf.1843d12fe87f18c7dbc331e1962ae2a7.txt,data/thermal-1-filtered/train/images/frame419_jpg.rf.1843d12fe87f18c7dbc331e1962ae2a7.jpg,512,512,1.0,3.262,89.67,44.26,504.21
train,frame530_jpg.rf.d4495c9b960eb5368bca713e23126717.txt,data/thermal-1-filtered/train/images/frame530_jpg.rf.d4495c9b960eb5368bca713e23126717.jpg,512,512,1.0,3.313,66.95,30.58,402.93
train,002358_png.rf.2b3620fb06cd4c83b14502f7b5606a44.txt,data/thermal-1-filtered/train/images/002358_png.rf.2b3620fb06cd4c83b14502f7b5606a44.jpg,512,512,1.0,0.0,77.32,50.74,293.02
train,002776_png.rf.904b996cf368c8989a9ec03aac019686.txt,data/thermal-1-filtered/train/images/002776_png.rf.904b996cf368c8989a9ec03aac019686.jpg,512,512,1.0,0.0,83.39,53.99,930.45
train,003777_png.rf.a9cdf7725f607e5ea09d51fa90075efe.txt,data/thermal-1-filtered/train/images/003777_png.rf.a9cdf7725f607e5ea09d51fa90075efe.jpg,512,512,1.0,0.0,91.77,57.2,215.74
train,002062_png.rf.5086bbc3252f0a69c8f82d79b4a38dde.txt,data/thermal-1-filtered/train/images/002062_png.rf.5086bbc3252f0a69c8f82d79b4a38dde.jpg,512,512,1.0,0.0,78.0,53.16,1303.09
train,frame697_jpg.rf.bbeeeac693bea5d07f411b4ba534d48f.txt,data/thermal-1-filtered/train/images/frame697_jpg.rf.bbeeeac693bea5d07f411b4ba534d48f.jpg,512,512,1.0,3.295,51.91,32.08,474.21
train,frame574_jpg.rf.8e0c00d32a96c8552beed8d07c14388b.txt,data/thermal-1-filtered/train/images/frame574_jpg.rf.8e0c00d32a96c8552beed8d07c14388b.jpg,512,512,1.0,3.029,41.14,25.74,85.87
train,ir_2_031910_jpg.rf.6f7b184da5a89ff41fcc54cb9d838938.txt,data/thermal-1-filtered/train/images/ir_2_031910_jpg.rf.6f7b184da5a89ff41fcc54cb9d838938.jpg,512,512,1.0,0.0,92.12,56.41,961.7
train,001973_png.rf.2aacde6aef341d4cf0747c7ff67ad863.txt,data/thermal-1-filtered/train/images/001973_png.rf.2aacde6aef341d4cf0747c7ff67ad863.jpg,512,512,1.0,0.0,87.8,55.76,579.24
train,frame714_jpg.rf.1e1e628bd95c52bdfc35d1eb206712e6.txt,data/thermal-1-filtered/train/images/frame714_jpg.rf.1e1e628bd95c52bdfc35d1eb206712e6.jpg,512,512,1.0,3.082,50.41,29.79,114.78
train,frame467_jpg.rf.e67adb80e818d936874ac90f7c9292e8.txt,data/thermal-1-filtered/train/images/frame467_jpg.rf.e67adb80e818d936874ac90f7c9292e8.jpg,512,512,1.0,3.318,103.51,36.37,406.07
train,IR_BIRD_012_frame107_jpg.rf.b343e6dac818c42348b5d2d415b34434.txt,data/thermal-1-filtered/train/images/IR_BIRD_012_frame107_jpg.rf.b343e6dac818c42348b5d2d415b34434.jpg,512,512,1.0,0.0,99.36,54.01,82.09
train,002233_png.rf.39f3497f1bc5db75c4a98ac6c833e077.txt,data/thermal-1-filtered/train/images/002233_png.rf.39f3497f1bc5db75c4a98ac6c833e077.jpg,512,512,1.0,0.0,83.93,52.91,476.26
train,002285_png.rf.7d5c50636799da29beecbb6b894c8065.txt,data/thermal-1-filtered/train/images/002285_png.rf.7d5c50636799da29beecbb6b894c8065.jpg,512,512,1.0,0.0,93.59,54.21,258.38
train,ir_3_028680_jpg.rf.03cf94bf5556f55b9bd6e249475ed750.txt,data/thermal-1-filtered/train/images/ir_3_028680_jpg.rf.03cf94bf5556f55b9bd6e249475ed750.jpg,512,512,1.0,0.0,78.09,53.37,374.03
train,002260_png.rf.84df3e5c4f0f5427117402144f5e57c3.txt,data/thermal-1-filtered/train/images/002260_png.rf.84df3e5c4f0f5427117402144f5e57c3.jpg,512,512,1.0,0.0,90.59,54.7,767.28
train,frame149_jpg.rf.a8c9302901056a205e47c19df51980e0.txt,data/thermal-1-filtered/train/images/frame149_jpg.rf.a8c9302901056a205e47c19df51980e0.jpg,512,512,1.0,3.297,100.1,50.15,345.04
train,0_0_000004_jpg.rf.91b1867a68ed4f4bca89c4ff56361793.txt,data/thermal-1-filtered/train/images/0_0_000004_jpg.rf.91b1867a68ed4f4bca89c4ff56361793.jpg,512,512,1.0,0.0,102.94,73.0,146.02
train,frame44_jpg.rf.91b1dd8c5dbca58a16c900c237ebb9d7.txt,data/thermal-1-filtered/train/images/frame44_jpg.rf.91b1dd8c5dbca58a16c900c237ebb9d7.jpg,512,512,1.0,3.014,82.02,49.07,134.47
train,003027_png.rf.4ce4787ffd1ddf4a2a0f796cccccd3ab.txt,data/thermal-1-filtered/train/images/003027_png.rf.4ce4787ffd1ddf4a2a0f796cccccd3ab.jpg,512,512,1.0,0.0,79.18,55.15,851.7
train,002339_png.rf.d791cefffafd943e24e6491d0d03f644.txt,data/thermal-1-filtered/train/images/002339_png.rf.d791cefffafd943e24e6491d0d03f644.jpg,512,512,1.0,0.0,80.09,54.8,418.74
train,frame104_jpg.rf.219c280bd6e2c5e9abf3af7601827785.txt,data/thermal-1-filtered/train/images/frame104_jpg.rf.219c280bd6e2c5e9abf3af7601827785.jpg,512,512,1.0,3.069,84.28,50.99,128.47
train,IR_BIRD_012_frame54_jpg.rf.c81b8ebfcef04d6c8a9535769fcb910e.txt,data/thermal-1-filtered/train/images/IR_BIRD_012_frame54_jpg.rf.c81b8ebfcef04d6c8a9535769fcb910e.jpg,512,512,1.0,0.0,100.76,49.45,83.13
train,002802_png.rf.5f19233f20d1645bb7117be5e0f9db8a.txt,data/thermal-1-filtered/train/images/002802_png.rf.5f19233f20d1645bb7117be5e0f9db8a.jpg,512,512,1.0,0.0,90.29,58.2,1960.45
train,003522_png.rf.6273b335a216e7cad722ed7e08f7286f.txt,data/thermal-1-filtered/train/images/003522_png.rf.6273b335a216e7cad722ed7e08f7286f.jpg,512,512,1.0,0.0,78.5,55.07,1173.5
train,frame221_jpg.rf.48b6860e52fd190301e7b44f1c134280.txt,data/thermal-1-filtered/train/images/frame221_jpg.rf.48b6860e52fd190301e7b44f1c134280.jpg,512,512,1.0,3.02,87.53,51.0,52.88
train,002374_png.rf.c95e4246a22d601646edeb46bf60204f.txt,data/thermal-1-filtered/train/images/002374_png.rf.c95e4246a22d601646edeb46bf60204f.jpg,512,512,1.0,0.0,81.44,52.98,399.74
train,frame686_jpg.rf.ed9a1be2125ac4ae0982f87b2ac6e77b.txt,data/thermal-1-filtered/train/images/frame686_jpg.rf.ed9a1be2125ac4ae0982f87b2ac6e77b.jpg,512,512,1.0,3.037,41.33,25.52,172.18
train,IR_BIRD_012_frame146_jpg.rf.4348c61aec9a7a9ff2a5d6c41bd9d6da.txt,data/thermal-1-filtered/train/images/IR_BIRD_012_frame146_jpg.rf.4348c61aec9a7a9ff2a5d6c41bd9d6da.jpg,512,512,1.0,0.0,90.47,56.72,70.89
train,frame697_jpg.rf.17db28f1ef424592e76da47db9477686.txt,data/thermal-1-filtered/train/images/frame697_jpg.rf.17db28f1ef424592e76da47db9477686.jpg,512,512,1.0,3.14,42.99,26.07,131.77
train,002466_png.rf.4470a48ccf06ec8ce42f5a2d0f63a0bf.txt,data/thermal-1-filtered/train/images/002466_png.rf.4470a48ccf06ec8ce42f5a2d0f63a0bf.jpg,512,512,1.0,0.0,75.66,53.22,423.05
train,frame268_jpg.rf.600540b876978943ea4f1916dfd0d4f6.txt,data/thermal-1-filtered/train/images/frame268_jpg.rf.600540b876978943ea4f1916dfd0d4f6.jpg,512,512,1.0,2.814,77.52,56.62,202.24
train,002377_png.rf.be3f2cd7e4da995cfd79efe77f03c038.txt,data/thermal-1-filtered/train/images/002377_png.rf.be3f2cd7e4da995cfd79efe77f03c038.jpg,512,512,1.0,0.0,77.11,52.58,401.82
train,ir_3_034970_jpg.rf.f5600a58de90bf8064f33ce9e6137401.txt,data/thermal-1-filtered/train/images/ir_3_034970_jpg.rf.f5600a58de90bf8064f33ce9e6137401.jpg,512,512,1.0,0.0,86.03,55.95,564.96
train,003420_png.rf.a73cafb1efedc58f3eb23aab4dee5916.txt,data/thermal-1-filtered/train/images/003420_png.rf.a73cafb1efedc58f3eb23aab4dee5916.jpg,512,512,1.0,0.0,86.04,55.96,489.74
train,IR_BIRD_012_frame296_jpg.rf.1a83702be7f0b74a8cea07bb89160508.txt,data/thermal-1-filtered/train/images/IR_BIRD_012_frame296_jpg.rf.1a83702be7f0b74a8cea07bb89160508.jpg,512,512,1.0,0.0,105.94,48.05,105.89
train,0_0_000270_jpg.rf.07a00075cbabeb73386d1e7b4144d8d4.txt,data/thermal-1-filtered/train/images/0_0_000270_jpg.rf.07a00075cbabeb73386d1e7b4144d8d4.jpg,512,512,1.0,0.0,63.04,40.72,67.27
train,frame375_jpg.rf.4c5428e022be639561668d2876fb0ba1.txt,data/thermal-1-filtered/train/images/frame375_jpg.rf.4c5428e022be639561668d2876fb0ba1.jpg,512,512,1.0,3.001,84.28,45.26,153.53
train,002416_png.rf.555f0902b7d76922cbe694b78e8e5476.txt,data/thermal-1-filtered/train/images/002416_png.rf.555f0902b7d76922cbe694b78e8e5476.jpg,512,512,1.0,0.0,70.84,48.67,262.83
train,frame262_jpg.rf.0e5d98348fb75f184b68f84b97e54568.txt,data/thermal-1-filtered/train/images/frame262_jpg.rf.0e5d98348fb75f184b68f84b97e54568.jpg,512,512,1.0,3.12,96.13,56.61,666.55
train,frame122_jpg.rf.f8feecb3a7c4b60ea8f223c7cc68a182.txt,data/thermal-1-filtered/train/images/frame122_jpg.rf.f8feecb3a7c4b60ea8f223c7cc68a182.jpg,512,512,1.0,2.985,85.61,58.32,197.96
train,0_0_000048_jpg.rf.8461e3ee0e5db999dab15cd71099dbeb.txt,data/thermal-1-filtered/train/images/0_0_000048_jpg.rf.8461e3ee0e5db999dab15cd71099dbeb.jpg,512,512,1.0,0.0,57.54,64.73,133.95
train,frame100_jpg.rf.a189d29b742eb48cd06c88dce30e0eef.txt,data/thermal-1-filtered/train/images/frame100_jpg.rf.a189d29b742eb48cd06c88dce30e0eef.jpg,512,512,1.0,3.179,90.17,50.73,158.06
train,003857_png.rf.b8d95dfb39ccf470796603b0c6428102.txt,data/thermal-1-filtered/train/images/003857_png.rf.b8d95dfb39ccf470796603b0c6428102.jpg,512,512,1.0,0.0,93.63,55.74,460.72
train,0_0_000197_jpg.rf.288d74dfc54132df9cc1dc2dda3534fe.txt,data/thermal-1-filtered/train/images/0_0_000197_jpg.rf.288d74dfc54132df9cc1dc2dda3534fe.jpg,512,512,1.0,0.0,80.5,42.76,35.68
train,IR_BIRD_012_frame179_jpg.rf.9af8feecd14b3ab917d57f0d781cf4af.txt,data/thermal-1-filtered/train/images/IR_BIRD_012_frame179_jpg.rf.9af8feecd14b3ab917d57f0d781cf4af.jpg,512,512,1.0,0.0,94.43,53.23,68.36
train,frame620_jpg.rf.75dc296397cd60306777f704131cb360.txt,data/thermal-1-filtered/train/images/frame620_jpg.rf.75dc296397cd60306777f704131cb360.jpg,512,512,1.0,3.313,56.04,34.36,436.34
train,IR_BIRD_012_frame41_jpg.rf.e38a36a35682c1f5a5373d10a46bbb7c.txt,data/thermal-1-filtered/train/images/IR_BIRD_012_frame41_jpg.rf.e38a36a35682c1f5a5373d10a46bbb7c.jpg,512,512,1.0,0.0,95.48,52.21,64.5
train,IR_BIRD_012_frame11_jpg.rf.a314f39973428ebe2d66a382104f4f6a.txt,data/thermal-1-filtered/train/images/IR_BIRD_012_frame11_jpg.rf.a314f39973428ebe2d66a382104f4f6a.jpg,512,512,1.0,0.0,101.18,46.31,69.48
train,frame3_jpg.rf.1a06c6e270f5b9095ef758d6ad350456.txt,data/thermal-1-filtered/train/images/frame3_jpg.rf.1a06c6e270f5b9095ef758d6ad350456.jpg,512,512,1.0,3.242,77.39,45.01,419.14
train,003812_png.rf.19897901f8e56c01e83321ad36e45783.txt,data/thermal-1-filtered/train/images/003812_png.rf.19897901f8e56c01e83321ad36e45783.jpg,512,512,1.0,0.0,98.0,57.75,1192.97
train,003703_png.rf.ac38e6fed41bcb158a6dae24bf3204ba.txt,data/thermal-1-filtered/train/images/003703_png.rf.ac38e6fed41bcb158a6dae24bf3204ba.jpg,512,512,1.0,0.0,87.58,54.32,933.11
train,003058_png.rf.8a40925b5ade80be13b455eda57986ca.txt,data/thermal-1-filtered/train/images/003058_png.rf.8a40925b5ade80be13b455eda57986ca.jpg,512,512,1.0,0.0,86.92,54.17,824.61
train,002827_png.rf.85f7eb02fd135ee4e02958bb6598e33b.txt,data/thermal-1-filtered/train/images/002827_png.rf.85f7eb02fd135ee4e02958bb6598e33b.jpg,512,512,1.0,0.0,85.7,52.73,1020.31
train,003053_png.rf.dda87b71d2eac7f98d1161431871c56b.txt,data/thermal-1-filtered/train/images/003053_png.rf.dda87b71d2eac7f98d1161431871c56b.jpg,512,512,1.0,0.0,84.61,56.03,708.08
train,002068_png.rf.e857e90b8a8cd1b715c2cff98728346b.txt,data/thermal-1-filtered/train/images/002068_png.rf.e857e90b8a8cd1b715c2cff98728346b.jpg,512,512,1.0,0.0,89.36,58.01,3729.26
train,frame192_jpg.rf.bbfe240c029fdcac5108f8d5de1ee4f2.txt,data/thermal-1-filtered/train/images/frame192_jpg.rf.bbfe240c029fdcac5108f8d5de1ee4f2.jpg,512,512,1.0,2.978,84.22,49.08,132.47
train,003777_png.rf.482dc471085dce257adeb5bd33118413.txt,data/thermal-1-filtered/train/images/003777_png.rf.482dc471085dce257adeb5bd33118413.jpg,512,512,1.0,0.0,100.15,58.04,680.1
train,002248_png.rf.c8f73f578a71c651a4eed9a00dd8771d.txt,data/thermal-1-filtered/train/images/002248_png.rf.c8f73f578a71c651a4eed9a00dd8771d.jpg,512,512,1.0,0.0,86.88,52.9,371.73
train,002435_png.rf.2a9308dea981575be6501773efee76d9.txt,data/thermal-1-filtered/train/images/002435_png.rf.2a9308dea981575be6501773efee76d9.jpg,512,512,1.0,0.0,89.03,54.77,1441.98
train,frame649_jpg.rf.a07ceccbfac22e3e347c47511b49faa3.txt,data/thermal-1-filtered/train/images/frame649_jpg.rf.a07ceccbfac22e3e347c47511b49faa3.jpg,512,512,1.0,3.104,45.49,28.53,122.76
train,frame69_jpg.rf.8f2a6c492cd055bde8f174d379dde8ec.txt,data/thermal-1-filtered/train/images/frame69_jpg.rf.8f2a6c492cd055bde8f174d379dde8ec.jpg,512,512,1.0,3.298,94.1,49.67,490.28
train,frame196_jpg.rf.0c164709b9d90d765e3a71f3b3f05cf5.txt,data/thermal-1-filtered/train/images/frame196_jpg.rf.0c164709b9d90d765e3a71f3b3f05cf5.jpg,512,512,1.0,3.078,87.14,48.23,136.96
train,frame276_jpg.rf.cc18e6c0926c09a837be9e54b25fc2e2.txt,data/thermal-1-filtered/train/images/frame276_jpg.rf.cc18e6c0926c09a837be9e54b25fc2e2.jpg,512,512,1.0,3.203,96.49,57.88,647.32
train,IR_BIRD_012_frame291_jpg.rf.d378fe7c44352ac83724a077acdf6c89.txt,data/thermal-1-filtered/train/images/IR_BIRD_012_frame291_jpg.rf.d378fe7c44352ac83724a077acdf6c89.jpg,512,512,1.0,0.0,107.92,45.76,123.93
train,002293_png.rf.c5591d966eb369fe9ada15f1ffb29847.txt,data/thermal-1-filtered/train/images/002293_png.rf.c5591d966eb369fe9ada15f1ffb29847.jpg,512,512,1.0,0.0,85.1,53.87,404.28
train,003770_png.rf.31fc5683b08ee65aa5676d12712cf0cf.txt,data/thermal-1-filtered/train/images/003770_png.rf.31fc5683b08ee65aa5676d12712cf0cf.jpg,512,512,1.0,0.0,95.14,53.87,313.17
train,frame503_jpg.rf.d61bc135da4b00004de54b435e213bf0.txt,data/thermal-1-filtered/train/images/frame503_jpg.rf.d61bc135da4b00004de54b435e213bf0.jpg,512,512,1.0,3.298,86.74,34.87,369.24
train,IR_BIRD_012_frame181_jpg.rf.4dbad583187fbb902a3c19a66239def4.txt,data/thermal-1-filtered/train/images/IR_BIRD_012_frame181_jpg.rf.4dbad583187fbb902a3c19a66239def4.jpg,512,512,1.0,0.0,89.99,48.55,77.86
train,003698_png.rf.41dcf9df7b72ccd9e33720cbad288c99.txt,data/thermal-1-filtered/train/images/003698_png.rf.41dcf9df7b72ccd9e33720cbad288c99.jpg,512,512,1.0,0.0,79.96,55.93,832.66
train,002361_png.rf.547d94a1f9784616f03cf6dee7b2bf77.txt,data/thermal-1-filtered/train/images/002361_png.rf.547d94a1f9784616f03cf6dee7b2bf77.jpg,512,512,1.0,0.0,74.96,48.4,204.7
train,002370_png.rf.26d3fd35a9c7063c76419942e40e1c6e.txt,data/thermal-1-filtered/train/images/002370_png.rf.26d3fd35a9c7063c76419942e40e1c6e.jpg,512,512,1.0,0.0,89.49,55.38,844.36
train,001513_png.rf.c5bd4781e4803da8d9d281551c8ac8ab.txt,data/thermal-1-filtered/train/images/001513_png.rf.c5bd4781e4803da8d9d281551c8ac8ab.jpg,512,512,1.0,0.0,87.3,56.96,219.04
train,IR_BIRD_012_frame110_jpg.rf.3315fef24c88b3e546c6b0197d37a4be.txt,data/thermal-1-filtered/train/images/IR_BIRD_012_frame110_jpg.rf.3315fef24c88b3e546c6b0197d37a4be.jpg,512,512,1.0,0.0,97.51,50.92,97.03
train,002453_png.rf.1a1a6606ad2a1f99e6b1196fdb0b32c9.txt,data/thermal-1-filtered/train/images/002453_png.rf.1a1a6606ad2a1f99e6b1196fdb0b32c9.jpg,512,512,1.0,0.0,85.79,54.65,1130.72
train,002534_png.rf.35bb37c8d9af21e706a992cf38a4620a.txt,data/thermal-1-filtered/train/images/002534_png.rf.35bb37c8d9af21e706a992cf38a4620a.jpg,512,512,1.0,0.0,87.29,54.65,346.54
train,frame608_jpg.rf.a5e460616d5e72b53d3017f42793b73b.txt,data/thermal-1-filtered/train/images/frame608_jpg.rf.a5e460616d5e72b53d3017f42793b73b.jpg,512,512,1.0,3.307,56.92,34.17,434.7
train,frame543_jpg.rf.5b833bfb8691e7b7dfb5aa031afcb4ca.txt,data/thermal-1-filtered/train/images/frame543_jpg.rf.5b833bfb8691e7b7dfb5aa031afcb4ca.jpg,512,512,1.0,3.31,61.61,32.76,403.4
train,1189_png.rf.0a9cbe9bfc49770fe1fdeb2398ddf12d.txt,data/thermal-1-filtered/train/images/1189_png.rf.0a9cbe9bfc49770fe1fdeb2398ddf12d.jpg,512,512,1.0,0.0,96.07,41.74,75.45
train,frame259_jpg.rf.75cc41b33ea09d8aabf6e17cde911239.txt,data/thermal-1-filtered/train/images/frame259_jpg.rf.75cc41b33ea09d8aabf6e17cde911239.jpg,512,512,1.0,3.118,97.49,57.36,696.56
train,0_0_000358_jpg.rf.34f538d19a08647cd484ebbaf4073029.txt,data/thermal-1-filtered/train/images/0_0_000358_jpg.rf.34f538d19a08647cd484ebbaf4073029.jpg,512,512,1.0,0.0,73.69,71.39,76.67
train,002346_png.rf.6385e3e9e16fb4c223a9fa2fa4bc6701.txt,data/thermal-1-filtered/train/images/002346_png.rf.6385e3e9e16fb4c223a9fa2fa4bc6701.jpg,512,512,1.0,0.0,79.53,55.13,403.59
train,002027_png.rf.5a99bf2de3defba9f8db6c7f00996387.txt,data/thermal-1-filtered/train/images/002027_png.rf.5a99bf2de3defba9f8db6c7f00996387.jpg,512,512,1.0,0.0,90.52,57.5,1396.49
train,003019_png.rf.2345a20cd7107dd8da3952bc2d98df33.txt,data/thermal-1-filtered/train/images/003019_png.rf.2345a20cd7107dd8da3952bc2d98df33.jpg,512,512,1.0,0.0,87.68,55.61,900.05
train,002684_png.rf.b55fc606900d256529b663790b653a5f.txt,data/thermal-1-filtered/train/images/002684_png.rf.b55fc606900d256529b663790b653a5f.jpg,512,512,1.0,0.0,83.31,50.94,1792.49
train,frame524_jpg.rf.f6df7a2f117c291414eb7e2e046b0427.txt,data/thermal-1-filtered/train/images/frame524_jpg.rf.f6df7a2f117c291414eb7e2e046b0427.jpg,512,512,1.0,3.297,69.56,30.46,381.59
train,0_0_000277_jpg.rf.96a62fe5908a3846251ae02db2eb14c9.txt,data/thermal-1-filtered/train/images/0_0_000277_jpg.rf.96a62fe5908a3846251ae02db2eb14c9.jpg,512,512,1.0,0.0,60.49,44.02,63.69
train,002766_png.rf.89b16733a0c3b2bd0d63f80fa637bc84.txt,data/thermal-1-filtered/train/images/002766_png.rf.89b16733a0c3b2bd0d63f80fa637bc84.jpg,512,512,1.0,0.0,83.69,53.23,533.75
train,002724_png.rf.5cae395b4421c2a8ccd75e9f7378b7e5.txt,data/thermal-1-filtered/train/images/002724_png.rf.5cae395b4421c2a8ccd75e9f7378b7e5.jpg,512,512,1.0,0.0,75.85,52.92,275.75
train,frame440_jpg.rf.dcd53e8852ed5e83f3909c85cdb1330e.txt,data/thermal-1-filtered/train/images/frame440_jpg.rf.dcd53e8852ed5e83f3909c85cdb1330e.jpg,512,512,1.0,3.064,83.36,46.58,192.84
train,frame679_jpg.rf.106c417ccaf6640482ebc4a36295a575.txt,data/thermal-1-filtered/train/images/frame679_jpg.rf.106c417ccaf6640482ebc4a36295a575.jpg,512,512,1.0,3.117,42.04,25.59,165.77
train,002830_png.rf.41f838831efa1ea06d3ece9828573586.txt,data/thermal-1-filtered/train/images/002830_png.rf.41f838831efa1ea06d3ece9828573586.jpg,512,512,1.0,0.0,84.22,52.89,824.44
train,003424_png.rf.422ee0047eb53d8d995838e4792e4f5c.txt,data/thermal-1-filtered/train/images/003424_png.rf.422ee0047eb53d8d995838e4792e4f5c.jpg,512,512,1.0,0.0,84.42,54.75,435.02
train,002385_png.rf.435619d05009c750ac66aa3d2a775510.txt,data/thermal-1-filtered/train/images/002385_png.rf.435619d05009c750ac66aa3d2a775510.jpg,512,512,1.0,0.0,85.92,53.81,536.32
train,002061_png.rf.c3527329b4cdbcac8bd27ca3344027b6.txt,data/thermal-1-filtered/train/images/002061_png.rf.c3527329b4cdbcac8bd27ca3344027b6.jpg,512,512,1.0,0.0,82.28,56.55,1588.14
train,frame143_jpg.rf.2c276bf35875ba3cee81f5171b6c276d.txt,data/thermal-1-filtered/train/images/frame143_jpg.rf.2c276bf35875ba3cee81f5171b6c276d.jpg,512,512,1.0,3.284,99.86,51.01,418.39
train,frame386_jpg.rf.7be36a31273b634b4353efd7893e3c77.txt,data/thermal-1-filtered/train/images/frame386_jpg.rf.7be36a31273b634b4353efd7893e3c77.jpg,512,512,1.0,3.15,84.61,39.9,137.59
train,frame608_jpg.rf.8363b829c343b036c6a2bc49559c67c4.txt,data/thermal-1-filtered/train/images/frame608_jpg.rf.8363b829c343b036c6a2bc49559c67c4.jpg,512,512,1.0,3.083,47.66,30.46,148.1
train,002220_png.rf.376d194eae88df65ed2b19d4cbd04706.txt,data/thermal-1-filtered/train/images/002220_png.rf.376d194eae88df65ed2b19d4cbd04706.jpg,512,512,1.0,0.0,93.0,56.24,2158.99
train,002067_png.rf.730b70036f9b44e46e6f617d32fa1c4a.txt,data/thermal-1-filtered/train/images/002067_png.rf.730b70036f9b44e46e6f617d32fa1c4a.jpg,512,512,1.0,0.0,87.38,56.51,1872.18
train,002265_png.rf.8767f68915a18ed2d2f1fdbf4acdc02a.txt,data/thermal-1-filtered/train/images/002265_png.rf.8767f68915a18ed2d2f1fdbf4acdc02a.jpg,512,512,1.0,0.0,73.71,52.73,122.64
train,0_0_000237_jpg.rf.bb1906a7a281c9388a9a3dcd12cdde87.txt,data/thermal-1-filtered/train/images/0_0_000237_jpg.rf.bb1906a7a281c9388a9a3dcd12cdde87.jpg,512,512,1.0,0.0,46.97,44.07,38.4
train,001514_png.rf.5e91c04761257116616e0a8630e44908.txt,data/thermal-1-filtered/train/images/001514_png.rf.5e91c04761257116616e0a8630e44908.jpg,512,512,1.0,0.0,89.18,55.25,321.26
train,003746_png.rf.a68514c9e11ef85bf70d8854634ee251.txt,data/thermal-1-filtered/train/images/003746_png.rf.a68514c9e11ef85bf70d8854634ee251.jpg,512,512,1.0,0.0,91.79,53.85,1357.92
train,IR_BIRD_012_frame294_jpg.rf.57526e00e8d2227cc39d0ddcddab3380.txt,data/thermal-1-filtered/train/images/IR_BIRD_012_frame294_jpg.rf.57526e00e8d2227cc39d0ddcddab3380.jpg,512,512,1.0,0.0,107.01,49.61,110.01
train,frame411_jpg.rf.45883c7a93ff23e292963b5fe7285b80.txt,data/thermal-1-filtered/train/images/frame411_jpg.rf.45883c7a93ff23e292963b5fe7285b80.jpg,512,512,1.0,2.987,77.6,43.75,79.44
train,frame109_jpg.rf.3c919f8a80feedfc772b954b3a80c244.txt,data/thermal-1-filtered/train/images/frame109_jpg.rf.3c919f8a80feedfc772b954b3a80c244.jpg,512,512,1.0,3.273,91.32,51.54,538.53
train,ir_3_034970_jpg.rf.9272fb6d624b01fc296a3965c361290b.txt,data/thermal-1-filtered/train/images/ir_3_034970_jpg.rf.9272fb6d624b01fc296a3965c361290b.jpg,512,512,1.0,0.0,89.69,57.92,1662.73
train,0_0_000280_jpg.rf.2d7fe8142f7cc338bb1b456d308ba97c.txt,data/thermal-1-filtered/train/images/0_0_000280_jpg.rf.2d7fe8142f7cc338bb1b456d308ba97c.jpg,512,512,1.0,0.0,66.7,47.64,8.59
train,IR_BIRD_012_frame71_jpg.rf.7d5bc393d9e35eaf91dfe84e4249cd21.txt,data/thermal-1-filtered/train/images/IR_BIRD_012_frame71_jpg.rf.7d5bc393d9e35eaf91dfe84e4249cd21.jpg,512,512,1.0,0.0,97.56,51.64,70.49
train,002459_png.rf.9b65e2e2b9222c19de819006647e4d26.txt,data/thermal-1-filtered/train/images/002459_png.rf.9b65e2e2b9222c19de819006647e4d26.jpg,512,512,1.0,0.0,72.45,49.45,327.84
train,003027_png.rf.26ac0cb6ca99287c44cfa4174aff3a67.txt,data/thermal-1-filtered/train/images/003027_png.rf.26ac0cb6ca99287c44cfa4174aff3a67.jpg,512,512,1.0,0.0,88.18,58.3,2960.48
train,frame420_jpg.rf.fc6deaa9569474a64c1afdd2a2a2d71c.txt,data/thermal-1-filtered/train/images/frame420_jpg.rf.fc6deaa9569474a64c1afdd2a2a2d71c.jpg,512,512,1.0,3.197,87.6,45.18,249.03
train,002262_png.rf.1c0673a2bd6356aef2a1bd5030518a7a.txt,data/thermal-1-filtered/train/images/002262_png.rf.1c0673a2bd6356aef2a1bd5030518a7a.jpg,512,512,1.0,0.0,87.99,50.15,378.98
train,IR_BIRD_012_frame205_jpg.rf.a6a16c7aa6143391032f5837f8b380bb.txt,data/thermal-1-filtered/train/images/IR_BIRD_012_frame205_jpg.rf.a6a16c7aa6143391032f5837f8b380bb.jpg,512,512,1.0,0.0,101.32,54.47,98.09
train,002003_png.rf.54ebc10811dbc9b8e818b7e0e111e822.txt,data/thermal-1-filtered/train/images/002003_png.rf.54ebc10811dbc9b8e818b7e0e111e822.jpg,512,512,1.0,0.0,90.34,57.55,1969.04
train,IR_BIRD_012_frame252_jpg.rf.15f56524088228bc113cefe167e6b542.txt,data/thermal-1-filtered/train/images/IR_BIRD_012_frame252_jpg.rf.15f56524088228bc113cefe167e6b542.jpg,512,512,1.0,0.0,108.15,45.97,94.88
train,frame63_jpg.rf.95209c0c1ac552087076b184eb499e9a.txt,data/thermal-1-filtered/train/images/frame63_jpg.rf.95209c0c1ac552087076b184eb499e9a.jpg,512,512,1.0,3.058,80.69,51.45,142.12
train,002340_png.rf.87a084223ada1d3bb826bd5e8db2e57f.txt,data/thermal-1-filtered/train/images/002340_png.rf.87a084223ada1d3bb826bd5e8db2e57f.jpg,512,512,1.0,0.0,89.62,54.12,512.71
train,003794_png.rf.7c6fccec467b14864786af7bd897f975.txt,data/thermal-1-filtered/train/images/003794_png.rf.7c6fccec467b14864786af7bd897f975.jpg,512,512,1.0,0.0,101.15,58.75,486.94
train,frame506_jpg.rf.1035bb6d107ad8e34824dec29312b1e8.txt,data/thermal-1-filtered/train/images/frame506_jpg.rf.1035bb6d107ad8e34824dec29312b1e8.jpg,512,512,1.0,3.044,72.46,35.3,116.14
train,frame650_jpg.rf.971ca887aa6c72cce9b64fcfc547ab3a.txt,data/thermal-1-filtered/train/images/frame650_jpg.rf.971ca887aa6c72cce9b64fcfc547ab3a.jpg,512,512,1.0,3.217,52.7,32.43,200.13
train,002226_png.rf.fd715ba663603df25409770759f1c14a.txt,data/thermal-1-filtered/train/images/002226_png.rf.fd715ba663603df25409770759f1c14a.jpg,512,512,1.0,0.0,89.99,57.16,2584.01
train,IR_BIRD_012_frame145_jpg.rf.7bff3ec8ccffcec0637ec5c0b847a40a.txt,data/thermal-1-filtered/train/images/IR_BIRD_012_frame145_jpg.rf.7bff3ec8ccffcec0637ec5c0b847a40a.jpg,512,512,1.0,0.0,97.58,52.7,81.45
train,IR_BIRD_012_frame114_jpg.rf.0737691b362f40a04b59dfcecec495c2.txt,data/thermal-1-filtered/train/images/IR_BIRD_012_frame114_jpg.rf.0737691b362f40a04b59dfcecec495c2.jpg,512,512,1.0,0.0,103.86,49.58,68.7
train,IR_BIRD_012_frame8_jpg.rf.32ebc2a5f8d68c068eb54db04f702bc0.txt,data/thermal-1-filtered/train/images/IR_BIRD_012_frame8_jpg.rf.32ebc2a5f8d68c068eb54db04f702bc0.jpg,512,512,1.0,0.0,92.35,54.1,63.17
train,002770_png.rf.75cc422c326b15142c8566cb33a3b374.txt,data/thermal-1-filtered/train/images/002770_png.rf.75cc422c326b15142c8566cb33a3b374.jpg,512,512,1.0,0.0,84.78,55.83,1272.16
train,IR_BIRD_012_frame79_jpg.rf.d9529822534e05b9d6188f8264d94a93.txt,data/thermal-1-filtered/train/images/IR_BIRD_012_frame79_jpg.rf.d9529822534e05b9d6188f8264d94a93.jpg,512,512,1.0,0.0,97.56,50.36,65.75
train,frame542_jpg.rf.76932a4aea40081b1deb2f12bf9cdb32.txt,data/thermal-1-filtered/train/images/frame542_jpg.rf.76932a4aea40081b1deb2f12bf9cdb32.jpg,512,512,1.0,3.041,49.2,29.09,127.98
train,002403_png.rf.9788b8746d376f31d19572885fcc268f.txt,data/thermal-1-filtered/train/images/002403_png.rf.9788b8746d376f31d19572885fcc268f.jpg,512,512,1.0,0.0,81.67,51.82,402.94
train,002674_png.rf.5a6c508bd0d767c03e32f8ae75d2de8f.txt,data/thermal-1-filtered/train/images/002674_png.rf.5a6c508bd0d767c03e32f8ae75d2de8f.jpg,512,512,1.0,0.0,90.99,57.32,1709.33
train,003684_png.rf.464f6444e871cc994c88a469d8f4d09e.txt,data/thermal-1-filtered/train/images/003684_png.rf.464f6444e871cc994c88a469d8f4d09e.jpg,512,512,1.0,0.0,77.64,51.69,650.73
train,frame39_jpg.rf.f05f8e68140c5c656c7bc12e4551caed.txt,data/thermal-1-filtered/train/images/frame39_jpg.rf.f05f8e68140c5c656c7bc12e4551caed.jpg,512,512,1.0,3.18,85.96,47.01,222.34
train,003053_png.rf.bfd808cfa9433fe9c918c05cd1ac144a.txt,data/thermal-1-filtered/train/images/003053_png.rf.bfd808cfa9433fe9c918c05cd1ac144a.jpg,512,512,1.0,0.0,76.4,54.3,569.46
train,frame509_jpg.rf.755b6e85ad92126b7c4ddeeb1149d680.txt,data/thermal-1-filtered/train/images/frame509_jpg.rf.755b6e85ad92126b7c4ddeeb1149d680.jpg,512,512,1.0,3.301,83.72,29.91,389.19
train,IR_BIRD_012_frame202_jpg.rf.bad272cf773117fb306c165bdab25534.txt,data/thermal-1-filtered/train/images/IR_BIRD_012_frame202_jpg.rf.bad272cf773117fb306c165bdab25534.jpg,512,512,1.0,0.0,99.67,48.86,46.58
train,frame244_jpg.rf.1ddf0b874e4925566986cffed662d519.txt,data/thermal-1-filtered/train/images/frame244_jpg.rf.1ddf0b874e4925566986cffed662d519.jpg,512,512,1.0,2.846,88.34,58.76,143.8
train,002559_png.rf.5187e1611d2089ac504177c9413c384e.txt,data/thermal-1-filtered/train/images/002559_png.rf.5187e1611d2089ac504177c9413c384e.jpg,512,512,1.0,0.0,91.23,56.29,1160.12
train,frame612_jpg.rf.e637481f18fec3e80e94abbb245c1d14.txt,data/thermal-1-filtered/train/images/frame612_jpg.rf.e637481f18fec3e80e94abbb245c1d14.jpg,512,512,1.0,3.296,55.02,32.89,217.87
train,frame692_jpg.rf.6bb92d33dc983aad14dad4fd2da48c8b.txt,data/thermal-1-filtered/train/images/frame692_jpg.rf.6bb92d33dc983aad14dad4fd2da48c8b.jpg,512,512,1.0,3.063,40.3,22.63,124.01
train,002369_png.rf.56fe705ef17d658735828f51f6cb2a94.txt,data/thermal-1-filtered/train/images/002369_png.rf.56fe705ef17d658735828f51f6cb2a94.jpg,512,512,1.0,0.0,81.09,54.49,323.39
train,frame28_jpg.rf.9d4aa4afc46906de3368f3a71bc04e03.txt,data/thermal-1-filtered/train/images/frame28_jpg.rf.9d4aa4afc46906de3368f3a71bc04e03.jpg,512,512,1.0,3.177,88.6,51.31,459.66
train,ir_052880_jpg.rf.59efeebf21b396dc762171e3deb2aeff.txt,data/thermal-1-filtered/train/images/ir_052880_jpg.rf.59efeebf21b396dc762171e3deb2aeff.jpg,512,512,1.0,0.0,89.17,57.79,581.46
train,frame564_jpg.rf.40e2d1719dbd243a317ced8e50ca6ad5.txt,data/thermal-1-filtered/train/images/frame564_jpg.rf.40e2d1719dbd243a317ced8e50ca6ad5.jpg,512,512,1.0,3.026,42.27,27.29,139.82
train,frame538_jpg.rf.84c03749f8c306d08cccb623488414ce.txt,data/thermal-1-filtered/train/images/frame538_jpg.rf.84c03749f8c306d08cccb623488414ce.jpg,512,512,1.0,3.048,50.73,27.82,106.63
train,ir_2_031910_jpg.rf.a1395f309e1f8a6df07e22e86036498c.txt,data/thermal-1-filtered/train/images/ir_2_031910_jpg.rf.a1395f309e1f8a6df07e22e86036498c.jpg,512,512,1.0,0.0,73.43,50.15,249.37
train,frame43_jpg.rf.3e7925bbf1495a06321f2cb71bf503f0.txt,data/thermal-1-filtered/train/images/frame43_jpg.rf.3e7925bbf1495a06321f2cb71bf503f0.jpg,512,512,1.0,3.199,91.9,49.04,546.76
train,ir_3_034990_jpg.rf.b1b8d9633ab32a43a09dbc8a8623fe4c.txt,data/thermal-1-filtered/train/images/ir_3_034990_jpg.rf.b1b8d9633ab32a43a09dbc8a8623fe4c.jpg,512,512,1.0,0.0,86.61,55.54,787.82
train,frame396_jpg.rf.e3cc96d181ab3a57be37eb63c736ea48.txt,data/thermal-1-filtered/train/images/frame396_jpg.rf.e3cc96d181ab3a57be37eb63c736ea48.jpg,512,512,1.0,3.268,91.43,40.84,502.02
train,002252_png.rf.e3f44b4122febba5c0c5e2fa79e795aa.txt,data/thermal-1-filtered/train/images/002252_png.rf.e3f44b4122febba5c0c5e2fa79e795aa.jpg,512,512,1.0,0.0,84.26,59.08,118.14
train,frame129_jpg.rf.9dd1adb306e7d0e5b2202f6a2d03dc84.txt,data/thermal-1-filtered/train/images/frame129_jpg.rf.9dd1adb306e7d0e5b2202f6a2d03dc84.jpg,512,512,1.0,3.029,86.33,57.03,176.0
train,frame461_jpg.rf.ac05ac8a2ae548e109584ddb1e2bdbe3.txt,data/thermal-1-filtered/train/images/frame461_jpg.rf.ac05ac8a2ae548e109584ddb1e2bdbe3.jpg,512,512,1.0,3.308,98.96,40.77,441.71
train,IR_BIRD_012_frame126_jpg.rf.24b94afe4cda1e0ce6792139e15a918a.txt,data/thermal-1-filtered/train/images/IR_BIRD_012_frame126_jpg.rf.24b94afe4cda1e0ce6792139e15a918a.jpg,512,512,1.0,0.0,101.03,50.36,99.18
train,frame214_jpg.rf.258e28c4cd609a9f8c52d5694543dd9e.txt,data/thermal-1-filtered/train/images/frame214_jpg.rf.258e28c4cd609a9f8c52d5694543dd9e.jpg,512,512,1.0,3.29,94.08,43.03,404.57
train,002327_png.rf.2e5ad608658d8c624c0984d1f21961ce.txt,data/thermal-1-filtered/train/images/002327_png.rf.2e5ad608658d8c624c0984d1f21961ce.jpg,512,512,1.0,0.0,83.9,54.52,543.16
train,002006_png.rf.ad6ac73159ef64c224609f25b388cf94.txt,data/thermal-1-filtered/train/images/002006_png.rf.ad6ac73159ef64c224609f25b388cf94.jpg,512,512,1.0,0.0,91.1,57.68,2367.06
train,0_0_000034_jpg.rf.786ac4d2bdcd391f2cb86d67b8957638.txt,data/thermal-1-filtered/train/images/0_0_000034_jpg.rf.786ac4d2bdcd391f2cb86d67b8957638.jpg,512,512,1.0,0.0,105.95,70.04,119.95
train,IR_BIRD_012_frame202_jpg.rf.63661ae4dd962a68813921eab5c2fbe7.txt,data/thermal-1-filtered/train/images/IR_BIRD_012_frame202_jpg.rf.63661ae4dd962a68813921eab5c2fbe7.jpg,512,512,1.0,0.0,92.47,53.5,69.49
train,003969_png.rf.3f22a7c3a09becb898315cdf899e8719.txt,data/thermal-1-filtered/train/images/003969_png.rf.3f22a7c3a09becb898315cdf899e8719.jpg,512,512,1.0,0.0,75.28,52.94,371.85
train,frame458_jpg.rf.ad893fc170f1ab3c3fa483a3434ec3d6.txt,data/thermal-1-filtered/train/images/frame458_jpg.rf.ad893fc170f1ab3c3fa483a3434ec3d6.jpg,512,512,1.0,3.301,93.74,37.13,441.29
train,frame24_jpg.rf.e42796c2872c4a621692123c6029b2c7.txt,data/thermal-1-filtered/train/images/frame24_jpg.rf.e42796c2872c4a621692123c6029b2c7.jpg,512,512,1.0,3.012,80.79,51.96,245.0
train,002431_png.rf.8385738922b6b957d8015f4f6fcdacdd.txt,data/thermal-1-filtered/train/images/002431_png.rf.8385738922b6b957d8015f4f6fcdacdd.jpg,512,512,1.0,0.0,80.82,53.44,346.71
train,ir_3_020740_jpg.rf.b54d782c6dc4046c706234b96326d871.txt,data/thermal-1-filtered/train/images/ir_3_020740_jpg.rf.b54d782c6dc4046c706234b96326d871.jpg,512,512,1.0,0.0,85.23,59.9,3572.7
train,0_0_000358_jpg.rf.538da901a14d6c87897ec40f55582b73.txt,data/thermal-1-filtered/train/images/0_0_000358_jpg.rf.538da901a14d6c87897ec40f55582b73.jpg,512,512,1.0,0.0,67.35,68.52,70.76
train,002363_png.rf.a4d92da307be0adf1ed840167b320f87.txt,data/thermal-1-filtered/train/images/002363_png.rf.a4d92da307be0adf1ed840167b320f87.jpg,512,512,1.0,0.0,81.27,53.74,342.19
train,ir_3_016340_jpg.rf.cf1043f925121dd4a574c9f95c700a76.txt,data/thermal-1-filtered/train/images/ir_3_016340_jpg.rf.cf1043f925121dd4a574c9f95c700a76.jpg,512,512,1.0,0.0,79.9,59.22,1376.3
train,0_0_000360_jpg.rf.2a7704959e69b87aead9577b27c1efc8.txt,data/thermal-1-filtered/train/images/0_0_000360_jpg.rf.2a7704959e69b87aead9577b27c1efc8.jpg,512,512,1.0,0.0,62.91,59.14,80.94
train,img_0252_png.rf.810c682c739cad1a1496d9573fab45d2.txt,data/thermal-1-filtered/train/images/img_0252_png.rf.810c682c739cad1a1496d9573fab45d2.jpg,512,512,1.0,0.0,93.91,48.38,128.03
train,002673_png.rf.de7e9e17462b1e1435bfee079c7bda0e.txt,data/thermal-1-filtered/train/images/002673_png.rf.de7e9e17462b1e1435bfee079c7bda0e.jpg,512,512,1.0,0.0,87.72,53.68,977.2
train,002681_png.rf.a225fc4b9d2c4898ad973c41aff22edd.txt,data/thermal-1-filtered/train/images/002681_png.rf.a225fc4b9d2c4898ad973c41aff22edd.jpg,512,512,1.0,0.0,85.53,56.42,663.53
train,frame187_jpg.rf.8c8181b7093c84476db818a6255fd7b8.txt,data/thermal-1-filtered/train/images/frame187_jpg.rf.8c8181b7093c84476db818a6255fd7b8.jpg,512,512,1.0,3.313,91.41,42.87,316.03
train,IR_BIRD_012_frame112_jpg.rf.ff589dd54852137bca23329abb4bc5c4.txt,data/thermal-1-filtered/train/images/IR_BIRD_012_frame112_jpg.rf.ff589dd54852137bca23329abb4bc5c4.jpg,512,512,1.0,0.0,104.08,49.49,72.9
train,IR_BIRD_012_frame72_jpg.rf.79ba153b8d86df91692a0f9da0ac61fd.txt,data/thermal-1-filtered/train/images/IR_BIRD_012_frame72_jpg.rf.79ba153b8d86df91692a0f9da0ac61fd.jpg,512,512,1.0,0.0,91.57,55.83,74.51
train,frame112_jpg.rf.3bd9ddd797be4777b85a4fe67bf8b096.txt,data/thermal-1-filtered/train/images/frame112_jpg.rf.3bd9ddd797be4777b85a4fe67bf8b096.jpg,512,512,1.0,3.139,86.06,54.77,223.79
train,IR_BIRD_012_frame241_jpg.rf.d1bbd1b2cb66cb75cc5c3861563f7581.txt,data/thermal-1-filtered/train/images/IR_BIRD_012_frame241_jpg.rf.d1bbd1b2cb66cb75cc5c3861563f7581.jpg,512,512,1.0,0.0,108.16,46.04,87.8
train,002373_png.rf.2b5d88431c64db7ca0de6dace57214b4.txt,data/thermal-1-filtered/train/images/002373_png.rf.2b5d88431c64db7ca0de6dace57214b4.jpg,512,512,1.0,0.0,93.04,55.82,1052.19
train,IR_BIRD_012_frame239_jpg.rf.6ac187b2571f0121a6382315e6841450.txt,data/thermal-1-filtered/train/images/IR_BIRD_012_frame239_jpg.rf.6ac187b2571f0121a6382315e6841450.jpg,512,512,1.0,0.0,101.62,53.17,88.63
train,003034_png.rf.1d8bef4e0b1e3521ffd19a55deab1018.txt,data/thermal-1-filtered/train/images/003034_png.rf.1d8bef4e0b1e3521ffd19a55deab1018.jpg,512,512,1.0,0.0,89.95,58.42,2421.4
train,frame67_jpg.rf.6690304af19519f15967daf21db23cc9.txt,data/thermal-1-filtered/train/images/frame67_jpg.rf.6690304af19519f15967daf21db23cc9.jpg,512,512,1.0,3.142,84.4,50.16,100.5
train,003039_png.rf.ad4bf32f8b5b42e439e2fc7f8b365d11.txt,data/thermal-1-filtered/train/images/003039_png.rf.ad4bf32f8b5b42e439e2fc7f8b365d11.jpg,512,512,1.0,0.0,76.09,53.65,555.04
train,frame575_jpg.rf.089380e283432e9989b617f5df507e4e.txt,data/thermal-1-filtered/train/images/frame575_jpg.rf.089380e283432e9989b617f5df507e4e.jpg,512,512,1.0,3.126,46.09,28.2,113.14
train,IR_BIRD_012_frame20_jpg.rf.650fdeb6b6e6ce7fce27281cdcd55c8d.txt,data/thermal-1-filtered/train/images/IR_BIRD_012_frame20_jpg.rf.650fdeb6b6e6ce7fce27281cdcd55c8d.jpg,512,512,1.0,0.0,93.57,53.17,60.32
train,003734_png.rf.3e7821c7a00c2b1a0a699a597feb04b9.txt,data/thermal-1-filtered/train/images/003734_png.rf.3e7821c7a00c2b1a0a699a597feb04b9.jpg,512,512,1.0,0.0,87.65,49.1,467.99
train,002353_png.rf.66fa81a5573ec530f1b97aed4194966e.txt,data/thermal-1-filtered/train/images/002353_png.rf.66fa81a5573ec530f1b97aed4194966e.jpg,512,512,1.0,0.0,88.06,55.57,1247.3
train,frame565_jpg.rf.a5f2a856f7cba421821304dfb3a91c37.txt,data/thermal-1-filtered/train/images/frame565_jpg.rf.a5f2a856f7cba421821304dfb3a91c37.jpg,512,512,1.0,3.011,46.5,29.44,127.83
train,IR_BIRD_012_frame207_jpg.rf.c049f87f5d8db108ba9079fac8ef03b6.txt,data/thermal-1-filtered/train/images/IR_BIRD_012_frame207_jpg.rf.c049f87f5d8db108ba9079fac8ef03b6.jpg,512,512,1.0,0.0,103.06,51.47,104.64
train,002683_png.rf.f562e2ab923d197c0b163ca9eca12e1c.txt,data/thermal-1-filtered/train/images/002683_png.rf.f562e2ab923d197c0b163ca9eca12e1c.jpg,512,512,1.0,0.0,83.26,47.65,638.77
train,002374_png.rf.c1a043a28cb6e57646945a94bcd0fea8.txt,data/thermal-1-filtered/train/images/002374_png.rf.c1a043a28cb6e57646945a94bcd0fea8.jpg,512,512,1.0,0.0,90.92,55.67,1281.49
train,003795_png.rf.32af91104757f4f32bb7b98930c8ae47.txt,data/thermal-1-filtered/train/images/003795_png.rf.32af91104757f4f32bb7b98930c8ae47.jpg,512,512,1.0,0.0,91.66,55.59,179.28
train,002798_png.rf.7820b73f70d0fc95d12a10b2c73d137d.txt,data/thermal-1-filtered/train/images/002798_png.rf.7820b73f70d0fc95d12a10b2c73d137d.jpg,512,512,1.0,0.0,85.99,56.48,513.09
train,ir_3_031230_jpg.rf.c3e77094628329b09f4f50d76aa894f0.txt,data/thermal-1-filtered/train/images/ir_3_031230_jpg.rf.c3e77094628329b09f4f50d76aa894f0.jpg,512,512,1.0,0.0,84.5,56.25,1087.21
train,001676_png.rf.bcd572351d73f117e9794e9877ee2ec5.txt,data/thermal-1-filtered/train/images/001676_png.rf.bcd572351d73f117e9794e9877ee2ec5.jpg,512,512,1.0,0.0,80.52,56.09,710.86
train,002454_png.rf.97678c13faa5dab488a0643090e910ae.txt,data/thermal-1-filtered/train/images/002454_png.rf.97678c13faa5dab488a0643090e910ae.jpg,512,512,1.0,0.0,82.32,51.45,407.83
train,002338_png.rf.78f8819fb1f3aa081b8b64aab152b47f.txt,data/thermal-1-filtered/train/images/002338_png.rf.78f8819fb1f3aa081b8b64aab152b47f.jpg,512,512,1.0,0.0,89.07,56.11,1253.56
train,003094_png.rf.b13cb8fb5a9b69fa5b1b4f2fb60e8b99.txt,data/thermal-1-filtered/train/images/003094_png.rf.b13cb8fb5a9b69fa5b1b4f2fb60e8b99.jpg,512,512,1.0,0.0,88.38,57.27,2369.38
train,IR_BIRD_012_frame73_jpg.rf.a64a325515528b89fcd54988e571987e.txt,data/thermal-1-filtered/train/images/IR_BIRD_012_frame73_jpg.rf.a64a325515528b89fcd54988e571987e.jpg,512,512,1.0,0.0,101.2,46.31,70.42
train,0_0_000100_jpg.rf.41f397090e0678deb5287798e9235368.txt,data/thermal-1-filtered/train/images/0_0_000100_jpg.rf.41f397090e0678deb5287798e9235368.jpg,512,512,1.0,0.0,123.5,46.06,101.75
train,frame661_jpg.rf.cf0938b813e25cc7dfe24e780dbc7ed9.txt,data/thermal-1-filtered/train/images/frame661_jpg.rf.cf0938b813e25cc7dfe24e780dbc7ed9.jpg,512,512,1.0,3.309,53.02,31.97,424.54
train,002839_png.rf.660a2a31b63177172433cce797357334.txt,data/thermal-1-filtered/train/images/002839_png.rf.660a2a31b63177172433cce797357334.jpg,512,512,1.0,0.0,81.49,55.24,255.06
train,002381_png.rf.e98d32801dbe508788dee6f488b84282.txt,data/thermal-1-filtered/train/images/002381_png.rf.e98d32801dbe508788dee6f488b84282.jpg,512,512,1.0,0.0,87.49,54.09,646.24
train,002411_png.rf.f545f63e13b0f6143e85ac0b85ff631f.txt,data/thermal-1-filtered/train/images/002411_png.rf.f545f63e13b0f6143e85ac0b85ff631f.jpg,512,512,1.0,0.0,74.74,50.58,293.76
train,002243_png.rf.a9da55bde5ffed795dd494bb18127c04.txt,data/thermal-1-filtered/train/images/002243_png.rf.a9da55bde5ffed795dd494bb18127c04.jpg,512,512,1.0,0.0,89.66,54.11,940.75
train,003814_png.rf.fc349a59990e3a78d43a592bbeb21803.txt,data/thermal-1-filtered/train/images/003814_png.rf.fc349a59990e3a78d43a592bbeb21803.jpg,512,512,1.0,0.0,96.33,57.77,913.54
train,002269_png.rf.0ccb0bc709630a6cbbf8be6b7c7e487d.txt,data/thermal-1-filtered/train/images/002269_png.rf.0ccb0bc709630a6cbbf8be6b7c7e487d.jpg,512,512,1.0,0.0,92.38,51.98,328.36
train,IR_BIRD_012_frame193_jpg.rf.1ab598bb02d1e53ea6268b0e4b910bd7.txt,data/thermal-1-filtered/train/images/IR_BIRD_012_frame193_jpg.rf.1ab598bb02d1e53ea6268b0e4b910bd7.jpg,512,512,1.0,0.0,99.99,49.31,53.99
train,thermal_tzeelim_014860_jpg.rf.b753dc0312d724e16483e9904e923dee.txt,data/thermal-1-filtered/train/images/thermal_tzeelim_014860_jpg.rf.b753dc0312d724e16483e9904e923dee.jpg,512,512,1.0,0.0,87.53,56.06,492.52
train,0_0_000580_jpg.rf.523f8b6216c0178c401cbf3ff44efd49.txt,data/thermal-1-filtered/train/images/0_0_000580_jpg.rf.523f8b6216c0178c401cbf3ff44efd49.jpg,512,512,1.0,0.0,113.18,59.58,273.77
train,frame380_jpg.rf.6db5c78ee0dd763fbbc34127e97fe9ff.txt,data/thermal-1-filtered/train/images/frame380_jpg.rf.6db5c78ee0dd763fbbc34127e97fe9ff.jpg,512,512,1.0,3.062,82.89,43.71,155.61
train,0_0_000015_jpg.rf.eaf7a197e2b8d5ddc8c605e2bc644428.txt,data/thermal-1-filtered/train/images/0_0_000015_jpg.rf.eaf7a197e2b8d5ddc8c605e2bc644428.jpg,512,512,1.0,0.0,104.29,74.08,206.23
train,IR_BIRD_012_frame171_jpg.rf.cddda005e01b6ca1dd922c642ee8c5f5.txt,data/thermal-1-filtered/train/images/IR_BIRD_012_frame171_jpg.rf.cddda005e01b6ca1dd922c642ee8c5f5.jpg,512,512,1.0,0.0,101.46,49.57,62.4
train,frame495_jpg.rf.125ae498f100d4ad8e528299de03cb13.txt,data/thermal-1-filtered/train/images/frame495_jpg.rf.125ae498f100d4ad8e528299de03cb13.jpg,512,512,1.0,3.172,83.73,37.28,171.46
train,frame486_jpg.rf.1b6fdfa5445bf10303cd37583dbefe22.txt,data/thermal-1-filtered/train/images/frame486_jpg.rf.1b6fdfa5445bf10303cd37583dbefe22.jpg,512,512,1.0,3.305,101.06,35.71,364.61
train,IR_BIRD_012_frame260_jpg.rf.759b374401c04747b7fe325a9e7659bc.txt,data/thermal-1-filtered/train/images/IR_BIRD_012_frame260_jpg.rf.759b374401c04747b7fe325a9e7659bc.jpg,512,512,1.0,0.0,107.87,45.76,107.31
train,IR_BIRD_012_frame140_jpg.rf.2ba1d7fc7be2ab9b7e4e9dd71a0735af.txt,data/thermal-1-filtered/train/images/IR_BIRD_012_frame140_jpg.rf.2ba1d7fc7be2ab9b7e4e9dd71a0735af.jpg,512,512,1.0,0.0,98.97,52.21,83.56
train,002727_png.rf.5d0791a016133b7d3ca49e1803ad4ad5.txt,data/thermal-1-filtered/train/images/002727_png.rf.5d0791a016133b7d3ca49e1803ad4ad5.jpg,512,512,1.0,0.0,82.15,55.36,605.71
train,frame651_jpg.rf.30728f7fd146bb0cd9e738e9703b4cb9.txt,data/thermal-1-filtered/train/images/frame651_jpg.rf.30728f7fd146bb0cd9e738e9703b4cb9.jpg,512,512,1.0,3.328,54.99,32.15,361.31
train,frame449_jpg.rf.1d605322391b8908ec50342e35b06390.txt,data/thermal-1-filtered/train/images/frame449_jpg.rf.1d605322391b8908ec50342e35b06390.jpg,512,512,1.0,3.284,97.04,44.05,572.77
train,IR_BIRD_012_frame166_jpg.rf.4f532144fcd4335c2cbe633155815037.txt,data/thermal-1-filtered/train/images/IR_BIRD_012_frame166_jpg.rf.4f532144fcd4335c2cbe633155815037.jpg,512,512,1.0,0.0,89.8,55.12,72.58
train,frame640_jpg.rf.111709df14a51a0e2ea2fcd91200a7c7.txt,data/thermal-1-filtered/train/images/frame640_jpg.rf.111709df14a51a0e2ea2fcd91200a7c7.jpg,512,512,1.0,3.306,55.71,34.09,431.71
train,000013_png.rf.f899e720c047c1bd5f1308eb999364ec.txt,data/thermal-1-filtered/train/images/000013_png.rf.f899e720c047c1bd5f1308eb999364ec.jpg,512,512,1.0,0.0,74.19,55.01,343.5
train,002822_png.rf.391c1637a7e66d97ad6bd4745eb873cd.txt,data/thermal-1-filtered/train/images/002822_png.rf.391c1637a7e66d97ad6bd4745eb873cd.jpg,512,512,1.0,0.0,82.82,53.06,464.62
train,frame224_jpg.rf.0262665298c2fdaecf06d6889658c046.txt,data/thermal-1-filtered/train/images/frame224_jpg.rf.0262665298c2fdaecf06d6889658c046.jpg,512,512,1.0,3.236,93.17,46.28,384.35
train,003086_png.rf.2a7f4459a0d0601a4698da26d0ed71b8.txt,data/thermal-1-filtered/train/images/003086_png.rf.2a7f4459a0d0601a4698da26d0ed71b8.jpg,512,512,1.0,0.0,81.4,52.81,708.44
train,frame491_jpg.rf.b5ae13ebb5dcaebb3227f729271a6543.txt,data/thermal-1-filtered/train/images/frame491_jpg.rf.b5ae13ebb5dcaebb3227f729271a6543.jpg,512,512,1.0,3.01,73.34,34.46,85.71
train,frame454_jpg.rf.b17039485f8d1309b3f2bee90e19e059.txt,data/thermal-1-filtered/train/images/frame454_jpg.rf.b17039485f8d1309b3f2bee90e19e059.jpg,512,512,1.0,3.295,92.28,36.76,507.75
train,003048_png.rf.04bb7c76c19af0a550e566fa28895a22.txt,data/thermal-1-filtered/train/images/003048_png.rf.04bb7c76c19af0a550e566fa28895a22.jpg,512,512,1.0,0.0,89.48,57.61,2480.83
train,ir_048760_jpg.rf.93f2d5d009d6d408e5628846345fd3e2.txt,data/thermal-1-filtered/train/images/ir_048760_jpg.rf.93f2d5d009d6d408e5628846345fd3e2.jpg,512,512,1.0,0.0,90.2,58.57,2961.3
train,frame324_jpg.rf.02bea4c2cf505302dfc121e8592750ac.txt,data/thermal-1-filtered/train/images/frame324_jpg.rf.02bea4c2cf505302dfc121e8592750ac.jpg,512,512,1.0,3.035,87.56,57.83,111.47
train,ir_3_015040_jpg.rf.6543f9dc25df0ecd2ace1755abdb5d92.txt,data/thermal-1-filtered/train/images/ir_3_015040_jpg.rf.6543f9dc25df0ecd2ace1755abdb5d92.jpg,512,512,1.0,0.0,80.06,55.88,652.41
train,frame648_jpg.rf.cbe02a48135d7a4c5dfc78abe2865fb8.txt,data/thermal-1-filtered/train/images/frame648_jpg.rf.cbe02a48135d7a4c5dfc78abe2865fb8.jpg,512,512,1.0,3.191,48.22,31.24,181.06
train,frame554_jpg.rf.6ff3527e7843f0a3c543d627bdf8f8b6.txt,data/thermal-1-filtered/train/images/frame554_jpg.rf.6ff3527e7843f0a3c543d627bdf8f8b6.jpg,512,512,1.0,3.312,58.79,33.28,416.47
train,003054_png.rf.ee101dad7ebc4a0c51e3f09a237845d1.txt,data/thermal-1-filtered/train/images/003054_png.rf.ee101dad7ebc4a0c51e3f09a237845d1.jpg,512,512,1.0,0.0,88.74,57.88,2582.2
train,002028_png.rf.c7d255808ebe8d3a010b980ce00a49cb.txt,data/thermal-1-filtered/train/images/002028_png.rf.c7d255808ebe8d3a010b980ce00a49cb.jpg,512,512,1.0,0.0,85.86,57.06,1395.82
train,001670_png.rf.cef69ef85b286cfc2a7877bdaee9313f.txt,data/thermal-1-filtered/train/images/001670_png.rf.cef69ef85b286cfc2a7877bdaee9313f.jpg,512,512,1.0,0.0,86.96,53.96,787.62
train,002719_png.rf.25f21917219c80d032cd7dcbef3159c5.txt,data/thermal-1-filtered/train/images/002719_png.rf.25f21917219c80d032cd7dcbef3159c5.jpg,512,512,1.0,0.0,75.74,51.09,257.05
train,img_0111_png.rf.e46703f0b2e02f4a97e235cccb1648a9.txt,data/thermal-1-filtered/train/images/img_0111_png.rf.e46703f0b2e02f4a97e235cccb1648a9.jpg,512,512,1.0,0.0,137.21,35.76,137.74
train,0_0_000065_jpg.rf.240c2587139bede0e26b42dfcf05310c.txt,data/thermal-1-filtered/train/images/0_0_000065_jpg.rf.240c2587139bede0e26b42dfcf05310c.jpg,512,512,1.0,0.0,69.01,69.85,46.84
train,0_0_000039_jpg.rf.f40a7d5cd39c524636b0352d17e5887f.txt,data/thermal-1-filtered/train/images/0_0_000039_jpg.rf.f40a7d5cd39c524636b0352d17e5887f.jpg,512,512,1.0,0.0,93.4,71.86,116.03
train,frame39_jpg.rf.d694ee383b52ac77ea2705ed2d6e5b8c.txt,data/thermal-1-filtered/train/images/frame39_jpg.rf.d694ee383b52ac77ea2705ed2d6e5b8c.jpg,512,512,1.0,2.994,80.15,49.81,152.33
train,frame329_jpg.rf.d67afb00610f29fe9f4300c1e470c46e.txt,data/thermal-1-filtered/train/images/frame329_jpg.rf.d67afb00610f29fe9f4300c1e470c46e.jpg,512,512,1.0,3.05,87.58,55.11,166.78
train,0_0_000204_jpg.rf.18b5d2c7ab0f340b35d171eec4e61a82.txt,data/thermal-1-filtered/train/images/0_0_000204_jpg.rf.18b5d2c7ab0f340b35d171eec4e61a82.jpg,512,512,1.0,0.0,40.77,44.15,88.48
train,frame416_jpg.rf.c744e0f74a9abb2bf80dc019e5a95cff.txt,data/thermal-1-filtered/train/images/frame416_jpg.rf.c744e0f74a9abb2bf80dc019e5a95cff.jpg,512,512,1.0,3.222,87.19,42.87,176.82
train,frame496_jpg.rf.ffc3fa8195e0b37b88f01d0d91f91558.txt,data/thermal-1-filtered/train/images/frame496_jpg.rf.ffc3fa8195e0b37b88f01d0d91f91558.jpg,512,512,1.0,3.271,85.85,34.05,207.89
train,frame623_jpg.rf.a7f921365de1d98172a89f18c72f0095.txt,data/thermal-1-filtered/train/images/frame623_jpg.rf.a7f921365de1d98172a89f18c72f0095.jpg,512,512,1.0,3.01,43.37,28.88,117.41
train,003701_png.rf.744eb288760d2ac13bfa04cf27fb4b2c.txt,data/thermal-1-filtered/train/images/003701_png.rf.744eb288760d2ac13bfa04cf27fb4b2c.jpg,512,512,1.0,0.0,85.21,54.92,832.11
train,002703_png.rf.e59dcdeb773e6741065801603b50aefe.txt,data/thermal-1-filtered/train/images/002703_png.rf.e59dcdeb773e6741065801603b50aefe.jpg,512,512,1.0,0.0,74.36,54.79,319.95
train,002065_png.rf.9fa85c39d7aa296ebdbdf7f44090aced.txt,data/thermal-1-filtered/train/images/002065_png.rf.9fa85c39d7aa296ebdbdf7f44090aced.jpg,512,512,1.0,0.0,75.23,50.43,662.15
train,IR_BIRD_012_frame279_jpg.rf.df4ad2b6e16f1afd37e6d23329a99761.txt,data/thermal-1-filtered/train/images/IR_BIRD_012_frame279_jpg.rf.df4ad2b6e16f1afd37e6d23329a99761.jpg,512,512,1.0,0.0,105.03,51.43,105.56
train,frame374_jpg.rf.851d9b1e2aaa7403efe23f2217f70433.txt,data/thermal-1-filtered/train/images/frame374_jpg.rf.851d9b1e2aaa7403efe23f2217f70433.jpg,512,512,1.0,3.199,83.82,42.25,112.71
train,IR_BIRD_012_frame211_jpg.rf.bf633eefde4f3253c53e6cfe3f94351b.txt,data/thermal-1-filtered/train/images/IR_BIRD_012_frame211_jpg.rf.bf633eefde4f3253c53e6cfe3f94351b.jpg,512,512,1.0,0.0,107.76,46.27,136.24
train,002609_png.rf.43271c76b8e2bcd656308fffbaaf8fa3.txt,data/thermal-1-filtered/train/images/002609_png.rf.43271c76b8e2bcd656308fffbaaf8fa3.jpg,512,512,1.0,0.0,78.53,55.55,696.35
train,002069_png.rf.b4327f310d2210030f888a977209963a.txt,data/thermal-1-filtered/train/images/002069_png.rf.b4327f310d2210030f888a977209963a.jpg,512,512,1.0,0.0,89.42,58.05,3906.57
train,0_0_001478_jpg.rf.6a3d9964d828321af6bf705243921dbb.txt,data/thermal-1-filtered/train/images/0_0_001478_jpg.rf.6a3d9964d828321af6bf705243921dbb.jpg,512,512,1.0,0.0,97.62,61.09,121.61
train,IR_BIRD_012_frame170_jpg.rf.0c798c93064e77495e29ddc7f9026f21.txt,data/thermal-1-filtered/train/images/IR_BIRD_012_frame170_jpg.rf.0c798c93064e77495e29ddc7f9026f21.jpg,512,512,1.0,0.0,99.46,51.17,86.62
train,frame355_jpg.rf.3a361df7da90dfb751064958c04a5a34.txt,data/thermal-1-filtered/train/images/frame355_jpg.rf.3a361df7da90dfb751064958c04a5a34.jpg,512,512,1.0,3.046,84.68,48.8,195.88
train,002740_png.rf.c18322132a6b7542d91d8c453258a12b.txt,data/thermal-1-filtered/train/images/002740_png.rf.c18322132a6b7542d91d8c453258a12b.jpg,512,512,1.0,0.0,84.81,56.44,439.73
train,ir_050540_jpg.rf.a372f90f5459ae0f358a082a12883743.txt,data/thermal-1-filtered/train/images/ir_050540_jpg.rf.a372f90f5459ae0f358a082a12883743.jpg,512,512,1.0,0.0,91.43,60.0,3261.25
train,003044_png.rf.cc1d4278f659a90c4128204c9e8174e4.txt,data/thermal-1-filtered/train/images/003044_png.rf.cc1d4278f659a90c4128204c9e8174e4.jpg,512,512,1.0,0.0,88.19,55.01,916.77
train,ir_3_022090_jpg.rf.a30d3bf1a7e41ff6e180d1b86e234297.txt,data/thermal-1-filtered/train/images/ir_3_022090_jpg.rf.a30d3bf1a7e41ff6e180d1b86e234297.jpg,512,512,1.0,0.0,89.5,54.5,365.81
train,frame31_jpg.rf.c26ed830acf2165c5b52c2546abcf912.txt,data/thermal-1-filtered/train/images/frame31_jpg.rf.c26ed830acf2165c5b52c2546abcf912.jpg,512,512,1.0,3.034,78.54,50.63,134.39
train,frame462_jpg.rf.745da923d4cd0b7c0f9d3f613be6c08f.txt,data/thermal-1-filtered/train/images/frame462_jpg.rf.745da923d4cd0b7c0f9d3f613be6c08f.jpg,512,512,1.0,3.091,92.69,47.28,188.4
train,003055_png.rf.180c78c16579a63beae48675ba363be5.txt,data/thermal-1-filtered/train/images/003055_png.rf.180c78c16579a63beae48675ba363be5.jpg,512,512,1.0,0.0,81.52,56.28,788.29
train,frame524_jpg.rf.61a0a13d747f45cb8bb1ea80996fca63.txt,data/thermal-1-filtered/train/images/frame524_jpg.rf.61a0a13d747f45cb8bb1ea80996fca63.jpg,512,512,1.0,3.062,60.06,30.43,148.52
train,0_0_000029_jpg.rf.f397fea6587c7f9d67476494b636a004.txt,data/thermal-1-filtered/train/images/0_0_000029_jpg.rf.f397fea6587c7f9d67476494b636a004.jpg,512,512,1.0,0.0,105.73,70.7,76.74
train,IR_BIRD_012_frame127_jpg.rf.26ca547de0e2b91a971ccef59881278e.txt,data/thermal-1-filtered/train/images/IR_BIRD_012_frame127_jpg.rf.26ca547de0e2b91a971ccef59881278e.jpg,512,512,1.0,0.0,103.22,49.78,69.95
train,frame604_jpg.rf.003dc381aaf3a928c9525b51f09c441b.txt,data/thermal-1-filtered/train/images/frame604_jpg.rf.003dc381aaf3a928c9525b51f09c441b.jpg,512,512,1.0,3.124,44.58,29.14,121.84
train,frame46_jpg.rf.7906e60963cf353fda7288be51add845.txt,data/thermal-1-filtered/train/images/frame46_jpg.rf.7906e60963cf353fda7288be51add845.jpg,512,512,1.0,3.106,83.93,48.26,172.05
train,003775_png.rf.92c71dd765d2d1ed4ea61754a7e50519.txt,data/thermal-1-filtered/train/images/003775_png.rf.92c71dd765d2d1ed4ea61754a7e50519.jpg,512,512,1.0,0.0,99.14,57.43,803.14
train,002728_png.rf.37306ddab000006e0b07ba153c792381.txt,data/thermal-1-filtered/train/images/002728_png.rf.37306ddab000006e0b07ba153c792381.jpg,512,512,1.0,0.0,71.67,53.62,212.09
train,frame263_jpg.rf.7fb0bcdfa28c4ab006c18cc846e23e96.txt,data/thermal-1-filtered/train/images/frame263_jpg.rf.7fb0bcdfa28c4ab006c18cc846e23e96.jpg,512,512,1.0,3.126,95.93,56.34,660.36
train,IR_BIRD_012_frame174_jpg.rf.0475410f1a9c2f1165414b971e23ecb4.txt,data/thermal-1-filtered/train/images/IR_BIRD_012_frame174_jpg.rf.0475410f1a9c2f1165414b971e23ecb4.jpg,512,512,1.0,0.0,98.22,51.45,81.03
train,002696_png.rf.05218173f90992b93d1843476ef445e7.txt,data/thermal-1-filtered/train/images/002696_png.rf.05218173f90992b93d1843476ef445e7.jpg,512,512,1.0,0.0,75.06,52.72,808.63
train,frame655_jpg.rf.f75d810c4efb892ac855574b23617f8e.txt,data/thermal-1-filtered/train/images/frame655_jpg.rf.f75d810c4efb892ac855574b23617f8e.jpg,512,512,1.0,3.106,48.78,31.06,165.37
train,0_0_000271_jpg.rf.3f2ea74c3a144dc51a8eb2a5e45b3497.txt,data/thermal-1-filtered/train/images/0_0_000271_jpg.rf.3f2ea74c3a144dc51a8eb2a5e45b3497.jpg,512,512,1.0,0.0,59.48,33.0,56.87
train,002025_png.rf.4f3c01fdc53783f6b8fc13579d53596f.txt,data/thermal-1-filtered/train/images/002025_png.rf.4f3c01fdc53783f6b8fc13579d53596f.jpg,512,512,1.0,0.0,87.88,55.88,1313.42
train,frame306_jpg.rf.088c553cad51c2c714534803cbfce420.txt,data/thermal-1-filtered/train/images/frame306_jpg.rf.088c553cad51c2c714534803cbfce420.jpg,512,512,1.0,3.139,96.95,58.46,174.51
train,002348_png.rf.c09d7c9da71376b857fbb652c62f8920.txt,data/thermal-1-filtered/train/images/002348_png.rf.c09d7c9da71376b857fbb652c62f8920.jpg,512,512,1.0,0.0,80.92,52.77,393.97
train,002465_png.rf.8e0b14cb149e3da112f39ef95dc0e968.txt,data/thermal-1-filtered/train/images/002465_png.rf.8e0b14cb149e3da112f39ef95dc0e968.jpg,512,512,1.0,0.0,78.99,50.98,366.09
train,003848_png.rf.2e7207fec8fcfb9addc9e28ead75ac03.txt,data/thermal-1-filtered/train/images/003848_png.rf.2e7207fec8fcfb9addc9e28ead75ac03.jpg,512,512,1.0,0.0,96.91,57.26,1219.53
train,frame577_jpg.rf.b800e4027d9b5df2b89cfa499b8c3807.txt,data/thermal-1-filtered/train/images/frame577_jpg.rf.b800e4027d9b5df2b89cfa499b8c3807.jpg,512,512,1.0,3.269,48.99,29.45,188.69
train,frame641_jpg.rf.d1ee94959246b3c9b4a9e47760aad5bc.txt,data/thermal-1-filtered/train/images/frame641_jpg.rf.d1ee94959246b3c9b4a9e47760aad5bc.jpg,512,512,1.0,3.028,44.29,29.36,165.86
train,IR_BIRD_012_frame56_jpg.rf.1459665e56c115dfc67e1e1a409e3162.txt,data/thermal-1-filtered/train/images/IR_BIRD_012_frame56_jpg.rf.1459665e56c115dfc67e1e1a409e3162.jpg,512,512,1.0,0.0,101.19,46.31,69.85
train,002726_png.rf.18f6556f1503114310831dac6963fafe.txt,data/thermal-1-filtered/train/images/002726_png.rf.18f6556f1503114310831dac6963fafe.jpg,512,512,1.0,0.0,73.1,49.0,174.03
train,IR_BIRD_012_frame253_jpg.rf.7127200da0d3b6865233bcaffd577b3e.txt,data/thermal-1-filtered/train/images/IR_BIRD_012_frame253_jpg.rf.7127200da0d3b6865233bcaffd577b3e.jpg,512,512,1.0,0.0,108.13,45.97,99.03
train,003799_png.rf.3cac93a440c185317908c56990086ecc.txt,data/thermal-1-filtered/train/images/003799_png.rf.3cac93a440c185317908c56990086ecc.jpg,512,512,1.0,0.0,100.19,57.01,246.53
train,IR_BIRD_012_frame38_jpg.rf.c39b382362ba652f5a517c7aa1910b5f.txt,data/thermal-1-filtered/train/images/IR_BIRD_012_frame38_jpg.rf.c39b382362ba652f5a517c7aa1910b5f.jpg,512,512,1.0,0.0,101.18,46.31,69.78
train,003059_png.rf.f8b01a99d14ba7f08b499c4e504446b8.txt,data/thermal-1-filtered/train/images/003059_png.rf.f8b01a99d14ba7f08b499c4e504446b8.jpg,512,512,1.0,0.0,79.79,57.62,821.63
train,0_0_000043_jpg.rf.6ff16481620cba187d00e1a2e617374a.txt,data/thermal-1-filtered/train/images/0_0_000043_jpg.rf.6ff16481620cba187d00e1a2e617374a.jpg,512,512,1.0,0.0,87.21,72.95,110.68
train,002460_png.rf.9e35625e15d812ae5f8d5525c395b6dd.txt,data/thermal-1-filtered/train/images/002460_png.rf.9e35625e15d812ae5f8d5525c395b6dd.jpg,512,512,1.0,0.0,85.48,54.33,1229.61
train,frame601_jpg.rf.d54b6784ac5bb1cc80010b3440c6e40d.txt,data/thermal-1-filtered/train/images/frame601_jpg.rf.d54b6784ac5bb1cc80010b3440c6e40d.jpg,512,512,1.0,3.142,50.8,32.16,211.64
train,003030_png.rf.fe5ce9d643df1f408327930a3efa7f9b.txt,data/thermal-1-filtered/train/images/003030_png.rf.fe5ce9d643df1f408327930a3efa7f9b.jpg,512,512,1.0,0.0,82.3,56.94,925.35
train,frame58_jpg.rf.c928ef2a2b8feba74aa5ae2f7e76db5d.txt,data/thermal-1-filtered/train/images/frame58_jpg.rf.c928ef2a2b8feba74aa5ae2f7e76db5d.jpg,512,512,1.0,3.079,86.76,55.67,148.2
train,frame600_jpg.rf.a861cb72a7ab3aee2085c02783c92e38.txt,data/thermal-1-filtered/train/images/frame600_jpg.rf.a861cb72a7ab3aee2085c02783c92e38.jpg,512,512,1.0,3.298,49.83,29.96,192.33
train,0_0_000509_jpg.rf.5710067ec3f889b88f3c4257b811289d.txt,data/thermal-1-filtered/train/images/0_0_000509_jpg.rf.5710067ec3f889b88f3c4257b811289d.jpg,512,512,1.0,0.0,134.21,69.72,108.84
train,0_0_000079_jpg.rf.6937c7ecfdd1552d5ec9388f2b56e760.txt,data/thermal-1-filtered/train/images/0_0_000079_jpg.rf.6937c7ecfdd1552d5ec9388f2b56e760.jpg,512,512,1.0,0.0,68.02,72.52,133.76
train,frame62_jpg.rf.123df8919a788cd2c251fddbd8e20e3f.txt,data/thermal-1-filtered/train/images/frame62_jpg.rf.123df8919a788cd2c251fddbd8e20e3f.jpg,512,512,1.0,3.017,83.21,53.82,110.25
train,0_0_000407_jpg.rf.2bcd262b7941a1ba442ebbc7b83cbbd3.txt,data/thermal-1-filtered/train/images/0_0_000407_jpg.rf.2bcd262b7941a1ba442ebbc7b83cbbd3.jpg,512,512,1.0,0.0,106.04,74.31,167.3
train,frame700_jpg.rf.3f3301334d68a6a1baaf068c5a7c81e1.txt,data/thermal-1-filtered/train/images/frame700_jpg.rf.3f3301334d68a6a1baaf068c5a7c81e1.jpg,512,512,1.0,3.249,43.66,25.05,116.67
train,002043_png.rf.ebaa9c06cf7bb1242b7d71201fb9c45a.txt,data/thermal-1-filtered/train/images/002043_png.rf.ebaa9c06cf7bb1242b7d71201fb9c45a.jpg,512,512,1.0,0.0,77.52,56.52,1322.25
train,frame386_jpg.rf.65c5aa4d9ac41130e6f5804ca4d4a57f.txt,data/thermal-1-filtered/train/images/frame386_jpg.rf.65c5aa4d9ac41130e6f5804ca4d4a57f.jpg,512,512,1.0,3.288,89.71,37.38,369.21
train,IR_BIRD_012_frame270_jpg.rf.b697ded3a5433765cdd290176ad475b2.txt,data/thermal-1-filtered/train/images/IR_BIRD_012_frame270_jpg.rf.b697ded3a5433765cdd290176ad475b2.jpg,512,512,1.0,0.0,106.15,48.34,99.28
train,003790_png.rf.bc8c83a33638fa638816610ca80396ab.txt,data/thermal-1-filtered/train/images/003790_png.rf.bc8c83a33638fa638816610ca80396ab.jpg,512,512,1.0,0.0,92.03,57.77,174.07
train,002730_png.rf.79fad4e10c658bb9d526ff4eda08d459.txt,data/thermal-1-filtered/train/images/002730_png.rf.79fad4e10c658bb9d526ff4eda08d459.jpg,512,512,1.0,0.0,79.22,55.06,335.45
train,001507_png.rf.a9789319b80bb29bc7c199efb548731b.txt,data/thermal-1-filtered/train/images/001507_png.rf.a9789319b80bb29bc7c199efb548731b.jpg,512,512,1.0,0.0,84.94,53.02,172.08
train,003092_png.rf.4a909432b8d9e580ac67f81bcf25045d.txt,data/thermal-1-filtered/train/images/003092_png.rf.4a909432b8d9e580ac67f81bcf25045d.jpg,512,512,1.0,0.0,88.1,57.04,2300.63
train,002663_png.rf.7a8acf5f3f4bcc29f9bdb006a42be69c.txt,data/thermal-1-filtered/train/images/002663_png.rf.7a8acf5f3f4bcc29f9bdb006a42be69c.jpg,512,512,1.0,0.0,89.66,58.21,2750.59
train,IR_BIRD_012_frame26_jpg.rf.41d0cec8c922fbd90e14d8223b9ba584.txt,data/thermal-1-filtered/train/images/IR_BIRD_012_frame26_jpg.rf.41d0cec8c922fbd90e14d8223b9ba584.jpg,512,512,1.0,0.0,91.41,54.92,63.07
train,frame529_jpg.rf.1dafebece922f6b1b0858f66a9dbbdb0.txt,data/thermal-1-filtered/train/images/frame529_jpg.rf.1dafebece922f6b1b0858f66a9dbbdb0.jpg,512,512,1.0,3.308,65.14,29.29,407.93
train,frame210_jpg.rf.a422d55625ef3325df34404747f600f5.txt,data/thermal-1-filtered/train/images/frame210_jpg.rf.a422d55625ef3325df34404747f600f5.jpg,512,512,1.0,3.109,88.97,47.4,166.1
train,ir_3_015160_jpg.rf.52935fe4c18572bfd5ffb5501823520d.txt,data/thermal-1-filtered/train/images/ir_3_015160_jpg.rf.52935fe4c18572bfd5ffb5501823520d.jpg,512,512,1.0,0.0,91.64,58.68,2941.06
train,002434_png.rf.925112be4b57a9b8a00d9f71bf3db8ca.txt,data/thermal-1-filtered/train/images/002434_png.rf.925112be4b57a9b8a00d9f71bf3db8ca.jpg,512,512,1.0,0.0,89.86,55.16,1316.46
train,frame62_jpg.rf.97d282b037f386019c4bdc4eee01455c.txt,data/thermal-1-filtered/train/images/frame62_jpg.rf.97d282b037f386019c4bdc4eee01455c.jpg,512,512,1.0,3.145,91.47,54.01,626.9
train,003109_png.rf.32ae47f6f10f88b73fb7f965e886eeca.txt,data/thermal-1-filtered/train/images/003109_png.rf.32ae47f6f10f88b73fb7f965e886eeca.jpg,512,512,1.0,0.0,89.2,57.65,2459.78
train,IR_BIRD_012_frame37_jpg.rf.dcc81abcefa98252eed2b14f38641727.txt,data/thermal-1-filtered/train/images/IR_BIRD_012_frame37_jpg.rf.dcc81abcefa98252eed2b14f38641727.jpg,512,512,1.0,0.0,100.46,48.56,77.17
train,IR_BIRD_012_frame26_jpg.rf.8865e755f6a7ae87443bf0fba489bc26.txt,data/thermal-1-filtered/train/images/IR_BIRD_012_frame26_jpg.rf.8865e755f6a7ae87443bf0fba489bc26.jpg,512,512,1.0,0.0,101.18,46.31,69.36
train,003107_png.rf.da260ebdc0e27b94c1579a5b415bc186.txt,data/thermal-1-filtered/train/images/003107_png.rf.da260ebdc0e27b94c1579a5b415bc186.jpg,512,512,1.0,0.0,82.09,56.35,782.01
train,IR_BIRD_012_frame276_jpg.rf.4330f5e4a65acdc3204fe002f4711cec.txt,data/thermal-1-filtered/train/images/IR_BIRD_012_frame276_jpg.rf.4330f5e4a65acdc3204fe002f4711cec.jpg,512,512,1.0,0.0,107.97,45.78,117.89
train,IR_BIRD_012_frame153_jpg.rf.76dda3f742f88e59736a9cf0ad24ea47.txt,data/thermal-1-filtered/train/images/IR_BIRD_012_frame153_jpg.rf.76dda3f742f88e59736a9cf0ad24ea47.jpg,512,512,1.0,0.0,102.8,49.58,70.38
train,frame628_jpg.rf.9dca5b7df65ccf93439ee793dc1a0cb6.txt,data/thermal-1-filtered/train/images/frame628_jpg.rf.9dca5b7df65ccf93439ee793dc1a0cb6.jpg,512,512,1.0,3.046,39.07,25.05,83.25
train,frame327_jpg.rf.a53600588aa4c46928f8a08f12452f46.txt,data/thermal-1-filtered/train/images/frame327_jpg.rf.a53600588aa4c46928f8a08f12452f46.jpg,512,512,1.0,3.28,95.2,52.21,209.11
train,ir_3_028720_jpg.rf.e325d00850b5c1192aac948ef86d90d1.txt,data/thermal-1-filtered/train/images/ir_3_028720_jpg.rf.e325d00850b5c1192aac948ef86d90d1.jpg,512,512,1.0,0.0,78.15,52.88,550.41
train,IR_BIRD_012_frame278_jpg.rf.7cedf506d987de9fc82de4ce92932fc5.txt,data/thermal-1-filtered/train/images/IR_BIRD_012_frame278_jpg.rf.7cedf506d987de9fc82de4ce92932fc5.jpg,512,512,1.0,0.0,100.48,52.73,96.88
train,frame515_jpg.rf.d271229af33c40720c38685b56a2a41d.txt,data/thermal-1-filtered/train/images/frame515_jpg.rf.d271229af33c40720c38685b56a2a41d.jpg,512,512,1.0,3.034,71.75,33.63,159.26
train,frame566_jpg.rf.b393d8da59867a8f25ed4d0e8b108969.txt,data/thermal-1-filtered/train/images/frame566_jpg.rf.b393d8da59867a8f25ed4d0e8b108969.jpg,512,512,1.0,3.303,58.66,33.93,421.03
train,IR_BIRD_012_frame265_jpg.rf.85f52bd7a56892f691dc6252aa5d3f3f.txt,data/thermal-1-filtered/train/images/IR_BIRD_012_frame265_jpg.rf.85f52bd7a56892f691dc6252aa5d3f3f.jpg,512,512,1.0,0.0,98.21,56.27,80.67
train,002689_png.rf.5c571ffd6089f255a69f0967f0ada050.txt,data/thermal-1-filtered/train/images/002689_png.rf.5c571ffd6089f255a69f0967f0ada050.jpg,512,512,1.0,0.0,87.27,56.69,2232.55
train,ir_2_022150_jpg.rf.45ca102f5694337b5c9815e985cd5a42.txt,data/thermal-1-filtered/train/images/ir_2_022150_jpg.rf.45ca102f5694337b5c9815e985cd5a42.jpg,512,512,1.0,0.0,93.86,58.22,2702.39
train,003813_png.rf.5c1e2695ad148221cd85436c3c0bd8da.txt,data/thermal-1-filtered/train/images/003813_png.rf.5c1e2695ad148221cd85436c3c0bd8da.jpg,512,512,1.0,0.0,98.06,57.67,712.65
train,0_0_000032_jpg.rf.1286bb9934bae33a1e20ce78067bc7f5.txt,data/thermal-1-filtered/train/images/0_0_000032_jpg.rf.1286bb9934bae33a1e20ce78067bc7f5.jpg,512,512,1.0,0.0,106.37,69.94,82.06
train,002712_png.rf.cff2b7994bba1b948245da294b7a9f5b.txt,data/thermal-1-filtered/train/images/002712_png.rf.cff2b7994bba1b948245da294b7a9f5b.jpg,512,512,1.0,0.0,83.3,53.36,969.45
train,frame54_jpg.rf.67fc19419ad5ed21cb0e91e20ddbcd1e.txt,data/thermal-1-filtered/train/images/frame54_jpg.rf.67fc19419ad5ed21cb0e91e20ddbcd1e.jpg,512,512,1.0,3.162,93.37,53.76,600.13
train,img_0257_png.rf.4bff777620aefb2bf6a6a04cc37bdebf.txt,data/thermal-1-filtered/train/images/img_0257_png.rf.4bff777620aefb2bf6a6a04cc37bdebf.jpg,512,512,1.0,0.0,118.78,63.61,38.68
train,IR_BIRD_012_frame241_jpg.rf.7090228ef6b9be7bc8391718ce55cfbc.txt,data/thermal-1-filtered/train/images/IR_BIRD_012_frame241_jpg.rf.7090228ef6b9be7bc8391718ce55cfbc.jpg,512,512,1.0,0.0,98.76,57.66,91.18
train,0_0_001478_jpg.rf.f3d2b6323c8f0c68974be0fb7cf535fa.txt,data/thermal-1-filtered/train/images/0_0_001478_jpg.rf.f3d2b6323c8f0c68974be0fb7cf535fa.jpg,512,512,1.0,0.0,101.15,59.88,150.85
train,IR_BIRD_012_frame73_jpg.rf.56542cde6f6b7ef53c4a715679c6eb41.txt,data/thermal-1-filtered/train/images/IR_BIRD_012_frame73_jpg.rf.56542cde6f6b7ef53c4a715679c6eb41.jpg,512,512,1.0,0.0,93.52,53.1,62.27
train,001499_png.rf.ad35ef6e9d6b47b9591e40dfe0effd3d.txt,data/thermal-1-filtered/train/images/001499_png.rf.ad35ef6e9d6b47b9591e40dfe0effd3d.jpg,512,512,1.0,0.0,85.06,54.74,303.0
train,003020_png.rf.4983780bac4990e016c27a68518450a6.txt,data/thermal-1-filtered/train/images/003020_png.rf.4983780bac4990e016c27a68518450a6.jpg,512,512,1.0,0.0,75.4,54.7,597.19
train,001985_png.rf.cc63e6fe40774b72bd8c6c93deb09c85.txt,data/thermal-1-filtered/train/images/001985_png.rf.cc63e6fe40774b72bd8c6c93deb09c85.jpg,512,512,1.0,0.0,91.15,57.42,1964.07
train,002362_png.rf.389a7ea18df2fda70b18ac6ce6b0e214.txt,data/thermal-1-filtered/train/images/002362_png.rf.389a7ea18df2fda70b18ac6ce6b0e214.jpg,512,512,1.0,0.0,75.04,54.14,276.0
train,IR_BIRD_012_frame295_jpg.rf.a3e7fbb7da9ad46cb587809f21e307e1.txt,data/thermal-1-filtered/train/images/IR_BIRD_012_frame295_jpg.rf.a3e7fbb7da9ad46cb587809f21e307e1.jpg,512,512,1.0,0.0,106.11,47.93,108.53
train,002256_png.rf.9ef81c05d0914e5e0c3a3d1401284729.txt,data/thermal-1-filtered/train/images/002256_png.rf.9ef81c05d0914e5e0c3a3d1401284729.jpg,512,512,1.0,0.0,87.01,54.2,252.42
train,frame658_jpg.rf.cd7e49a65396afd412ba4dfa344e00ed.txt,data/thermal-1-filtered/train/images/frame658_jpg.rf.cd7e49a65396afd412ba4dfa344e00ed.jpg,512,512,1.0,3.169,50.14,31.51,182.13
train,002288_png.rf.f8038cd0e28e8f544552ef84bbfd99e8.txt,data/thermal-1-filtered/train/images/002288_png.rf.f8038cd0e28e8f544552ef84bbfd99e8.jpg,512,512,1.0,0.0,79.76,53.17,216.78
train,frame157_jpg.rf.6a16878326eadfcd0e10338f0d1644d3.txt,data/thermal-1-filtered/train/images/frame157_jpg.rf.6a16878326eadfcd0e10338f0d1644d3.jpg,512,512,1.0,3.296,98.75,49.62,418.03
train,IR_BIRD_012_frame11_jpg.rf.72ca3bbbe9b52a01b0fdc336dc2305ad.txt,data/thermal-1-filtered/train/images/IR_BIRD_012_frame11_jpg.rf.72ca3bbbe9b52a01b0fdc336dc2305ad.jpg,512,512,1.0,0.0,95.57,51.43,66.8
train,002384_png.rf.d8895791ecaa93bbfa473353a1c19470.txt,data/thermal-1-filtered/train/images/002384_png.rf.d8895791ecaa93bbfa473353a1c19470.jpg,512,512,1.0,0.0,88.31,53.74,612.69
train,0_0_000008_jpg.rf.6033f7dfd77cd05ed2057a44150d0a09.txt,data/thermal-1-filtered/train/images/0_0_000008_jpg.rf.6033f7dfd77cd05ed2057a44150d0a09.jpg,512,512,1.0,0.0,102.21,56.22,221.37
train,002333_png.rf.5f4d0f3de01ca6a2732a98e845786511.txt,data/thermal-1-filtered/train/images/002333_png.rf.5f4d0f3de01ca6a2732a98e845786511.jpg,512,512,1.0,0.0,83.69,54.74,577.06
train,frame327_jpg.rf.7fbf53ac10c067c7b4079ee78f1c0cd2.txt,data/thermal-1-filtered/train/images/frame327_jpg.rf.7fbf53ac10c067c7b4079ee78f1c0cd2.jpg,512,512,1.0,3.015,84.32,55.43,139.19
train,002741_png.rf.1e105ff25ef7c06813e1018e980b622f.txt,data/thermal-1-filtered/train/images/002741_png.rf.1e105ff25ef7c06813e1018e980b622f.jpg,512,512,1.0,0.0,79.43,52.18,565.52
train,frame452_jpg.rf.24b2fdd7c0f66c57a72c5ce287cde36e.txt,data/thermal-1-filtered/train/images/frame452_jpg.rf.24b2fdd7c0f66c57a72c5ce287cde36e.jpg,512,512,1.0,3.307,94.01,39.37,354.4
train,003057_png.rf.4709b68721c8b5e5d47896351e08259f.txt,data/thermal-1-filtered/train/images/003057_png.rf.4709b68721c8b5e5d47896351e08259f.jpg,512,512,1.0,0.0,89.64,54.76,821.55
train,0_0_000046_jpg.rf.09d28325a96e84bc9975b5e9f6caa7b3.txt,data/thermal-1-filtered/train/images/0_0_000046_jpg.rf.09d28325a96e84bc9975b5e9f6caa7b3.jpg,512,512,1.0,0.0,64.29,67.88,112.56
train,002213_png.rf.60321fb349dc3d696f040af18ae867bb.txt,data/thermal-1-filtered/train/images/002213_png.rf.60321fb349dc3d696f040af18ae867bb.jpg,512,512,1.0,0.0,86.11,52.35,569.33
train,frame345_jpg.rf.2a0c1daaf591e3cb76ce3d5f2c57b984.txt,data/thermal-1-filtered/train/images/frame345_jpg.rf.2a0c1daaf591e3cb76ce3d5f2c57b984.jpg,512,512,1.0,3.26,103.73,43.19,347.93
train,2022-06-27-113-_png_png.rf.9ac2237a2a76ebb51ad6e2e36d27eeb8.txt,data/thermal-1-filtered/train/images/2022-06-27-113-_png_png.rf.9ac2237a2a76ebb51ad6e2e36d27eeb8.jpg,512,512,1.0,0.0,119.59,40.1,105.7
train,002293_png.rf.f1eb4961ab2cb8b150407049858ddf7e.txt,data/thermal-1-filtered/train/images/002293_png.rf.f1eb4961ab2cb8b150407049858ddf7e.jpg,512,512,1.0,0.0,89.41,54.4,469.23
train,002415_png.rf.0d5d9fc717600e8dbec9b9611abbb75c.txt,data/thermal-1-filtered/train/images/002415_png.rf.0d5d9fc717600e8dbec9b9611abbb75c.jpg,512,512,1.0,0.0,79.14,56.11,598.3
train,ir_3_015050_jpg.rf.a6bc67c3725011bfb07cb1743c7cb55b.txt,data/thermal-1-filtered/train/images/ir_3_015050_jpg.rf.a6bc67c3725011bfb07cb1743c7cb55b.jpg,512,512,1.0,0.0,77.2,52.76,615.59
train,frame43_jpg.rf.76405d87d30cc4b9e5415e938a3729c4.txt,data/thermal-1-filtered/train/images/frame43_jpg.rf.76405d87d30cc4b9e5415e938a3729c4.jpg,512,512,1.0,3.071,82.35,47.51,136.5
train,thermal_tzeelim_014860_jpg.rf.66e73d9ddfa0a9ff32da01191cb2e3f4.txt,data/thermal-1-filtered/train/images/thermal_tzeelim_014860_jpg.rf.66e73d9ddfa0a9ff32da01191cb2e3f4.jpg,512,512,1.0,0.0,80.62,56.39,494.72
train,002128_png.rf.44f1cd54feb6a4f1b5472d9840ba8856.txt,data/thermal-1-filtered/train/images/002128_png.rf.44f1cd54feb6a4f1b5472d9840ba8856.jpg,512,512,1.0,0.0,82.88,54.57,1279.51
train,0_0_000046_jpg.rf.a371bc536adcbfade69d5779a93fb9ae.txt,data/thermal-1-filtered/train/images/0_0_000046_jpg.rf.a371bc536adcbfade69d5779a93fb9ae.jpg,512,512,1.0,0.0,73.57,70.12,109.5
train,002209_png.rf.3f0fd9ad610b3a3a17a197550fdc9097.txt,data/thermal-1-filtered/train/images/002209_png.rf.3f0fd9ad610b3a3a17a197550fdc9097.jpg,512,512,1.0,0.0,82.64,53.49,580.6
train,frame139_jpg.rf.be520aeb1c5d0c8e0068b35d1ed4dec1.txt,data/thermal-1-filtered/train/images/frame139_jpg.rf.be520aeb1c5d0c8e0068b35d1ed4dec1.jpg,512,512,1.0,3.271,95.65,50.53,187.69
train,ir_3_015040_jpg.rf.f7ccacda86943beb6908eeac700831c0.txt,data/thermal-1-filtered/train/images/ir_3_015040_jpg.rf.f7ccacda86943beb6908eeac700831c0.jpg,512,512,1.0,0.0,85.66,54.47,656.99
train,002838_png.rf.604d5a14abc8e98d11e8e60617b41ced.txt,data/thermal-1-filtered/train/images/002838_png.rf.604d5a14abc8e98d11e8e60617b41ced.jpg,512,512,1.0,0.0,72.63,51.1,236.77
train,002806_png.rf.4327830d9d9a4730e094a16747e3aa8f.txt,data/thermal-1-filtered/train/images/002806_png.rf.4327830d9d9a4730e094a16747e3aa8f.jpg,512,512,1.0,0.0,84.76,55.57,489.88
train,ir_2_020230_jpg.rf.0f6fcec81a72cd89a3a6f1c9db6fb0d4.txt,data/thermal-1-filtered/train/images/ir_2_020230_jpg.rf.0f6fcec81a72cd89a3a6f1c9db6fb0d4.jpg,512,512,1.0,0.0,99.2,61.24,2789.17
train,frame670_jpg.rf.1b4490e41445afba923322c0e939590e.txt,data/thermal-1-filtered/train/images/frame670_jpg.rf.1b4490e41445afba923322c0e939590e.jpg,512,512,1.0,3.026,39.35,25.15,106.79
train,frame348_jpg.rf.ab402231e7c1cd5c7e6e6318f2b363e0.txt,data/thermal-1-filtered/train/images/frame348_jpg.rf.ab402231e7c1cd5c7e6e6318f2b363e0.jpg,512,512,1.0,3.218,98.56,43.0,476.25
train,002946_png.rf.6a5cac9d35c41fcbc4d4e672ae21bdba.txt,data/thermal-1-filtered/train/images/002946_png.rf.6a5cac9d35c41fcbc4d4e672ae21bdba.jpg,512,512,1.0,0.0,81.94,57.2,1007.37
train,0_0_000022_jpg.rf.e7135611ce8d3af851ce560faa4a9c42.txt,data/thermal-1-filtered/train/images/0_0_000022_jpg.rf.e7135611ce8d3af851ce560faa4a9c42.jpg,512,512,1.0,0.0,102.94,73.64,114.21
train,001985_png.rf.5f31214236a3c6269c92873cd85a3f79.txt,data/thermal-1-filtered/train/images/001985_png.rf.5f31214236a3c6269c92873cd85a3f79.jpg,512,512,1.0,0.0,86.45,56.11,743.89
train,frame575_jpg.rf.e785432f09e2479d21ce95aa65fc6adc.txt,data/thermal-1-filtered/train/images/frame575_jpg.rf.e785432f09e2479d21ce95aa65fc6adc.jpg,512,512,1.0,3.304,58.07,34.21,420.62
train,002047_png.rf.26f8ad3fbdefeedf49afe3d7c857380d.txt,data/thermal-1-filtered/train/images/002047_png.rf.26f8ad3fbdefeedf49afe3d7c857380d.jpg,512,512,1.0,0.0,88.67,58.87,4397.45
train,002331_png.rf.74119dae6f84fc859361850ad8ed9d5c.txt,data/thermal-1-filtered/train/images/002331_png.rf.74119dae6f84fc859361850ad8ed9d5c.jpg,512,512,1.0,0.0,73.16,52.01,424.68
train,frame37_jpg.rf.f5783adffd47fdd96b890c44587e25ec.txt,data/thermal-1-filtered/train/images/frame37_jpg.rf.f5783adffd47fdd96b890c44587e25ec.jpg,512,512,1.0,3.209,88.44,49.7,494.62
train,002693_png.rf.f667301cc5ed043660f0efdbeb47199a.txt,data/thermal-1-filtered/train/images/002693_png.rf.f667301cc5ed043660f0efdbeb47199a.jpg,512,512,1.0,0.0,87.01,56.26,2132.47
train,003814_png.rf.9666a6e375cd85f340b3bc22f28f2260.txt,data/thermal-1-filtered/train/images/003814_png.rf.9666a6e375cd85f340b3bc22f28f2260.jpg,512,512,1.0,0.0,88.21,56.22,339.0
train,frame112_jpg.rf.17bd48cb0d3cd173688af03ca1821335.txt,data/thermal-1-filtered/train/images/frame112_jpg.rf.17bd48cb0d3cd173688af03ca1821335.jpg,512,512,1.0,3.219,89.49,53.49,272.92
train,002022_png.rf.45f39b3c47da1134b44f0c20d1999caf.txt,data/thermal-1-filtered/train/images/002022_png.rf.45f39b3c47da1134b44f0c20d1999caf.jpg,512,512,1.0,0.0,78.72,54.53,809.04
train,003017_png.rf.66a65f3d01487b11ff3438911f023068.txt,data/thermal-1-filtered/train/images/003017_png.rf.66a65f3d01487b11ff3438911f023068.jpg,512,512,1.0,0.0,82.01,56.05,677.69
train,frame126_jpg.rf.6eec0e96e5e25fad9c5df0b864e6c812.txt,data/thermal-1-filtered/train/images/frame126_jpg.rf.6eec0e96e5e25fad9c5df0b864e6c812.jpg,512,512,1.0,3.059,89.88,58.93,176.98
train,003771_png.rf.2e3d60e57b101be7fe4b5d28cf23369c.txt,data/thermal-1-filtered/train/images/003771_png.rf.2e3d60e57b101be7fe4b5d28cf23369c.jpg,512,512,1.0,0.0,90.14,56.76,297.29
train,IR_BIRD_012_frame175_jpg.rf.62ef65fc609ba195b874dcca5cf1ea8f.txt,data/thermal-1-filtered/train/images/IR_BIRD_012_frame175_jpg.rf.62ef65fc609ba195b874dcca5cf1ea8f.jpg,512,512,1.0,0.0,101.09,49.54,62.53
train,frame391_jpg.rf.90fd86ab6a2f8c19f0679ee8968bfac0.txt,data/thermal-1-filtered/train/images/frame391_jpg.rf.90fd86ab6a2f8c19f0679ee8968bfac0.jpg,512,512,1.0,2.973,81.39,44.96,105.66
train,img_0257_png.rf.f4f079cf7fd294c7d1b1e4907c779331.txt,data/thermal-1-filtered/train/images/img_0257_png.rf.f4f079cf7fd294c7d1b1e4907c779331.jpg,512,512,1.0,0.0,111.68,68.43,97.26
train,002767_png.rf.27b30d0351e847ffe06b7f09464ce67e.txt,data/thermal-1-filtered/train/images/002767_png.rf.27b30d0351e847ffe06b7f09464ce67e.jpg,512,512,1.0,0.0,78.35,54.54,401.63
train,003839_png.rf.7c61ca8f91c191dd7550459ef19d754a.txt,data/thermal-1-filtered/train/images/003839_png.rf.7c61ca8f91c191dd7550459ef19d754a.jpg,512,512,1.0,0.0,95.73,56.2,475.39
train,frame615_jpg.rf.9312b0b0bf015eb2ec24ad015274fd36.txt,data/thermal-1-filtered/train/images/frame615_jpg.rf.9312b0b0bf015eb2ec24ad015274fd36.jpg,512,512,1.0,3.311,56.51,34.01,434.9
train,003026_png.rf.1afe4a0315a4dd1dd33e7fa3116cff08.txt,data/thermal-1-filtered/train/images/003026_png.rf.1afe4a0315a4dd1dd33e7fa3116cff08.jpg,512,512,1.0,0.0,80.92,53.43,826.9
train,002401_png.rf.41f74a4c677ba8c557a3abcbf4a05d84.txt,data/thermal-1-filtered/train/images/002401_png.rf.41f74a4c677ba8c557a3abcbf4a05d84.jpg,512,512,1.0,0.0,75.95,50.62,346.54
train,frame524_jpg.rf.29bed5a7298f08deb47b89572c9bf0c6.txt,data/thermal-1-filtered/train/images/frame524_jpg.rf.29bed5a7298f08deb47b89572c9bf0c6.jpg,512,512,1.0,3.087,55.04,26.22,111.19
train,IR_BIRD_012_frame287_jpg.rf.d31a5f3bf04b8f771f36c285016be264.txt,data/thermal-1-filtered/train/images/IR_BIRD_012_frame287_jpg.rf.d31a5f3bf04b8f771f36c285016be264.jpg,512,512,1.0,0.0,99.15,56.46,87.31
train,ir_3_016660_jpg.rf.7fbf2156444f64a6e7c3e4a49209a778.txt,data/thermal-1-filtered/train/images/ir_3_016660_jpg.rf.7fbf2156444f64a6e7c3e4a49209a778.jpg,512,512,1.0,0.0,85.4,54.85,718.25
train,IR_BIRD_012_frame242_jpg.rf.8cd6a036b9b5171cbd1d6bdb0c2263cb.txt,data/thermal-1-filtered/train/images/IR_BIRD_012_frame242_jpg.rf.8cd6a036b9b5171cbd1d6bdb0c2263cb.jpg,512,512,1.0,0.0,107.82,46.16,89.5
train,IR_BIRD_012_frame197_jpg.rf.b8bad1b413bb6807922cc692b0f36e16.txt,data/thermal-1-filtered/train/images/IR_BIRD_012_frame197_jpg.rf.b8bad1b413bb6807922cc692b0f36e16.jpg,512,512,1.0,0.0,87.33,49.45,64.75
train,0_0_000106_jpg.rf.2985b076d1c64e8f8619d9a455a1ff9a.txt,data/thermal-1-filtered/train/images/0_0_000106_jpg.rf.2985b076d1c64e8f8619d9a455a1ff9a.jpg,512,512,1.0,0.0,126.87,48.33,28.22
train,002203_png.rf.abdaab8bb91f0848ec685d1887306f06.txt,data/thermal-1-filtered/train/images/002203_png.rf.abdaab8bb91f0848ec685d1887306f06.jpg,512,512,1.0,0.0,83.58,57.29,667.65
train,003853_png.rf.e55edd44227c02ceca832406ea9d2682.txt,data/thermal-1-filtered/train/images/003853_png.rf.e55edd44227c02ceca832406ea9d2682.jpg,512,512,1.0,0.0,93.14,55.3,427.66
train,ir_2_022150_jpg.rf.59ee6ce7f9360965b3da4db782783f18.txt,data/thermal-1-filtered/train/images/ir_2_022150_jpg.rf.59ee6ce7f9360965b3da4db782783f18.jpg,512,512,1.0,0.0,92.41,55.81,985.89
train,003765_png.rf.9c4a2fe1347cbc393f151dcc062ea029.txt,data/thermal-1-filtered/train/images/003765_png.rf.9c4a2fe1347cbc393f151dcc062ea029.jpg,512,512,1.0,0.0,85.9,52.29,268.71
train,frame172_jpg.rf.05f86c418daa4b60072857833f81ca03.txt,data/thermal-1-filtered/train/images/frame172_jpg.rf.05f86c418daa4b60072857833f81ca03.jpg,512,512,1.0,3.26,94.67,47.79,415.6
train,002333_png.rf.6d7623c62463ae7b4c4da931374abe60.txt,data/thermal-1-filtered/train/images/002333_png.rf.6d7623c62463ae7b4c4da931374abe60.jpg,512,512,1.0,0.0,82.63,53.89,564.34
train,003907_png.rf.3d4c8103b87bf65ce8bcb04eee8e0107.txt,data/thermal-1-filtered/train/images/003907_png.rf.3d4c8103b87bf65ce8bcb04eee8e0107.jpg,512,512,1.0,0.0,90.49,55.72,1819.83
train,002506_png.rf.0b35ba55467aeba215c524cb292117f8.txt,data/thermal-1-filtered/train/images/002506_png.rf.0b35ba55467aeba215c524cb292117f8.jpg,512,512,1.0,0.0,85.1,53.95,1493.42
train,002463_png.rf.bac4e8524f7b3587308ecff2006cd97d.txt,data/thermal-1-filtered/train/images/002463_png.rf.bac4e8524f7b3587308ecff2006cd97d.jpg,512,512,1.0,0.0,85.23,54.05,1239.16
train,ir_2_028720_jpg.rf.913ae49ee57f22902a9cb44c92934e4e.txt,data/thermal-1-filtered/train/images/ir_2_028720_jpg.rf.913ae49ee57f22902a9cb44c92934e4e.jpg,512,512,1.0,0.0,84.1,59.18,2010.25
train,frame66_jpg.rf.f83eb151a3c37f2373100e69cbdc539c.txt,data/thermal-1-filtered/train/images/frame66_jpg.rf.f83eb151a3c37f2373100e69cbdc539c.jpg,512,512,1.0,3.164,89.2,51.44,164.26
train,0_0_000024_jpg.rf.ba0fcb534f028f6d64167db31c31fcb0.txt,data/thermal-1-filtered/train/images/0_0_000024_jpg.rf.ba0fcb534f028f6d64167db31c31fcb0.jpg,512,512,1.0,0.0,97.52,74.25,117.64
train,frame546_jpg.rf.acb762181672dcfbf4b0820e534746b9.txt,data/thermal-1-filtered/train/images/frame546_jpg.rf.acb762181672dcfbf4b0820e534746b9.jpg,512,512,1.0,3.029,48.82,29.61,160.77
train,002429_png.rf.1b00de56915c43eb5a2222242ea858fb.txt,data/thermal-1-filtered/train/images/002429_png.rf.1b00de56915c43eb5a2222242ea858fb.jpg,512,512,1.0,0.0,91.68,55.91,1168.72
train,001668_png.rf.42012e49fed967f56e1e2450a6956ea1.txt,data/thermal-1-filtered/train/images/001668_png.rf.42012e49fed967f56e1e2450a6956ea1.jpg,512,512,1.0,0.0,88.96,57.83,2699.6
train,frame234_jpg.rf.2ad8744728b5e19fbc0cbb2a48266531.txt,data/thermal-1-filtered/train/images/frame234_jpg.rf.2ad8744728b5e19fbc0cbb2a48266531.jpg,512,512,1.0,3.134,94.93,48.93,471.84
train,002026_png.rf.274fe80ad4e9ca4d1c62e0cc78300e2b.txt,data/thermal-1-filtered/train/images/002026_png.rf.274fe80ad4e9ca4d1c62e0cc78300e2b.jpg,512,512,1.0,0.0,83.22,57.59,1211.6
train,003692_png.rf.5958511a0669e0baef09d9683000313e.txt,data/thermal-1-filtered/train/images/003692_png.rf.5958511a0669e0baef09d9683000313e.jpg,512,512,1.0,0.0,89.17,56.46,2708.99
train,002164_png.rf.b14fd3c8b365ea2a75aaec45f2edbda1.txt,data/thermal-1-filtered/train/images/002164_png.rf.b14fd3c8b365ea2a75aaec45f2edbda1.jpg,512,512,1.0,0.0,88.87,58.28,3749.76
train,002204_png.rf.e58af8fea8da0e86e0ea881b015c4e46.txt,data/thermal-1-filtered/train/images/002204_png.rf.e58af8fea8da0e86e0ea881b015c4e46.jpg,512,512,1.0,0.0,80.58,56.92,665.05
train,frame233_jpg.rf.f52bca31310b7c2a32d0125dc1b69358.txt,data/thermal-1-filtered/train/images/frame233_jpg.rf.f52bca31310b7c2a32d0125dc1b69358.jpg,512,512,1.0,3.143,95.15,48.41,478.77
train,003085_png.rf.07658eeb9368b95b8c4349358fc629fc.txt,data/thermal-1-filtered/train/images/003085_png.rf.07658eeb9368b95b8c4349358fc629fc.jpg,512,512,1.0,0.0,89.38,57.96,2564.5
train,000003_png.rf.8097a56230834f265b596dcf562b75bc.txt,data/thermal-1-filtered/train/images/000003_png.rf.8097a56230834f265b596dcf562b75bc.jpg,512,512,1.0,0.0,87.48,58.58,435.95
train,0_0_000187_jpg.rf.6e41f97e2fb654be423ada560c021937.txt,data/thermal-1-filtered/train/images/0_0_000187_jpg.rf.6e41f97e2fb654be423ada560c021937.jpg,512,512,1.0,0.0,59.63,34.83,59.47
train,frame342_jpg.rf.f80ff80db8a86b830fc280f1f3c9e8eb.txt,data/thermal-1-filtered/train/images/frame342_jpg.rf.f80ff80db8a86b830fc280f1f3c9e8eb.jpg,512,512,1.0,3.282,105.79,47.01,184.31
train,frame177_jpg.rf.125b46c03b60a58a9a93b2472b087e53.txt,data/thermal-1-filtered/train/images/frame177_jpg.rf.125b46c03b60a58a9a93b2472b087e53.jpg,512,512,1.0,3.058,87.55,50.99,147.44
train,0_0_000091_jpg.rf.a1d4786e67b74c06aa352904a1f98cda.txt,data/thermal-1-filtered/train/images/0_0_000091_jpg.rf.a1d4786e67b74c06aa352904a1f98cda.jpg,512,512,1.0,0.0,122.37,61.02,386.59
train,frame0_jpg.rf.7ef2c3878a0e23ba0ff91226cc897d19.txt,data/thermal-1-filtered/train/images/frame0_jpg.rf.7ef2c3878a0e23ba0ff91226cc897d19.jpg,512,512,1.0,2.966,62.25,43.37,84.48
train,frame11_jpg.rf.67919c25831f0016bbaa3db3f485b3c0.txt,data/thermal-1-filtered/train/images/frame11_jpg.rf.67919c25831f0016bbaa3db3f485b3c0.jpg,512,512,1.0,2.976,68.19,48.51,168.27
train,frame164_jpg.rf.2b903fb2c800f1786b4dd97f352bade3.txt,data/thermal-1-filtered/train/images/frame164_jpg.rf.2b903fb2c800f1786b4dd97f352bade3.jpg,512,512,1.0,3.158,85.14,51.6,145.02
train,002830_png.rf.633ab3736d22a8c4a8ded1befb6fb234.txt,data/thermal-1-filtered/train/images/002830_png.rf.633ab3736d22a8c4a8ded1befb6fb234.jpg,512,512,1.0,0.0,75.19,51.05,268.39
train,002271_png.rf.87a90bce101b234d076ebfef447c9788.txt,data/thermal-1-filtered/train/images/002271_png.rf.87a90bce101b234d076ebfef447c9788.jpg,512,512,1.0,0.0,88.75,54.68,631.02
train,frame325_jpg.rf.4a9d0e528fe36d71a15d2d18606929a3.txt,data/thermal-1-filtered/train/images/frame325_jpg.rf.4a9d0e528fe36d71a15d2d18606929a3.jpg,512,512,1.0,3.206,94.93,55.35,178.32
train,frame153_jpg.rf.3414551ca0f2cd834dd7af7ed2f2dad4.txt,data/thermal-1-filtered/train/images/frame153_jpg.rf.3414551ca0f2cd834dd7af7ed2f2dad4.jpg,512,512,1.0,3.073,89.07,53.98,183.17
train,frame125_jpg.rf.9da81bf837460990b7e0f6b206afa8f2.txt,data/thermal-1-filtered/train/images/frame125_jpg.rf.9da81bf837460990b7e0f6b206afa8f2.jpg,512,512,1.0,3.259,99.43,56.73,717.87
train,002769_png.rf.b6f77e4b91ac2fb7b3d9307c2addf776.txt,data/thermal-1-filtered/train/images/002769_png.rf.b6f77e4b91ac2fb7b3d9307c2addf776.jpg,512,512,1.0,0.0,86.94,52.65,517.79
train,0_0_000067_jpg.rf.114e19ab039f04ebeed97195faad0e18.txt,data/thermal-1-filtered/train/images/0_0_000067_jpg.rf.114e19ab039f04ebeed97195faad0e18.jpg,512,512,1.0,0.0,113.27,66.98,207.46
train,002810_png.rf.699a6690a555d3e312fa752a41078347.txt,data/thermal-1-filtered/train/images/002810_png.rf.699a6690a555d3e312fa752a41078347.jpg,512,512,1.0,0.0,82.15,48.8,216.64
train,0_0_000060_jpg.rf.0ccb2008c7fd1b91bd922bfd48c4c3a2.txt,data/thermal-1-filtered/train/images/0_0_000060_jpg.rf.0ccb2008c7fd1b91bd922bfd48c4c3a2.jpg,512,512,1.0,0.0,118.05,60.91,115.24
train,002506_png.rf.b6fabd6e82e39dc6bc707f2a0d1a0cb4.txt,data/thermal-1-filtered/train/images/002506_png.rf.b6fabd6e82e39dc6bc707f2a0d1a0cb4.jpg,512,512,1.0,0.0,75.77,50.95,449.27
train,0_0_000104_jpg.rf.d58c94dde8c416259bdde1433b1dbc95.txt,data/thermal-1-filtered/train/images/0_0_000104_jpg.rf.d58c94dde8c416259bdde1433b1dbc95.jpg,512,512,1.0,0.0,118.09,49.73,88.98
train,frame509_jpg.rf.7253f367163b28de5c8faee1998171e9.txt,data/thermal-1-filtered/train/images/frame509_jpg.rf.7253f367163b28de5c8faee1998171e9.jpg,512,512,1.0,3.329,81.58,27.36,455.66
train,002349_png.rf.666fd1c9431484c784b0199f505de81c.txt,data/thermal-1-filtered/train/images/002349_png.rf.666fd1c9431484c784b0199f505de81c.jpg,512,512,1.0,0.0,71.63,49.4,265.68
train,003768_png.rf.180748b9013f01451377b69b6f969d5c.txt,data/thermal-1-filtered/train/images/003768_png.rf.180748b9013f01451377b69b6f969d5c.jpg,512,512,1.0,0.0,83.29,54.73,259.87
train,003085_png.rf.83bf7a8dbc88dcc0974b27c3569891f0.txt,data/thermal-1-filtered/train/images/003085_png.rf.83bf7a8dbc88dcc0974b27c3569891f0.jpg,512,512,1.0,0.0,79.99,51.2,680.25
train,002439_png.rf.23bb6b1dc2c3aadc3be280c0ac43212e.txt,data/thermal-1-filtered/train/images/002439_png.rf.23bb6b1dc2c3aadc3be280c0ac43212e.jpg,512,512,1.0,0.0,86.64,54.46,1417.79
train,002340_png.rf.3500a21f1bbba77f839fcbf9ce7e34dd.txt,data/thermal-1-filtered/train/images/002340_png.rf.3500a21f1bbba77f839fcbf9ce7e34dd.jpg,512,512,1.0,0.0,83.78,55.06,464.7
train,003702_png.rf.b03b4c2daf5fc650fef872a1781430ef.txt,data/thermal-1-filtered/train/images/003702_png.rf.b03b4c2daf5fc650fef872a1781430ef.jpg,512,512,1.0,0.0,88.98,56.19,2755.48
train,0_0_001186_jpg.rf.e64755a155cfb849cbb6c6743f75a4e5.txt,data/thermal-1-filtered/train/images/0_0_001186_jpg.rf.e64755a155cfb849cbb6c6743f75a4e5.jpg,512,512,1.0,0.0,119.86,55.71,285.81
train,002550_png.rf.0a9122560542b53a169e2c73a6887ecd.txt,data/thermal-1-filtered/train/images/002550_png.rf.0a9122560542b53a169e2c73a6887ecd.jpg,512,512,1.0,0.0,89.58,54.27,511.18
train,002257_png.rf.b11cce7664c613502adf4c19d976b5e1.txt,data/thermal-1-filtered/train/images/002257_png.rf.b11cce7664c613502adf4c19d976b5e1.jpg,512,512,1.0,0.0,80.78,55.17,226.58
train,frame635_jpg.rf.6b7061697b26c9de2d46d554af75b558.txt,data/thermal-1-filtered/train/images/frame635_jpg.rf.6b7061697b26c9de2d46d554af75b558.jpg,512,512,1.0,3.018,40.43,26.88,100.28
train,000008_png.rf.4504027c91d52f1c3b273195b79d529d.txt,data/thermal-1-filtered/train/images/000008_png.rf.4504027c91d52f1c3b273195b79d529d.jpg,512,512,1.0,0.0,93.25,60.0,486.56
train,0_0_000065_jpg.rf.c4172722fcb3af2914ddc6052bffd52a.txt,data/thermal-1-filtered/train/images/0_0_000065_jpg.rf.c4172722fcb3af2914ddc6052bffd52a.jpg,512,512,1.0,0.0,60.23,66.38,68.41
train,002323_png.rf.34e26c167bc10a7fdde7268964b7f329.txt,data/thermal-1-filtered/train/images/002323_png.rf.34e26c167bc10a7fdde7268964b7f329.jpg,512,512,1.0,0.0,78.65,56.14,628.34
train,002294_png.rf.813ee0752e5d67c60110eced7f1a40c9.txt,data/thermal-1-filtered/train/images/002294_png.rf.813ee0752e5d67c60110eced7f1a40c9.jpg,512,512,1.0,0.0,94.15,52.04,842.0
train,002044_png.rf.075f74f21edb4446c49d130693be4854.txt,data/thermal-1-filtered/train/images/002044_png.rf.075f74f21edb4446c49d130693be4854.jpg,512,512,1.0,0.0,82.43,56.4,1457.55
train,ir_3_028680_jpg.rf.da3a0749023a94c19ef3915e651a7356.txt,data/thermal-1-filtered/train/images/ir_3_028680_jpg.rf.da3a0749023a94c19ef3915e651a7356.jpg,512,512,1.0,0.0,83.48,54.51,865.13
train,0_0_000240_jpg.rf.aca9816a659b2cdd90f5f01469221268.txt,data/thermal-1-filtered/train/images/0_0_000240_jpg.rf.aca9816a659b2cdd90f5f01469221268.jpg,512,512,1.0,0.0,37.98,39.38,51.18
train,IR_BIRD_012_frame1_jpg.rf.048f2bc97819aa3e5f8f04f6b8b177a8.txt,data/thermal-1-filtered/train/images/IR_BIRD_012_frame1_jpg.rf.048f2bc97819aa3e5f8f04f6b8b177a8.jpg,512,512,1.0,0.0,101.17,46.31,69.42
train,IR_BIRD_012_frame105_jpg.rf.95b6a26270bfcc9822cab0e84438175b.txt,data/thermal-1-filtered/train/images/IR_BIRD_012_frame105_jpg.rf.95b6a26270bfcc9822cab0e84438175b.jpg,512,512,1.0,0.0,101.91,50.67,100.69
train,frame185_jpg.rf.5c9a43f40d96efb236ee6639c1eaf234.txt,data/thermal-1-filtered/train/images/frame185_jpg.rf.5c9a43f40d96efb236ee6639c1eaf234.jpg,512,512,1.0,3.21,90.41,46.77,124.79
train,frame492_jpg.rf.2cc699c98a7bda203097881fd6906ad6.txt,data/thermal-1-filtered/train/images/frame492_jpg.rf.2cc699c98a7bda203097881fd6906ad6.jpg,512,512,1.0,3.01,74.58,38.92,112.09
train,IR_BIRD_012_frame8_jpg.rf.f6a7d0761948e4243ca762ee6b848121.txt,data/thermal-1-filtered/train/images/IR_BIRD_012_frame8_jpg.rf.f6a7d0761948e4243ca762ee6b848121.jpg,512,512,1.0,0.0,96.36,52.41,71.83
train,0_0_000047_jpg.rf.8268ff0cf8d3d1266b9b1ba0c087b4c9.txt,data/thermal-1-filtered/train/images/0_0_000047_jpg.rf.8268ff0cf8d3d1266b9b1ba0c087b4c9.jpg,512,512,1.0,0.0,62.66,66.69,105.46
train,IR_BIRD_012_frame136_jpg.rf.7890d810347aceeb31777e80c06a68ba.txt,data/thermal-1-filtered/train/images/IR_BIRD_012_frame136_jpg.rf.7890d810347aceeb31777e80c06a68ba.jpg,512,512,1.0,0.0,90.22,53.54,89.27
train,ir_3_016340_jpg.rf.796c6e76fd5721583732d28190cabea8.txt,data/thermal-1-filtered/train/images/ir_3_016340_jpg.rf.796c6e76fd5721583732d28190cabea8.jpg,512,512,1.0,0.0,79.38,57.65,1269.4
train,0_0_000018_jpg.rf.3672f4daf137ad0c2863cb30cba28bc0.txt,data/thermal-1-filtered/train/images/0_0_000018_jpg.rf.3672f4daf137ad0c2863cb30cba28bc0.jpg,512,512,1.0,0.0,96.72,75.72,125.61
train,frame359_jpg.rf.e036100ec54d7128f8eb848408784b85.txt,data/thermal-1-filtered/train/images/frame359_jpg.rf.e036100ec54d7128f8eb848408784b85.jpg,512,512,1.0,3.179,86.61,45.34,147.44
train,ir_3_021970_jpg.rf.563412abb4146b6d47eab949cf70cba1.txt,data/thermal-1-filtered/train/images/ir_3_021970_jpg.rf.563412abb4146b6d47eab949cf70cba1.jpg,512,512,1.0,0.0,80.41,55.47,551.55
train,003791_png.rf.76466e834638deb322a50fc0edb1d090.txt,data/thermal-1-filtered/train/images/003791_png.rf.76466e834638deb322a50fc0edb1d090.jpg,512,512,1.0,0.0,98.29,54.45,237.23
train,003023_png.rf.81bc62c805fabcab20228a719ecef922.txt,data/thermal-1-filtered/train/images/003023_png.rf.81bc62c805fabcab20228a719ecef922.jpg,512,512,1.0,0.0,92.55,58.32,2897.31
train,0_0_000351_jpg.rf.3c678b320622ccc6a40702a3d50876cc.txt,data/thermal-1-filtered/train/images/0_0_000351_jpg.rf.3c678b320622ccc6a40702a3d50876cc.jpg,512,512,1.0,0.0,78.72,72.74,91.62
train,002305_png.rf.69e6ce4300431cde0f66d71df3de34e4.txt,data/thermal-1-filtered/train/images/002305_png.rf.69e6ce4300431cde0f66d71df3de34e4.jpg,512,512,1.0,0.0,83.2,55.05,713.7
train,frame333_jpg.rf.c43124635c5f3c2dca80bbe9cc049b89.txt,data/thermal-1-filtered/train/images/frame333_jpg.rf.c43124635c5f3c2dca80bbe9cc049b89.jpg,512,512,1.0,2.983,88.83,59.47,107.65
train,IR_BIRD_012_frame288_jpg.rf.892b97be1cdb9b692f44f8890078e28c.txt,data/thermal-1-filtered/train/images/IR_BIRD_012_frame288_jpg.rf.892b97be1cdb9b692f44f8890078e28c.jpg,512,512,1.0,0.0,107.93,45.75,123.27
train,frame550_jpg.rf.00fbdfea8712f77a01840b5d2927278c.txt,data/thermal-1-filtered/train/images/frame550_jpg.rf.00fbdfea8712f77a01840b5d2927278c.jpg,512,512,1.0,3.196,50.0,27.26,109.31
train,frame427_jpg.rf.d4008904cca2394a7e3611c4eeddfc59.txt,data/thermal-1-filtered/train/images/frame427_jpg.rf.d4008904cca2394a7e3611c4eeddfc59.jpg,512,512,1.0,3.26,88.56,44.33,508.94
train,002790_png.rf.053f1d744ac56a22150be6d799376c5b.txt,data/thermal-1-filtered/train/images/002790_png.rf.053f1d744ac56a22150be6d799376c5b.jpg,512,512,1.0,0.0,91.08,57.41,1396.43
train,0_0_000105_jpg.rf.fdf1e4a78f944d6aaa604a6a22759550.txt,data/thermal-1-filtered/train/images/0_0_000105_jpg.rf.fdf1e4a78f944d6aaa604a6a22759550.jpg,512,512,1.0,0.0,122.13,51.04,88.02
train,002817_png.rf.a15d64d9a110ff4e8c4d1eddee315f9b.txt,data/thermal-1-filtered/train/images/002817_png.rf.a15d64d9a110ff4e8c4d1eddee315f9b.jpg,512,512,1.0,0.0,103.66,56.06,327.28
train,frame282_jpg.rf.249b3ad53e4ab08cb7762e0c1a517bcf.txt,data/thermal-1-filtered/train/images/frame282_jpg.rf.249b3ad53e4ab08cb7762e0c1a517bcf.jpg,512,512,1.0,3.237,99.61,58.37,558.52
train,frame547_jpg.rf.3d0233887f6bc25560286c0c2b1db491.txt,data/thermal-1-filtered/train/images/frame547_jpg.rf.3d0233887f6bc25560286c0c2b1db491.jpg,512,512,1.0,3.044,51.14,30.7,158.53
train,002513_png.rf.0946fb4462089b545acad2b248b53f43.txt,data/thermal-1-filtered/train/images/002513_png.rf.0946fb4462089b545acad2b248b53f43.jpg,512,512,1.0,0.0,77.3,54.58,580.6
train,001669_png.rf.fcc6f3c7b41d2b7beb17f3f0855cd055.txt,data/thermal-1-filtered/train/images/001669_png.rf.fcc6f3c7b41d2b7beb17f3f0855cd055.jpg,512,512,1.0,0.0,88.96,57.79,2405.48
train,frame238_jpg.rf.ba9f1e85240bdae4e814befca670c54a.txt,data/thermal-1-filtered/train/images/frame238_jpg.rf.ba9f1e85240bdae4e814befca670c54a.jpg,512,512,1.0,3.131,96.26,50.41,426.73
train,frame549_jpg.rf.20af35f3c54a7597e4ffb5d0217cd208.txt,data/thermal-1-filtered/train/images/frame549_jpg.rf.20af35f3c54a7597e4ffb5d0217cd208.jpg,512,512,1.0,3.302,59.79,33.02,405.85
train,002024_png.rf.c5553f13bf075ce3ad62519bc1d82f3c.txt,data/thermal-1-filtered/train/images/002024_png.rf.c5553f13bf075ce3ad62519bc1d82f3c.jpg,512,512,1.0,0.0,81.13,55.92,963.46
train,003051_png.rf.cab271fadc1d62da6f8dced8e7062308.txt,data/thermal-1-filtered/train/images/003051_png.rf.cab271fadc1d62da6f8dced8e7062308.jpg,512,512,1.0,0.0,88.68,55.98,858.0
train,002458_png.rf.6516aa8a5a9478d3d0ab150dde7d7110.txt,data/thermal-1-filtered/train/images/002458_png.rf.6516aa8a5a9478d3d0ab150dde7d7110.jpg,512,512,1.0,0.0,74.26,51.86,353.6
train,0_0_000202_jpg.rf.23046eb5175ca9402d894ec6b76ad9bc.txt,data/thermal-1-filtered/train/images/0_0_000202_jpg.rf.23046eb5175ca9402d894ec6b76ad9bc.jpg,512,512,1.0,0.0,80.36,43.39,30.84
train,img_0384_png.rf.891c5c324bb6442da89fc10cc57713ac.txt,data/thermal-1-filtered/train/images/img_0384_png.rf.891c5c324bb6442da89fc10cc57713ac.jpg,512,512,1.0,0.0,114.45,39.18,81.93
train,frame331_jpg.rf.52fa723639d5a9fac85fdc567b48e304.txt,data/thermal-1-filtered/train/images/frame331_jpg.rf.52fa723639d5a9fac85fdc567b48e304.jpg,512,512,1.0,3.287,99.21,53.13,526.23
train,ir_3_016340_jpg.rf.9c87fa1634b8228b4fa3701a63380b31.txt,data/thermal-1-filtered/train/images/ir_3_016340_jpg.rf.9c87fa1634b8228b4fa3701a63380b31.jpg,512,512,1.0,0.0,86.2,60.47,3799.75
train,002276_png.rf.785ab8949aaf25a0a392c8365762a8be.txt,data/thermal-1-filtered/train/images/002276_png.rf.785ab8949aaf25a0a392c8365762a8be.jpg,512,512,1.0,0.0,72.55,50.34,109.96
train,frame52_jpg.rf.6cfe6163b6bf43e9aa222bd85cbfb142.txt,data/thermal-1-filtered/train/images/frame52_jpg.rf.6cfe6163b6bf43e9aa222bd85cbfb142.jpg,512,512,1.0,2.954,84.59,55.55,216.44
train,frame212_jpg.rf.ae9e3d3be088ce3586ef408c999a6298.txt,data/thermal-1-filtered/train/images/frame212_jpg.rf.ae9e3d3be088ce3586ef408c999a6298.jpg,512,512,1.0,3.01,85.48,49.8,109.32
train,0_0_000346_jpg.rf.981b02afe6421511c94f1ed4fb7e64fb.txt,data/thermal-1-filtered/train/images/0_0_000346_jpg.rf.981b02afe6421511c94f1ed4fb7e64fb.jpg,512,512,1.0,0.0,72.7,71.4,79.6
train,003050_png.rf.4325b76edca428a95d55a4f3cc3d9454.txt,data/thermal-1-filtered/train/images/003050_png.rf.4325b76edca428a95d55a4f3cc3d9454.jpg,512,512,1.0,0.0,90.34,57.72,1990.41
train,003819_png.rf.a6b0cd973106db2ce18a1ed6506ea9e1.txt,data/thermal-1-filtered/train/images/003819_png.rf.a6b0cd973106db2ce18a1ed6506ea9e1.jpg,512,512,1.0,0.0,89.92,55.88,425.27
train,frame235_jpg.rf.f0cc440ad26b9d704ff99496b49960ea.txt,data/thermal-1-filtered/train/images/frame235_jpg.rf.f0cc440ad26b9d704ff99496b49960ea.jpg,512,512,1.0,3.0,90.51,52.32,196.18
train,002354_png.rf.fbe096167f8194cb47f8ea2fd424968f.txt,data/thermal-1-filtered/train/images/002354_png.rf.fbe096167f8194cb47f8ea2fd424968f.jpg,512,512,1.0,0.0,88.3,55.75,1266.88
train,003734_png.rf.25ad4d2dddb4ac86cd51a1f00d25ecdc.txt,data/thermal-1-filtered/train/images/003734_png.rf.25ad4d2dddb4ac86cd51a1f00d25ecdc.jpg,512,512,1.0,0.0,90.26,54.18,1907.09
train,002819_png.rf.b4d43906c00d3c1accd44ec210143059.txt,data/thermal-1-filtered/train/images/002819_png.rf.b4d43906c00d3c1accd44ec210143059.jpg,512,512,1.0,0.0,80.12,55.48,397.23
train,ir_2_018310_jpg.rf.45312fcd74b80213a22267623caa39e7.txt,data/thermal-1-filtered/train/images/ir_2_018310_jpg.rf.45312fcd74b80213a22267623caa39e7.jpg,512,512,1.0,0.0,98.5,58.28,2042.17
train,frame529_jpg.rf.6b378330893b4c4b715796a41e0ca4bb.txt,data/thermal-1-filtered/train/images/frame529_jpg.rf.6b378330893b4c4b715796a41e0ca4bb.jpg,512,512,1.0,3.01,52.77,27.46,115.65
train,frame196_jpg.rf.87843ac0a631ed35d049b28063e18a75.txt,data/thermal-1-filtered/train/images/frame196_jpg.rf.87843ac0a631ed35d049b28063e18a75.jpg,512,512,1.0,2.978,84.45,49.25,135.75
train,ir_3_016510_jpg.rf.803842649252777f662deb80b3c3562b.txt,data/thermal-1-filtered/train/images/ir_3_016510_jpg.rf.803842649252777f662deb80b3c3562b.jpg,512,512,1.0,0.0,89.79,60.21,2959.96
train,003793_png.rf.9da03e915f71cb4a53f748cbabf22ca9.txt,data/thermal-1-filtered/train/images/003793_png.rf.9da03e915f71cb4a53f748cbabf22ca9.jpg,512,512,1.0,0.0,98.18,54.11,193.18
train,1179_png.rf.d5df1757fae7c5974f6c4f00a727a8b2.txt,data/thermal-1-filtered/train/images/1179_png.rf.d5df1757fae7c5974f6c4f00a727a8b2.jpg,512,512,1.0,0.0,92.52,39.28,82.55
train,frame387_jpg.rf.54a9cd5d594d3a0fa4d9f6464dc8008f.txt,data/thermal-1-filtered/train/images/frame387_jpg.rf.54a9cd5d594d3a0fa4d9f6464dc8008f.jpg,512,512,1.0,3.29,88.93,38.68,381.03
train,IR_BIRD_012_frame30_jpg.rf.ea35776d0c6716783b66b32e0eb6e62d.txt,data/thermal-1-filtered/train/images/IR_BIRD_012_frame30_jpg.rf.ea35776d0c6716783b66b32e0eb6e62d.jpg,512,512,1.0,0.0,101.18,46.31,69.47
train,frame530_jpg.rf.7bbb437540e2c0faaaaa6a458f12d57c.txt,data/thermal-1-filtered/train/images/frame530_jpg.rf.7bbb437540e2c0faaaaa6a458f12d57c.jpg,512,512,1.0,3.124,57.54,29.07,156.84
train,002810_png.rf.7089348cf5dcebf3333c8f89962dda18.txt,data/thermal-1-filtered/train/images/002810_png.rf.7089348cf5dcebf3333c8f89962dda18.jpg,512,512,1.0,0.0,75.52,51.95,213.69
train,IR_BIRD_012_frame179_jpg.rf.f1aa1221d92d22c97bc1200df429993c.txt,data/thermal-1-filtered/train/images/IR_BIRD_012_frame179_jpg.rf.f1aa1221d92d22c97bc1200df429993c.jpg,512,512,1.0,0.0,94.67,53.38,74.29
train,IR_BIRD_012_frame196_jpg.rf.a7b11d82df4d6052e0af239134e1414e.txt,data/thermal-1-filtered/train/images/IR_BIRD_012_frame196_jpg.rf.a7b11d82df4d6052e0af239134e1414e.jpg,512,512,1.0,0.0,99.71,49.23,50.14
train,002796_png.rf.69a317e0b2a336c866d41757a7489f87.txt,data/thermal-1-filtered/train/images/002796_png.rf.69a317e0b2a336c866d41757a7489f87.jpg,512,512,1.0,0.0,83.92,58.29,717.08
train,frame295_jpg.rf.db39cb5dbb156d261d219fbfbcf33d11.txt,data/thermal-1-filtered/train/images/frame295_jpg.rf.db39cb5dbb156d261d219fbfbcf33d11.jpg,512,512,1.0,3.265,101.24,55.03,552.0
train,frame294_jpg.rf.e8e998060b5d7e419aefb2a075f01488.txt,data/thermal-1-filtered/train/images/frame294_jpg.rf.e8e998060b5d7e419aefb2a075f01488.jpg,512,512,1.0,3.264,101.21,55.02,551.41
train,IR_BIRD_012_frame253_jpg.rf.17c4c6b150d58e2ac1fab9759b00eab9.txt,data/thermal-1-filtered/train/images/IR_BIRD_012_frame253_jpg.rf.17c4c6b150d58e2ac1fab9759b00eab9.jpg,512,512,1.0,0.0,102.6,54.11,89.26
train,frame227_jpg.rf.2945a90d9df04f07525d5e78d4c779db.txt,data/thermal-1-filtered/train/images/frame227_jpg.rf.2945a90d9df04f07525d5e78d4c779db.jpg,512,512,1.0,3.165,90.53,48.15,177.68
train,0_0_000351_jpg.rf.265a988c047bb224305df2d6626ec52a.txt,data/thermal-1-filtered/train/images/0_0_000351_jpg.rf.265a988c047bb224305df2d6626ec52a.jpg,512,512,1.0,0.0,77.45,73.74,38.02
train,001793_png.rf.734589665957f3a0810c45d864d09bf6.txt,data/thermal-1-filtered/train/images/001793_png.rf.734589665957f3a0810c45d864d09bf6.jpg,512,512,1.0,0.0,90.0,56.06,1594.84
train,IR_BIRD_012_frame118_jpg.rf.9b79f01501658060258f96a3010b95a8.txt,data/thermal-1-filtered/train/images/IR_BIRD_012_frame118_jpg.rf.9b79f01501658060258f96a3010b95a8.jpg,512,512,1.0,0.0,97.57,54.59,76.38
train,frame146_jpg.rf.a1b908223cf842b8c55d9b3954def646.txt,data/thermal-1-filtered/train/images/frame146_jpg.rf.a1b908223cf842b8c55d9b3954def646.jpg,512,512,1.0,3.276,97.65,50.43,226.82
train,002329_png.rf.3fcef6242d534eff3f5a4bb1f449bbae.txt,data/thermal-1-filtered/train/images/002329_png.rf.3fcef6242d534eff3f5a4bb1f449bbae.jpg,512,512,1.0,0.0,89.29,56.94,2011.46
train,002808_png.rf.0333d6c58fe46220dfaeb98f24dad737.txt,data/thermal-1-filtered/train/images/002808_png.rf.0333d6c58fe46220dfaeb98f24dad737.jpg,512,512,1.0,0.0,78.92,54.31,251.92
train,frame667_jpg.rf.c596c90d10c918ea9529c6c08478e255.txt,data/thermal-1-filtered/train/images/frame667_jpg.rf.c596c90d10c918ea9529c6c08478e255.jpg,512,512,1.0,3.044,41.55,27.28,156.91
train,frame47_jpg.rf.81d80aedcd3a4cc0959dc3d21bd8bfb1.txt,data/thermal-1-filtered/train/images/frame47_jpg.rf.81d80aedcd3a4cc0959dc3d21bd8bfb1.jpg,512,512,1.0,2.908,78.74,51.35,152.33
train,003544_png.rf.0ac531a2388d74dd3e8235b75d062a6f.txt,data/thermal-1-filtered/train/images/003544_png.rf.0ac531a2388d74dd3e8235b75d062a6f.jpg,512,512,1.0,0.0,83.97,55.65,970.67
train,ir_2_023870_jpg.rf.cee0998ea404418c2f1d421c7612e9af.txt,data/thermal-1-filtered/train/images/ir_2_023870_jpg.rf.cee0998ea404418c2f1d421c7612e9af.jpg,512,512,1.0,0.0,72.08,51.16,160.8
train,002026_png.rf.f226a2f25b224b661e3bed428a5fc2c9.txt,data/thermal-1-filtered/train/images/002026_png.rf.f226a2f25b224b661e3bed428a5fc2c9.jpg,512,512,1.0,0.0,84.4,55.95,1183.5
train,frame452_jpg.rf.4cdf6d41e0292ac1550cdc7ea53650be.txt,data/thermal-1-filtered/train/images/frame452_jpg.rf.4cdf6d41e0292ac1550cdc7ea53650be.jpg,512,512,1.0,3.08,86.54,43.95,138.25
train,IR_BIRD_012_frame178_jpg.rf.0618d0e2dab56ff7ade30ab78a25865b.txt,data/thermal-1-filtered/train/images/IR_BIRD_012_frame178_jpg.rf.0618d0e2dab56ff7ade30ab78a25865b.jpg,512,512,1.0,0.0,91.49,51.31,78.93
train,003723_png.rf.2103f75d29cff71ffe2995711f398827.txt,data/thermal-1-filtered/train/images/003723_png.rf.2103f75d29cff71ffe2995711f398827.jpg,512,512,1.0,0.0,81.5,53.73,643.78
train,0_0_001076_jpg.rf.076128c31861351e1740832e56c3f6f8.txt,data/thermal-1-filtered/train/images/0_0_001076_jpg.rf.076128c31861351e1740832e56c3f6f8.jpg,512,512,1.0,0.0,121.27,69.87,76.62
train,003770_png.rf.bbfa3064b26bbde2a7b998177d9ffd14.txt,data/thermal-1-filtered/train/images/003770_png.rf.bbfa3064b26bbde2a7b998177d9ffd14.jpg,512,512,1.0,0.0,96.9,55.73,926.07
train,002018_png.rf.8cae9c47c43f25f12635e389c3934dad.txt,data/thermal-1-filtered/train/images/002018_png.rf.8cae9c47c43f25f12635e389c3934dad.jpg,512,512,1.0,0.0,89.81,58.11,2662.55
train,002440_png.rf.014034ffe82346a36a24905996cfd738.txt,data/thermal-1-filtered/train/images/002440_png.rf.014034ffe82346a36a24905996cfd738.jpg,512,512,1.0,0.0,85.55,54.03,1436.11
train,frame297_jpg.rf.0ac14cb4d531ea4c912a3573119ab5f1.txt,data/thermal-1-filtered/train/images/frame297_jpg.rf.0ac14cb4d531ea4c912a3573119ab5f1.jpg,512,512,1.0,3.073,84.86,51.29,167.83
train,002017_png.rf.2bb6eaf6d7f86bc0c2881f43beb6a443.txt,data/thermal-1-filtered/train/images/002017_png.rf.2bb6eaf6d7f86bc0c2881f43beb6a443.jpg,512,512,1.0,0.0,90.13,58.38,2403.92
train,frame58_jpg.rf.d445130b3a0423080893e79c2066787f.txt,data/thermal-1-filtered/train/images/frame58_jpg.rf.d445130b3a0423080893e79c2066787f.jpg,512,512,1.0,2.954,86.67,59.01,205.36
train,002432_png.rf.2ab602370e98f09eda045873395156a4.txt,data/thermal-1-filtered/train/images/002432_png.rf.2ab602370e98f09eda045873395156a4.jpg,512,512,1.0,0.0,81.14,55.29,413.68
train,thermal_tzeelim_021410_jpg.rf.e97c7ff3b36db00fdaaa6209c61644cb.txt,data/thermal-1-filtered/train/images/thermal_tzeelim_021410_jpg.rf.e97c7ff3b36db00fdaaa6209c61644cb.jpg,512,512,1.0,0.0,91.88,60.31,1730.84
train,frame568_jpg.rf.92d16e4031cd41e1a2b14902d5a6cc61.txt,data/thermal-1-filtered/train/images/frame568_jpg.rf.92d16e4031cd41e1a2b14902d5a6cc61.jpg,512,512,1.0,3.304,58.68,33.91,421.1
train,frame676_jpg.rf.7d818343c45685013752dd54cde53b5a.txt,data/thermal-1-filtered/train/images/frame676_jpg.rf.7d818343c45685013752dd54cde53b5a.jpg,512,512,1.0,3.17,41.78,25.97,174.33
train,frame640_jpg.rf.4fb96c5037f391be5f0e0ddee9a647a6.txt,data/thermal-1-filtered/train/images/frame640_jpg.rf.4fb96c5037f391be5f0e0ddee9a647a6.jpg,512,512,1.0,3.274,48.02,29.58,197.09
train,003792_png.rf.381ddbbdbd54c30691e182422fcce2b8.txt,data/thermal-1-filtered/train/images/003792_png.rf.381ddbbdbd54c30691e182422fcce2b8.jpg,512,512,1.0,0.0,101.13,58.81,509.98
train,thermal_tzeelim_021760_jpg.rf.73fc0edd7566f52f0ebf5e93a1202837.txt,data/thermal-1-filtered/train/images/thermal_tzeelim_021760_jpg.rf.73fc0edd7566f52f0ebf5e93a1202837.jpg,512,512,1.0,0.0,93.78,59.05,608.94
train,ir_3_028680_jpg.rf.29456ba16fc28ec9bb4ac4d1e5c83738.txt,data/thermal-1-filtered/train/images/ir_3_028680_jpg.rf.29456ba16fc28ec9bb4ac4d1e5c83738.jpg,512,512,1.0,0.0,76.77,53.92,357.35
train,002471_png.rf.530138efd597192954476f1f668b5f11.txt,data/thermal-1-filtered/train/images/002471_png.rf.530138efd597192954476f1f668b5f11.jpg,512,512,1.0,0.0,86.04,54.92,1385.91
train,IR_BIRD_012_frame170_jpg.rf.99594b4f55de976e4932b056b856fc05.txt,data/thermal-1-filtered/train/images/IR_BIRD_012_frame170_jpg.rf.99594b4f55de976e4932b056b856fc05.jpg,512,512,1.0,0.0,101.67,49.49,62.61
train,003743_png.rf.e0a55b344ead7d0fe6644445b0419727.txt,data/thermal-1-filtered/train/images/003743_png.rf.e0a55b344ead7d0fe6644445b0419727.jpg,512,512,1.0,0.0,88.67,52.18,480.01
train,003797_png.rf.227ae7d301bd7b036c96b06ea21dbfb1.txt,data/thermal-1-filtered/train/images/003797_png.rf.227ae7d301bd7b036c96b06ea21dbfb1.jpg,512,512,1.0,0.0,91.94,57.37,156.68
train,IR_BIRD_012_frame152_jpg.rf.4e9e60f33077c12e70743d8e8b25a0d1.txt,data/thermal-1-filtered/train/images/IR_BIRD_012_frame152_jpg.rf.4e9e60f33077c12e70743d8e8b25a0d1.jpg,512,512,1.0,0.0,94.41,53.82,85.76
train,003027_png.rf.f6a6939bb58649a7b0b83b05f013b0be.txt,data/thermal-1-filtered/train/images/003027_png.rf.f6a6939bb58649a7b0b83b05f013b0be.jpg,512,512,1.0,0.0,80.94,52.3,834.41
train,frame264_jpg.rf.af3235628d830ed3318641bfc8e7d7f4.txt,data/thermal-1-filtered/train/images/frame264_jpg.rf.af3235628d830ed3318641bfc8e7d7f4.jpg,512,512,1.0,3.121,95.03,56.19,664.21
train,IR_BIRD_012_frame100_jpg.rf.74d9e1e11e1020d34a40e80e0324fa2a.txt,data/thermal-1-filtered/train/images/IR_BIRD_012_frame100_jpg.rf.74d9e1e11e1020d34a40e80e0324fa2a.jpg,512,512,1.0,0.0,103.69,49.54,67.67
train,IR_BIRD_012_frame178_jpg.rf.9d24b5734b653e70c378ff3f2a40064b.txt,data/thermal-1-filtered/train/images/IR_BIRD_012_frame178_jpg.rf.9d24b5734b653e70c378ff3f2a40064b.jpg,512,512,1.0,0.0,101.23,49.53,60.36
train,003790_png.rf.9b7f467225813414c40835a37d67160b.txt,data/thermal-1-filtered/train/images/003790_png.rf.9b7f467225813414c40835a37d67160b.jpg,512,512,1.0,0.0,101.3,58.46,522.43
train,000006_png.rf.950380319758e24f7add6572be9abee9.txt,data/thermal-1-filtered/train/images/000006_png.rf.950380319758e24f7add6572be9abee9.jpg,512,512,1.0,0.0,81.74,58.34,325.98
train,002046_png.rf.228bde627114df1baa88b436d171af5b.txt,data/thermal-1-filtered/train/images/002046_png.rf.228bde627114df1baa88b436d171af5b.jpg,512,512,1.0,0.0,88.19,58.86,4602.34
train,frame616_jpg.rf.c1b8e456d2e3318d44edddcc9508dfa6.txt,data/thermal-1-filtered/train/images/frame616_jpg.rf.c1b8e456d2e3318d44edddcc9508dfa6.jpg,512,512,1.0,3.311,56.54,34.06,436.68
train,frame490_jpg.rf.97fe161bad7bdd0f96f7e563c426f4e5.txt,data/thermal-1-filtered/train/images/frame490_jpg.rf.97fe161bad7bdd0f96f7e563c426f4e5.jpg,512,512,1.0,3.3,93.27,38.0,365.03
train,002058_png.rf.3f20f2de297d47bd728869406bf59fb6.txt,data/thermal-1-filtered/train/images/002058_png.rf.3f20f2de297d47bd728869406bf59fb6.jpg,512,512,1.0,0.0,71.63,51.4,1130.35
train,IR_BIRD_012_frame3_jpg.rf.ccd71e666f42c5bf958c112ce5bf9edd.txt,data/thermal-1-filtered/train/images/IR_BIRD_012_frame3_jpg.rf.ccd71e666f42c5bf958c112ce5bf9edd.jpg,512,512,1.0,0.0,97.84,49.16,79.69
train,frame504_jpg.rf.b98762db64834d6dcd056f0bc65f1730.txt,data/thermal-1-filtered/train/images/frame504_jpg.rf.b98762db64834d6dcd056f0bc65f1730.jpg,512,512,1.0,3.195,79.24,35.49,147.95
train,002351_png.rf.0004a0363d55adc1e1452d9a26ebcecd.txt,data/thermal-1-filtered/train/images/002351_png.rf.0004a0363d55adc1e1452d9a26ebcecd.jpg,512,512,1.0,0.0,80.21,50.52,358.71
train,frame572_jpg.rf.5653f04906b1ca28360db2487e7a9509.txt,data/thermal-1-filtered/train/images/frame572_jpg.rf.5653f04906b1ca28360db2487e7a9509.jpg,512,512,1.0,3.108,44.88,28.06,101.5
train,IR_BIRD_012_frame217_jpg.rf.32b77d2252b7810117e065c547cb6c55.txt,data/thermal-1-filtered/train/images/IR_BIRD_012_frame217_jpg.rf.32b77d2252b7810117e065c547cb6c55.jpg,512,512,1.0,0.0,104.46,51.85,113.42
train,IR_BIRD_012_frame42_jpg.rf.9b8644d8fbd5c060a720aa3eaed5a5eb.txt,data/thermal-1-filtered/train/images/IR_BIRD_012_frame42_jpg.rf.9b8644d8fbd5c060a720aa3eaed5a5eb.jpg,512,512,1.0,0.0,98.72,50.89,70.01
train,001498_png.rf.1e08770045f017123fa08c04a96e402c.txt,data/thermal-1-filtered/train/images/001498_png.rf.1e08770045f017123fa08c04a96e402c.jpg,512,512,1.0,0.0,83.89,55.06,266.56
train,IR_BIRD_012_frame165_jpg.rf.7935b403a4c565a572dc27bc0404cd81.txt,data/thermal-1-filtered/train/images/IR_BIRD_012_frame165_jpg.rf.7935b403a4c565a572dc27bc0404cd81.jpg,512,512,1.0,0.0,102.1,49.37,66.21
train,frame539_jpg.rf.1922ba5db97cb6326595879b30b6aebb.txt,data/thermal-1-filtered/train/images/frame539_jpg.rf.1922ba5db97cb6326595879b30b6aebb.jpg,512,512,1.0,3.313,62.56,32.56,402.39
train,frame299_jpg.rf.e3c92af02f51e89b0f0e4022368dd669.txt,data/thermal-1-filtered/train/images/frame299_jpg.rf.e3c92af02f51e89b0f0e4022368dd669.jpg,512,512,1.0,3.132,90.19,53.58,160.62
train,0_0_000230_jpg.rf.5e304952b011fb61ef176cc2a62c4446.txt,data/thermal-1-filtered/train/images/0_0_000230_jpg.rf.5e304952b011fb61ef176cc2a62c4446.jpg,512,512,1.0,0.0,46.16,41.78,41.56
train,ir_2_018310_jpg.rf.a50ebc26a3ee548cf50998d78492dd63.txt,data/thermal-1-filtered/train/images/ir_2_018310_jpg.rf.a50ebc26a3ee548cf50998d78492dd63.jpg,512,512,1.0,0.0,88.98,59.65,1001.73
train,frame351_jpg.rf.9156dac1ed1c11589d5f66a05cd952c9.txt,data/thermal-1-filtered/train/images/frame351_jpg.rf.9156dac1ed1c11589d5f66a05cd952c9.jpg,512,512,1.0,3.203,94.51,44.76,583.75
train,002728_png.rf.8fdb0a258f9466a77a5ddaca3e73363f.txt,data/thermal-1-filtered/train/images/002728_png.rf.8fdb0a258f9466a77a5ddaca3e73363f.jpg,512,512,1.0,0.0,82.27,55.44,621.96
train,002128_png.rf.77ed6f3b4ee1756bbdcf8adc51400e91.txt,data/thermal-1-filtered/train/images/002128_png.rf.77ed6f3b4ee1756bbdcf8adc51400e91.jpg,512,512,1.0,0.0,84.4,56.87,1460.62
train,frame476_jpg.rf.dfe63849b1310f13af6d25ad96bf88c2.txt,data/thermal-1-filtered/train/images/frame476_jpg.rf.dfe63849b1310f13af6d25ad96bf88c2.jpg,512,512,1.0,3.006,90.43,46.3,142.41
train,frame340_jpg.rf.af9f38ad096872937d9e6125941bae3c.txt,data/thermal-1-filtered/train/images/frame340_jpg.rf.af9f38ad096872937d9e6125941bae3c.jpg,512,512,1.0,3.275,103.24,47.39,438.94
train,002731_png.rf.859e3aeb24918d71f0903f2b87bb1aa0.txt,data/thermal-1-filtered/train/images/002731_png.rf.859e3aeb24918d71f0903f2b87bb1aa0.jpg,512,512,1.0,0.0,81.67,56.42,376.39
train,002236_png.rf.d5e5313458d6b68f846bcd7cbc4bfd29.txt,data/thermal-1-filtered/train/images/002236_png.rf.d5e5313458d6b68f846bcd7cbc4bfd29.jpg,512,512,1.0,0.0,75.2,50.34,307.5
train,thermal_tzeelim_021720_jpg.rf.7d196db93b28aba0534efbe31565db17.txt,data/thermal-1-filtered/train/images/thermal_tzeelim_021720_jpg.rf.7d196db93b28aba0534efbe31565db17.jpg,512,512,1.0,0.0,89.64,56.05,873.7
train,002791_png.rf.0e1e3427632c2bd22e498ed7850775cd.txt,data/thermal-1-filtered/train/images/002791_png.rf.0e1e3427632c2bd22e498ed7850775cd.jpg,512,512,1.0,0.0,82.6,58.87,504.08
train,003696_png.rf.ed52effbe5309755f082b562751a5f1c.txt,data/thermal-1-filtered/train/images/003696_png.rf.ed52effbe5309755f082b562751a5f1c.jpg,512,512,1.0,0.0,81.79,54.06,751.8
train,frame55_jpg.rf.8fd5c82c6b7fe9f20d676810efb0a881.txt,data/thermal-1-filtered/train/images/frame55_jpg.rf.8fd5c82c6b7fe9f20d676810efb0a881.jpg,512,512,1.0,3.181,95.44,54.44,630.64
train,003753_png.rf.fc51322f41a33c90e5da5f08b1b933a4.txt,data/thermal-1-filtered/train/images/003753_png.rf.fc51322f41a33c90e5da5f08b1b933a4.jpg,512,512,1.0,0.0,89.91,53.31,381.68
train,IR_BIRD_012_frame290_jpg.rf.2fdd660c1d26c208fca5ee028592a08e.txt,data/thermal-1-filtered/train/images/IR_BIRD_012_frame290_jpg.rf.2fdd660c1d26c208fca5ee028592a08e.jpg,512,512,1.0,0.0,106.52,48.77,119.27
train,IR_BIRD_012_frame106_jpg.rf.84229e01ac77eaa4756f4688b5a10cb6.txt,data/thermal-1-filtered/train/images/IR_BIRD_012_frame106_jpg.rf.84229e01ac77eaa4756f4688b5a10cb6.jpg,512,512,1.0,0.0,99.05,55.04,80.09
train,003780_png.rf.8a4c1266566f6da33b6e6ba1745c5462.txt,data/thermal-1-filtered/train/images/003780_png.rf.8a4c1266566f6da33b6e6ba1745c5462.jpg,512,512,1.0,0.0,100.0,57.77,668.99
train,002003_png.rf.b73c67d682b96d703be8abe2066c09c9.txt,data/thermal-1-filtered/train/images/002003_png.rf.b73c67d682b96d703be8abe2066c09c9.jpg,512,512,1.0,0.0,78.64,55.27,528.53
train,003735_png.rf.7248e1bcee3c0f173fc56926ac3f1882.txt,data/thermal-1-filtered/train/images/003735_png.rf.7248e1bcee3c0f173fc56926ac3f1882.jpg,512,512,1.0,0.0,82.11,52.99,527.64
train,003758_png.rf.f116182e5490d3300870f17b42f57a9e.txt,data/thermal-1-filtered/train/images/003758_png.rf.f116182e5490d3300870f17b42f57a9e.jpg,512,512,1.0,0.0,94.49,54.53,1021.12
train,frame658_jpg.rf.697a709bd42ce2c23e235e9fe682f0c9.txt,data/thermal-1-filtered/train/images/frame658_jpg.rf.697a709bd42ce2c23e235e9fe682f0c9.jpg,512,512,1.0,3.333,52.54,31.24,261.45
train,frame17_jpg.rf.45f2cbfe180d949d4d5b789f32140cb6.txt,data/thermal-1-filtered/train/images/frame17_jpg.rf.45f2cbfe180d949d4d5b789f32140cb6.jpg,512,512,1.0,3.25,82.23,47.49,432.33
train,002210_png.rf.9bdd5f3396559e4816de35ba73c93ce7.txt,data/thermal-1-filtered/train/images/002210_png.rf.9bdd5f3396559e4816de35ba73c93ce7.jpg,512,512,1.0,0.0,90.43,55.94,1825.21
train,ir_3_019790_jpg.rf.b541d53e71b24f4aec536e1191ad1fcd.txt,data/thermal-1-filtered/train/images/ir_3_019790_jpg.rf.b541d53e71b24f4aec536e1191ad1fcd.jpg,512,512,1.0,0.0,81.65,55.46,1548.42
train,002510_png.rf.f472a7529f450b57214b7fede1988d29.txt,data/thermal-1-filtered/train/images/002510_png.rf.f472a7529f450b57214b7fede1988d29.jpg,512,512,1.0,0.0,85.04,54.35,1741.52
train,frame303_jpg.rf.54cf48f7a34da01249fc9665b1adb31a.txt,data/thermal-1-filtered/train/images/frame303_jpg.rf.54cf48f7a34da01249fc9665b1adb31a.jpg,512,512,1.0,3.237,106.12,62.96,278.95
train,003834_png.rf.e5fa7389c4329510f0106d1a3143cc58.txt,data/thermal-1-filtered/train/images/003834_png.rf.e5fa7389c4329510f0106d1a3143cc58.jpg,512,512,1.0,0.0,96.72,57.17,1219.01
train,002060_png.rf.eb53caa49757e51b0a7f19b99ce6e3cd.txt,data/thermal-1-filtered/train/images/002060_png.rf.eb53caa49757e51b0a7f19b99ce6e3cd.jpg,512,512,1.0,0.0,89.3,59.16,4237.77
train,IR_BIRD_012_frame252_jpg.rf.e5d23e4871953dc1946aee8ad9127e5e.txt,data/thermal-1-filtered/train/images/IR_BIRD_012_frame252_jpg.rf.e5d23e4871953dc1946aee8ad9127e5e.jpg,512,512,1.0,0.0,107.74,46.58,174.01
train,002733_png.rf.2ae1083b848eaf2ab3d39ba500c94974.txt,data/thermal-1-filtered/train/images/002733_png.rf.2ae1083b848eaf2ab3d39ba500c94974.jpg,512,512,1.0,0.0,96.56,57.41,387.88
train,003052_png.rf.f6e786ab8acd3fb48f1b3b82ea1ae463.txt,data/thermal-1-filtered/train/images/003052_png.rf.f6e786ab8acd3fb48f1b3b82ea1ae463.jpg,512,512,1.0,0.0,91.38,55.37,682.97
train,003723_png.rf.49442979b3d3e1c7d392ef1ff72b91ce.txt,data/thermal-1-filtered/train/images/003723_png.rf.49442979b3d3e1c7d392ef1ff72b91ce.jpg,512,512,1.0,0.0,83.16,53.76,660.78
train,thermal_tzeelim_014500_jpg.rf.3a914eb0ccfec74172fe6c73e541f91e.txt,data/thermal-1-filtered/train/images/thermal_tzeelim_014500_jpg.rf.3a914eb0ccfec74172fe6c73e541f91e.jpg,512,512,1.0,0.0,74.26,53.1,202.54
train,frame407_jpg.rf.5d15f6e3e2a583b2efc3813fe9f2459d.txt,data/thermal-1-filtered/train/images/frame407_jpg.rf.5d15f6e3e2a583b2efc3813fe9f2459d.jpg,512,512,1.0,3.307,87.94,38.54,109.02
train,frame331_jpg.rf.22371915568f81d4ae00d8f1c530a636.txt,data/thermal-1-filtered/train/images/frame331_jpg.rf.22371915568f81d4ae00d8f1c530a636.jpg,512,512,1.0,3.125,93.5,54.95,164.54
train,002237_png.rf.bed81754772ac1ae34cb2597f6595481.txt,data/thermal-1-filtered/train/images/002237_png.rf.bed81754772ac1ae34cb2597f6595481.jpg,512,512,1.0,0.0,78.46,47.03,689.12
train,003848_png.rf.e5d888f641dbef5ca515cfa6af249b26.txt,data/thermal-1-filtered/train/images/003848_png.rf.e5d888f641dbef5ca515cfa6af249b26.jpg,512,512,1.0,0.0,86.99,53.68,337.55
train,002674_png.rf.6762a487f51a2f54d66fc4af923dd7c9.txt,data/thermal-1-filtered/train/images/002674_png.rf.6762a487f51a2f54d66fc4af923dd7c9.jpg,512,512,1.0,0.0,84.82,55.01,532.89
train,002379_png.rf.d062adcbd83126be13d77b343c256e2c.txt,data/thermal-1-filtered/train/images/002379_png.rf.d062adcbd83126be13d77b343c256e2c.jpg,512,512,1.0,0.0,90.68,56.08,1465.54
train,frame599_jpg.rf.c63107f4b9511d6997b1665d8f2eb596.txt,data/thermal-1-filtered/train/images/frame599_jpg.rf.c63107f4b9511d6997b1665d8f2eb596.jpg,512,512,1.0,3.01,39.95,27.94,131.59
train,ir_3_028710_jpg.rf.44a161790a55ee2083cb6c8ebe82f968.txt,data/thermal-1-filtered/train/images/ir_3_028710_jpg.rf.44a161790a55ee2083cb6c8ebe82f968.jpg,512,512,1.0,0.0,86.77,55.71,1638.65
train,frame598_jpg.rf.e358a2655039c74075df231a8e9019c2.txt,data/thermal-1-filtered/train/images/frame598_jpg.rf.e358a2655039c74075df231a8e9019c2.jpg,512,512,1.0,3.263,54.24,33.09,199.54
train,002612_png.rf.4d3c30b9f25426d5c8178feb9f5387fb.txt,data/thermal-1-filtered/train/images/002612_png.rf.4d3c30b9f25426d5c8178feb9f5387fb.jpg,512,512,1.0,0.0,86.51,54.78,674.47
train,002413_png.rf.621535c43135a993fbdcbac6e62fdb2d.txt,data/thermal-1-filtered/train/images/002413_png.rf.621535c43135a993fbdcbac6e62fdb2d.jpg,512,512,1.0,0.0,90.58,54.93,1054.07
train,frame605_jpg.rf.b21b748184c0b182693887f3edab3f75.txt,data/thermal-1-filtered/train/images/frame605_jpg.rf.b21b748184c0b182693887f3edab3f75.jpg,512,512,1.0,3.171,44.35,28.85,119.06
train,IR_BIRD_012_frame262_jpg.rf.6dbbb418c67a6c4d368c72af21af8010.txt,data/thermal-1-filtered/train/images/IR_BIRD_012_frame262_jpg.rf.6dbbb418c67a6c4d368c72af21af8010.jpg,512,512,1.0,0.0,108.04,45.8,105.26
train,0_0_000051_jpg.rf.15420d2bfb9f3966a87fd16d70fdb73b.txt,data/thermal-1-filtered/train/images/0_0_000051_jpg.rf.15420d2bfb9f3966a87fd16d70fdb73b.jpg,512,512,1.0,0.0,101.37,64.76,39.81
train,frame680_jpg.rf.e17d1c8589bfddb6a0fc43fe071cd179.txt,data/thermal-1-filtered/train/images/frame680_jpg.rf.e17d1c8589bfddb6a0fc43fe071cd179.jpg,512,512,1.0,3.308,49.57,29.74,456.77
train,frame324_jpg.rf.97198bbfc101b3dbc4a02ab573eeb312.txt,data/thermal-1-filtered/train/images/frame324_jpg.rf.97198bbfc101b3dbc4a02ab573eeb312.jpg,512,512,1.0,3.186,98.35,58.11,127.86
train,IR_BIRD_012_frame173_jpg.rf.bc971fce68f66957f4b02e3dd5884218.txt,data/thermal-1-filtered/train/images/IR_BIRD_012_frame173_jpg.rf.bc971fce68f66957f4b02e3dd5884218.jpg,512,512,1.0,0.0,99.47,51.03,77.91
train,frame496_jpg.rf.fb2ee86bae0573062be1c0a059b508ab.txt,data/thermal-1-filtered/train/images/frame496_jpg.rf.fb2ee86bae0573062be1c0a059b508ab.jpg,512,512,1.0,3.308,90.66,35.52,376.69
train,002239_png.rf.e42ee4514680fb8b05f65f4ec6b4ddba.txt,data/thermal-1-filtered/train/images/002239_png.rf.e42ee4514680fb8b05f65f4ec6b4ddba.jpg,512,512,1.0,0.0,78.76,51.65,320.51
train,frame521_jpg.rf.d08f4aa6ba6429308e8de285fdef5e11.txt,data/thermal-1-filtered/train/images/frame521_jpg.rf.d08f4aa6ba6429308e8de285fdef5e11.jpg,512,512,1.0,3.266,71.11,30.52,180.28
train,002275_png.rf.062ff5976187bb92a9a7005002dde589.txt,data/thermal-1-filtered/train/images/002275_png.rf.062ff5976187bb92a9a7005002dde589.jpg,512,512,1.0,0.0,82.26,54.98,176.02
train,IR_BIRD_012_frame7_jpg.rf.ed646c4050e0b1feda65982ac7aecbca.txt,data/thermal-1-filtered/train/images/IR_BIRD_012_frame7_jpg.rf.ed646c4050e0b1feda65982ac7aecbca.jpg,512,512,1.0,0.0,101.17,46.31,69.2
train,002766_png.rf.8b8452cf30006ab3310379dfb430eab9.txt,data/thermal-1-filtered/train/images/002766_png.rf.8b8452cf30006ab3310379dfb430eab9.jpg,512,512,1.0,0.0,77.1,54.18,473.25
train,frame183_jpg.rf.4111314135db4caef1aaa2cb7a0c9844.txt,data/thermal-1-filtered/train/images/frame183_jpg.rf.4111314135db4caef1aaa2cb7a0c9844.jpg,512,512,1.0,3.009,83.21,50.51,161.13
train,0_0_000107_jpg.rf.63f3acb2bdfc9c0c0291e7245e9e0cd0.txt,data/thermal-1-filtered/train/images/0_0_000107_jpg.rf.63f3acb2bdfc9c0c0291e7245e9e0cd0.jpg,512,512,1.0,0.0,132.58,42.67,103.38
train,ir_3_021970_jpg.rf.fd551908f9344fd30df328da1fd921a0.txt,data/thermal-1-filtered/train/images/ir_3_021970_jpg.rf.fd551908f9344fd30df328da1fd921a0.jpg,512,512,1.0,0.0,84.62,58.84,861.51
train,frame628_jpg.rf.b67dbda8c9e770894938f2277f4c6a3c.txt,data/thermal-1-filtered/train/images/frame628_jpg.rf.b67dbda8c9e770894938f2277f4c6a3c.jpg,512,512,1.0,3.305,56.18,34.34,439.65
train,0_0_000050_jpg.rf.c1f407c9adc8d3492d5fbb19c58b309a.txt,data/thermal-1-filtered/train/images/0_0_000050_jpg.rf.c1f407c9adc8d3492d5fbb19c58b309a.jpg,512,512,1.0,0.0,62.24,66.7,147.1
train,002407_png.rf.97213df19e033a562b0bc1416f0b1f0f.txt,data/thermal-1-filtered/train/images/002407_png.rf.97213df19e033a562b0bc1416f0b1f0f.jpg,512,512,1.0,0.0,77.04,47.2,319.83
train,IR_BIRD_012_frame100_jpg.rf.19aa51b8ec8fed18cf3e24dd25474588.txt,data/thermal-1-filtered/train/images/IR_BIRD_012_frame100_jpg.rf.19aa51b8ec8fed18cf3e24dd25474588.jpg,512,512,1.0,0.0,98.02,53.14,73.08
train,003784_png.rf.ace95078d9994a0876d9655d8f8e20f0.txt,data/thermal-1-filtered/train/images/003784_png.rf.ace95078d9994a0876d9655d8f8e20f0.jpg,512,512,1.0,0.0,91.85,58.57,202.43
train,frame672_jpg.rf.f1c448a1800334089c014185ec27fe2d.txt,data/thermal-1-filtered/train/images/frame672_jpg.rf.f1c448a1800334089c014185ec27fe2d.jpg,512,512,1.0,3.247,40.64,24.07,153.61
train,IR_BIRD_012_frame216_jpg.rf.8de18d6d7ef50dd110b0061c9f054c41.txt,data/thermal-1-filtered/train/images/IR_BIRD_012_frame216_jpg.rf.8de18d6d7ef50dd110b0061c9f054c41.jpg,512,512,1.0,0.0,107.78,46.27,139.7
train,0_0_000236_jpg.rf.6d2a5e2ae1cb0aa663d0a15a5525be93.txt,data/thermal-1-filtered/train/images/0_0_000236_jpg.rf.6d2a5e2ae1cb0aa663d0a15a5525be93.jpg,512,512,1.0,0.0,46.69,43.16,36.89
train,frame236_jpg.rf.948616fe8803ff50315ac0146d1b1715.txt,data/thermal-1-filtered/train/images/frame236_jpg.rf.948616fe8803ff50315ac0146d1b1715.jpg,512,512,1.0,2.829,82.96,54.58,119.71
train,002572_png.rf.33ce2f9ebe062417b92f8cb4da350f3f.txt,data/thermal-1-filtered/train/images/002572_png.rf.33ce2f9ebe062417b92f8cb4da350f3f.jpg,512,512,1.0,0.0,88.86,56.47,459.17
train,ir_036940_jpg.rf.1cc373d96414e754df1cdac0d106eb52.txt,data/thermal-1-filtered/train/images/ir_036940_jpg.rf.1cc373d96414e754df1cdac0d106eb52.jpg,512,512,1.0,0.0,81.78,58.49,500.01
train,frame694_jpg.rf.2bd36fe23bb623f6a1774d3de5091026.txt,data/thermal-1-filtered/train/images/frame694_jpg.rf.2bd36fe23bb623f6a1774d3de5091026.jpg,512,512,1.0,3.301,51.27,30.73,478.73
train,003813_png.rf.26939287d1627236f36b6dd853193025.txt,data/thermal-1-filtered/train/images/003813_png.rf.26939287d1627236f36b6dd853193025.jpg,512,512,1.0,0.0,83.3,52.63,215.64
train,0_0_000070_jpg.rf.928772f55ad98fb8e7e89fd54612fbc7.txt,data/thermal-1-filtered/train/images/0_0_000070_jpg.rf.928772f55ad98fb8e7e89fd54612fbc7.jpg,512,512,1.0,0.0,68.84,71.92,62.0
train,frame52_jpg.rf.27d38e595335130a0b86430be54581fb.txt,data/thermal-1-filtered/train/images/frame52_jpg.rf.27d38e595335130a0b86430be54581fb.jpg,512,512,1.0,3.147,92.02,53.45,598.63
train,frame212_jpg.rf.b17aa92c91ba7db4b00e8262eafe9a92.txt,data/thermal-1-filtered/train/images/frame212_jpg.rf.b17aa92c91ba7db4b00e8262eafe9a92.jpg,512,512,1.0,3.159,89.54,46.97,140.31
train,002495_png.rf.76d72db66a6ed297097c177becc380f9.txt,data/thermal-1-filtered/train/images/002495_png.rf.76d72db66a6ed297097c177becc380f9.jpg,512,512,1.0,0.0,81.16,53.72,609.4
train,0_0_000214_jpg.rf.be708a77ac41587d2fc2870b74a31d89.txt,data/thermal-1-filtered/train/images/0_0_000214_jpg.rf.be708a77ac41587d2fc2870b74a31d89.jpg,512,512,1.0,0.0,44.57,48.74,106.47
train,frame235_jpg.rf.ab91cfa5170e9991237193b9ac0ffcb5.txt,data/thermal-1-filtered/train/images/frame235_jpg.rf.ab91cfa5170e9991237193b9ac0ffcb5.jpg,512,512,1.0,3.122,95.63,49.55,431.55
train,IR_BIRD_012_frame265_jpg.rf.b310da4f70d038c5f37d635b1ef72100.txt,data/thermal-1-filtered/train/images/IR_BIRD_012_frame265_jpg.rf.b310da4f70d038c5f37d635b1ef72100.jpg,512,512,1.0,0.0,97.21,56.86,92.71
train,frame406_jpg.rf.37d65ca22632af923bd42685765f1178.txt,data/thermal-1-filtered/train/images/frame406_jpg.rf.37d65ca22632af923bd42685765f1178.jpg,512,512,1.0,3.262,89.94,41.93,205.82
train,frame343_jpg.rf.305fe10097270f93502d7a4a1a4d93be.txt,data/thermal-1-filtered/train/images/frame343_jpg.rf.305fe10097270f93502d7a4a1a4d93be.jpg,512,512,1.0,3.028,95.91,51.91,139.68
train,frame315_jpg.rf.13c0440886add2204b359a57dabcaa28.txt,data/thermal-1-filtered/train/images/frame315_jpg.rf.13c0440886add2204b359a57dabcaa28.jpg,512,512,1.0,2.988,92.9,62.82,145.17
train,002748_png.rf.7d6abbdafa87f2bd8ce0ebba579330b7.txt,data/thermal-1-filtered/train/images/002748_png.rf.7d6abbdafa87f2bd8ce0ebba579330b7.jpg,512,512,1.0,0.0,83.19,53.64,861.33
train,frame599_jpg.rf.62c6b8f8b8d1596e8da88257005e9fff.txt,data/thermal-1-filtered/train/images/frame599_jpg.rf.62c6b8f8b8d1596e8da88257005e9fff.jpg,512,512,1.0,3.103,44.97,28.93,120.26
train,IR_BIRD_012_frame98_jpg.rf.89ce0ddc679cd5d59d082aee0c39ec70.txt,data/thermal-1-filtered/train/images/IR_BIRD_012_frame98_jpg.rf.89ce0ddc679cd5d59d082aee0c39ec70.jpg,512,512,1.0,0.0,96.8,53.24,67.14
train,0_0_000005_jpg.rf.e8413c043ea78683fb33b98bbf28e464.txt,data/thermal-1-filtered/train/images/0_0_000005_jpg.rf.e8413c043ea78683fb33b98bbf28e464.jpg,512,512,1.0,0.0,128.69,51.46,454.08
train,frame229_jpg.rf.b580cc6d9d3173f41c5fa25b474b9cfb.txt,data/thermal-1-filtered/train/images/frame229_jpg.rf.b580cc6d9d3173f41c5fa25b474b9cfb.jpg,512,512,1.0,2.902,83.09,53.23,101.22
train,frame256_jpg.rf.b9d4ad658e524c204468d0d4ee12207f.txt,data/thermal-1-filtered/train/images/frame256_jpg.rf.b9d4ad658e524c204468d0d4ee12207f.jpg,512,512,1.0,3.002,92.74,59.82,223.91
train,0_0_000580_jpg.rf.7d75ee2b792d78396cf648a82acb122f.txt,data/thermal-1-filtered/train/images/0_0_000580_jpg.rf.7d75ee2b792d78396cf648a82acb122f.jpg,512,512,1.0,0.0,109.99,63.04,272.15
train,IR_BIRD_012_frame153_jpg.rf.099fcebeaf8ca6453ac83b479bd3c7ee.txt,data/thermal-1-filtered/train/images/IR_BIRD_012_frame153_jpg.rf.099fcebeaf8ca6453ac83b479bd3c7ee.jpg,512,512,1.0,0.0,101.48,50.6,100.53
train,0_0_000062_jpg.rf.079cc582d03be63da0942039d6b153b7.txt,data/thermal-1-filtered/train/images/0_0_000062_jpg.rf.079cc582d03be63da0942039d6b153b7.jpg,512,512,1.0,0.0,59.6,65.95,85.56
train,frame395_jpg.rf.5b073cbdc11aef9cbbeb7004b93f8488.txt,data/thermal-1-filtered/train/images/frame395_jpg.rf.5b073cbdc11aef9cbbeb7004b93f8488.jpg,512,512,1.0,3.067,85.41,44.27,146.38
train,002041_png.rf.97c4c966db9639913713aadba7bbd089.txt,data/thermal-1-filtered/train/images/002041_png.rf.97c4c966db9639913713aadba7bbd089.jpg,512,512,1.0,0.0,87.52,58.51,3911.32
train,003853_png.rf.7a104f2cd5650c286554a4cffb74d3e9.txt,data/thermal-1-filtered/train/images/003853_png.rf.7a104f2cd5650c286554a4cffb74d3e9.jpg,512,512,1.0,0.0,97.48,57.21,1256.56
train,frame248_jpg.rf.579c4276edb1d78579b12c7f86335ad5.txt,data/thermal-1-filtered/train/images/frame248_jpg.rf.579c4276edb1d78579b12c7f86335ad5.jpg,512,512,1.0,3.115,99.49,53.14,532.85
train,003778_png.rf.c60c048c955a8057306f08b70cbfaf83.txt,data/thermal-1-filtered/train/images/003778_png.rf.c60c048c955a8057306f08b70cbfaf83.jpg,512,512,1.0,0.0,100.06,57.98,694.2
train,0_0_000252_jpg.rf.8eac1793086d82c9c95234735c48d0b3.txt,data/thermal-1-filtered/train/images/0_0_000252_jpg.rf.8eac1793086d82c9c95234735c48d0b3.jpg,512,512,1.0,0.0,133.98,59.68,35.79
train,frame553_jpg.rf.117cb8492e8418c2dbb5d4944fd087dc.txt,data/thermal-1-filtered/train/images/frame553_jpg.rf.117cb8492e8418c2dbb5d4944fd087dc.jpg,512,512,1.0,3.197,50.93,28.57,132.06
train,IR_BIRD_012_frame96_jpg.rf.3f81a1234679ce48d5bd637061d9e2fc.txt,data/thermal-1-filtered/train/images/IR_BIRD_012_frame96_jpg.rf.3f81a1234679ce48d5bd637061d9e2fc.jpg,512,512,1.0,0.0,104.1,49.17,75.13
train,002433_png.rf.9bad5469c3606f7025d208219387d415.txt,data/thermal-1-filtered/train/images/002433_png.rf.9bad5469c3606f7025d208219387d415.jpg,512,512,1.0,0.0,85.4,52.33,398.44
train,frame700_jpg.rf.80ee9908341f4b52c328572292aad958.txt,data/thermal-1-filtered/train/images/frame700_jpg.rf.80ee9908341f4b52c328572292aad958.jpg,512,512,1.0,3.021,42.72,27.52,142.02
train,ir_2_032760_jpg.rf.156a092d92ac797645f1145ffe55d36d.txt,data/thermal-1-filtered/train/images/ir_2_032760_jpg.rf.156a092d92ac797645f1145ffe55d36d.jpg,512,512,1.0,0.0,92.62,59.59,3236.02
train,002686_png.rf.453be6cc39d741902b815cfc7f163224.txt,data/thermal-1-filtered/train/images/002686_png.rf.453be6cc39d741902b815cfc7f163224.jpg,512,512,1.0,0.0,75.73,52.67,667.0
train,003773_png.rf.e0ca98e71b4cd32b73dbe4b01d87b57a.txt,data/thermal-1-filtered/train/images/003773_png.rf.e0ca98e71b4cd32b73dbe4b01d87b57a.jpg,512,512,1.0,0.0,89.08,56.93,260.21
train,003971_png.rf.cf5ecb8a0045db14ac0809faa131cc35.txt,data/thermal-1-filtered/train/images/003971_png.rf.cf5ecb8a0045db14ac0809faa131cc35.jpg,512,512,1.0,0.0,76.94,53.31,397.86
train,002614_png.rf.aa1b04be998b6eaa4a8dedbc547cca52.txt,data/thermal-1-filtered/train/images/002614_png.rf.aa1b04be998b6eaa4a8dedbc547cca52.jpg,512,512,1.0,0.0,89.04,55.08,770.62
train,002396_png.rf.db97a729211a9b7d8cb0dd102539f97c.txt,data/thermal-1-filtered/train/images/002396_png.rf.db97a729211a9b7d8cb0dd102539f97c.jpg,512,512,1.0,0.0,81.63,55.62,385.37
train,frame678_jpg.rf.3f36d089ccb976ea765986395e6bb530.txt,data/thermal-1-filtered/train/images/frame678_jpg.rf.3f36d089ccb976ea765986395e6bb530.jpg,512,512,1.0,3.307,49.39,29.71,454.39
train,002545_png.rf.eb5d956503e7528852af03137e926dc3.txt,data/thermal-1-filtered/train/images/002545_png.rf.eb5d956503e7528852af03137e926dc3.jpg,512,512,1.0,0.0,90.69,56.24,1185.34
train,frame593_jpg.rf.4fc0b7c11a23ba18d38d891ec79d1d5c.txt,data/thermal-1-filtered/train/images/frame593_jpg.rf.4fc0b7c11a23ba18d38d891ec79d1d5c.jpg,512,512,1.0,3.123,49.59,31.81,171.74
train,002390_png.rf.f46c40b8cbbc45ff02ac1534886b4296.txt,data/thermal-1-filtered/train/images/002390_png.rf.f46c40b8cbbc45ff02ac1534886b4296.jpg,512,512,1.0,0.0,88.76,55.47,1407.11
train,003855_png.rf.032d2f42c1fffb435bb0988d28312f2f.txt,data/thermal-1-filtered/train/images/003855_png.rf.032d2f42c1fffb435bb0988d28312f2f.jpg,512,512,1.0,0.0,89.7,57.39,433.77
train,003544_png.rf.34aadbb011e47774e42931da75e16fcd.txt,data/thermal-1-filtered/train/images/003544_png.rf.34aadbb011e47774e42931da75e16fcd.jpg,512,512,1.0,0.0,82.58,54.59,880.46
train,IR_BIRD_012_frame235_jpg.rf.e0abdfb100b6affcd3fcef4404d745ce.txt,data/thermal-1-filtered/train/images/IR_BIRD_012_frame235_jpg.rf.e0abdfb100b6affcd3fcef4404d745ce.jpg,512,512,1.0,0.0,108.32,46.22,96.08
train,002074_png.rf.24daf8b4c8e59b339d00eb11a2324675.txt,data/thermal-1-filtered/train/images/002074_png.rf.24daf8b4c8e59b339d00eb11a2324675.jpg,512,512,1.0,0.0,83.77,56.05,1157.24
train,000001_png.rf.b5fa4f26fd8f418fec6eba18115a4f87.txt,data/thermal-1-filtered/train/images/000001_png.rf.b5fa4f26fd8f418fec6eba18115a4f87.jpg,512,512,1.0,0.0,100.13,62.38,1043.75
train,002798_png.rf.ca601ba244341fb1648a734658cb6aca.txt,data/thermal-1-filtered/train/images/002798_png.rf.ca601ba244341fb1648a734658cb6aca.jpg,512,512,1.0,0.0,81.11,57.52,507.37
train,ir_3_016660_jpg.rf.6354ad6c0b6fe0b195679aa4297350fe.txt,data/thermal-1-filtered/train/images/ir_3_016660_jpg.rf.6354ad6c0b6fe0b195679aa4297350fe.jpg,512,512,1.0,0.0,83.53,58.07,758.01
train,frame360_jpg.rf.f76310014006b0e3334ecde7b894312a.txt,data/thermal-1-filtered/train/images/frame360_jpg.rf.f76310014006b0e3334ecde7b894312a.jpg,512,512,1.0,3.179,89.85,45.86,245.25
train,003860_png.rf.7a8e7839e4f6e3738363dd94c7a8fca7.txt,data/thermal-1-filtered/train/images/003860_png.rf.7a8e7839e4f6e3738363dd94c7a8fca7.jpg,512,512,1.0,0.0,86.77,55.01,366.31
train,002349_png.rf.272159d4067b4555112392ef229bdcc5.txt,data/thermal-1-filtered/train/images/002349_png.rf.272159d4067b4555112392ef229bdcc5.jpg,512,512,1.0,0.0,83.08,52.44,450.52
train,0_0_000230_jpg.rf.c8555a8cddf21f7767a6ea2556158d7d.txt,data/thermal-1-filtered/train/images/0_0_000230_jpg.rf.c8555a8cddf21f7767a6ea2556158d7d.jpg,512,512,1.0,0.0,37.6,35.15,59.12
train,frame246_jpg.rf.e7ca8c93cb39362bf1ae86eacf750382.txt,data/thermal-1-filtered/train/images/frame246_jpg.rf.e7ca8c93cb39362bf1ae86eacf750382.jpg,512,512,1.0,3.116,99.72,53.36,531.76
train,002205_png.rf.b9ab55d03f6ad1150e60e91b6e9ae477.txt,data/thermal-1-filtered/train/images/002205_png.rf.b9ab55d03f6ad1150e60e91b6e9ae477.jpg,512,512,1.0,0.0,89.18,55.29,733.4
train,003098_png.rf.ed170ea10de7cb02ad8e49f6821f049a.txt,data/thermal-1-filtered/train/images/003098_png.rf.ed170ea10de7cb02ad8e49f6821f049a.jpg,512,512,1.0,0.0,82.24,52.72,629.63
train,frame689_jpg.rf.b025ab7f92041439fa44591eb16bebbb.txt,data/thermal-1-filtered/train/images/frame689_jpg.rf.b025ab7f92041439fa44591eb16bebbb.jpg,512,512,1.0,3.003,41.87,26.5,180.14
train,frame464_jpg.rf.bb7e1f90ae7103f41797802276dfb0b9.txt,data/thermal-1-filtered/train/images/frame464_jpg.rf.bb7e1f90ae7103f41797802276dfb0b9.jpg,512,512,1.0,3.213,93.25,36.41,164.97
train,frame366_jpg.rf.e7a784a8591a1c6d45f6c60da53a48d6.txt,data/thermal-1-filtered/train/images/frame366_jpg.rf.e7a784a8591a1c6d45f6c60da53a48d6.jpg,512,512,1.0,3.238,93.85,45.79,466.59
train,IR_BIRD_012_frame140_jpg.rf.a309da6d18d44c83dac400e1b9ce7e2b.txt,data/thermal-1-filtered/train/images/IR_BIRD_012_frame140_jpg.rf.a309da6d18d44c83dac400e1b9ce7e2b.jpg,512,512,1.0,0.0,103.22,49.68,76.04
train,003035_png.rf.12879a582fa53a4beba91ec04d0479b6.txt,data/thermal-1-filtered/train/images/003035_png.rf.12879a582fa53a4beba91ec04d0479b6.jpg,512,512,1.0,0.0,89.64,58.24,2645.12
train,002669_png.rf.10ef5211404cb425c6dabffde52d0f83.txt,data/thermal-1-filtered/train/images/002669_png.rf.10ef5211404cb425c6dabffde52d0f83.jpg,512,512,1.0,0.0,72.26,51.88,558.78
train,frame203_jpg.rf.0daeb90a5d48bb1ce2fed1ad7df988fb.txt,data/thermal-1-filtered/train/images/frame203_jpg.rf.0daeb90a5d48bb1ce2fed1ad7df988fb.jpg,512,512,1.0,3.28,93.19,44.44,111.36
train,frame71_jpg.rf.26617a33c7544b95d94ff1afc783f0fe.txt,data/thermal-1-filtered/train/images/frame71_jpg.rf.26617a33c7544b95d94ff1afc783f0fe.jpg,512,512,1.0,3.301,94.86,49.12,490.81
train,IR_BIRD_012_frame147_jpg.rf.9c64dc4fc65cdb97c8dffa877000ab31.txt,data/thermal-1-filtered/train/images/IR_BIRD_012_frame147_jpg.rf.9c64dc4fc65cdb97c8dffa877000ab31.jpg,512,512,1.0,0.0,93.34,52.4,85.25
train,002453_png.rf.0c2b61f7ff4a7cd9a59e9471410a883a.txt,data/thermal-1-filtered/train/images/002453_png.rf.0c2b61f7ff4a7cd9a59e9471410a883a.jpg,512,512,1.0,0.0,79.11,50.93,358.12
train,002287_png.rf.b05245b9cfba4206fbf0308adca6321f.txt,data/thermal-1-filtered/train/images/002287_png.rf.b05245b9cfba4206fbf0308adca6321f.jpg,512,512,1.0,0.0,78.44,53.64,191.42
train,002778_png.rf.d3d55060739a918d1dafd422987dee7b.txt,data/thermal-1-filtered/train/images/002778_png.rf.d3d55060739a918d1dafd422987dee7b.jpg,512,512,1.0,0.0,82.99,54.1,987.97
train,002005_png.rf.e465e28c7745e78085cc906f6db06d78.txt,data/thermal-1-filtered/train/images/002005_png.rf.e465e28c7745e78085cc906f6db06d78.jpg,512,512,1.0,0.0,84.6,54.54,658.34
train,frame64_jpg.rf.26dcb13825a0ef14a2163adfbf24ca2e.txt,data/thermal-1-filtered/train/images/frame64_jpg.rf.26dcb13825a0ef14a2163adfbf24ca2e.jpg,512,512,1.0,2.894,78.46,54.18,205.06
train,frame550_jpg.rf.70aa0b18fd80e6fcfe4e0c0e7562b605.txt,data/thermal-1-filtered/train/images/frame550_jpg.rf.70aa0b18fd80e6fcfe4e0c0e7562b605.jpg,512,512,1.0,3.302,60.1,33.18,406.03
train,frame19_jpg.rf.422921ad822b7a8aef8afa6cd088d082.txt,data/thermal-1-filtered/train/images/frame19_jpg.rf.422921ad822b7a8aef8afa6cd088d082.jpg,512,512,1.0,3.167,79.22,47.27,177.0
train,ir_3_031800_jpg.rf.b574b6e63b900ae369ec672703304e7b.txt,data/thermal-1-filtered/train/images/ir_3_031800_jpg.rf.b574b6e63b900ae369ec672703304e7b.jpg,512,512,1.0,0.0,91.38,57.79,2951.72
train,002724_png.rf.a7ab8b8799e2c6538d43810a9189ef85.txt,data/thermal-1-filtered/train/images/002724_png.rf.a7ab8b8799e2c6538d43810a9189ef85.jpg,512,512,1.0,0.0,86.59,56.54,867.1
train,IR_BIRD_012_frame125_jpg.rf.655aab6bccb9030f7e7720d412d0d38b.txt,data/thermal-1-filtered/train/images/IR_BIRD_012_frame125_jpg.rf.655aab6bccb9030f7e7720d412d0d38b.jpg,512,512,1.0,0.0,95.57,53.56,73.18
train,0_0_000101_jpg.rf.76268b5fff7556d80ed7345f979eb738.txt,data/thermal-1-filtered/train/images/0_0_000101_jpg.rf.76268b5fff7556d80ed7345f979eb738.jpg,512,512,1.0,0.0,122.38,47.39,106.27
train,002410_png.rf.bbac98a4bff10cc54e51f1320b93b504.txt,data/thermal-1-filtered/train/images/002410_png.rf.bbac98a4bff10cc54e51f1320b93b504.jpg,512,512,1.0,0.0,90.3,55.03,1304.81
train,002230_png.rf.f9e42e807713a759297ab38a94f5fc8a.txt,data/thermal-1-filtered/train/images/002230_png.rf.f9e42e807713a759297ab38a94f5fc8a.jpg,512,512,1.0,0.0,81.09,53.82,491.83
train,0_0_000037_jpg.rf.663169baa80f37c6e619f0dc60017554.txt,data/thermal-1-filtered/train/images/0_0_000037_jpg.rf.663169baa80f37c6e619f0dc60017554.jpg,512,512,1.0,0.0,97.26,72.38,162.29
train,002383_png.rf.20cea1a6979eae9833372f4edf434a61.txt,data/thermal-1-filtered/train/images/002383_png.rf.20cea1a6979eae9833372f4edf434a61.jpg,512,512,1.0,0.0,88.53,55.59,922.36
train,001668_png.rf.60b3fa429c9b87ae93ee5aacbedb98e0.txt,data/thermal-1-filtered/train/images/001668_png.rf.60b3fa429c9b87ae93ee5aacbedb98e0.jpg,512,512,1.0,0.0,81.29,57.1,847.91
train,0_0_000103_jpg.rf.bfdea5cdfb61f44fb57b77c458fae965.txt,data/thermal-1-filtered/train/images/0_0_000103_jpg.rf.bfdea5cdfb61f44fb57b77c458fae965.jpg,512,512,1.0,0.0,127.11,48.06,24.56
train,frame542_jpg.rf.26fe3d1d865d365d8ef47af234d02601.txt,data/thermal-1-filtered/train/images/frame542_jpg.rf.26fe3d1d865d365d8ef47af234d02601.jpg,512,512,1.0,3.312,61.79,32.9,405.16
train,002725_png.rf.686bcbdce810a8b4403e7ec3955a8ac7.txt,data/thermal-1-filtered/train/images/002725_png.rf.686bcbdce810a8b4403e7ec3955a8ac7.jpg,512,512,1.0,0.0,86.11,56.01,735.14
train,003827_png.rf.29351ac1c8e1aa23dae502459d7adf7b.txt,data/thermal-1-filtered/train/images/003827_png.rf.29351ac1c8e1aa23dae502459d7adf7b.jpg,512,512,1.0,0.0,99.05,54.97,496.88
train,003051_png.rf.dfa2d8648d99b6f5f5eb89a564c8c8ef.txt,data/thermal-1-filtered/train/images/003051_png.rf.dfa2d8648d99b6f5f5eb89a564c8c8ef.jpg,512,512,1.0,0.0,87.31,55.36,855.97
train,002014_png.rf.015765b7a5da4bb4ef9d211e9a15d16d.txt,data/thermal-1-filtered/train/images/002014_png.rf.015765b7a5da4bb4ef9d211e9a15d16d.jpg,512,512,1.0,0.0,86.32,56.67,874.92
train,frame612_jpg.rf.3344e136ddf4fb7da8d7f9e4ea6d408a.txt,data/thermal-1-filtered/train/images/frame612_jpg.rf.3344e136ddf4fb7da8d7f9e4ea6d408a.jpg,512,512,1.0,3.312,56.91,34.19,437.04
train,003710_png.rf.1ce2cd25d81236fe04b9a69163d6ce39.txt,data/thermal-1-filtered/train/images/003710_png.rf.1ce2cd25d81236fe04b9a69163d6ce39.jpg,512,512,1.0,0.0,89.58,55.86,2530.08
train,0_0_001478_jpg.rf.ff333f29fb5befe0dada5e2a6fa9b8e2.txt,data/thermal-1-filtered/train/images/0_0_001478_jpg.rf.ff333f29fb5befe0dada5e2a6fa9b8e2.jpg,512,512,1.0,0.0,105.28,57.31,147.0
train,002387_png.rf.b5e0e61b677a7bad276a5c9254f51ffc.txt,data/thermal-1-filtered/train/images/002387_png.rf.b5e0e61b677a7bad276a5c9254f51ffc.jpg,512,512,1.0,0.0,88.99,55.5,1567.31
train,003423_png.rf.432604704cafb5df6a146b2e73e92234.txt,data/thermal-1-filtered/train/images/003423_png.rf.432604704cafb5df6a146b2e73e92234.jpg,512,512,1.0,0.0,78.37,53.73,397.03
train,003057_png.rf.614541306761f3694ec01b444ded2da4.txt,data/thermal-1-filtered/train/images/003057_png.rf.614541306761f3694ec01b444ded2da4.jpg,512,512,1.0,0.0,90.1,54.51,858.87
train,002676_png.rf.59b8c9533b8013ecbe7acdcbcbbd7735.txt,data/thermal-1-filtered/train/images/002676_png.rf.59b8c9533b8013ecbe7acdcbcbbd7735.jpg,512,512,1.0,0.0,89.93,54.16,729.24
train,003820_png.rf.31ec8e42817d10a5520ef651daaf223f.txt,data/thermal-1-filtered/train/images/003820_png.rf.31ec8e42817d10a5520ef651daaf223f.jpg,512,512,1.0,0.0,97.58,56.85,1303.88
train,ir_051080_jpg.rf.c887d66727f0fcf6f789ebbd4d15fe73.txt,data/thermal-1-filtered/train/images/ir_051080_jpg.rf.c887d66727f0fcf6f789ebbd4d15fe73.jpg,512,512,1.0,0.0,91.66,59.76,622.95
train,frame350_jpg.rf.ded53df82e9c0d05bfe99f5b4777249b.txt,data/thermal-1-filtered/train/images/frame350_jpg.rf.ded53df82e9c0d05bfe99f5b4777249b.jpg,512,512,1.0,3.216,98.66,45.17,582.18
train,002387_png.rf.267a59f0d2c3e1e80b00e91c1050f2b9.txt,data/thermal-1-filtered/train/images/002387_png.rf.267a59f0d2c3e1e80b00e91c1050f2b9.jpg,512,512,1.0,0.0,70.93,49.89,343.79
train,003058_png.rf.eccc1897afc4822c29f99a3c02e6f8a2.txt,data/thermal-1-filtered/train/images/003058_png.rf.eccc1897afc4822c29f99a3c02e6f8a2.jpg,512,512,1.0,0.0,78.29,56.6,814.02
train,IR_BIRD_012_frame7_jpg.rf.8c7efcfaef97c46466b1218a13aa0b3b.txt,data/thermal-1-filtered/train/images/IR_BIRD_012_frame7_jpg.rf.8c7efcfaef97c46466b1218a13aa0b3b.jpg,512,512,1.0,0.0,90.4,54.72,65.18
train,002693_png.rf.774d9146cf647769a801617880757e01.txt,data/thermal-1-filtered/train/images/002693_png.rf.774d9146cf647769a801617880757e01.jpg,512,512,1.0,0.0,77.47,50.84,604.44
train,002030_png.rf.33cddb22d7cab761e72d8dfabedea1e5.txt,data/thermal-1-filtered/train/images/002030_png.rf.33cddb22d7cab761e72d8dfabedea1e5.jpg,512,512,1.0,0.0,88.83,59.46,4287.75
train,0_0_000047_jpg.rf.cefe1c78f3190f7bc79bb4619aa47d8e.txt,data/thermal-1-filtered/train/images/0_0_000047_jpg.rf.cefe1c78f3190f7bc79bb4619aa47d8e.jpg,512,512,1.0,0.0,69.94,69.05,119.79
train,frame494_jpg.rf.b6aea195565b6b79f929af983996151d.txt,data/thermal-1-filtered/train/images/frame494_jpg.rf.b6aea195565b6b79f929af983996151d.jpg,512,512,1.0,3.194,85.05,36.44,176.65
train,003971_png.rf.ba69aa2b56bed9e6dce43deb2fd850f9.txt,data/thermal-1-filtered/train/images/003971_png.rf.ba69aa2b56bed9e6dce43deb2fd850f9.jpg,512,512,1.0,0.0,84.29,55.43,1470.04
train,002795_png.rf.659e9f9c03be3ba155a0f0f40864621e.txt,data/thermal-1-filtered/train/images/002795_png.rf.659e9f9c03be3ba155a0f0f40864621e.jpg,512,512,1.0,0.0,86.74,55.73,607.62
train,frame118_jpg.rf.610784370051ade81bb55e8b5ba7b5bd.txt,data/thermal-1-filtered/train/images/frame118_jpg.rf.610784370051ade81bb55e8b5ba7b5bd.jpg,512,512,1.0,3.218,92.93,55.53,287.59
train,frame618_jpg.rf.e3d607d585977a43d41998212a6c5b22.txt,data/thermal-1-filtered/train/images/frame618_jpg.rf.e3d607d585977a43d41998212a6c5b22.jpg,512,512,1.0,3.011,44.06,29.05,132.25
train,002690_png.rf.777919cda1234e32532991db78b41e79.txt,data/thermal-1-filtered/train/images/002690_png.rf.777919cda1234e32532991db78b41e79.jpg,512,512,1.0,0.0,85.09,54.45,865.54
train,ir_2_017470_jpg.rf.c3a4d4e9493ac7dfed740dbb9e0a8e6e.txt,data/thermal-1-filtered/train/images/ir_2_017470_jpg.rf.c3a4d4e9493ac7dfed740dbb9e0a8e6e.jpg,512,512,1.0,0.0,75.55,56.47,713.87
train,000003_png.rf.17cb58acf78248c40e5aaedd292be5b7.txt,data/thermal-1-filtered/train/images/000003_png.rf.17cb58acf78248c40e5aaedd292be5b7.jpg,512,512,1.0,0.0,84.55,56.88,404.13
train,0_0_000129_jpg.rf.94673375ab2926f6339c8c7b8ad44cfc.txt,data/thermal-1-filtered/train/images/0_0_000129_jpg.rf.94673375ab2926f6339c8c7b8ad44cfc.jpg,512,512,1.0,0.0,94.03,66.91,40.21
train,frame352_jpg.rf.1bb65aa474725522e2f6cb4f15e61b5d.txt,data/thermal-1-filtered/train/images/frame352_jpg.rf.1bb65aa474725522e2f6cb4f15e61b5d.jpg,512,512,1.0,3.159,87.4,42.11,249.01
train,003691_png.rf.bd5b1bb5adf1c44434b58fb752f84b01.txt,data/thermal-1-filtered/train/images/003691_png.rf.bd5b1bb5adf1c44434b58fb752f84b01.jpg,512,512,1.0,0.0,89.15,56.32,2550.03
train,frame724_jpg.rf.d1b7643e70fcc256c4dd3b883996b94e.txt,data/thermal-1-filtered/train/images/frame724_jpg.rf.d1b7643e70fcc256c4dd3b883996b94e.jpg,512,512,1.0,3.16,55.51,28.37,124.41
train,IR_BIRD_012_frame241_jpg.rf.01990e437fc833d2b6bdd019f4a85881.txt,data/thermal-1-filtered/train/images/IR_BIRD_012_frame241_jpg.rf.01990e437fc833d2b6bdd019f4a85881.jpg,512,512,1.0,0.0,107.98,46.85,61.21
train,002240_png.rf.0624294c0cf749a232773b44e3e52040.txt,data/thermal-1-filtered/train/images/002240_png.rf.0624294c0cf749a232773b44e3e52040.jpg,512,512,1.0,0.0,86.51,50.46,619.91
train,frame315_jpg.rf.a4bf3bb609aa06349f99b66d3fe63986.txt,data/thermal-1-filtered/train/images/frame315_jpg.rf.a4bf3bb609aa06349f99b66d3fe63986.jpg,512,512,1.0,3.283,105.51,58.38,573.33
train,002032_png.rf.9aeadbbbde65c49b962dd9da651c742a.txt,data/thermal-1-filtered/train/images/002032_png.rf.9aeadbbbde65c49b962dd9da651c742a.jpg,512,512,1.0,0.0,82.52,56.26,1384.6
train,003065_png.rf.981a0d4a42af4aabe5c0b5a772ce9749.txt,data/thermal-1-filtered/train/images/003065_png.rf.981a0d4a42af4aabe5c0b5a772ce9749.jpg,512,512,1.0,0.0,85.6,55.27,914.94
train,frame301_jpg.rf.7173bc046fbd2d774acd82c1622fb09a.txt,data/thermal-1-filtered/train/images/frame301_jpg.rf.7173bc046fbd2d774acd82c1622fb09a.jpg,512,512,1.0,3.114,94.9,59.18,153.94
train,frame702_jpg.rf.4578a50d13fb78235d75b794c44b5f70.txt,data/thermal-1-filtered/train/images/frame702_jpg.rf.4578a50d13fb78235d75b794c44b5f70.jpg,512,512,1.0,3.285,54.52,32.03,467.2
train,002454_png.rf.2180e70dc3ea09c77e5ad50a60e32615.txt,data/thermal-1-filtered/train/images/002454_png.rf.2180e70dc3ea09c77e5ad50a60e32615.jpg,512,512,1.0,0.0,82.87,52.29,434.75
train,ir_048290_jpg.rf.5726383de4725ad717d19898f34b4eb6.txt,data/thermal-1-filtered/train/images/ir_048290_jpg.rf.5726383de4725ad717d19898f34b4eb6.jpg,512,512,1.0,0.0,88.92,59.13,1075.22
train,002817_png.rf.9ec1fc9c8fd090d4d9071ee364f7b073.txt,data/thermal-1-filtered/train/images/002817_png.rf.9ec1fc9c8fd090d4d9071ee364f7b073.jpg,512,512,1.0,0.0,103.66,54.98,201.51
train,003019_png.rf.69f9fed3811f7531791de0cd6c957df3.txt,data/thermal-1-filtered/train/images/003019_png.rf.69f9fed3811f7531791de0cd6c957df3.jpg,512,512,1.0,0.0,88.2,57.48,2452.58
train,frame658_jpg.rf.42661003b992af8a98e2b2041f6c087c.txt,data/thermal-1-filtered/train/images/frame658_jpg.rf.42661003b992af8a98e2b2041f6c087c.jpg,512,512,1.0,3.31,55.99,33.56,423.98
train,003760_png.rf.611a62219a94f3a5ffd3e27645cbe538.txt,data/thermal-1-filtered/train/images/003760_png.rf.611a62219a94f3a5ffd3e27645cbe538.jpg,512,512,1.0,0.0,86.55,56.32,292.59
train,003049_png.rf.dfdeaa2d4d23bf94e2390bc0b9fd1689.txt,data/thermal-1-filtered/train/images/003049_png.rf.dfdeaa2d4d23bf94e2390bc0b9fd1689.jpg,512,512,1.0,0.0,82.6,53.07,738.01
train,frame270_jpg.rf.b250202760e2340170d74c7d7f4c2511.txt,data/thermal-1-filtered/train/images/frame270_jpg.rf.b250202760e2340170d74c7d7f4c2511.jpg,512,512,1.0,2.912,78.43,53.4,172.87
train,001504_png.rf.4488450b0a56885165dd1a5f4a229e94.txt,data/thermal-1-filtered/train/images/001504_png.rf.4488450b0a56885165dd1a5f4a229e94.jpg,512,512,1.0,0.0,78.59,55.01,238.76
train,002265_png.rf.dc1c67f4c0cc5d4a852ccbeb85e69e7b.txt,data/thermal-1-filtered/train/images/002265_png.rf.dc1c67f4c0cc5d4a852ccbeb85e69e7b.jpg,512,512,1.0,0.0,85.35,53.76,196.4
train,003687_png.rf.600f10f549a36fabac0e03b54a94fc52.txt,data/thermal-1-filtered/train/images/003687_png.rf.600f10f549a36fabac0e03b54a94fc52.jpg,512,512,1.0,0.0,81.73,55.22,816.94
train,IR_BIRD_012_frame157_jpg.rf.ceb9cb0371e9d004943c2c5709412bac.txt,data/thermal-1-filtered/train/images/IR_BIRD_012_frame157_jpg.rf.ceb9cb0371e9d004943c2c5709412bac.jpg,512,512,1.0,0.0,95.93,51.99,78.61
train,001998_png.rf.0db16ec9cca1cee22e71a2a7e37a0986.txt,data/thermal-1-filtered/train/images/001998_png.rf.0db16ec9cca1cee22e71a2a7e37a0986.jpg,512,512,1.0,0.0,81.88,56.73,807.53
train,frame490_jpg.rf.85807a0e3cc27eb005f530acc2e71372.txt,data/thermal-1-filtered/train/images/frame490_jpg.rf.85807a0e3cc27eb005f530acc2e71372.jpg,512,512,1.0,3.125,82.86,41.39,126.89
train,frame408_jpg.rf.21342339098776887f6fb23e49ae7583.txt,data/thermal-1-filtered/train/images/frame408_jpg.rf.21342339098776887f6fb23e49ae7583.jpg,512,512,1.0,3.159,86.64,43.94,138.53
train,IR_BIRD_012_frame225_jpg.rf.a5c9ba607790eadc81b398561a9a4eb2.txt,data/thermal-1-filtered/train/images/IR_BIRD_012_frame225_jpg.rf.a5c9ba607790eadc81b398561a9a4eb2.jpg,512,512,1.0,0.0,107.97,46.29,114.85
train,003807_png.rf.723614ff460dfd1d8c733740e61d400f.txt,data/thermal-1-filtered/train/images/003807_png.rf.723614ff460dfd1d8c733740e61d400f.jpg,512,512,1.0,0.0,100.08,58.0,847.85
train,frame237_jpg.rf.1c42f2922e91e9cc8cc8a8e6812feeff.txt,data/thermal-1-filtered/train/images/frame237_jpg.rf.1c42f2922e91e9cc8cc8a8e6812feeff.jpg,512,512,1.0,3.05,91.49,51.22,179.75
train,frame313_jpg.rf.ec3f0fc3d964c0e2bdc960e49f92fd61.txt,data/thermal-1-filtered/train/images/frame313_jpg.rf.ec3f0fc3d964c0e2bdc960e49f92fd61.jpg,512,512,1.0,3.283,105.98,58.44,571.81
train,frame365_jpg.rf.826b6ff5d850ff6888db06cef0b65488.txt,data/thermal-1-filtered/train/images/frame365_jpg.rf.826b6ff5d850ff6888db06cef0b65488.jpg,512,512,1.0,3.228,95.69,47.65,470.0
train,003804_png.rf.0985c7f0c4fe43f303516e4584ab0b0e.txt,data/thermal-1-filtered/train/images/003804_png.rf.0985c7f0c4fe43f303516e4584ab0b0e.jpg,512,512,1.0,0.0,99.46,58.12,341.34
train,003428_png.rf.2a8b689d00e2597179e4deccc9b1d432.txt,data/thermal-1-filtered/train/images/003428_png.rf.2a8b689d00e2597179e4deccc9b1d432.jpg,512,512,1.0,0.0,89.94,54.56,574.43
train,002797_png.rf.509cbe9ad87b61e6416b3b0260acb77c.txt,data/thermal-1-filtered/train/images/002797_png.rf.509cbe9ad87b61e6416b3b0260acb77c.jpg,512,512,1.0,0.0,90.97,58.63,1934.37
train,0_0_000039_jpg.rf.27f8c392c52190d830579f5a99be0297.txt,data/thermal-1-filtered/train/images/0_0_000039_jpg.rf.27f8c392c52190d830579f5a99be0297.jpg,512,512,1.0,0.0,98.46,71.22,111.2
train,frame260_jpg.rf.b2c66e6d9072984cedb0b44f254f7e03.txt,data/thermal-1-filtered/train/images/frame260_jpg.rf.b2c66e6d9072984cedb0b44f254f7e03.jpg,512,512,1.0,2.874,87.03,60.0,184.98
train,002777_png.rf.039c12f1e85f7147319738a5dc14fcf0.txt,data/thermal-1-filtered/train/images/002777_png.rf.039c12f1e85f7147319738a5dc14fcf0.jpg,512,512,1.0,0.0,77.49,55.18,310.98
train,frame318_jpg.rf.0f78a7011e2c9bd4d17796a58a848d8b.txt,data/thermal-1-filtered/train/images/frame318_jpg.rf.0f78a7011e2c9bd4d17796a58a848d8b.jpg,512,512,1.0,3.135,96.93,60.47,152.37
train,002691_png.rf.2a7ec1d3622b28d0cbedd7a6e14073cd.txt,data/thermal-1-filtered/train/images/002691_png.rf.2a7ec1d3622b28d0cbedd7a6e14073cd.jpg,512,512,1.0,0.0,77.96,53.63,640.77
train,001981_png.rf.8a9ff0180bbfa10020f78c521a417015.txt,data/thermal-1-filtered/train/images/001981_png.rf.8a9ff0180bbfa10020f78c521a417015.jpg,512,512,1.0,0.0,88.8,56.37,725.4
train,003798_png.rf.728018f7f9076c57fa922267cf75a47f.txt,data/thermal-1-filtered/train/images/003798_png.rf.728018f7f9076c57fa922267cf75a47f.jpg,512,512,1.0,0.0,101.19,58.93,469.28
train,001496_png.rf.a51d978accc785d408f4fe2435a4152e.txt,data/thermal-1-filtered/train/images/001496_png.rf.a51d978accc785d408f4fe2435a4152e.jpg,512,512,1.0,0.0,88.62,56.21,605.88
train,003809_png.rf.ce5e7e169052bc82154c6eba552091e6.txt,data/thermal-1-filtered/train/images/003809_png.rf.ce5e7e169052bc82154c6eba552091e6.jpg,512,512,1.0,0.0,88.19,58.58,361.57
train,IR_BIRD_012_frame50_jpg.rf.882fe1c4deb6a458c76c00d189360137.txt,data/thermal-1-filtered/train/images/IR_BIRD_012_frame50_jpg.rf.882fe1c4deb6a458c76c00d189360137.jpg,512,512,1.0,0.0,101.19,46.31,69.59
train,frame696_jpg.rf.7253a9e416779e751fcdfb0d7d760142.txt,data/thermal-1-filtered/train/images/frame696_jpg.rf.7253a9e416779e751fcdfb0d7d760142.jpg,512,512,1.0,3.301,51.0,31.41,474.35
train,frame57_jpg.rf.b04cfe32dc107e1a1054031b09fd793c.txt,data/thermal-1-filtered/train/images/frame57_jpg.rf.b04cfe32dc107e1a1054031b09fd793c.jpg,512,512,1.0,3.133,88.67,54.0,181.35
train,002360_png.rf.fc44d830c46359f1f7e86a6567299939.txt,data/thermal-1-filtered/train/images/002360_png.rf.fc44d830c46359f1f7e86a6567299939.jpg,512,512,1.0,0.0,85.2,54.23,417.82
train,002402_png.rf.e0a11c739d12f48e617f71af53983cc8.txt,data/thermal-1-filtered/train/images/002402_png.rf.e0a11c739d12f48e617f71af53983cc8.jpg,512,512,1.0,0.0,90.66,55.35,1372.37
train,frame131_jpg.rf.22b173f72e57ab10a9245666f331c749.txt,data/thermal-1-filtered/train/images/frame131_jpg.rf.22b173f72e57ab10a9245666f331c749.jpg,512,512,1.0,3.281,100.22,53.84,633.02
train,002047_png.rf.edf21cee5730631351a54ef1226c42fc.txt,data/thermal-1-filtered/train/images/002047_png.rf.edf21cee5730631351a54ef1226c42fc.jpg,512,512,1.0,0.0,85.77,56.11,1408.47
train,IR_BIRD_012_frame97_jpg.rf.39f04d6288e2035d2aac73d56f9f8a3e.txt,data/thermal-1-filtered/train/images/IR_BIRD_012_frame97_jpg.rf.39f04d6288e2035d2aac73d56f9f8a3e.jpg,512,512,1.0,0.0,94.84,55.57,73.12
train,frame475_jpg.rf.24bbf860ba1f9c3c57f059dc88a3ec5a.txt,data/thermal-1-filtered/train/images/frame475_jpg.rf.24bbf860ba1f9c3c57f059dc88a3ec5a.jpg,512,512,1.0,3.075,93.52,44.04,160.17
train,002403_png.rf.ec625dceda0eca34301c49ddf7e10f77.txt,data/thermal-1-filtered/train/images/002403_png.rf.ec625dceda0eca34301c49ddf7e10f77.jpg,512,512,1.0,0.0,90.74,55.54,1399.93
train,frame579_jpg.rf.03cf97eea70126ea035b3618d574aeaf.txt,data/thermal-1-filtered/train/images/frame579_jpg.rf.03cf97eea70126ea035b3618d574aeaf.jpg,512,512,1.0,3.034,42.7,28.88,143.12
train,003905_png.rf.f8c7fd35adf2a0a968c47956930d8210.txt,data/thermal-1-filtered/train/images/003905_png.rf.f8c7fd35adf2a0a968c47956930d8210.jpg,512,512,1.0,0.0,91.3,55.64,1716.01
train,frame55_jpg.rf.a0fb0fa166b57a41687fc1fe25b16779.txt,data/thermal-1-filtered/train/images/frame55_jpg.rf.a0fb0fa166b57a41687fc1fe25b16779.jpg,512,512,1.0,2.913,82.11,55.11,111.59
train,000008_png.rf.c1e927f96a1aa226cbd17332743e3098.txt,data/thermal-1-filtered/train/images/000008_png.rf.c1e927f96a1aa226cbd17332743e3098.jpg,512,512,1.0,0.0,84.12,57.53,405.86
train,002303_png.rf.8cbd81e69bed8442cd09135f94ebfbd0.txt,data/thermal-1-filtered/train/images/002303_png.rf.8cbd81e69bed8442cd09135f94ebfbd0.jpg,512,512,1.0,0.0,90.23,57.47,1975.18
train,IR_BIRD_012_frame201_jpg.rf.2ae974d4772e19dcfdebd52706a63f09.txt,data/thermal-1-filtered/train/images/IR_BIRD_012_frame201_jpg.rf.2ae974d4772e19dcfdebd52706a63f09.jpg,512,512,1.0,0.0,85.05,50.57,62.25
train,frame674_jpg.rf.aa7014364bda46bf8d01d684a85f6b9b.txt,data/thermal-1-filtered/train/images/frame674_jpg.rf.aa7014364bda46bf8d01d684a85f6b9b.jpg,512,512,1.0,3.309,48.45,30.01,453.65
train,IR_BIRD_012_frame126_jpg.rf.bbf386ccfc52af3530897355a661a251.txt,data/thermal-1-filtered/train/images/IR_BIRD_012_frame126_jpg.rf.bbf386ccfc52af3530897355a661a251.jpg,512,512,1.0,0.0,95.74,53.38,75.93
train,0_0_000241_jpg.rf.23cdba74fa5e138022fc9dbf61648e3c.txt,data/thermal-1-filtered/train/images/0_0_000241_jpg.rf.23cdba74fa5e138022fc9dbf61648e3c.jpg,512,512,1.0,0.0,131.57,40.68,89.84
train,frame651_jpg.rf.b0f0e9ed4b5a38d1db0b125b11b4ecc0.txt,data/thermal-1-filtered/train/images/frame651_jpg.rf.b0f0e9ed4b5a38d1db0b125b11b4ecc0.jpg,512,512,1.0,3.307,57.43,33.75,431.7
train,frame318_jpg.rf.e81a976443b5484a12c6b8eb87f5f549.txt,data/thermal-1-filtered/train/images/frame318_jpg.rf.e81a976443b5484a12c6b8eb87f5f549.jpg,512,512,1.0,3.242,96.28,57.41,124.66
train,IR_BIRD_012_frame84_jpg.rf.4862bf9658571eea705cd1c36bdc3578.txt,data/thermal-1-filtered/train/images/IR_BIRD_012_frame84_jpg.rf.4862bf9658571eea705cd1c36bdc3578.jpg,512,512,1.0,0.0,101.22,46.3,70.07
train,0_0_000111_jpg.rf.f76bf41a5a0984354b4f692453b6914c.txt,data/thermal-1-filtered/train/images/0_0_000111_jpg.rf.f76bf41a5a0984354b4f692453b6914c.jpg,512,512,1.0,0.0,121.38,56.35,95.25
train,frame470_jpg.rf.2ae6f4b9b5fa261d578f836fd1ea0184.txt,data/thermal-1-filtered/train/images/frame470_jpg.rf.2ae6f4b9b5fa261d578f836fd1ea0184.jpg,512,512,1.0,3.298,105.28,39.12,424.06
train,002365_png.rf.012caeb2cea7bd9d9e485f2b8756d9cf.txt,data/thermal-1-filtered/train/images/002365_png.rf.012caeb2cea7bd9d9e485f2b8756d9cf.jpg,512,512,1.0,0.0,75.9,54.05,312.88
train,002717_png.rf.30cde14eebf85d06233486b2089708fa.txt,data/thermal-1-filtered/train/images/002717_png.rf.30cde14eebf85d06233486b2089708fa.jpg,512,512,1.0,0.0,81.04,55.12,311.65
train,003788_png.rf.e07c828b33c6348ee8a28847cf1ff074.txt,data/thermal-1-filtered/train/images/003788_png.rf.e07c828b33c6348ee8a28847cf1ff074.jpg,512,512,1.0,0.0,94.53,58.76,205.11
train,003810_png.rf.fdebb6277ee11c1adb673485387be6f7.txt,data/thermal-1-filtered/train/images/003810_png.rf.fdebb6277ee11c1adb673485387be6f7.jpg,512,512,1.0,0.0,89.89,58.58,391.43
train,thermal_tzeelim_021740_jpg.rf.9c1f4aebed8a243634042702d3d7a938.txt,data/thermal-1-filtered/train/images/thermal_tzeelim_021740_jpg.rf.9c1f4aebed8a243634042702d3d7a938.jpg,512,512,1.0,0.0,76.5,52.18,260.25
train,frame30_jpg.rf.f2d891a468c8e3783751e2310f78f89c.txt,data/thermal-1-filtered/train/images/frame30_jpg.rf.f2d891a468c8e3783751e2310f78f89c.jpg,512,512,1.0,3.074,80.89,51.82,94.89
train,IR_BIRD_012_frame76_jpg.rf.1222e0fe0589ddbe5308f2c4d2f96845.txt,data/thermal-1-filtered/train/images/IR_BIRD_012_frame76_jpg.rf.1222e0fe0589ddbe5308f2c4d2f96845.jpg,512,512,1.0,0.0,101.2,46.31,70.05
train,002066_png.rf.430766862a70674f3d89b2c3f7bd8d4d.txt,data/thermal-1-filtered/train/images/002066_png.rf.430766862a70674f3d89b2c3f7bd8d4d.jpg,512,512,1.0,0.0,75.42,55.63,879.77
train,002450_png.rf.f5d164e0dc26e4a464d96b376f728301.txt,data/thermal-1-filtered/train/images/002450_png.rf.f5d164e0dc26e4a464d96b376f728301.jpg,512,512,1.0,0.0,76.79,51.21,357.94
train,frame395_jpg.rf.10022b63dc65f189b96730485fc70ad2.txt,data/thermal-1-filtered/train/images/frame395_jpg.rf.10022b63dc65f189b96730485fc70ad2.jpg,512,512,1.0,3.281,92.13,41.0,485.87
train,003845_png.rf.7cc1037acd290418e89de9225ea975dc.txt,data/thermal-1-filtered/train/images/003845_png.rf.7cc1037acd290418e89de9225ea975dc.jpg,512,512,1.0,0.0,93.87,55.74,379.23
train,frame580_jpg.rf.f1b066540260d1cf18d319003d013e93.txt,data/thermal-1-filtered/train/images/frame580_jpg.rf.f1b066540260d1cf18d319003d013e93.jpg,512,512,1.0,3.29,54.98,32.37,215.2
train,frame269_jpg.rf.86b86e61771f9ec3bbd8ed321343cccd.txt,data/thermal-1-filtered/train/images/frame269_jpg.rf.86b86e61771f9ec3bbd8ed321343cccd.jpg,512,512,1.0,2.849,73.98,52.47,137.66
train,002774_png.rf.96001ec4393b880cd4545539156a66ad.txt,data/thermal-1-filtered/train/images/002774_png.rf.96001ec4393b880cd4545539156a66ad.jpg,512,512,1.0,0.0,76.71,51.81,312.6
train,0_0_000079_jpg.rf.74369910453356261e41e8ca8e640141.txt,data/thermal-1-filtered/train/images/0_0_000079_jpg.rf.74369910453356261e41e8ca8e640141.jpg,512,512,1.0,0.0,69.31,71.48,135.75
train,IR_BIRD_012_frame201_jpg.rf.41b2679ccb569f0ce0f2781239deb358.txt,data/thermal-1-filtered/train/images/IR_BIRD_012_frame201_jpg.rf.41b2679ccb569f0ce0f2781239deb358.jpg,512,512,1.0,0.0,99.63,48.84,46.64
train,frame214_jpg.rf.a9500dcd70e482cefca0d918063f7a38.txt,data/thermal-1-filtered/train/images/frame214_jpg.rf.a9500dcd70e482cefca0d918063f7a38.jpg,512,512,1.0,3.13,89.71,47.19,178.04
train,003906_png.rf.ab8a9b04ce8073e3e930ce6f083e24ec.txt,data/thermal-1-filtered/train/images/003906_png.rf.ab8a9b04ce8073e3e930ce6f083e24ec.jpg,512,512,1.0,0.0,90.97,55.79,1751.1
train,frame158_jpg.rf.d9a53b24e195e308340371235ac368d6.txt,data/thermal-1-filtered/train/images/frame158_jpg.rf.d9a53b24e195e308340371235ac368d6.jpg,512,512,1.0,3.299,99.51,49.62,417.33
train,frame237_jpg.rf.400c32d62e4acd29279f5da42da058dd.txt,data/thermal-1-filtered/train/images/frame237_jpg.rf.400c32d62e4acd29279f5da42da058dd.jpg,512,512,1.0,2.801,83.76,55.3,139.41
train,0_0_000024_jpg.rf.936950155ed7cbaf7bc31c1bdfe76aba.txt,data/thermal-1-filtered/train/images/0_0_000024_jpg.rf.936950155ed7cbaf7bc31c1bdfe76aba.jpg,512,512,1.0,0.0,105.77,72.12,86.98
train,frame226_jpg.rf.1dd4aa0b150a0f620d17bea2c3f6bb2e.txt,data/thermal-1-filtered/train/images/frame226_jpg.rf.1dd4aa0b150a0f620d17bea2c3f6bb2e.jpg,512,512,1.0,3.201,92.24,47.76,388.51
train,001986_png.rf.03f7463bf4f9fb53d907c0e06c2dcbd7.txt,data/thermal-1-filtered/train/images/001986_png.rf.03f7463bf4f9fb53d907c0e06c2dcbd7.jpg,512,512,1.0,0.0,84.12,57.19,727.38
train,003690_png.rf.c2e2f05a7b5a0915fa3b5f9d81ae9083.txt,data/thermal-1-filtered/train/images/003690_png.rf.c2e2f05a7b5a0915fa3b5f9d81ae9083.jpg,512,512,1.0,0.0,81.74,54.71,757.82
train,frame678_jpg.rf.f35d5d2fec15530a4a76d48ef23b52c7.txt,data/thermal-1-filtered/train/images/frame678_jpg.rf.f35d5d2fec15530a4a76d48ef23b52c7.jpg,512,512,1.0,3.273,44.26,25.29,209.51
train,003054_png.rf.be8721ff91a40a5d8c1af860e1b7d386.txt,data/thermal-1-filtered/train/images/003054_png.rf.be8721ff91a40a5d8c1af860e1b7d386.jpg,512,512,1.0,0.0,86.42,54.2,820.41
train,002457_png.rf.444bcd27e83088df73d449547cbd4c23.txt,data/thermal-1-filtered/train/images/002457_png.rf.444bcd27e83088df73d449547cbd4c23.jpg,512,512,1.0,0.0,86.07,54.65,1152.08
train,003729_png.rf.734e4dbce3f5354142beb287d9b341b9.txt,data/thermal-1-filtered/train/images/003729_png.rf.734e4dbce3f5354142beb287d9b341b9.jpg,512,512,1.0,0.0,90.14,54.62,2154.0
train,frame375_jpg.rf.c3977d576aa0adddcb60abbc774f6f35.txt,data/thermal-1-filtered/train/images/frame375_jpg.rf.c3977d576aa0adddcb60abbc774f6f35.jpg,512,512,1.0,3.301,90.26,40.39,471.95
train,002722_png.rf.b0aab06d22230f39cfcff0c41625630a.txt,data/thermal-1-filtered/train/images/002722_png.rf.b0aab06d22230f39cfcff0c41625630a.jpg,512,512,1.0,0.0,71.77,52.44,270.88
train,003910_png.rf.004de3508493f65e566548a98420f6e1.txt,data/thermal-1-filtered/train/images/003910_png.rf.004de3508493f65e566548a98420f6e1.jpg,512,512,1.0,0.0,89.3,56.1,1879.46
train,002510_png.rf.526d9c25d9c310155a18dda678f6b5fb.txt,data/thermal-1-filtered/train/images/002510_png.rf.526d9c25d9c310155a18dda678f6b5fb.jpg,512,512,1.0,0.0,79.24,54.31,627.59
train,003680_png.rf.9ed9dc03a35fbf470fad35018e472ee6.txt,data/thermal-1-filtered/train/images/003680_png.rf.9ed9dc03a35fbf470fad35018e472ee6.jpg,512,512,1.0,0.0,87.16,54.63,1013.4
train,IR_BIRD_012_frame111_jpg.rf.128bf1861e37c6aea49e1ab45b061f3b.txt,data/thermal-1-filtered/train/images/IR_BIRD_012_frame111_jpg.rf.128bf1861e37c6aea49e1ab45b061f3b.jpg,512,512,1.0,0.0,104.23,49.46,76.09
train,frame234_jpg.rf.5cbfa08e6396e1cbaeb8ed06e5a420e0.txt,data/thermal-1-filtered/train/images/frame234_jpg.rf.5cbfa08e6396e1cbaeb8ed06e5a420e0.jpg,512,512,1.0,2.87,86.68,55.23,144.38
train,frame485_jpg.rf.39402216ea58d454b536ec0e209050d1.txt,data/thermal-1-filtered/train/images/frame485_jpg.rf.39402216ea58d454b536ec0e209050d1.jpg,512,512,1.0,3.065,89.26,38.94,139.56
train,frame276_jpg.rf.43ac805e81ff8c2b7660baf6df45103a.txt,data/thermal-1-filtered/train/images/frame276_jpg.rf.43ac805e81ff8c2b7660baf6df45103a.jpg,512,512,1.0,2.9,79.27,55.73,178.51
train,002247_png.rf.5ee4ee9ef76eaacca19c5ca52a456aa9.txt,data/thermal-1-filtered/train/images/002247_png.rf.5ee4ee9ef76eaacca19c5ca52a456aa9.jpg,512,512,1.0,0.0,75.92,48.16,206.04
train,ir_046670_jpg.rf.6ec91a594325d735206a5a765985a3c8.txt,data/thermal-1-filtered/train/images/ir_046670_jpg.rf.6ec91a594325d735206a5a765985a3c8.jpg,512,512,1.0,0.0,91.19,58.68,303.85
train,0_0_000129_jpg.rf.99e8d9d5b3478522ac85101d9a924533.txt,data/thermal-1-filtered/train/images/0_0_000129_jpg.rf.99e8d9d5b3478522ac85101d9a924533.jpg,512,512,1.0,0.0,86.46,66.98,87.68
train,002273_png.rf.6cf51ab6a247fd13127cb697f67f90c7.txt,data/thermal-1-filtered/train/images/002273_png.rf.6cf51ab6a247fd13127cb697f67f90c7.jpg,512,512,1.0,0.0,83.84,54.05,211.28
train,0_0_000192_jpg.rf.e90297c20b2e56ffe9a3704fb6f8f849.txt,data/thermal-1-filtered/train/images/0_0_000192_jpg.rf.e90297c20b2e56ffe9a3704fb6f8f849.jpg,512,512,1.0,0.0,80.05,42.05,40.88
train,002722_png.rf.ec259b66b5391c2a32885e458786996d.txt,data/thermal-1-filtered/train/images/002722_png.rf.ec259b66b5391c2a32885e458786996d.jpg,512,512,1.0,0.0,86.71,55.86,1021.5
train,frame397_jpg.rf.ae3f8e4b81c834ed81662ac0d43c47f0.txt,data/thermal-1-filtered/train/images/frame397_jpg.rf.ae3f8e4b81c834ed81662ac0d43c47f0.jpg,512,512,1.0,3.281,91.89,41.05,447.11
train,0_0_000272_jpg.rf.7c6efb8b0f1a4abfee86b941b4ce6da9.txt,data/thermal-1-filtered/train/images/0_0_000272_jpg.rf.7c6efb8b0f1a4abfee86b941b4ce6da9.jpg,512,512,1.0,0.0,68.27,46.6,9.84
train,frame500_jpg.rf.5e95e59320c094594d501b4b441bf5eb.txt,data/thermal-1-filtered/train/images/frame500_jpg.rf.5e95e59320c094594d501b4b441bf5eb.jpg,512,512,1.0,3.044,77.6,37.08,135.48
train,IR_BIRD_012_frame127_jpg.rf.8687cf6b20897e7e7089a9c54f6c384e.txt,data/thermal-1-filtered/train/images/IR_BIRD_012_frame127_jpg.rf.8687cf6b20897e7e7089a9c54f6c384e.jpg,512,512,1.0,0.0,94.59,53.4,65.47
train,003764_png.rf.82c77c7df0dec56ebf2764830ec6e37c.txt,data/thermal-1-filtered/train/images/003764_png.rf.82c77c7df0dec56ebf2764830ec6e37c.jpg,512,512,1.0,0.0,88.69,54.23,324.15
train,002021_png.rf.c473ae5003f4b934dda1f6a549b93ba5.txt,data/thermal-1-filtered/train/images/002021_png.rf.c473ae5003f4b934dda1f6a549b93ba5.jpg,512,512,1.0,0.0,93.86,55.28,1125.73
train,002198_png.rf.32bbe4e67cefbe571f2cfdc09f8f901c.txt,data/thermal-1-filtered/train/images/002198_png.rf.32bbe4e67cefbe571f2cfdc09f8f901c.jpg,512,512,1.0,0.0,91.35,56.17,2169.02
train,frame141_jpg.rf.52c55a95e4635117881410d207ce0eeb.txt,data/thermal-1-filtered/train/images/frame141_jpg.rf.52c55a95e4635117881410d207ce0eeb.jpg,512,512,1.0,3.028,89.56,55.84,164.81
train,002064_png.rf.33262b72c8a01842b0fab4b78224abcb.txt,data/thermal-1-filtered/train/images/002064_png.rf.33262b72c8a01842b0fab4b78224abcb.jpg,512,512,1.0,0.0,87.86,58.24,3669.04
train,0_0_000085_jpg.rf.99b1c420fa0d72854e1e7c9add77be7b.txt,data/thermal-1-filtered/train/images/0_0_000085_jpg.rf.99b1c420fa0d72854e1e7c9add77be7b.jpg,512,512,1.0,0.0,90.51,62.85,82.68
train,002512_png.rf.b64e4786f42fe0526ecdd8c39181a827.txt,data/thermal-1-filtered/train/images/002512_png.rf.b64e4786f42fe0526ecdd8c39181a827.jpg,512,512,1.0,0.0,85.16,54.39,1724.07
train,IR_BIRD_012_frame280_jpg.rf.9bb8a37f2a69b99755c937699f1397b3.txt,data/thermal-1-filtered/train/images/IR_BIRD_012_frame280_jpg.rf.9bb8a37f2a69b99755c937699f1397b3.jpg,512,512,1.0,0.0,108.15,49.1,176.34
train,003905_png.rf.18bc95d15622e7c795ace4f0cb7d50be.txt,data/thermal-1-filtered/train/images/003905_png.rf.18bc95d15622e7c795ace4f0cb7d50be.jpg,512,512,1.0,0.0,83.58,54.93,515.57
train,002252_png.rf.8f7c56e1dc6355d773c847e8741136ea.txt,data/thermal-1-filtered/train/images/002252_png.rf.8f7c56e1dc6355d773c847e8741136ea.jpg,512,512,1.0,0.0,79.67,57.87,119.6
train,frame372_jpg.rf.07e22889742d6f95e73cc788b5491ed0.txt,data/thermal-1-filtered/train/images/frame372_jpg.rf.07e22889742d6f95e73cc788b5491ed0.jpg,512,512,1.0,3.315,92.63,41.67,352.4
train,frame597_jpg.rf.9e881112563d3c0190b06ab7c4432e0f.txt,data/thermal-1-filtered/train/images/frame597_jpg.rf.9e881112563d3c0190b06ab7c4432e0f.jpg,512,512,1.0,3.311,56.24,34.26,425.05
train,002041_png.rf.3a77a4b7b08c3fd31fcbd9eb5544dde1.txt,data/thermal-1-filtered/train/images/002041_png.rf.3a77a4b7b08c3fd31fcbd9eb5544dde1.jpg,512,512,1.0,0.0,80.43,56.84,1292.54
train,frame200_jpg.rf.7eca589598198c3c861ce4ce6f68879b.txt,data/thermal-1-filtered/train/images/frame200_jpg.rf.7eca589598198c3c861ce4ce6f68879b.jpg,512,512,1.0,3.016,84.43,48.84,116.17
train,ir_2_023870_jpg.rf.7ce181709c08024af06c094dfc644f4d.txt,data/thermal-1-filtered/train/images/ir_2_023870_jpg.rf.7ce181709c08024af06c094dfc644f4d.jpg,512,512,1.0,0.0,92.15,60.21,487.43
train,002385_png.rf.76530b1463fa499a816b49e1e2a1df21.txt,data/thermal-1-filtered/train/images/002385_png.rf.76530b1463fa499a816b49e1e2a1df21.jpg,512,512,1.0,0.0,84.89,52.44,494.19
train,002045_png.rf.6b5122666c7fe9a1fea4d35987fcd6dc.txt,data/thermal-1-filtered/train/images/002045_png.rf.6b5122666c7fe9a1fea4d35987fcd6dc.jpg,512,512,1.0,0.0,78.02,56.8,1381.44
train,003086_png.rf.a591e2165b2cc09ee74128c1d4845db4.txt,data/thermal-1-filtered/train/images/003086_png.rf.a591e2165b2cc09ee74128c1d4845db4.jpg,512,512,1.0,0.0,89.56,57.76,2510.79
train,002000_png.rf.f45ad4d6af70e541c4852773b02de8a0.txt,data/thermal-1-filtered/train/images/002000_png.rf.f45ad4d6af70e541c4852773b02de8a0.jpg,512,512,1.0,0.0,90.97,57.56,2200.46
train,002288_png.rf.ed8489a830897b17fce20b1ea1dfd872.txt,data/thermal-1-filtered/train/images/002288_png.rf.ed8489a830897b17fce20b1ea1dfd872.jpg,512,512,1.0,0.0,91.34,55.79,665.67
train,frame666_jpg.rf.eb0ef883584d1e64ba22804b81ce23c2.txt,data/thermal-1-filtered/train/images/frame666_jpg.rf.eb0ef883584d1e64ba22804b81ce23c2.jpg,512,512,1.0,3.302,51.43,31.0,429.66
train,ir_3_016490_jpg.rf.496716ed3dc4f4aec1ff043ea66ca2e3.txt,data/thermal-1-filtered/train/images/ir_3_016490_jpg.rf.496716ed3dc4f4aec1ff043ea66ca2e3.jpg,512,512,1.0,0.0,88.09,59.42,1126.16
train,002233_png.rf.6a58d0fd46c381f46f6c82331426d658.txt,data/thermal-1-filtered/train/images/002233_png.rf.6a58d0fd46c381f46f6c82331426d658.jpg,512,512,1.0,0.0,88.23,55.5,1369.39
train,frame392_jpg.rf.9c638d40df34e1700ae4767f6ecbc565.txt,data/thermal-1-filtered/train/images/frame392_jpg.rf.9c638d40df34e1700ae4767f6ecbc565.jpg,512,512,1.0,2.974,81.9,45.64,93.28
train,002240_png.rf.6e484df0ba275b4b11b4132e204d14a9.txt,data/thermal-1-filtered/train/images/002240_png.rf.6e484df0ba275b4b11b4132e204d14a9.jpg,512,512,1.0,0.0,79.74,51.94,290.27
train,0_0_000192_jpg.rf.01c566b53b83ce9fd8b82f1b1be68b98.txt,data/thermal-1-filtered/train/images/0_0_000192_jpg.rf.01c566b53b83ce9fd8b82f1b1be68b98.jpg,512,512,1.0,0.0,74.84,40.4,90.26
train,002025_png.rf.94eaf9ab73f0f60ac22849463efd2bb5.txt,data/thermal-1-filtered/train/images/002025_png.rf.94eaf9ab73f0f60ac22849463efd2bb5.jpg,512,512,1.0,0.0,89.2,58.64,3714.55
train,IR_BIRD_012_frame177_jpg.rf.e6d92f37b442a45f8e4af09387e226e9.txt,data/thermal-1-filtered/train/images/IR_BIRD_012_frame177_jpg.rf.e6d92f37b442a45f8e4af09387e226e9.jpg,512,512,1.0,0.0,101.11,49.61,61.3
train,frame110_jpg.rf.21e931b7db264db6ad8b424603ceb911.txt,data/thermal-1-filtered/train/images/frame110_jpg.rf.21e931b7db264db6ad8b424603ceb911.jpg,512,512,1.0,3.278,89.27,50.65,543.41
train,003536_png.rf.035a55fb0934562c1cb2f2d83b3b2c5e.txt,data/thermal-1-filtered/train/images/003536_png.rf.035a55fb0934562c1cb2f2d83b3b2c5e.jpg,512,512,1.0,0.0,98.72,56.18,1904.47
train,frame505_jpg.rf.8a169beac442b42bd91d24f31f7ee1f4.txt,data/thermal-1-filtered/train/images/frame505_jpg.rf.8a169beac442b42bd91d24f31f7ee1f4.jpg,512,512,1.0,3.295,83.62,34.68,177.94
train,frame719_jpg.rf.c5d54b4cc5eed898932c55d1d9b8b6de.txt,data/thermal-1-filtered/train/images/frame719_jpg.rf.c5d54b4cc5eed898932c55d1d9b8b6de.jpg,512,512,1.0,3.312,65.43,32.86,421.14
train,002413_png.rf.8814ef934530291bbc130326b72f4a87.txt,data/thermal-1-filtered/train/images/002413_png.rf.8814ef934530291bbc130326b72f4a87.jpg,512,512,1.0,0.0,81.65,54.1,363.18
train,002781_png.rf.0f60d83b07fb13035a6815579190ac09.txt,data/thermal-1-filtered/train/images/002781_png.rf.0f60d83b07fb13035a6815579190ac09.jpg,512,512,1.0,0.0,84.14,54.91,810.46
train,frame620_jpg.rf.5ad7f0b3fed9c8bb259963264e22eeb5.txt,data/thermal-1-filtered/train/images/frame620_jpg.rf.5ad7f0b3fed9c8bb259963264e22eeb5.jpg,512,512,1.0,3.097,46.6,30.29,151.69
train,001996_png.rf.15b4444d9ed8c7f1f0008d4f2e066227.txt,data/thermal-1-filtered/train/images/001996_png.rf.15b4444d9ed8c7f1f0008d4f2e066227.jpg,512,512,1.0,0.0,91.71,58.15,2608.56
train,002249_png.rf.447c98e8470ebb97602a9ba0208ef536.txt,data/thermal-1-filtered/train/images/002249_png.rf.447c98e8470ebb97602a9ba0208ef536.jpg,512,512,1.0,0.0,90.71,54.09,868.85
train,IR_BIRD_012_frame56_jpg.rf.6e258367939d621554dd3893e122d184.txt,data/thermal-1-filtered/train/images/IR_BIRD_012_frame56_jpg.rf.6e258367939d621554dd3893e122d184.jpg,512,512,1.0,0.0,96.04,51.88,62.08
train,frame370_jpg.rf.f58d8d7df85f82ebc791b64824eb0602.txt,data/thermal-1-filtered/train/images/frame370_jpg.rf.f58d8d7df85f82ebc791b64824eb0602.jpg,512,512,1.0,3.272,88.57,41.86,434.78
train,002358_png.rf.79b81bfe5ceb7a27edf67fbe4d89134b.txt,data/thermal-1-filtered/train/images/002358_png.rf.79b81bfe5ceb7a27edf67fbe4d89134b.jpg,512,512,1.0,0.0,87.33,55.28,1064.33
train,frame605_jpg.rf.826e0a138f930b3a06632d718bb3b254.txt,data/thermal-1-filtered/train/images/frame605_jpg.rf.826e0a138f930b3a06632d718bb3b254.jpg,512,512,1.0,3.099,47.27,30.43,154.31
train,0_0_000129_jpg.rf.eadbea52cee47af23bfd4de2f9edd8c5.txt,data/thermal-1-filtered/train/images/0_0_000129_jpg.rf.eadbea52cee47af23bfd4de2f9edd8c5.jpg,512,512,1.0,0.0,136.13,53.26,143.73
train,IR_BIRD_012_frame87_jpg.rf.c34ae2cf863e0507c4d80d2198416902.txt,data/thermal-1-filtered/train/images/IR_BIRD_012_frame87_jpg.rf.c34ae2cf863e0507c4d80d2198416902.jpg,512,512,1.0,0.0,96.88,52.88,64.59
train,002295_png.rf.76832c34b753714a8d13d661aff65d47.txt,data/thermal-1-filtered/train/images/002295_png.rf.76832c34b753714a8d13d661aff65d47.jpg,512,512,1.0,0.0,82.46,55.09,491.43
train,003744_png.rf.10cce3b87dcf93b7f98f8faa0d8e340f.txt,data/thermal-1-filtered/train/images/003744_png.rf.10cce3b87dcf93b7f98f8faa0d8e340f.jpg,512,512,1.0,0.0,85.15,54.23,474.72
train,frame590_jpg.rf.ab4f3da43db3a9750a7303ab76b2fc7f.txt,data/thermal-1-filtered/train/images/frame590_jpg.rf.ab4f3da43db3a9750a7303ab76b2fc7f.jpg,512,512,1.0,3.127,45.25,28.93,156.12
train,003431_png.rf.9d252a914fa949f532ed4a701b18a0b6.txt,data/thermal-1-filtered/train/images/003431_png.rf.9d252a914fa949f532ed4a701b18a0b6.jpg,512,512,1.0,0.0,82.95,53.67,567.86
train,frame688_jpg.rf.3d78ba8964d9e310344d0f5f6cb84f47.txt,data/thermal-1-filtered/train/images/frame688_jpg.rf.3d78ba8964d9e310344d0f5f6cb84f47.jpg,512,512,1.0,3.123,44.97,27.32,185.31
train,IR_BIRD_012_frame121_jpg.rf.692e3237905ec1a431a3662e8f6285c1.txt,data/thermal-1-filtered/train/images/IR_BIRD_012_frame121_jpg.rf.692e3237905ec1a431a3662e8f6285c1.jpg,512,512,1.0,0.0,98.82,52.64,79.41
train,002418_png.rf.edcba72bd6fdbbcfd68d9bbdad7ee76f.txt,data/thermal-1-filtered/train/images/002418_png.rf.edcba72bd6fdbbcfd68d9bbdad7ee76f.jpg,512,512,1.0,0.0,82.94,53.78,442.36
train,IR_BIRD_012_frame216_jpg.rf.513e8b1994ee8f7c0dd367706d553530.txt,data/thermal-1-filtered/train/images/IR_BIRD_012_frame216_jpg.rf.513e8b1994ee8f7c0dd367706d553530.jpg,512,512,1.0,0.0,98.03,54.94,93.81
train,0_0_000509_jpg.rf.c7a5864b8b49e45cc19a44cac50868c8.txt,data/thermal-1-filtered/train/images/0_0_000509_jpg.rf.c7a5864b8b49e45cc19a44cac50868c8.jpg,512,512,1.0,0.0,132.63,72.55,133.37
train,002060_png.rf.cc88ff65e7f99e81c302bcf817637d0e.txt,data/thermal-1-filtered/train/images/002060_png.rf.cc88ff65e7f99e81c302bcf817637d0e.jpg,512,512,1.0,0.0,83.53,56.83,1441.45
train,003423_png.rf.5f8e0cec9fdb13db664262091717e9cc.txt,data/thermal-1-filtered/train/images/003423_png.rf.5f8e0cec9fdb13db664262091717e9cc.jpg,512,512,1.0,0.0,90.76,56.4,1514.5
train,IR_BIRD_012_frame59_jpg.rf.f23b7577ea28e5310c1d54bdc6d962ae.txt,data/thermal-1-filtered/train/images/IR_BIRD_012_frame59_jpg.rf.f23b7577ea28e5310c1d54bdc6d962ae.jpg,512,512,1.0,0.0,101.19,46.31,69.61
train,002507_png.rf.f2bdb65202aa4dc5f92a8abea2f52649.txt,data/thermal-1-filtered/train/images/002507_png.rf.f2bdb65202aa4dc5f92a8abea2f52649.jpg,512,512,1.0,0.0,78.63,53.94,618.69
train,frame369_jpg.rf.8135d2ed91416f1836ce69e10ec94899.txt,data/thermal-1-filtered/train/images/frame369_jpg.rf.8135d2ed91416f1836ce69e10ec94899.jpg,512,512,1.0,3.2,86.35,41.31,115.4
train,frame512_jpg.rf.eb20d8935baa9bc5a3f5ffaf4110b3bc.txt,data/thermal-1-filtered/train/images/frame512_jpg.rf.eb20d8935baa9bc5a3f5ffaf4110b3bc.jpg,512,512,1.0,3.319,84.1,26.51,366.77
train,frame499_jpg.rf.e021c07d766dbc011fa9366bb4743824.txt,data/thermal-1-filtered/train/images/frame499_jpg.rf.e021c07d766dbc011fa9366bb4743824.jpg,512,512,1.0,3.302,89.95,34.55,374.2
train,003017_png.rf.4fb9171ab1ba54b25e36a0d5e984e6a7.txt,data/thermal-1-filtered/train/images/003017_png.rf.4fb9171ab1ba54b25e36a0d5e984e6a7.jpg,512,512,1.0,0.0,88.07,57.76,1839.88
train,ir_3_030880_jpg.rf.ae907021826cfb6514e2272ed9eb3ed4.txt,data/thermal-1-filtered/train/images/ir_3_030880_jpg.rf.ae907021826cfb6514e2272ed9eb3ed4.jpg,512,512,1.0,0.0,78.79,56.04,1211.74
train,IR_BIRD_012_frame278_jpg.rf.49da220cb2924a0db0e8072727d01cf8.txt,data/thermal-1-filtered/train/images/IR_BIRD_012_frame278_jpg.rf.49da220cb2924a0db0e8072727d01cf8.jpg,512,512,1.0,0.0,106.91,46.72,117.87
train,002271_png.rf.c85583978151267a93bc6f4246438154.txt,data/thermal-1-filtered/train/images/002271_png.rf.c85583978151267a93bc6f4246438154.jpg,512,512,1.0,0.0,81.36,50.49,196.48
train,IR_BIRD_012_frame74_jpg.rf.f90a4dbfd5582fb77dc1354a2a08fea0.txt,data/thermal-1-filtered/train/images/IR_BIRD_012_frame74_jpg.rf.f90a4dbfd5582fb77dc1354a2a08fea0.jpg,512,512,1.0,0.0,98.48,49.35,58.72
train,frame561_jpg.rf.8353b3005584f30e65338cab2bd6e6fd.txt,data/thermal-1-filtered/train/images/frame561_jpg.rf.8353b3005584f30e65338cab2bd6e6fd.jpg,512,512,1.0,3.239,55.3,32.11,199.71
train,003789_png.rf.1598494f52c1184f95b5502680ad39ad.txt,data/thermal-1-filtered/train/images/003789_png.rf.1598494f52c1184f95b5502680ad39ad.jpg,512,512,1.0,0.0,95.45,58.35,195.27
train,IR_BIRD_012_frame298_jpg.rf.12052f47956380487e80088bb6615f09.txt,data/thermal-1-filtered/train/images/IR_BIRD_012_frame298_jpg.rf.12052f47956380487e80088bb6615f09.jpg,512,512,1.0,0.0,98.56,54.89,92.76
train,frame699_jpg.rf.c6b9195b787b8c5cef4edda208dbcef5.txt,data/thermal-1-filtered/train/images/frame699_jpg.rf.c6b9195b787b8c5cef4edda208dbcef5.jpg,512,512,1.0,3.289,51.57,31.22,472.16
train,003035_png.rf.6a3dff751c77264fb5581333c35a101c.txt,data/thermal-1-filtered/train/images/003035_png.rf.6a3dff751c77264fb5581333c35a101c.jpg,512,512,1.0,0.0,78.85,53.42,714.57
train,002253_png.rf.2f585264f721f2fac9c85b787099217c.txt,data/thermal-1-filtered/train/images/002253_png.rf.2f585264f721f2fac9c85b787099217c.jpg,512,512,1.0,0.0,93.81,58.2,184.53
train,IR_BIRD_012_frame81_jpg.rf.097c5dd191c340b281b850e5ecec4657.txt,data/thermal-1-filtered/train/images/IR_BIRD_012_frame81_jpg.rf.097c5dd191c340b281b850e5ecec4657.jpg,512,512,1.0,0.0,101.21,46.3,69.87
train,003092_png.rf.619e7f6844d0493698e2533e455cd042.txt,data/thermal-1-filtered/train/images/003092_png.rf.619e7f6844d0493698e2533e455cd042.jpg,512,512,1.0,0.0,81.14,54.05,718.46
train,003803_png.rf.206aff3ff7f016654ff851b1e94c1399.txt,data/thermal-1-filtered/train/images/003803_png.rf.206aff3ff7f016654ff851b1e94c1399.jpg,512,512,1.0,0.0,92.43,58.44,212.28
train,0_0_000029_jpg.rf.9bd94fa110f8d38aca8ef454d75af3d3.txt,data/thermal-1-filtered/train/images/0_0_000029_jpg.rf.9bd94fa110f8d38aca8ef454d75af3d3.jpg,512,512,1.0,0.0,105.18,70.21,113.49
train,0_0_000032_jpg.rf.99d25de0b06ba46ba51bb9c71dbfd40d.txt,data/thermal-1-filtered/train/images/0_0_000032_jpg.rf.99d25de0b06ba46ba51bb9c71dbfd40d.jpg,512,512,1.0,0.0,104.83,70.16,137.94
train,003747_png.rf.559358209f55109ce36864c22a485228.txt,data/thermal-1-filtered/train/images/003747_png.rf.559358209f55109ce36864c22a485228.jpg,512,512,1.0,0.0,90.08,52.89,402.3
train,003845_png.rf.0877df1d5a49a54f44ad3154479b14be.txt,data/thermal-1-filtered/train/images/003845_png.rf.0877df1d5a49a54f44ad3154479b14be.jpg,512,512,1.0,0.0,91.08,53.5,413.1
train,003070_png.rf.d246e5fe281e5f689fea15c316364530.txt,data/thermal-1-filtered/train/images/003070_png.rf.d246e5fe281e5f689fea15c316364530.jpg,512,512,1.0,0.0,87.8,56.33,800.4
train,IR_BIRD_012_frame6_jpg.rf.53da2784dcd0aec509bb64618123af70.txt,data/thermal-1-filtered/train/images/IR_BIRD_012_frame6_jpg.rf.53da2784dcd0aec509bb64618123af70.jpg,512,512,1.0,0.0,101.17,46.31,69.22
train,002709_png.rf.180cf9d9dcb7ee0f770a3c0746c2c16a.txt,data/thermal-1-filtered/train/images/002709_png.rf.180cf9d9dcb7ee0f770a3c0746c2c16a.jpg,512,512,1.0,0.0,83.55,54.46,1248.96
train,frame280_jpg.rf.e7555e647515e22b33b3b0d6722e71e1.txt,data/thermal-1-filtered/train/images/frame280_jpg.rf.e7555e647515e22b33b3b0d6722e71e1.jpg,512,512,1.0,3.076,90.39,58.67,254.24
train,frame717_jpg.rf.9fe44ed0b698842068011f12f7e02a35.txt,data/thermal-1-filtered/train/images/frame717_jpg.rf.9fe44ed0b698842068011f12f7e02a35.jpg,512,512,1.0,3.07,53.73,29.42,153.72
train,000001_png.rf.bc015dfadb96a4a77bb2c02edf8b5514.txt,data/thermal-1-filtered/train/images/000001_png.rf.bc015dfadb96a4a77bb2c02edf8b5514.jpg,512,512,1.0,0.0,92.62,59.61,484.74
train,ir_3_031750_jpg.rf.b19ddaf5687a51104e0a0aab66a34da3.txt,data/thermal-1-filtered/train/images/ir_3_031750_jpg.rf.b19ddaf5687a51104e0a0aab66a34da3.jpg,512,512,1.0,0.0,85.15,54.57,767.67
train,IR_BIRD_012_frame191_jpg.rf.9134f8289c636a3a88afbedfd3ccf5b3.txt,data/thermal-1-filtered/train/images/IR_BIRD_012_frame191_jpg.rf.9134f8289c636a3a88afbedfd3ccf5b3.jpg,512,512,1.0,0.0,100.18,49.34,53.09
train,IR_BIRD_012_frame89_jpg.rf.cbe1f1f34ce3aa5eda20925d164b4eee.txt,data/thermal-1-filtered/train/images/IR_BIRD_012_frame89_jpg.rf.cbe1f1f34ce3aa5eda20925d164b4eee.jpg,512,512,1.0,0.0,99.36,48.21,75.45
train,0_0_000005_jpg.rf.7f77d2a449bf28529cba6b8e7d6f2513.txt,data/thermal-1-filtered/train/images/0_0_000005_jpg.rf.7f77d2a449bf28529cba6b8e7d6f2513.jpg,512,512,1.0,0.0,123.32,55.38,283.58
train,IR_BIRD_012_frame239_jpg.rf.b7e7e29ef8ba6f4ce4ca4552e3771d7c.txt,data/thermal-1-filtered/train/images/IR_BIRD_012_frame239_jpg.rf.b7e7e29ef8ba6f4ce4ca4552e3771d7c.jpg,512,512,1.0,0.0,108.06,46.14,98.1
train,frame605_jpg.rf.e97ff39f97e11660b3ae385561eb8164.txt,data/thermal-1-filtered/train/images/frame605_jpg.rf.e97ff39f97e11660b3ae385561eb8164.jpg,512,512,1.0,3.306,56.47,34.07,433.52
train,002437_png.rf.7991e459c9027aaa02b01f04aae747a6.txt,data/thermal-1-filtered/train/images/002437_png.rf.7991e459c9027aaa02b01f04aae747a6.jpg,512,512,1.0,0.0,79.63,54.54,445.87
train,IR_BIRD_012_frame236_jpg.rf.0f1787fddbfd45b9bfec05bb2a1d5c8e.txt,data/thermal-1-filtered/train/images/IR_BIRD_012_frame236_jpg.rf.0f1787fddbfd45b9bfec05bb2a1d5c8e.jpg,512,512,1.0,0.0,108.14,46.36,94.3
train,003058_png.rf.ff0d5ec329512455e2114931c089d524.txt,data/thermal-1-filtered/train/images/003058_png.rf.ff0d5ec329512455e2114931c089d524.jpg,512,512,1.0,0.0,88.71,57.48,2734.94
train,002818_png.rf.2186a5dd5966c9c94aeb5dd2e59b0e69.txt,data/thermal-1-filtered/train/images/002818_png.rf.2186a5dd5966c9c94aeb5dd2e59b0e69.jpg,512,512,1.0,0.0,97.43,56.72,1244.7
train,002346_png.rf.46ee4a2587e766cc47032690afbb6bcf.txt,data/thermal-1-filtered/train/images/002346_png.rf.46ee4a2587e766cc47032690afbb6bcf.jpg,512,512,1.0,0.0,78.5,53.92,376.54
train,frame24_jpg.rf.5ae42cbcf67488a49145abff558bd961.txt,data/thermal-1-filtered/train/images/frame24_jpg.rf.5ae42cbcf67488a49145abff558bd961.jpg,512,512,1.0,3.165,87.32,51.09,459.21
train,frame256_jpg.rf.4e264dd1199b20f83e35a9182c0520c3.txt,data/thermal-1-filtered/train/images/frame256_jpg.rf.4e264dd1199b20f83e35a9182c0520c3.jpg,512,512,1.0,3.133,99.64,58.44,681.79
train,000005_png.rf.4bd08e1d821a046a65ec0bbf449782c0.txt,data/thermal-1-filtered/train/images/000005_png.rf.4bd08e1d821a046a65ec0bbf449782c0.jpg,512,512,1.0,0.0,76.29,57.64,385.13
train,002772_png.rf.f56ab48f04bcdfcebc4e2d222219bda7.txt,data/thermal-1-filtered/train/images/002772_png.rf.f56ab48f04bcdfcebc4e2d222219bda7.jpg,512,512,1.0,0.0,83.89,54.68,944.13
train,002285_png.rf.c9a0c69dcabe93b4d5c631cfa107faff.txt,data/thermal-1-filtered/train/images/002285_png.rf.c9a0c69dcabe93b4d5c631cfa107faff.jpg,512,512,1.0,0.0,87.62,54.56,245.19
train,frame236_jpg.rf.1261185e89183fa7ddaeac5ab4193301.txt,data/thermal-1-filtered/train/images/frame236_jpg.rf.1261185e89183fa7ddaeac5ab4193301.jpg,512,512,1.0,3.016,92.15,52.8,190.41
train,002337_png.rf.2b19ea4f6129602c9cacd7d2b36d47e9.txt,data/thermal-1-filtered/train/images/002337_png.rf.2b19ea4f6129602c9cacd7d2b36d47e9.jpg,512,512,1.0,0.0,77.52,53.46,414.55
train,003727_png.rf.a321d3cb5b1da287f1e180b1de9106fb.txt,data/thermal-1-filtered/train/images/003727_png.rf.a321d3cb5b1da287f1e180b1de9106fb.jpg,512,512,1.0,0.0,89.78,54.7,2124.0
train,frame649_jpg.rf.8c4a4eb34b8b8528a0baca76e3e07a4f.txt,data/thermal-1-filtered/train/images/frame649_jpg.rf.8c4a4eb34b8b8528a0baca76e3e07a4f.jpg,512,512,1.0,3.304,56.66,34.12,430.71
train,IR_BIRD_012_frame255_jpg.rf.6695b540b6ded0ca2baed92565d50815.txt,data/thermal-1-filtered/train/images/IR_BIRD_012_frame255_jpg.rf.6695b540b6ded0ca2baed92565d50815.jpg,512,512,1.0,0.0,106.87,48.8,109.34
train,002274_png.rf.26a5509b4671a49c31fe96c3d61a76a7.txt,data/thermal-1-filtered/train/images/002274_png.rf.26a5509b4671a49c31fe96c3d61a76a7.jpg,512,512,1.0,0.0,90.21,55.37,496.69
train,thermal_tzeelim_021740_jpg.rf.3db3cb9a44f981a412d215586582fd35.txt,data/thermal-1-filtered/train/images/thermal_tzeelim_021740_jpg.rf.3db3cb9a44f981a412d215586582fd35.jpg,512,512,1.0,0.0,90.37,56.82,771.86
train,002400_png.rf.8e098fba591dbd1ec4922ac5a933a1e2.txt,data/thermal-1-filtered/train/images/002400_png.rf.8e098fba591dbd1ec4922ac5a933a1e2.jpg,512,512,1.0,0.0,78.24,50.64,358.52
train,IR_BIRD_012_frame103_jpg.rf.762cdb16140768457471a7e15b8f98cd.txt,data/thermal-1-filtered/train/images/IR_BIRD_012_frame103_jpg.rf.762cdb16140768457471a7e15b8f98cd.jpg,512,512,1.0,0.0,104.23,49.38,71.08
train,003783_png.rf.1e2df32429c0e964f2f9a1f99a25112a.txt,data/thermal-1-filtered/train/images/003783_png.rf.1e2df32429c0e964f2f9a1f99a25112a.jpg,512,512,1.0,0.0,96.87,57.03,211.29
train,003796_png.rf.c419609346f9cdd9ab8281b7ef85b6fb.txt,data/thermal-1-filtered/train/images/003796_png.rf.c419609346f9cdd9ab8281b7ef85b6fb.jpg,512,512,1.0,0.0,101.27,58.89,461.06
train,0_0_000102_jpg.rf.7c5372710dd1b88cf35230f20d30e1c7.txt,data/thermal-1-filtered/train/images/0_0_000102_jpg.rf.7c5372710dd1b88cf35230f20d30e1c7.jpg,512,512,1.0,0.0,120.63,53.66,92.92
train,002683_png.rf.0fdba544815636ab3cf696a4f28b1bf7.txt,data/thermal-1-filtered/train/images/002683_png.rf.0fdba544815636ab3cf696a4f28b1bf7.jpg,512,512,1.0,0.0,76.67,50.6,642.23
train,frame593_jpg.rf.dd27dd61125784930948952cf2b4cc3b.txt,data/thermal-1-filtered/train/images/frame593_jpg.rf.dd27dd61125784930948952cf2b4cc3b.jpg,512,512,1.0,3.307,56.8,34.28,423.66
train,ir_052880_jpg.rf.9cfee9c1485c4c59a4f55ebbc19c24c8.txt,data/thermal-1-filtered/train/images/ir_052880_jpg.rf.9cfee9c1485c4c59a4f55ebbc19c24c8.jpg,512,512,1.0,0.0,94.9,59.68,1630.96
train,IR_BIRD_012_frame289_jpg.rf.a57444e4e8e7cc22542531e832788410.txt,data/thermal-1-filtered/train/images/IR_BIRD_012_frame289_jpg.rf.a57444e4e8e7cc22542531e832788410.jpg,512,512,1.0,0.0,104.27,49.33,97.38
train,003753_png.rf.25c251ebcf9d69c48208bb3a30b30278.txt,data/thermal-1-filtered/train/images/003753_png.rf.25c251ebcf9d69c48208bb3a30b30278.jpg,512,512,1.0,0.0,93.57,54.05,1083.53
train,002368_png.rf.64df62a81d0c048f6452870cd0574c9f.txt,data/thermal-1-filtered/train/images/002368_png.rf.64df62a81d0c048f6452870cd0574c9f.jpg,512,512,1.0,0.0,77.22,49.05,234.08
train,0_0_000027_jpg.rf.5205025b44b3c82b4ee48e40aeea310e.txt,data/thermal-1-filtered/train/images/0_0_000027_jpg.rf.5205025b44b3c82b4ee48e40aeea310e.jpg,512,512,1.0,0.0,103.11,71.82,104.85
train,0_0_000246_jpg.rf.0458ad9321862e5f2cb6840c44a550b6.txt,data/thermal-1-filtered/train/images/0_0_000246_jpg.rf.0458ad9321862e5f2cb6840c44a550b6.jpg,512,512,1.0,0.0,35.85,41.42,52.15
train,002357_png.rf.8013513c2cdbdd0859dad895b028495f.txt,data/thermal-1-filtered/train/images/002357_png.rf.8013513c2cdbdd0859dad895b028495f.jpg,512,512,1.0,0.0,86.09,54.73,814.97
train,frame258_jpg.rf.41bed390730d288424139cd94646877a.txt,data/thermal-1-filtered/train/images/frame258_jpg.rf.41bed390730d288424139cd94646877a.jpg,512,512,1.0,2.919,89.38,59.88,187.13
train,002664_png.rf.9b36f4c6c44f2a7a2932f64118642b2f.txt,data/thermal-1-filtered/train/images/002664_png.rf.9b36f4c6c44f2a7a2932f64118642b2f.jpg,512,512,1.0,0.0,89.63,57.9,2451.76
train,frame254_jpg.rf.811eb34cd058cfc93501de22e370960f.txt,data/thermal-1-filtered/train/images/frame254_jpg.rf.811eb34cd058cfc93501de22e370960f.jpg,512,512,1.0,3.139,101.71,58.64,649.91
train,003769_png.rf.d2fadad33fa84cb278d6ce493a1c9b5b.txt,data/thermal-1-filtered/train/images/003769_png.rf.d2fadad33fa84cb278d6ce493a1c9b5b.jpg,512,512,1.0,0.0,96.13,55.24,942.91
train,002016_png.rf.d66523cdc7d642d931c55e35faef2d22.txt,data/thermal-1-filtered/train/images/002016_png.rf.d66523cdc7d642d931c55e35faef2d22.jpg,512,512,1.0,0.0,89.74,58.28,2674.03
train,002430_png.rf.706e62c87151691d4e15f3c06031ef1b.txt,data/thermal-1-filtered/train/images/002430_png.rf.706e62c87151691d4e15f3c06031ef1b.jpg,512,512,1.0,0.0,84.17,54.83,405.68
train,002727_png.rf.30d26f60361f25e9bc4bef07c457b77e.txt,data/thermal-1-filtered/train/images/002727_png.rf.30d26f60361f25e9bc4bef07c457b77e.jpg,512,512,1.0,0.0,75.6,52.0,228.21
train,002416_png.rf.b5f43253f1712e7011a84f2459b0cec2.txt,data/thermal-1-filtered/train/images/002416_png.rf.b5f43253f1712e7011a84f2459b0cec2.jpg,512,512,1.0,0.0,87.59,54.18,453.26
train,ir_3_030880_jpg.rf.93551b6dd9a79962e5059dcc5d469783.txt,data/thermal-1-filtered/train/images/ir_3_030880_jpg.rf.93551b6dd9a79962e5059dcc5d469783.jpg,512,512,1.0,0.0,90.14,60.17,4957.95
train,002429_png.rf.6f1c26c067da0809f083586b2898ff39.txt,data/thermal-1-filtered/train/images/002429_png.rf.6f1c26c067da0809f083586b2898ff39.jpg,512,512,1.0,0.0,73.65,48.91,251.03
train,003070_png.rf.939c4f6f4d564a539985deb0ac8bd930.txt,data/thermal-1-filtered/train/images/003070_png.rf.939c4f6f4d564a539985deb0ac8bd930.jpg,512,512,1.0,0.0,89.72,58.37,2507.35
train,002359_png.rf.70b699e756244ad54cd234e980a904c5.txt,data/thermal-1-filtered/train/images/002359_png.rf.70b699e756244ad54cd234e980a904c5.jpg,512,512,1.0,0.0,87.69,55.37,1063.81
train,frame185_jpg.rf.0e0172eae894e51eecee40f7d18d4f51.txt,data/thermal-1-filtered/train/images/frame185_jpg.rf.0e0172eae894e51eecee40f7d18d4f51.jpg,512,512,1.0,3.188,88.3,46.72,131.54
train,ir_2_019000_jpg.rf.c08ed2f5037e72861da3b9e41573a7d3.txt,data/thermal-1-filtered/train/images/ir_2_019000_jpg.rf.c08ed2f5037e72861da3b9e41573a7d3.jpg,512,512,1.0,0.0,97.41,57.52,2706.81
train,0_0_000271_jpg.rf.10a935f5f60461dd73fc30dd0865e939.txt,data/thermal-1-filtered/train/images/0_0_000271_jpg.rf.10a935f5f60461dd73fc30dd0865e939.jpg,512,512,1.0,0.0,54.97,37.47,53.48
train,002401_png.rf.ba6fea5a6157fb4168ea925c54c6cebc.txt,data/thermal-1-filtered/train/images/002401_png.rf.ba6fea5a6157fb4168ea925c54c6cebc.jpg,512,512,1.0,0.0,90.99,53.9,1148.1
train,002397_png.rf.5459b73877af3553a7488b6f2dd502c2.txt,data/thermal-1-filtered/train/images/002397_png.rf.5459b73877af3553a7488b6f2dd502c2.jpg,512,512,1.0,0.0,78.2,53.25,384.44
train,002393_png.rf.ee412fffecf26ac8b79730c7940b786e.txt,data/thermal-1-filtered/train/images/002393_png.rf.ee412fffecf26ac8b79730c7940b786e.jpg,512,512,1.0,0.0,80.86,50.51,265.84
train,frame127_jpg.rf.ea1410d774f0643a2b3ed691a61de457.txt,data/thermal-1-filtered/train/images/frame127_jpg.rf.ea1410d774f0643a2b3ed691a61de457.jpg,512,512,1.0,3.208,95.04,58.01,227.55
train,002784_png.rf.34748326e7acf391d803da8c84f30692.txt,data/thermal-1-filtered/train/images/002784_png.rf.34748326e7acf391d803da8c84f30692.jpg,512,512,1.0,0.0,87.12,58.88,386.08
train,0_0_000053_jpg.rf.6559197d76ee65e5ce0b2962b98cc4b9.txt,data/thermal-1-filtered/train/images/0_0_000053_jpg.rf.6559197d76ee65e5ce0b2962b98cc4b9.jpg,512,512,1.0,0.0,69.18,69.0,218.36
train,frame667_jpg.rf.75372df80a9aeb5568eeb291a677b4de.txt,data/thermal-1-filtered/train/images/frame667_jpg.rf.75372df80a9aeb5568eeb291a677b4de.jpg,512,512,1.0,3.303,51.37,31.09,429.31
train,frame672_jpg.rf.b13f2a49da05c06944455b146036305a.txt,data/thermal-1-filtered/train/images/frame672_jpg.rf.b13f2a49da05c06944455b146036305a.jpg,512,512,1.0,3.245,43.38,27.19,189.03
train,0_0_000282_jpg.rf.476714ae65106bf542e89f3a684e9d26.txt,data/thermal-1-filtered/train/images/0_0_000282_jpg.rf.476714ae65106bf542e89f3a684e9d26.jpg,512,512,1.0,0.0,66.45,48.07,9.65
train,002290_png.rf.52fb489522219cd0486764489eb704b8.txt,data/thermal-1-filtered/train/images/002290_png.rf.52fb489522219cd0486764489eb704b8.jpg,512,512,1.0,0.0,84.57,52.43,312.49
train,0_0_000045_jpg.rf.8c825b198735513f972c96d4d52b8869.txt,data/thermal-1-filtered/train/images/0_0_000045_jpg.rf.8c825b198735513f972c96d4d52b8869.jpg,512,512,1.0,0.0,77.07,70.36,119.86
train,frame31_jpg.rf.f4e94cf02c45fcc13925fe0d3f73454d.txt,data/thermal-1-filtered/train/images/frame31_jpg.rf.f4e94cf02c45fcc13925fe0d3f73454d.jpg,512,512,1.0,3.177,89.03,52.07,472.66
train,002210_png.rf.881618b0afd0e16fc9c8c58a2c90c87a.txt,data/thermal-1-filtered/train/images/002210_png.rf.881618b0afd0e16fc9c8c58a2c90c87a.jpg,512,512,1.0,0.0,77.0,53.6,528.63
train,002234_png.rf.c41c3a41f64081f0d8f78d0db9faa3bf.txt,data/thermal-1-filtered/train/images/002234_png.rf.c41c3a41f64081f0d8f78d0db9faa3bf.jpg,512,512,1.0,0.0,80.77,50.24,380.56
train,002695_png.rf.96d8ee71d6940f508e1a37c9238b8845.txt,data/thermal-1-filtered/train/images/002695_png.rf.96d8ee71d6940f508e1a37c9238b8845.jpg,512,512,1.0,0.0,83.53,53.41,834.05
train,frame670_jpg.rf.a50d8f5c0807148845d13716e1d33e49.txt,data/thermal-1-filtered/train/images/frame670_jpg.rf.a50d8f5c0807148845d13716e1d33e49.jpg,512,512,1.0,3.293,48.05,29.34,213.96
train,002376_png.rf.8afb606942eea8009c5ae27745ecc6b9.txt,data/thermal-1-filtered/train/images/002376_png.rf.8afb606942eea8009c5ae27745ecc6b9.jpg,512,512,1.0,0.0,90.28,55.74,1511.63
train,0_0_000003_jpg.rf.6f9c923cc4d0677958a0c8e5f4c3ad43.txt,data/thermal-1-filtered/train/images/0_0_000003_jpg.rf.6f9c923cc4d0677958a0c8e5f4c3ad43.jpg,512,512,1.0,0.0,96.62,73.17,125.54
train,003431_png.rf.0df089fd5726fe0d89917402d5207f4e.txt,data/thermal-1-filtered/train/images/003431_png.rf.0df089fd5726fe0d89917402d5207f4e.jpg,512,512,1.0,0.0,91.23,56.93,2311.15
train,frame696_jpg.rf.1643a2af284af7b8e61eef62c90a39e2.txt,data/thermal-1-filtered/train/images/frame696_jpg.rf.1643a2af284af7b8e61eef62c90a39e2.jpg,512,512,1.0,3.08,42.11,26.25,129.54
train,002470_png.rf.db9532bdf480f212d31cee074efcca1a.txt,data/thermal-1-filtered/train/images/002470_png.rf.db9532bdf480f212d31cee074efcca1a.jpg,512,512,1.0,0.0,85.87,54.96,1518.21
train,003806_png.rf.d6f7d149feeeb21a4c1f6f299bb5fccd.txt,data/thermal-1-filtered/train/images/003806_png.rf.d6f7d149feeeb21a4c1f6f299bb5fccd.jpg,512,512,1.0,0.0,100.15,57.96,814.59
train,002059_png.rf.c81b5dfa53c759d445ca8b19930e341f.txt,data/thermal-1-filtered/train/images/002059_png.rf.c81b5dfa53c759d445ca8b19930e341f.jpg,512,512,1.0,0.0,88.26,59.0,4886.48
train,002716_png.rf.7a20667322b96e3e15490d806be7e99d.txt,data/thermal-1-filtered/train/images/002716_png.rf.7a20667322b96e3e15490d806be7e99d.jpg,512,512,1.0,0.0,85.61,55.84,881.88
train,IR_BIRD_012_frame65_jpg.rf.97690fcd6d942f32db56a4113dce3d93.txt,data/thermal-1-filtered/train/images/IR_BIRD_012_frame65_jpg.rf.97690fcd6d942f32db56a4113dce3d93.jpg,512,512,1.0,0.0,100.1,49.17,80.91
train,003828_png.rf.4fa4eba12c6f665a1f9a8f62c875393f.txt,data/thermal-1-filtered/train/images/003828_png.rf.4fa4eba12c6f665a1f9a8f62c875393f.jpg,512,512,1.0,0.0,96.14,55.57,452.6
train,IR_BIRD_012_frame216_jpg.rf.4b2846fe346a3c5a5165d8c47c5a5c6a.txt,data/thermal-1-filtered/train/images/IR_BIRD_012_frame216_jpg.rf.4b2846fe346a3c5a5165d8c47c5a5c6a.jpg,512,512,1.0,0.0,102.78,52.03,114.54
train,002732_png.rf.75861ef9a5bdf031b0ad7f4b7d33080c.txt,data/thermal-1-filtered/train/images/002732_png.rf.75861ef9a5bdf031b0ad7f4b7d33080c.jpg,512,512,1.0,0.0,89.04,58.97,210.57
train,frame570_jpg.rf.fbeb6733dfcf0885ac334eea1739980a.txt,data/thermal-1-filtered/train/images/frame570_jpg.rf.fbeb6733dfcf0885ac334eea1739980a.jpg,512,512,1.0,3.302,58.7,33.88,420.83
train,003833_png.rf.83174418d2e7d6f12f16fd16a0177f98.txt,data/thermal-1-filtered/train/images/003833_png.rf.83174418d2e7d6f12f16fd16a0177f98.jpg,512,512,1.0,0.0,92.85,55.84,458.67
train,003052_png.rf.7b24fea945896b4c54ac9091ed1191b9.txt,data/thermal-1-filtered/train/images/003052_png.rf.7b24fea945896b4c54ac9091ed1191b9.jpg,512,512,1.0,0.0,83.1,57.22,691.11
train,frame197_jpg.rf.f3ddf6365db4b4a0aa061d6a1f7b455d.txt,data/thermal-1-filtered/train/images/frame197_jpg.rf.f3ddf6365db4b4a0aa061d6a1f7b455d.jpg,512,512,1.0,3.278,92.72,43.15,435.09
train,003500_png.rf.e99a7faea1677cffe736209b47b0007a.txt,data/thermal-1-filtered/train/images/003500_png.rf.e99a7faea1677cffe736209b47b0007a.jpg,512,512,1.0,0.0,81.51,53.9,1177.94
train,frame120_jpg.rf.dac3b339ccd0f755737563be4cdb6dfb.txt,data/thermal-1-filtered/train/images/frame120_jpg.rf.dac3b339ccd0f755737563be4cdb6dfb.jpg,512,512,1.0,3.219,97.83,56.8,430.82
train,ir_3_016490_jpg.rf.d26c0c3035e95ea6b78c9267f5e855ab.txt,data/thermal-1-filtered/train/images/ir_3_016490_jpg.rf.d26c0c3035e95ea6b78c9267f5e855ab.jpg,512,512,1.0,0.0,87.64,58.19,1212.37
train,002240_png.rf.5791027cb889afeb08d4f59d9db61c37.txt,data/thermal-1-filtered/train/images/002240_png.rf.5791027cb889afeb08d4f59d9db61c37.jpg,512,512,1.0,0.0,88.92,53.96,974.47
train,frame627_jpg.rf.9b981bf52e76b61445d59e909e4a7872.txt,data/thermal-1-filtered/train/images/frame627_jpg.rf.9b981bf52e76b61445d59e909e4a7872.jpg,512,512,1.0,3.31,55.8,34.19,441.55
train,frame321_jpg.rf.20201afe596b32ffd81698d1ea9691e6.txt,data/thermal-1-filtered/train/images/frame321_jpg.rf.20201afe596b32ffd81698d1ea9691e6.jpg,512,512,1.0,3.036,92.81,60.99,180.09
train,frame542_jpg.rf.b4b435c9bec148c49ec836c55db8ae79.txt,data/thermal-1-filtered/train/images/frame542_jpg.rf.b4b435c9bec148c49ec836c55db8ae79.jpg,512,512,1.0,3.15,48.47,27.45,145.76
train,0_0_000034_jpg.rf.8a579032b5bd84686b81b2fe71a78752.txt,data/thermal-1-filtered/train/images/0_0_000034_jpg.rf.8a579032b5bd84686b81b2fe71a78752.jpg,512,512,1.0,0.0,100.27,63.83,123.98
train,002038_png.rf.66f883a7b7e48b7ce913b30de5b42680.txt,data/thermal-1-filtered/train/images/002038_png.rf.66f883a7b7e48b7ce913b30de5b42680.jpg,512,512,1.0,0.0,77.83,56.93,1263.67
train,frame232_jpg.rf.928d8bb79e62b00235aeb22fe20e9005.txt,data/thermal-1-filtered/train/images/frame232_jpg.rf.928d8bb79e62b00235aeb22fe20e9005.jpg,512,512,1.0,3.172,95.03,47.99,453.35
train,002773_png.rf.82858ea45d3e83a07a34e30825125e4f.txt,data/thermal-1-filtered/train/images/002773_png.rf.82858ea45d3e83a07a34e30825125e4f.jpg,512,512,1.0,0.0,85.2,52.79,358.75
train,003091_png.rf.f21d86a1630876ff9c1ca3f61d476d1b.txt,data/thermal-1-filtered/train/images/003091_png.rf.f21d86a1630876ff9c1ca3f61d476d1b.jpg,512,512,1.0,0.0,83.12,55.43,786.86
train,frame233_jpg.rf.3449effaced9769f31a6fe86497d1b01.txt,data/thermal-1-filtered/train/images/frame233_jpg.rf.3449effaced9769f31a6fe86497d1b01.jpg,512,512,1.0,2.896,83.5,53.42,133.98
train,frame666_jpg.rf.a83557e0074ef6fd9e39210dbe61c16f.txt,data/thermal-1-filtered/train/images/frame666_jpg.rf.a83557e0074ef6fd9e39210dbe61c16f.jpg,512,512,1.0,3.192,46.52,28.95,176.42
train,frame519_jpg.rf.5381fc98b9ef4ede0e4942f53e803cb5.txt,data/thermal-1-filtered/train/images/frame519_jpg.rf.5381fc98b9ef4ede0e4942f53e803cb5.jpg,512,512,1.0,3.305,77.04,31.05,364.13
train,IR_BIRD_012_frame181_jpg.rf.3e05bf8b76baf2f1f0d4a4a2410146f9.txt,data/thermal-1-filtered/train/images/IR_BIRD_012_frame181_jpg.rf.3e05bf8b76baf2f1f0d4a4a2410146f9.jpg,512,512,1.0,0.0,90.83,55.76,80.31
train,003093_png.rf.2f726b74eff5bd22fe44b53de91d888d.txt,data/thermal-1-filtered/train/images/003093_png.rf.2f726b74eff5bd22fe44b53de91d888d.jpg,512,512,1.0,0.0,78.16,55.49,739.58
train,ir_3_015040_jpg.rf.0da7b43f387005cb786818a67754bad1.txt,data/thermal-1-filtered/train/images/ir_3_015040_jpg.rf.0da7b43f387005cb786818a67754bad1.jpg,512,512,1.0,0.0,90.83,59.29,2176.27
train,frame713_jpg.rf.6ee7832cf195832bcff505aa2e2f9c9d.txt,data/thermal-1-filtered/train/images/frame713_jpg.rf.6ee7832cf195832bcff505aa2e2f9c9d.jpg,512,512,1.0,3.293,62.21,34.32,439.56
train,frame357_jpg.rf.e71b8df2d5713527264a5de461e68305.txt,data/thermal-1-filtered/train/images/frame357_jpg.rf.e71b8df2d5713527264a5de461e68305.jpg,512,512,1.0,3.207,94.22,47.08,483.81
train,003025_png.rf.2e7cb8c47f9211ddcef1896307a5310a.txt,data/thermal-1-filtered/train/images/003025_png.rf.2e7cb8c47f9211ddcef1896307a5310a.jpg,512,512,1.0,0.0,74.99,55.04,754.6
train,frame343_jpg.rf.6ead011f2fa1f2c11b5502b6b7863687.txt,data/thermal-1-filtered/train/images/frame343_jpg.rf.6ead011f2fa1f2c11b5502b6b7863687.jpg,512,512,1.0,3.277,105.32,45.65,356.84
train,002158_png.rf.617b0f62d3258321680f9367a201cc73.txt,data/thermal-1-filtered/train/images/002158_png.rf.617b0f62d3258321680f9367a201cc73.jpg,512,512,1.0,0.0,90.71,57.82,3494.72
train,frame664_jpg.rf.2db619e1f50981b78e5c84c60483ecc0.txt,data/thermal-1-filtered/train/images/frame664_jpg.rf.2db619e1f50981b78e5c84c60483ecc0.jpg,512,512,1.0,3.299,52.36,30.98,427.07
train,ir_2_022720_jpg.rf.ab37202cc344c5397e87be159e467ea6.txt,data/thermal-1-filtered/train/images/ir_2_022720_jpg.rf.ab37202cc344c5397e87be159e467ea6.jpg,512,512,1.0,0.0,87.38,56.22,1256.86
train,ir_049160_jpg.rf.2a848c3a9e0d53ff5b7e56acdb95f134.txt,data/thermal-1-filtered/train/images/ir_049160_jpg.rf.2a848c3a9e0d53ff5b7e56acdb95f134.jpg,512,512,1.0,0.0,79.3,57.93,983.68
train,002463_png.rf.c77c56f166a6a739c08c3df403ac576b.txt,data/thermal-1-filtered/train/images/002463_png.rf.c77c56f166a6a739c08c3df403ac576b.jpg,512,512,1.0,0.0,76.08,49.15,370.42
train,003099_png.rf.b8079c1b691c0d8f574e39e80dbd9b8b.txt,data/thermal-1-filtered/train/images/003099_png.rf.b8079c1b691c0d8f574e39e80dbd9b8b.jpg,512,512,1.0,0.0,83.29,56.27,812.68
train,002362_png.rf.171cd2707cf05ae54bd39d53346b796b.txt,data/thermal-1-filtered/train/images/002362_png.rf.171cd2707cf05ae54bd39d53346b796b.jpg,512,512,1.0,0.0,89.02,55.92,904.48
train,0_0_000047_jpg.rf.7591018ffc03707725575a122802d291.txt,data/thermal-1-filtered/train/images/0_0_000047_jpg.rf.7591018ffc03707725575a122802d291.jpg,512,512,1.0,0.0,67.1,67.74,106.57
train,002269_png.rf.a9edfbea16447d3de4f6387db1e220bb.txt,data/thermal-1-filtered/train/images/002269_png.rf.a9edfbea16447d3de4f6387db1e220bb.jpg,512,512,1.0,0.0,91.73,54.02,802.61
train,0_0_000165_jpg.rf.ca80774e94474e9146379ebb75293e1d.txt,data/thermal-1-filtered/train/images/0_0_000165_jpg.rf.ca80774e94474e9146379ebb75293e1d.jpg,512,512,1.0,0.0,100.02,53.59,155.79
train,ir_046750_jpg.rf.f99765a02d9954e219b3c33b758b2ea4.txt,data/thermal-1-filtered/train/images/ir_046750_jpg.rf.f99765a02d9954e219b3c33b758b2ea4.jpg,512,512,1.0,0.0,83.48,57.11,280.34
train,ir_038830_jpg.rf.eb0d3f576cc7d968ac93ff00471d66ad.txt,data/thermal-1-filtered/train/images/ir_038830_jpg.rf.eb0d3f576cc7d968ac93ff00471d66ad.jpg,512,512,1.0,0.0,94.27,59.27,1897.02
train,frame683_jpg.rf.76c3f8aee157bf521e7bf1fe867728a7.txt,data/thermal-1-filtered/train/images/frame683_jpg.rf.76c3f8aee157bf521e7bf1fe867728a7.jpg,512,512,1.0,3.265,47.6,27.85,207.86
train,frame106_jpg.rf.5a1b8b2a0a2b3d15438fff9e08917ed9.txt,data/thermal-1-filtered/train/images/frame106_jpg.rf.5a1b8b2a0a2b3d15438fff9e08917ed9.jpg,512,512,1.0,3.256,82.63,48.8,98.94
train,frame543_jpg.rf.feabab9ebc1bb9075d4c782a7117cd50.txt,data/thermal-1-filtered/train/images/frame543_jpg.rf.feabab9ebc1bb9075d4c782a7117cd50.jpg,512,512,1.0,3.248,58.34,31.63,187.09
train,IR_BIRD_012_frame291_jpg.rf.65a1f152bb09b336e0243c3981726db1.txt,data/thermal-1-filtered/train/images/IR_BIRD_012_frame291_jpg.rf.65a1f152bb09b336e0243c3981726db1.jpg,512,512,1.0,0.0,99.61,55.19,93.07
train,IR_BIRD_012_frame137_jpg.rf.cb95355d9c3d53d502af7b0436a9a439.txt,data/thermal-1-filtered/train/images/IR_BIRD_012_frame137_jpg.rf.cb95355d9c3d53d502af7b0436a9a439.jpg,512,512,1.0,0.0,95.77,52.37,77.23
train,IR_BIRD_012_frame151_jpg.rf.d2a4c353c8327caae852dc24935c7760.txt,data/thermal-1-filtered/train/images/IR_BIRD_012_frame151_jpg.rf.d2a4c353c8327caae852dc24935c7760.jpg,512,512,1.0,0.0,102.68,49.77,67.79
train,0_0_000057_jpg.rf.5b948d0d786ef18b60ecd490bd027144.txt,data/thermal-1-filtered/train/images/0_0_000057_jpg.rf.5b948d0d786ef18b60ecd490bd027144.jpg,512,512,1.0,0.0,61.54,67.07,120.8
train,ir_3_018960_jpg.rf.e3cdfddd0e0cd83fc66d1c68372adba6.txt,data/thermal-1-filtered/train/images/ir_3_018960_jpg.rf.e3cdfddd0e0cd83fc66d1c68372adba6.jpg,512,512,1.0,0.0,79.49,53.06,708.92
train,000010_png.rf.4f3c476f1ba1c9a663ec466a8d99237b.txt,data/thermal-1-filtered/train/images/000010_png.rf.4f3c476f1ba1c9a663ec466a8d99237b.jpg,512,512,1.0,0.0,99.93,62.55,1012.39
train,frame561_jpg.rf.859625c7160fd7e6699847741af3154a.txt,data/thermal-1-filtered/train/images/frame561_jpg.rf.859625c7160fd7e6699847741af3154a.jpg,512,512,1.0,3.048,43.51,27.77,145.83
train,frame72_jpg.rf.cbf4f7b613ef0ed92ddc13ddf927970a.txt,data/thermal-1-filtered/train/images/frame72_jpg.rf.cbf4f7b613ef0ed92ddc13ddf927970a.jpg,512,512,1.0,3.295,94.74,49.19,502.21
train,frame219_jpg.rf.0479b1c1ed2d2e634e49245f87d6cf18.txt,data/thermal-1-filtered/train/images/frame219_jpg.rf.0479b1c1ed2d2e634e49245f87d6cf18.jpg,512,512,1.0,3.292,93.23,42.29,402.24
train,002242_png.rf.e1de0607fdf4bda3c1ad6566e1658cb5.txt,data/thermal-1-filtered/train/images/002242_png.rf.e1de0607fdf4bda3c1ad6566e1658cb5.jpg,512,512,1.0,0.0,80.12,53.03,300.74
train,003017_png.rf.7aa500a293f7ca42bea3fb4fa70f0faa.txt,data/thermal-1-filtered/train/images/003017_png.rf.7aa500a293f7ca42bea3fb4fa70f0faa.jpg,512,512,1.0,0.0,81.61,56.88,681.87
train,0_0_000272_jpg.rf.429b72fa46270d12b094a8a662c0cf3b.txt,data/thermal-1-filtered/train/images/0_0_000272_jpg.rf.429b72fa46270d12b094a8a662c0cf3b.jpg,512,512,1.0,0.0,62.26,42.49,67.44
train,003815_png.rf.fec6eb7fa7fbebb4b57cee326e533525.txt,data/thermal-1-filtered/train/images/003815_png.rf.fec6eb7fa7fbebb4b57cee326e533525.jpg,512,512,1.0,0.0,91.89,55.29,360.76
train,002962_png.rf.1583aac64aa03892874dcd30cd63a666.txt,data/thermal-1-filtered/train/images/002962_png.rf.1583aac64aa03892874dcd30cd63a666.jpg,512,512,1.0,0.0,85.04,61.9,3968.32
train,IR_BIRD_012_frame77_jpg.rf.da039e68829aedd15a2ab42f8def71d9.txt,data/thermal-1-filtered/train/images/IR_BIRD_012_frame77_jpg.rf.da039e68829aedd15a2ab42f8def71d9.jpg,512,512,1.0,0.0,95.77,53.35,69.83
train,002382_png.rf.3e362d7a6237f66fb1f0fee3d0bca8f7.txt,data/thermal-1-filtered/train/images/002382_png.rf.3e362d7a6237f66fb1f0fee3d0bca8f7.jpg,512,512,1.0,0.0,84.48,54.55,599.46
train,002730_png.rf.e350851a1be07da0ea476283a5743dc2.txt,data/thermal-1-filtered/train/images/002730_png.rf.e350851a1be07da0ea476283a5743dc2.jpg,512,512,1.0,0.0,78.78,52.77,181.0
train,003026_png.rf.ae862926b706cb12b3e7ec6176014319.txt,data/thermal-1-filtered/train/images/003026_png.rf.ae862926b706cb12b3e7ec6176014319.jpg,512,512,1.0,0.0,87.81,57.95,2774.67
train,002304_png.rf.7d201c0c13c343bec7da0aa39a0922c9.txt,data/thermal-1-filtered/train/images/002304_png.rf.7d201c0c13c343bec7da0aa39a0922c9.jpg,512,512,1.0,0.0,77.29,55.32,612.4
train,0_0_000053_jpg.rf.326b62441d70837f2ef1269480ef7937.txt,data/thermal-1-filtered/train/images/0_0_000053_jpg.rf.326b62441d70837f2ef1269480ef7937.jpg,512,512,1.0,0.0,61.02,65.49,144.46
train,frame391_jpg.rf.472327877b8161dfbefafec9935bb940.txt,data/thermal-1-filtered/train/images/frame391_jpg.rf.472327877b8161dfbefafec9935bb940.jpg,512,512,1.0,3.048,83.81,44.17,114.47
train,002441_png.rf.ace9c32864923cc6b627fad0e6c32d7b.txt,data/thermal-1-filtered/train/images/002441_png.rf.ace9c32864923cc6b627fad0e6c32d7b.jpg,512,512,1.0,0.0,77.9,48.35,389.78
train,002223_png.rf.07bbb0737d6562611d4902c2c4a2f665.txt,data/thermal-1-filtered/train/images/002223_png.rf.07bbb0737d6562611d4902c2c4a2f665.jpg,512,512,1.0,0.0,84.91,54.61,813.19
train,0_0_000070_jpg.rf.a06de6c78c16f0ba4ce71ae0cc1c80de.txt,data/thermal-1-filtered/train/images/0_0_000070_jpg.rf.a06de6c78c16f0ba4ce71ae0cc1c80de.jpg,512,512,1.0,0.0,101.91,64.09,32.94
train,0_0_000123_jpg.rf.33567592c6267570a55f81d4ab5943e3.txt,data/thermal-1-filtered/train/images/0_0_000123_jpg.rf.33567592c6267570a55f81d4ab5943e3.jpg,512,512,1.0,0.0,127.23,61.61,114.26
train,IR_BIRD_012_frame219_jpg.rf.d93ef2e9ee6cb57ed6d659e12962e3e5.txt,data/thermal-1-filtered/train/images/IR_BIRD_012_frame219_jpg.rf.d93ef2e9ee6cb57ed6d659e12962e3e5.jpg,512,512,1.0,0.0,100.38,54.27,112.82
train,002767_png.rf.dce8d61ddcc42ad37bdb2680a21f43ab.txt,data/thermal-1-filtered/train/images/002767_png.rf.dce8d61ddcc42ad37bdb2680a21f43ab.jpg,512,512,1.0,0.0,83.71,55.28,1172.78
train,frame681_jpg.rf.c4ef1fb31d23fc1f681d19fdb6be2853.txt,data/thermal-1-filtered/train/images/frame681_jpg.rf.c4ef1fb31d23fc1f681d19fdb6be2853.jpg,512,512,1.0,3.312,49.47,29.8,456.42
train,003694_png.rf.efe6a81c9458718df8c40fe816349b36.txt,data/thermal-1-filtered/train/images/003694_png.rf.efe6a81c9458718df8c40fe816349b36.jpg,512,512,1.0,0.0,85.49,54.39,797.45
train,002431_png.rf.ed290acde098c2cbf02027849e52779d.txt,data/thermal-1-filtered/train/images/002431_png.rf.ed290acde098c2cbf02027849e52779d.jpg,512,512,1.0,0.0,92.02,56.03,1146.39
train,frame703_jpg.rf.fc6ec058682226eae150ef94d8de31fc.txt,data/thermal-1-filtered/train/images/frame703_jpg.rf.fc6ec058682226eae150ef94d8de31fc.jpg,512,512,1.0,3.311,51.96,31.51,275.65
train,002022_png.rf.af06d04fdacece8418aa1dde06ac144d.txt,data/thermal-1-filtered/train/images/002022_png.rf.af06d04fdacece8418aa1dde06ac144d.jpg,512,512,1.0,0.0,74.14,52.21,630.78
train,003729_png.rf.651043f0243ccd24d8e95cd8a63dc7e3.txt,data/thermal-1-filtered/train/images/003729_png.rf.651043f0243ccd24d8e95cd8a63dc7e3.jpg,512,512,1.0,0.0,82.31,51.01,563.97
train,frame694_jpg.rf.c3b875e371d2701aa38f0e3afedaccd1.txt,data/thermal-1-filtered/train/images/frame694_jpg.rf.c3b875e371d2701aa38f0e3afedaccd1.jpg,512,512,1.0,3.066,40.31,22.31,112.38
train,002688_png.rf.059c29598e14b6797371b38540b54a0d.txt,data/thermal-1-filtered/train/images/002688_png.rf.059c29598e14b6797371b38540b54a0d.jpg,512,512,1.0,0.0,86.68,56.26,2301.35
train,002687_png.rf.6d8334d482ea6eaf04827268217473a6.txt,data/thermal-1-filtered/train/images/002687_png.rf.6d8334d482ea6eaf04827268217473a6.jpg,512,512,1.0,0.0,86.43,55.77,2254.8
train,frame672_jpg.rf.9417a8ec1302661c724ce284b2ff4b08.txt,data/thermal-1-filtered/train/images/frame672_jpg.rf.9417a8ec1302661c724ce284b2ff4b08.jpg,512,512,1.0,3.309,47.65,30.31,454.8
train,frame164_jpg.rf.77d3386604e57a2e6e418d7607426c16.txt,data/thermal-1-filtered/train/images/frame164_jpg.rf.77d3386604e57a2e6e418d7607426c16.jpg,512,512,1.0,3.288,96.51,51.09,411.3
train,003089_png.rf.b30384d58175f3537ab49f286b3a9a49.txt,data/thermal-1-filtered/train/images/003089_png.rf.b30384d58175f3537ab49f286b3a9a49.jpg,512,512,1.0,0.0,80.31,55.52,790.42
train,003787_png.rf.d401231619e33a488c640711afc8e11f.txt,data/thermal-1-filtered/train/images/003787_png.rf.d401231619e33a488c640711afc8e11f.jpg,512,512,1.0,0.0,89.77,55.06,158.49
train,0_0_000048_jpg.rf.f2b0a06cd7d10d776a6996436fb1bcd5.txt,data/thermal-1-filtered/train/images/0_0_000048_jpg.rf.f2b0a06cd7d10d776a6996436fb1bcd5.jpg,512,512,1.0,0.0,62.02,65.76,124.52
train,0_0_000022_jpg.rf.9a66457db5392ccec1776ed076461f47.txt,data/thermal-1-filtered/train/images/0_0_000022_jpg.rf.9a66457db5392ccec1776ed076461f47.jpg,512,512,1.0,0.0,104.68,72.84,125.51
train,002075_png.rf.1eb3392f922c68121078ab02e0bc348b.txt,data/thermal-1-filtered/train/images/002075_png.rf.1eb3392f922c68121078ab02e0bc348b.jpg,512,512,1.0,0.0,89.67,56.63,2015.27
train,003091_png.rf.8f72af195a91f54b6977cbf0640637a9.txt,data/thermal-1-filtered/train/images/003091_png.rf.8f72af195a91f54b6977cbf0640637a9.jpg,512,512,1.0,0.0,76.55,54.87,681.9
train,frame47_jpg.rf.f563313d6d394f980099c2dc0bd695c9.txt,data/thermal-1-filtered/train/images/frame47_jpg.rf.f563313d6d394f980099c2dc0bd695c9.jpg,512,512,1.0,3.022,81.5,50.01,104.74
train,002054_png.rf.6d3a9c8dbae2e376fcb31eb6fbfd815e.txt,data/thermal-1-filtered/train/images/002054_png.rf.6d3a9c8dbae2e376fcb31eb6fbfd815e.jpg,512,512,1.0,0.0,87.47,58.67,4656.56
train,IR_BIRD_012_frame9_jpg.rf.e942747cc0782ee78c4e5e24d9b8959d.txt,data/thermal-1-filtered/train/images/IR_BIRD_012_frame9_jpg.rf.e942747cc0782ee78c4e5e24d9b8959d.jpg,512,512,1.0,0.0,96.31,51.02,67.58
train,003024_png.rf.e5a5c081c3deff10eda6dbaccfce3c27.txt,data/thermal-1-filtered/train/images/003024_png.rf.e5a5c081c3deff10eda6dbaccfce3c27.jpg,512,512,1.0,0.0,81.99,54.58,852.82
train,frame465_jpg.rf.537bf1e9a001199d954088f40e786f01.txt,data/thermal-1-filtered/train/images/frame465_jpg.rf.537bf1e9a001199d954088f40e786f01.jpg,512,512,1.0,3.302,100.33,35.54,443.49
train,frame570_jpg.rf.c7d6c21926a9de2f3f4653eb1b250342.txt,data/thermal-1-filtered/train/images/frame570_jpg.rf.c7d6c21926a9de2f3f4653eb1b250342.jpg,512,512,1.0,3.27,50.99,28.39,148.63
train,002841_png.rf.d2b9e8ceab3164f94f7db12341891c1e.txt,data/thermal-1-filtered/train/images/002841_png.rf.d2b9e8ceab3164f94f7db12341891c1e.jpg,512,512,1.0,0.0,85.0,57.23,245.76
train,000013_png.rf.159e9da5ee64d7556bf3c992db904462.txt,data/thermal-1-filtered/train/images/000013_png.rf.159e9da5ee64d7556bf3c992db904462.jpg,512,512,1.0,0.0,86.78,58.6,412.3
train,frame118_jpg.rf.b5c258c3835231afeeeebf456a40745f.txt,data/thermal-1-filtered/train/images/frame118_jpg.rf.b5c258c3835231afeeeebf456a40745f.jpg,512,512,1.0,2.985,84.67,57.89,176.8
train,002441_png.rf.d4c89b50bd3f1314acd4c553af8945c3.txt,data/thermal-1-filtered/train/images/002441_png.rf.d4c89b50bd3f1314acd4c553af8945c3.jpg,512,512,1.0,0.0,85.79,54.63,1399.91
train,0_0_000184_jpg.rf.aa6ba421a145b77147dd53b862fb6511.txt,data/thermal-1-filtered/train/images/0_0_000184_jpg.rf.aa6ba421a145b77147dd53b862fb6511.jpg,512,512,1.0,0.0,63.2,40.27,81.63
train,frame59_jpg.rf.3355edb74be6d8e3dec82fd4a5050734.txt,data/thermal-1-filtered/train/images/frame59_jpg.rf.3355edb74be6d8e3dec82fd4a5050734.jpg,512,512,1.0,2.861,85.38,60.85,196.88
train,0_0_000214_jpg.rf.ccdf5a6ea11f80d30e2af7ecb2c0d8aa.txt,data/thermal-1-filtered/train/images/0_0_000214_jpg.rf.ccdf5a6ea11f80d30e2af7ecb2c0d8aa.jpg,512,512,1.0,0.0,49.57,52.85,138.97
train,002746_png.rf.82e15d6e5226d089bfaba89bbe5e07d2.txt,data/thermal-1-filtered/train/images/002746_png.rf.82e15d6e5226d089bfaba89bbe5e07d2.jpg,512,512,1.0,0.0,71.03,51.04,461.37
train,003097_png.rf.e1f10285175277d49a3362ee6276605a.txt,data/thermal-1-filtered/train/images/003097_png.rf.e1f10285175277d49a3362ee6276605a.jpg,512,512,1.0,0.0,88.61,57.02,2285.87
train,003751_png.rf.818e5bc702ac3e29d50f5ab40a42d113.txt,data/thermal-1-filtered/train/images/003751_png.rf.818e5bc702ac3e29d50f5ab40a42d113.jpg,512,512,1.0,0.0,93.22,54.43,1103.64
train,002021_png.rf.8f0c0d7eccac026b335995eb23c4b259.txt,data/thermal-1-filtered/train/images/002021_png.rf.8f0c0d7eccac026b335995eb23c4b259.jpg,512,512,1.0,0.0,90.1,58.9,3203.43
train,003848_png.rf.fa5bcf05aec4b8e9262f72d57d29b06d.txt,data/thermal-1-filtered/train/images/003848_png.rf.fa5bcf05aec4b8e9262f72d57d29b06d.jpg,512,512,1.0,0.0,97.58,54.29,432.88
train,frame540_jpg.rf.390586f7613f3899f2f15798631e3eb3.txt,data/thermal-1-filtered/train/images/frame540_jpg.rf.390586f7613f3899f2f15798631e3eb3.jpg,512,512,1.0,3.083,48.97,27.15,101.48
train,frame131_jpg.rf.857a34938f1104038390c598ae11e955.txt,data/thermal-1-filtered/train/images/frame131_jpg.rf.857a34938f1104038390c598ae11e955.jpg,512,512,1.0,3.019,90.36,57.91,168.48
train,frame620_jpg.rf.a1092f6790f4a3d18f3a201b26384fbc.txt,data/thermal-1-filtered/train/images/frame620_jpg.rf.a1092f6790f4a3d18f3a201b26384fbc.jpg,512,512,1.0,3.082,48.04,31.91,203.22
train,002773_png.rf.8c4ceb9a6a3bc8231e1bd3cee801fa91.txt,data/thermal-1-filtered/train/images/002773_png.rf.8c4ceb9a6a3bc8231e1bd3cee801fa91.jpg,512,512,1.0,0.0,77.43,52.5,318.05
train,002674_png.rf.afca70a5b4ac23e27c42e54f37083990.txt,data/thermal-1-filtered/train/images/002674_png.rf.afca70a5b4ac23e27c42e54f37083990.jpg,512,512,1.0,0.0,84.53,55.95,573.63
train,0_0_000202_jpg.rf.788d65cfb688849a193032c501e4cdc4.txt,data/thermal-1-filtered/train/images/0_0_000202_jpg.rf.788d65cfb688849a193032c501e4cdc4.jpg,512,512,1.0,0.0,76.07,40.95,94.43
train,003714_png.rf.59d1bac53ef24f010a94e9283b341a36.txt,data/thermal-1-filtered/train/images/003714_png.rf.59d1bac53ef24f010a94e9283b341a36.jpg,512,512,1.0,0.0,88.85,53.99,774.79
train,IR_BIRD_012_frame166_jpg.rf.c1009765ceca0bd1333f9ecfc8fd35dd.txt,data/thermal-1-filtered/train/images/IR_BIRD_012_frame166_jpg.rf.c1009765ceca0bd1333f9ecfc8fd35dd.jpg,512,512,1.0,0.0,94.48,53.04,73.07
train,frame434_jpg.rf.2b534fa705a08f5c6e496302bbb6690e.txt,data/thermal-1-filtered/train/images/frame434_jpg.rf.2b534fa705a08f5c6e496302bbb6690e.jpg,512,512,1.0,3.255,88.78,45.92,627.5
train,frame209_jpg.rf.bf72e56449117be78108828e32e212b9.txt,data/thermal-1-filtered/train/images/frame209_jpg.rf.bf72e56449117be78108828e32e212b9.jpg,512,512,1.0,3.295,94.05,43.05,402.66
train,frame256_jpg.rf.9662ab9a45d72dcd925c6769868be744.txt,data/thermal-1-filtered/train/images/frame256_jpg.rf.9662ab9a45d72dcd925c6769868be744.jpg,512,512,1.0,2.856,88.24,62.04,160.84
train,IR_BIRD_012_frame192_jpg.rf.affef57dc5085c0e1ca4b2cc66309bd5.txt,data/thermal-1-filtered/train/images/IR_BIRD_012_frame192_jpg.rf.affef57dc5085c0e1ca4b2cc66309bd5.jpg,512,512,1.0,0.0,83.39,46.56,91.01
train,0_0_000230_jpg.rf.30cc73b8ae5896f8db92dc017b19b48f.txt,data/thermal-1-filtered/train/images/0_0_000230_jpg.rf.30cc73b8ae5896f8db92dc017b19b48f.jpg,512,512,1.0,0.0,35.59,33.47,55.19
train,IR_BIRD_012_frame68_jpg.rf.c2451b4e011c83be0459870619819e27.txt,data/thermal-1-filtered/train/images/IR_BIRD_012_frame68_jpg.rf.c2451b4e011c83be0459870619819e27.jpg,512,512,1.0,0.0,101.2,46.31,69.53
train,002807_png.rf.ec4ecbd9051ccca92f9dd93f681fcfd2.txt,data/thermal-1-filtered/train/images/002807_png.rf.ec4ecbd9051ccca92f9dd93f681fcfd2.jpg,512,512,1.0,0.0,80.25,54.7,285.16
train,frame317_jpg.rf.c5a68de96b16ce9b4bc826575224a265.txt,data/thermal-1-filtered/train/images/frame317_jpg.rf.c5a68de96b16ce9b4bc826575224a265.jpg,512,512,1.0,3.285,105.32,58.41,572.34
train,frame64_jpg.rf.e2aa747b4fec7569bb75e16d3b26dc66.txt,data/thermal-1-filtered/train/images/frame64_jpg.rf.e2aa747b4fec7569bb75e16d3b26dc66.jpg,512,512,1.0,2.858,80.43,55.89,230.72
train,img_0456_png.rf.6170f068ffa5faab029cb737777f5b56.txt,data/thermal-1-filtered/train/images/img_0456_png.rf.6170f068ffa5faab029cb737777f5b56.jpg,512,512,1.0,0.0,131.0,45.35,37.78
train,frame606_jpg.rf.28cad51a7c60ccd6de35aea655f47661.txt,data/thermal-1-filtered/train/images/frame606_jpg.rf.28cad51a7c60ccd6de35aea655f47661.jpg,512,512,1.0,3.307,56.76,34.07,433.37
train,003845_png.rf.f80123ed857d6bbcf4796a17f78af8c3.txt,data/thermal-1-filtered/train/images/003845_png.rf.f80123ed857d6bbcf4796a17f78af8c3.jpg,512,512,1.0,0.0,97.11,57.45,1196.55
train,frame506_jpg.rf.ad7782762d6cfae8336b52d9c92ca074.txt,data/thermal-1-filtered/train/images/frame506_jpg.rf.ad7782762d6cfae8336b52d9c92ca074.jpg,512,512,1.0,3.044,71.75,34.36,115.25
train,frame685_jpg.rf.e3927d29abf9da16631c4d63437d0b01.txt,data/thermal-1-filtered/train/images/frame685_jpg.rf.e3927d29abf9da16631c4d63437d0b01.jpg,512,512,1.0,3.302,49.85,29.92,479.39
train,002679_png.rf.f7ea362a709c5adf455c30a36c1d4e25.txt,data/thermal-1-filtered/train/images/002679_png.rf.f7ea362a709c5adf455c30a36c1d4e25.jpg,512,512,1.0,0.0,93.29,54.68,619.03
train,frame495_jpg.rf.a5d6388ad5c0c672b21a2105337c2af7.txt,data/thermal-1-filtered/train/images/frame495_jpg.rf.a5d6388ad5c0c672b21a2105337c2af7.jpg,512,512,1.0,3.032,73.84,35.41,139.18
train,003020_png.rf.42e0554eca9b5f7d8d046289e2089035.txt,data/thermal-1-filtered/train/images/003020_png.rf.42e0554eca9b5f7d8d046289e2089035.jpg,512,512,1.0,0.0,87.56,56.81,2079.04
train,frame138_jpg.rf.c2ed6cc91703c22f09b1663434125635.txt,data/thermal-1-filtered/train/images/frame138_jpg.rf.c2ed6cc91703c22f09b1663434125635.jpg,512,512,1.0,3.251,99.6,52.64,217.53
train,002667_png.rf.59f94ef0fa64d3c5f482c35584db7986.txt,data/thermal-1-filtered/train/images/002667_png.rf.59f94ef0fa64d3c5f482c35584db7986.jpg,512,512,1.0,0.0,89.48,58.05,2830.6
train,frame140_jpg.rf.922daf2635527caffa26bebe375eed2a.txt,data/thermal-1-filtered/train/images/frame140_jpg.rf.922daf2635527caffa26bebe375eed2a.jpg,512,512,1.0,3.021,90.69,56.2,153.51
train,0_0_000092_jpg.rf.26431c16ba357d3e181939e41d5e0c86.txt,data/thermal-1-filtered/train/images/0_0_000092_jpg.rf.26431c16ba357d3e181939e41d5e0c86.jpg,512,512,1.0,0.0,68.16,72.99,188.46
train,frame125_jpg.rf.4f80df62095cee2ea52739e3720f48dd.txt,data/thermal-1-filtered/train/images/frame125_jpg.rf.4f80df62095cee2ea52739e3720f48dd.jpg,512,512,1.0,2.952,86.67,59.3,203.0
train,frame577_jpg.rf.9ac1e583e7ecf0d341bcd8ca71f745a3.txt,data/thermal-1-filtered/train/images/frame577_jpg.rf.9ac1e583e7ecf0d341bcd8ca71f745a3.jpg,512,512,1.0,3.31,57.74,34.15,426.4
train,003045_png.rf.fe7513393cf309f6447ae30f77dfbf60.txt,data/thermal-1-filtered/train/images/003045_png.rf.fe7513393cf309f6447ae30f77dfbf60.jpg,512,512,1.0,0.0,82.67,56.71,872.68
train,002458_png.rf.c2ee8e67f1f44f6930db27228cf55103.txt,data/thermal-1-filtered/train/images/002458_png.rf.c2ee8e67f1f44f6930db27228cf55103.jpg,512,512,1.0,0.0,85.94,54.54,1102.84
train,002012_png.rf.72e9c2c28f9d4f88378ff5cc70b9f3a4.txt,data/thermal-1-filtered/train/images/002012_png.rf.72e9c2c28f9d4f88378ff5cc70b9f3a4.jpg,512,512,1.0,0.0,85.41,54.65,770.95
train,002808_png.rf.7a3986580c28417701389fdb24252c51.txt,data/thermal-1-filtered/train/images/002808_png.rf.7a3986580c28417701389fdb24252c51.jpg,512,512,1.0,0.0,86.64,55.92,725.64
train,IR_BIRD_012_frame77_jpg.rf.f3c7340a26e187483c95836c8e969323.txt,data/thermal-1-filtered/train/images/IR_BIRD_012_frame77_jpg.rf.f3c7340a26e187483c95836c8e969323.jpg,512,512,1.0,0.0,101.21,46.3,70.01
train,002786_png.rf.f631eed286277002801e7af345a20274.txt,data/thermal-1-filtered/train/images/002786_png.rf.f631eed286277002801e7af345a20274.jpg,512,512,1.0,0.0,86.58,57.88,372.12
train,frame661_jpg.rf.9c7b971ece514da32cd69dd35daa7710.txt,data/thermal-1-filtered/train/images/frame661_jpg.rf.9c7b971ece514da32cd69dd35daa7710.jpg,512,512,1.0,3.025,43.34,28.03,127.63
train,0_0_000091_jpg.rf.d3d3f38f4fd2bbdeb1034e98c788b579.txt,data/thermal-1-filtered/train/images/0_0_000091_jpg.rf.d3d3f38f4fd2bbdeb1034e98c788b579.jpg,512,512,1.0,0.0,111.26,67.62,190.33
train,IR_BIRD_012_frame36_jpg.rf.24c343c5a07e34cc2bde3cd12570ac3d.txt,data/thermal-1-filtered/train/images/IR_BIRD_012_frame36_jpg.rf.24c343c5a07e34cc2bde3cd12570ac3d.jpg,512,512,1.0,0.0,99.03,50.02,67.4
train,001999_png.rf.69d3ad407e922f4a2b6d6cf3b251ea4b.txt,data/thermal-1-filtered/train/images/001999_png.rf.69d3ad407e922f4a2b6d6cf3b251ea4b.jpg,512,512,1.0,0.0,77.31,53.47,580.24
train,002676_png.rf.23ff0aeae058d7c34ee58dffa8947e9a.txt,data/thermal-1-filtered/train/images/002676_png.rf.23ff0aeae058d7c34ee58dffa8947e9a.jpg,512,512,1.0,0.0,81.65,55.36,597.38
train,002266_png.rf.3746b4312afb157a2517cd359c17bafd.txt,data/thermal-1-filtered/train/images/002266_png.rf.3746b4312afb157a2517cd359c17bafd.jpg,512,512,1.0,0.0,78.26,55.66,107.36
train,003028_png.rf.799d5aa901744d28bbdca3b6f17ff5ef.txt,data/thermal-1-filtered/train/images/003028_png.rf.799d5aa901744d28bbdca3b6f17ff5ef.jpg,512,512,1.0,0.0,84.21,56.24,909.26
train,frame679_jpg.rf.e121e5a1a3c568dfac3067ce6a43b482.txt,data/thermal-1-filtered/train/images/frame679_jpg.rf.e121e5a1a3c568dfac3067ce6a43b482.jpg,512,512,1.0,3.307,49.38,29.73,453.5
train,frame674_jpg.rf.47a80132c8e715bff799a01a709ae570.txt,data/thermal-1-filtered/train/images/frame674_jpg.rf.47a80132c8e715bff799a01a709ae570.jpg,512,512,1.0,3.023,39.33,24.72,119.39
train,002686_png.rf.5a3277fd299fba2b22293c6a182f40ef.txt,data/thermal-1-filtered/train/images/002686_png.rf.5a3277fd299fba2b22293c6a182f40ef.jpg,512,512,1.0,0.0,76.28,49.55,576.18
train,IR_BIRD_012_frame192_jpg.rf.1c3572cf1ab53c7eb2cff7fad40cc4d7.txt,data/thermal-1-filtered/train/images/IR_BIRD_012_frame192_jpg.rf.1c3572cf1ab53c7eb2cff7fad40cc4d7.jpg,512,512,1.0,0.0,91.69,54.71,64.96
train,frame463_jpg.rf.c90ccd73910d921bcfd2bd5ae4217943.txt,data/thermal-1-filtered/train/images/frame463_jpg.rf.c90ccd73910d921bcfd2bd5ae4217943.jpg,512,512,1.0,3.262,97.28,39.9,251.24
train,frame167_jpg.rf.a06e9e36c5f73a1c47218f20a5d4421b.txt,data/thermal-1-filtered/train/images/frame167_jpg.rf.a06e9e36c5f73a1c47218f20a5d4421b.jpg,512,512,1.0,3.266,95.4,51.09,418.73
train,frame100_jpg.rf.f0801085fa5954a14af175067dd446f2.txt,data/thermal-1-filtered/train/images/frame100_jpg.rf.f0801085fa5954a14af175067dd446f2.jpg,512,512,1.0,3.28,97.19,50.85,634.89
train,002077_png.rf.989170258191820089d35e6062fc6cbd.txt,data/thermal-1-filtered/train/images/002077_png.rf.989170258191820089d35e6062fc6cbd.jpg,512,512,1.0,0.0,85.13,56.13,1138.51
train,IR_BIRD_012_frame143_jpg.rf.87723d7657a87cf61980abd718e48f51.txt,data/thermal-1-filtered/train/images/IR_BIRD_012_frame143_jpg.rf.87723d7657a87cf61980abd718e48f51.jpg,512,512,1.0,0.0,94.74,53.52,78.07
train,003688_png.rf.e10567fc05ae03bafad6d3077d40b716.txt,data/thermal-1-filtered/train/images/003688_png.rf.e10567fc05ae03bafad6d3077d40b716.jpg,512,512,1.0,0.0,89.05,56.09,2605.47
train,frame637_jpg.rf.0e187cf917c3c6bec3483e90b1c14cf7.txt,data/thermal-1-filtered/train/images/frame637_jpg.rf.0e187cf917c3c6bec3483e90b1c14cf7.jpg,512,512,1.0,3.045,40.0,27.38,111.21
train,002375_png.rf.7b0a5574e95239e3371fb86938de7748.txt,data/thermal-1-filtered/train/images/002375_png.rf.7b0a5574e95239e3371fb86938de7748.jpg,512,512,1.0,0.0,81.88,49.97,390.31
train,002217_png.rf.3de309c924effd3759005be5c61c2f7d.txt,data/thermal-1-filtered/train/images/002217_png.rf.3de309c924effd3759005be5c61c2f7d.jpg,512,512,1.0,0.0,80.88,52.47,386.18
train,003095_png.rf.18647540ef58c3b2ba15d93793c92cf8.txt,data/thermal-1-filtered/train/images/003095_png.rf.18647540ef58c3b2ba15d93793c92cf8.jpg,512,512,1.0,0.0,88.83,57.28,2187.88
train,0_0_000101_jpg.rf.45e776d2266d54597e9fac54cdb74f3b.txt,data/thermal-1-filtered/train/images/0_0_000101_jpg.rf.45e776d2266d54597e9fac54cdb74f3b.jpg,512,512,1.0,0.0,127.17,47.68,22.28
train,IR_BIRD_012_frame289_jpg.rf.226be44b02321752455e9616d1ebf1bd.txt,data/thermal-1-filtered/train/images/IR_BIRD_012_frame289_jpg.rf.226be44b02321752455e9616d1ebf1bd.jpg,512,512,1.0,0.0,107.93,45.76,123.33
train,frame420_jpg.rf.3229365fd8ce49e15c93cc19d47fd411.txt,data/thermal-1-filtered/train/images/frame420_jpg.rf.3229365fd8ce49e15c93cc19d47fd411.jpg,512,512,1.0,2.945,78.85,48.39,195.6
train,003045_png.rf.db8763bb161ec913c795747adb6409e1.txt,data/thermal-1-filtered/train/images/003045_png.rf.db8763bb161ec913c795747adb6409e1.jpg,512,512,1.0,0.0,81.75,54.49,782.76
train,003018_png.rf.cb71ab354e1e172641496fecaa5996e6.txt,data/thermal-1-filtered/train/images/003018_png.rf.cb71ab354e1e172641496fecaa5996e6.jpg,512,512,1.0,0.0,75.35,54.85,652.99
train,frame580_jpg.rf.cdc3dcf754778e973965a92fced816d5.txt,data/thermal-1-filtered/train/images/frame580_jpg.rf.cdc3dcf754778e973965a92fced816d5.jpg,512,512,1.0,3.311,57.76,34.11,425.12
train,0_0_000052_jpg.rf.93cc3a5889f1a2d3fcd914761f2598a7.txt,data/thermal-1-filtered/train/images/0_0_000052_jpg.rf.93cc3a5889f1a2d3fcd914761f2598a7.jpg,512,512,1.0,0.0,68.95,69.02,228.67
train,002834_png.rf.8d5210a34d97134862429c546af2d0a2.txt,data/thermal-1-filtered/train/images/002834_png.rf.8d5210a34d97134862429c546af2d0a2.jpg,512,512,1.0,0.0,85.59,54.04,745.3
train,003688_png.rf.3b392172407f58d5bca8b932f29d5d70.txt,data/thermal-1-filtered/train/images/003688_png.rf.3b392172407f58d5bca8b932f29d5d70.jpg,512,512,1.0,0.0,82.24,55.92,842.02
train,002244_png.rf.3a05eb123043cfdd6062e1cc93d7f08e.txt,data/thermal-1-filtered/train/images/002244_png.rf.3a05eb123043cfdd6062e1cc93d7f08e.jpg,512,512,1.0,0.0,84.93,52.36,327.36
train,frame265_jpg.rf.0cf8655418a061234b9a27e0d63f3daf.txt,data/thermal-1-filtered/train/images/frame265_jpg.rf.0cf8655418a061234b9a27e0d63f3daf.jpg,512,512,1.0,3.12,94.21,56.79,680.65
train,0_0_000249_jpg.rf.ec66a8a118d458203f58b2b15bdb82c1.txt,data/thermal-1-filtered/train/images/0_0_000249_jpg.rf.ec66a8a118d458203f58b2b15bdb82c1.jpg,512,512,1.0,0.0,135.96,52.23,29.5
train,002372_png.rf.da4c8db4083dc3b98e9ca1aa9f6b6369.txt,data/thermal-1-filtered/train/images/002372_png.rf.da4c8db4083dc3b98e9ca1aa9f6b6369.jpg,512,512,1.0,0.0,93.17,56.11,592.03
train,frame66_jpg.rf.faacce2e5f1c96305ee9d2706b06182a.txt,data/thermal-1-filtered/train/images/frame66_jpg.rf.faacce2e5f1c96305ee9d2706b06182a.jpg,512,512,1.0,3.187,92.95,52.14,598.95
train,frame213_jpg.rf.a1bfc41ed451ff5ded9de06e3bba7386.txt,data/thermal-1-filtered/train/images/frame213_jpg.rf.a1bfc41ed451ff5ded9de06e3bba7386.jpg,512,512,1.0,3.069,89.27,49.88,117.26
train,003829_png.rf.92d94144acafdb852c46acfe8cad9654.txt,data/thermal-1-filtered/train/images/003829_png.rf.92d94144acafdb852c46acfe8cad9654.jpg,512,512,1.0,0.0,82.22,54.93,332.08
train,frame197_jpg.rf.8e2ba0898a12f102d453522ca8f12ef5.txt,data/thermal-1-filtered/train/images/frame197_jpg.rf.8e2ba0898a12f102d453522ca8f12ef5.jpg,512,512,1.0,3.087,86.82,47.36,196.77
train,ir_3_030980_jpg.rf.1756c273239169403bf092c2e9f518a4.txt,data/thermal-1-filtered/train/images/ir_3_030980_jpg.rf.1756c273239169403bf092c2e9f518a4.jpg,512,512,1.0,0.0,85.04,55.42,750.81
train,IR_BIRD_012_frame148_jpg.rf.016940c14aecedaea32f41f648ae7cb4.txt,data/thermal-1-filtered/train/images/IR_BIRD_012_frame148_jpg.rf.016940c14aecedaea32f41f648ae7cb4.jpg,512,512,1.0,0.0,100.06,52.94,74.69
train,frame464_jpg.rf.80e96fca55379547e7da46a36e303ccd.txt,data/thermal-1-filtered/train/images/frame464_jpg.rf.80e96fca55379547e7da46a36e303ccd.jpg,512,512,1.0,3.299,99.95,36.09,515.23
train,IR_BIRD_012_frame269_jpg.rf.12add3022652f4473cabf22fe5767037.txt,data/thermal-1-filtered/train/images/IR_BIRD_012_frame269_jpg.rf.12add3022652f4473cabf22fe5767037.jpg,512,512,1.0,0.0,101.82,54.06,89.54
train,IR_BIRD_012_frame70_jpg.rf.94dbba340a69a85a64fa1d2fffde1f32.txt,data/thermal-1-filtered/train/images/IR_BIRD_012_frame70_jpg.rf.94dbba340a69a85a64fa1d2fffde1f32.jpg,512,512,1.0,0.0,99.67,48.92,65.59
train,frame383_jpg.rf.b8ddba9e176f91f1b5e3a3fc76b6bd4d.txt,data/thermal-1-filtered/train/images/frame383_jpg.rf.b8ddba9e176f91f1b5e3a3fc76b6bd4d.jpg,512,512,1.0,3.278,93.25,40.87,201.5
train,0_0_000092_jpg.rf.6eec32a2cb9f84a2a93c2ee242e118fc.txt,data/thermal-1-filtered/train/images/0_0_000092_jpg.rf.6eec32a2cb9f84a2a93c2ee242e118fc.jpg,512,512,1.0,0.0,58.65,69.0,133.87
train,002382_png.rf.db7ef46855f3f09d05493b76d0ce8a2f.txt,data/thermal-1-filtered/train/images/002382_png.rf.db7ef46855f3f09d05493b76d0ce8a2f.jpg,512,512,1.0,0.0,83.42,54.44,589.59
train,frame603_jpg.rf.06730eaa5818249403108a7fef4fcc9c.txt,data/thermal-1-filtered/train/images/frame603_jpg.rf.06730eaa5818249403108a7fef4fcc9c.jpg,512,512,1.0,3.307,56.0,33.99,432.63
train,0_0_000240_jpg.rf.69833159a81677a4b04254c83b602e66.txt,data/thermal-1-filtered/train/images/0_0_000240_jpg.rf.69833159a81677a4b04254c83b602e66.jpg,512,512,1.0,0.0,48.45,48.86,38.09
train,002689_png.rf.c7060d5665bc8d0b114bbaa8257b3739.txt,data/thermal-1-filtered/train/images/002689_png.rf.c7060d5665bc8d0b114bbaa8257b3739.jpg,512,512,1.0,0.0,73.18,51.93,578.48
train,frame235_jpg.rf.cd604aef9a541151e7a0c28fa735ea55.txt,data/thermal-1-filtered/train/images/frame235_jpg.rf.cd604aef9a541151e7a0c28fa735ea55.jpg,512,512,1.0,3.076,92.34,50.42,222.74
train,IR_BIRD_012_frame35_jpg.rf.b145b9fcbb8326c5fedf7ccb33867e2b.txt,data/thermal-1-filtered/train/images/IR_BIRD_012_frame35_jpg.rf.b145b9fcbb8326c5fedf7ccb33867e2b.jpg,512,512,1.0,0.0,101.18,46.31,69.66
train,003811_png.rf.137b776e41fc7e14eaec4fc197926500.txt,data/thermal-1-filtered/train/images/003811_png.rf.137b776e41fc7e14eaec4fc197926500.jpg,512,512,1.0,0.0,84.25,51.19,249.77
train,002282_png.rf.2368eb9cfe1a94450921303ff9e84175.txt,data/thermal-1-filtered/train/images/002282_png.rf.2368eb9cfe1a94450921303ff9e84175.jpg,512,512,1.0,0.0,82.82,51.86,179.03
train,ir_3_018960_jpg.rf.cd017b37e39a25818c33d1bf384e65f1.txt,data/thermal-1-filtered/train/images/ir_3_018960_jpg.rf.cd017b37e39a25818c33d1bf384e65f1.jpg,512,512,1.0,0.0,92.47,58.09,3196.56
train,002042_png.rf.3b84c5591d52128e48d7ea59f982f6e3.txt,data/thermal-1-filtered/train/images/002042_png.rf.3b84c5591d52128e48d7ea59f982f6e3.jpg,512,512,1.0,0.0,73.94,52.86,1111.02
train,003500_png.rf.c40c2ea45b99e4623f661ba74cd3ed8b.txt,data/thermal-1-filtered/train/images/003500_png.rf.c40c2ea45b99e4623f661ba74cd3ed8b.jpg,512,512,1.0,0.0,89.12,57.61,4905.53
train,IR_BIRD_012_frame141_jpg.rf.cd1c8571ee234ded90c2b14256a3cbf3.txt,data/thermal-1-filtered/train/images/IR_BIRD_012_frame141_jpg.rf.cd1c8571ee234ded90c2b14256a3cbf3.jpg,512,512,1.0,0.0,94.23,54.49,88.27
train,frame185_jpg.rf.b5ce740cae3a51c32ce94bf0b9520371.txt,data/thermal-1-filtered/train/images/frame185_jpg.rf.b5ce740cae3a51c32ce94bf0b9520371.jpg,512,512,1.0,3.277,92.41,43.21,434.73
train,frame398_jpg.rf.8695e86adaa1c9eb3f5fd4273655cb0c.txt,data/thermal-1-filtered/train/images/frame398_jpg.rf.8695e86adaa1c9eb3f5fd4273655cb0c.jpg,512,512,1.0,3.125,84.78,40.49,88.95
train,002734_png.rf.4247cbded75a5a6c2cd3a912adc9aa63.txt,data/thermal-1-filtered/train/images/002734_png.rf.4247cbded75a5a6c2cd3a912adc9aa63.jpg,512,512,1.0,0.0,79.77,49.65,289.48
train,thermal_tzeelim_014500_jpg.rf.27aeda68793de867a6f4964dfebb3f26.txt,data/thermal-1-filtered/train/images/thermal_tzeelim_014500_jpg.rf.27aeda68793de867a6f4964dfebb3f26.jpg,512,512,1.0,0.0,89.77,57.29,760.52
train,003023_png.rf.b7b7773a4b6fb69b6c012369dca95a05.txt,data/thermal-1-filtered/train/images/003023_png.rf.b7b7773a4b6fb69b6c012369dca95a05.jpg,512,512,1.0,0.0,78.48,53.57,724.45
train,IR_BIRD_012_frame60_jpg.rf.bf385482b86d104895431300da5b2b2b.txt,data/thermal-1-filtered/train/images/IR_BIRD_012_frame60_jpg.rf.bf385482b86d104895431300da5b2b2b.jpg,512,512,1.0,0.0,101.19,46.31,69.67
train,IR_BIRD_012_frame236_jpg.rf.21ce73dbaeb673c0d307120ba49eaf4d.txt,data/thermal-1-filtered/train/images/IR_BIRD_012_frame236_jpg.rf.21ce73dbaeb673c0d307120ba49eaf4d.jpg,512,512,1.0,0.0,100.35,54.08,91.9
train,IR_BIRD_012_frame53_jpg.rf.184a8fc4bbe9804802397ac3b110ddf3.txt,data/thermal-1-filtered/train/images/IR_BIRD_012_frame53_jpg.rf.184a8fc4bbe9804802397ac3b110ddf3.jpg,512,512,1.0,0.0,91.78,54.14,69.94
train,frame207_jpg.rf.4557e186eb7acc20dbe89a7ac5066ec6.txt,data/thermal-1-filtered/train/images/frame207_jpg.rf.4557e186eb7acc20dbe89a7ac5066ec6.jpg,512,512,1.0,3.201,90.46,46.61,89.17
train,002256_png.rf.07b66a1db217c7703fcf2ff00560ebbc.txt,data/thermal-1-filtered/train/images/002256_png.rf.07b66a1db217c7703fcf2ff00560ebbc.jpg,512,512,1.0,0.0,90.4,56.12,530.1
train,002445_png.rf.d80d01b5d163f64e762452e3a8104dcc.txt,data/thermal-1-filtered/train/images/002445_png.rf.d80d01b5d163f64e762452e3a8104dcc.jpg,512,512,1.0,0.0,85.12,54.65,1247.27
train,002438_png.rf.bd533168fe86eac117411423af60a453.txt,data/thermal-1-filtered/train/images/002438_png.rf.bd533168fe86eac117411423af60a453.jpg,512,512,1.0,0.0,88.02,55.36,1484.91
train,0_0_000340_jpg.rf.e353321f8c44e28a1acfc4272d993de5.txt,data/thermal-1-filtered/train/images/0_0_000340_jpg.rf.e353321f8c44e28a1acfc4272d993de5.jpg,512,512,1.0,0.0,66.98,68.01,88.62
train,frame547_jpg.rf.d73449fcae148c98ba3e36b6d748107a.txt,data/thermal-1-filtered/train/images/frame547_jpg.rf.d73449fcae148c98ba3e36b6d748107a.jpg,512,512,1.0,3.31,60.91,32.6,404.37
train,003694_png.rf.e469fc6362d2bd67de34e0f5cf7e7319.txt,data/thermal-1-filtered/train/images/003694_png.rf.e469fc6362d2bd67de34e0f5cf7e7319.jpg,512,512,1.0,0.0,89.33,56.49,2605.48
train,002245_png.rf.bdeab41d029106e8757a3048bd0eb215.txt,data/thermal-1-filtered/train/images/002245_png.rf.bdeab41d029106e8757a3048bd0eb215.jpg,512,512,1.0,0.0,85.2,52.86,354.86
train,0_0_000030_jpg.rf.f20a57f9fd9a993a93f05093430f4e39.txt,data/thermal-1-filtered/train/images/0_0_000030_jpg.rf.f20a57f9fd9a993a93f05093430f4e39.jpg,512,512,1.0,0.0,106.03,70.47,78.9
train,frame464_jpg.rf.92c32b0ddff9c7edef7e8f410b67a0bd.txt,data/thermal-1-filtered/train/images/frame464_jpg.rf.92c32b0ddff9c7edef7e8f410b67a0bd.jpg,512,512,1.0,3.036,87.46,40.43,143.6
train,002029_png.rf.c1f31e2b74eaa5dbca9ab1dad60530ea.txt,data/thermal-1-filtered/train/images/002029_png.rf.c1f31e2b74eaa5dbca9ab1dad60530ea.jpg,512,512,1.0,0.0,89.09,59.68,4245.8
train,frame360_jpg.rf.7cc94af1bd3b72d30e0b7eb04e114506.txt,data/thermal-1-filtered/train/images/frame360_jpg.rf.7cc94af1bd3b72d30e0b7eb04e114506.jpg,512,512,1.0,3.202,94.19,48.12,497.95
train,frame540_jpg.rf.996d83a045e1df0a655ba3ef0eee7c60.txt,data/thermal-1-filtered/train/images/frame540_jpg.rf.996d83a045e1df0a655ba3ef0eee7c60.jpg,512,512,1.0,3.31,62.54,32.5,405.14
train,frame486_jpg.rf.bd7aab44ce137b1b5e5a78fddf317862.txt,data/thermal-1-filtered/train/images/frame486_jpg.rf.bd7aab44ce137b1b5e5a78fddf317862.jpg,512,512,1.0,3.17,88.2,33.25,138.44
train,IR_BIRD_012_frame21_jpg.rf.e6df3c192cf2c055bcda2cd00aa1cf4b.txt,data/thermal-1-filtered/train/images/IR_BIRD_012_frame21_jpg.rf.e6df3c192cf2c055bcda2cd00aa1cf4b.jpg,512,512,1.0,0.0,100.37,47.39,76.34
train,002348_png.rf.34eac5a29ec3f76dd8e0b6944b4b08e8.txt,data/thermal-1-filtered/train/images/002348_png.rf.34eac5a29ec3f76dd8e0b6944b4b08e8.jpg,512,512,1.0,0.0,73.53,50.87,315.05
train,0_0_000004_jpg.rf.6ac8416ec6f33bfd7868e95a84f3fd45.txt,data/thermal-1-filtered/train/images/0_0_000004_jpg.rf.6ac8416ec6f33bfd7868e95a84f3fd45.jpg,512,512,1.0,0.0,100.37,72.17,142.03
train,frame653_jpg.rf.938eb9003f895625035d1e267b36d1b7.txt,data/thermal-1-filtered/train/images/frame653_jpg.rf.938eb9003f895625035d1e267b36d1b7.jpg,512,512,1.0,3.303,55.97,33.34,432.16
train,IR_BIRD_012_frame281_jpg.rf.309576b0b443536832f100b964545b09.txt,data/thermal-1-filtered/train/images/IR_BIRD_012_frame281_jpg.rf.309576b0b443536832f100b964545b09.jpg,512,512,1.0,0.0,103.44,50.04,97.55
train,002371_png.rf.9d0614dcbaae05e56ff54d02f18f2779.txt,data/thermal-1-filtered/train/images/002371_png.rf.9d0614dcbaae05e56ff54d02f18f2779.jpg,512,512,1.0,0.0,81.64,53.54,264.87
train,frame539_jpg.rf.528eca9b4c4ea71eb7bda7bc1ad54ce5.txt,data/thermal-1-filtered/train/images/frame539_jpg.rf.528eca9b4c4ea71eb7bda7bc1ad54ce5.jpg,512,512,1.0,3.199,55.01,29.29,134.82
train,001992_png.rf.475efc9d14149304bf6514c949260824.txt,data/thermal-1-filtered/train/images/001992_png.rf.475efc9d14149304bf6514c949260824.jpg,512,512,1.0,0.0,89.03,57.23,909.16
train,frame706_jpg.rf.b6514d94abfa2bee320bd99e73108251.txt,data/thermal-1-filtered/train/images/frame706_jpg.rf.b6514d94abfa2bee320bd99e73108251.jpg,512,512,1.0,3.288,57.75,34.66,457.48
train,002692_png.rf.8d5fbd5e7f95ee70172c2680228f19f4.txt,data/thermal-1-filtered/train/images/002692_png.rf.8d5fbd5e7f95ee70172c2680228f19f4.jpg,512,512,1.0,0.0,85.62,54.56,840.1
train,002374_png.rf.0524023ba70f07ca617d94cbec4d10f2.txt,data/thermal-1-filtered/train/images/002374_png.rf.0524023ba70f07ca617d94cbec4d10f2.jpg,512,512,1.0,0.0,92.57,53.28,921.83
train,frame353_jpg.rf.c9e5884a2724baf2ca240cae37557aa0.txt,data/thermal-1-filtered/train/images/frame353_jpg.rf.c9e5884a2724baf2ca240cae37557aa0.jpg,512,512,1.0,3.151,87.54,45.51,231.15
train,frame505_jpg.rf.255533a44dda4175bfa0ac8f2005ada1.txt,data/thermal-1-filtered/train/images/frame505_jpg.rf.255533a44dda4175bfa0ac8f2005ada1.jpg,512,512,1.0,3.301,86.12,34.73,387.69
train,frame101_jpg.rf.39561bf6c720c1d66a5fc17ed2e51a83.txt,data/thermal-1-filtered/train/images/frame101_jpg.rf.39561bf6c720c1d66a5fc17ed2e51a83.jpg,512,512,1.0,3.087,86.91,52.33,163.29
train,002225_png.rf.7fb4d64ffcb66a4a72452f332f545c5f.txt,data/thermal-1-filtered/train/images/002225_png.rf.7fb4d64ffcb66a4a72452f332f545c5f.jpg,512,512,1.0,0.0,75.32,51.56,663.1
train,frame337_jpg.rf.cae61436bd4b67a0eb15b97fb210a74e.txt,data/thermal-1-filtered/train/images/frame337_jpg.rf.cae61436bd4b67a0eb15b97fb210a74e.jpg,512,512,1.0,3.136,101.09,54.64,161.35
train,frame249_jpg.rf.59263f5e45bceb09933577a47fca1aaf.txt,data/thermal-1-filtered/train/images/frame249_jpg.rf.59263f5e45bceb09933577a47fca1aaf.jpg,512,512,1.0,3.103,100.73,54.79,557.18
train,003702_png.rf.b6cf1159f834dcbdaf3896195853c749.txt,data/thermal-1-filtered/train/images/003702_png.rf.b6cf1159f834dcbdaf3896195853c749.jpg,512,512,1.0,0.0,80.59,55.02,763.11
train,002341_png.rf.bc2adc331a78104380bcd2ce108e64eb.txt,data/thermal-1-filtered/train/images/002341_png.rf.bc2adc331a78104380bcd2ce108e64eb.jpg,512,512,1.0,0.0,77.39,55.15,414.09
train,frame615_jpg.rf.d0d8431fb04d888a198889ae778471f6.txt,data/thermal-1-filtered/train/images/frame615_jpg.rf.d0d8431fb04d888a198889ae778471f6.jpg,512,512,1.0,3.287,55.01,33.0,233.66
train,003026_png.rf.d78c7dab0b0011ac9e57eca85f697680.txt,data/thermal-1-filtered/train/images/003026_png.rf.d78c7dab0b0011ac9e57eca85f697680.jpg,512,512,1.0,0.0,79.54,56.93,900.01
train,002395_png.rf.ad0ae18039d0e81998fc680b156f200a.txt,data/thermal-1-filtered/train/images/002395_png.rf.ad0ae18039d0e81998fc680b156f200a.jpg,512,512,1.0,0.0,84.11,52.55,295.74
train,IR_BIRD_012_frame156_jpg.rf.b7f9239e61be90b7481626316d5b1c7d.txt,data/thermal-1-filtered/train/images/IR_BIRD_012_frame156_jpg.rf.b7f9239e61be90b7481626316d5b1c7d.jpg,512,512,1.0,0.0,88.57,55.09,86.89
train,002559_png.rf.472ddb79a6df0da6bbbee7444705aef6.txt,data/thermal-1-filtered/train/images/002559_png.rf.472ddb79a6df0da6bbbee7444705aef6.jpg,512,512,1.0,0.0,83.28,51.77,372.24
train,002065_png.rf.f666981c3c9a23016a5e473bbf5a9d34.txt,data/thermal-1-filtered/train/images/002065_png.rf.f666981c3c9a23016a5e473bbf5a9d34.jpg,512,512,1.0,0.0,79.67,56.9,1236.6
train,003428_png.rf.f26d367f2de1ba85745e1a9d3fc3eb77.txt,data/thermal-1-filtered/train/images/003428_png.rf.f26d367f2de1ba85745e1a9d3fc3eb77.jpg,512,512,1.0,0.0,78.64,55.01,473.81
train,002540_png.rf.9a371b88b0daf75d84d8574297681e28.txt,data/thermal-1-filtered/train/images/002540_png.rf.9a371b88b0daf75d84d8574297681e28.jpg,512,512,1.0,0.0,90.08,55.7,1136.47
train,003750_png.rf.254037f4ed27d5c215b715134166d26c.txt,data/thermal-1-filtered/train/images/003750_png.rf.254037f4ed27d5c215b715134166d26c.jpg,512,512,1.0,0.0,85.2,54.17,356.27
train,frame515_jpg.rf.09bd0804c4080003c363eeecb62d8f32.txt,data/thermal-1-filtered/train/images/frame515_jpg.rf.09bd0804c4080003c363eeecb62d8f32.jpg,512,512,1.0,3.318,83.62,30.27,392.13
train,002435_png.rf.bb02d9cbfbaf2611da2535d1dc285f8d.txt,data/thermal-1-filtered/train/images/002435_png.rf.bb02d9cbfbaf2611da2535d1dc285f8d.jpg,512,512,1.0,0.0,84.76,52.64,459.48
train,frame633_jpg.rf.89f37f512f0fbabadfe7bc89a89ca7d3.txt,data/thermal-1-filtered/train/images/frame633_jpg.rf.89f37f512f0fbabadfe7bc89a89ca7d3.jpg,512,512,1.0,2.997,41.62,27.08,104.65
train,002840_png.rf.79a8c372b253e14df7f69382b1a52ece.txt,data/thermal-1-filtered/train/images/002840_png.rf.79a8c372b253e14df7f69382b1a52ece.jpg,512,512,1.0,0.0,76.06,53.49,255.28
train,frame49_jpg.rf.9fdebaf4313a12187ec533daedcc52e6.txt,data/thermal-1-filtered/train/images/frame49_jpg.rf.9fdebaf4313a12187ec533daedcc52e6.jpg,512,512,1.0,2.903,80.82,53.93,143.26
train,002550_png.rf.4ece2cb0bfb6ef0173728e73775c6ea9.txt,data/thermal-1-filtered/train/images/002550_png.rf.4ece2cb0bfb6ef0173728e73775c6ea9.jpg,512,512,1.0,0.0,74.37,51.61,337.43
train,002764_png.rf.33267707106c473af8e0dd78fb25e65f.txt,data/thermal-1-filtered/train/images/002764_png.rf.33267707106c473af8e0dd78fb25e65f.jpg,512,512,1.0,0.0,88.77,54.1,235.89
train,003096_png.rf.00b82c9b8413bfdf983d32ed7c395305.txt,data/thermal-1-filtered/train/images/003096_png.rf.00b82c9b8413bfdf983d32ed7c395305.jpg,512,512,1.0,0.0,78.77,55.08,695.43
train,img_0384_png.rf.dc16a2c2efe665071902ec66b436ebd8.txt,data/thermal-1-filtered/train/images/img_0384_png.rf.dc16a2c2efe665071902ec66b436ebd8.jpg,512,512,1.0,0.0,121.06,26.19,35.52
train,003843_png.rf.3d64567dd9f4a4e4a1fa49b34202ee14.txt,data/thermal-1-filtered/train/images/003843_png.rf.3d64567dd9f4a4e4a1fa49b34202ee14.jpg,512,512,1.0,0.0,96.87,57.36,1170.26
train,001669_png.rf.275a40529e4c1bd17df5aa4414c37178.txt,data/thermal-1-filtered/train/images/001669_png.rf.275a40529e4c1bd17df5aa4414c37178.jpg,512,512,1.0,0.0,79.76,55.52,720.22
train,002205_png.rf.ead1f1e7cb465338873ab6a1f7cc18ac.txt,data/thermal-1-filtered/train/images/002205_png.rf.ead1f1e7cb465338873ab6a1f7cc18ac.jpg,512,512,1.0,0.0,90.52,55.05,748.66
train,002771_png.rf.320ea95b73dca395f830a59a4a164cbf.txt,data/thermal-1-filtered/train/images/002771_png.rf.320ea95b73dca395f830a59a4a164cbf.jpg,512,512,1.0,0.0,79.12,55.63,622.42
train,ir_036940_jpg.rf.8154795c96dbbd4bc33e167fd4b958a0.txt,data/thermal-1-filtered/train/images/ir_036940_jpg.rf.8154795c96dbbd4bc33e167fd4b958a0.jpg,512,512,1.0,0.0,90.01,58.45,1301.1
train,frame677_jpg.rf.2b6b9e1e9f1d2775cea3f3379da19ade.txt,data/thermal-1-filtered/train/images/frame677_jpg.rf.2b6b9e1e9f1d2775cea3f3379da19ade.jpg,512,512,1.0,3.07,38.01,24.06,145.98
train,frame427_jpg.rf.233bcce3e4e8fc79d90fabe0124434d4.txt,data/thermal-1-filtered/train/images/frame427_jpg.rf.233bcce3e4e8fc79d90fabe0124434d4.jpg,512,512,1.0,3.055,80.92,47.0,151.49
train,002396_png.rf.c46462c896758bb10c61dfd01c3c5c84.txt,data/thermal-1-filtered/train/images/002396_png.rf.c46462c896758bb10c61dfd01c3c5c84.jpg,512,512,1.0,0.0,87.96,54.94,461.66
train,IR_BIRD_012_frame150_jpg.rf.d4201a7084add6eacfaab5b32160e09f.txt,data/thermal-1-filtered/train/images/IR_BIRD_012_frame150_jpg.rf.d4201a7084add6eacfaab5b32160e09f.jpg,512,512,1.0,0.0,93.19,53.67,76.01
train,frame520_jpg.rf.761c831ce4cfede84032d1e25b9ce15f.txt,data/thermal-1-filtered/train/images/frame520_jpg.rf.761c831ce4cfede84032d1e25b9ce15f.jpg,512,512,1.0,3.307,75.59,31.02,364.66
train,ir_3_022200_jpg.rf.39d525d660049569c0566964bad29162.txt,data/thermal-1-filtered/train/images/ir_3_022200_jpg.rf.39d525d660049569c0566964bad29162.jpg,512,512,1.0,0.0,100.99,60.55,1300.61
train,frame20_jpg.rf.deaa5fb9dbcd198189b0a164882bf46c.txt,data/thermal-1-filtered/train/images/frame20_jpg.rf.deaa5fb9dbcd198189b0a164882bf46c.jpg,512,512,1.0,3.01,71.35,45.46,110.51
train,003748_png.rf.9d4e71b3c62835a4e5a1282babfb98ae.txt,data/thermal-1-filtered/train/images/003748_png.rf.9d4e71b3c62835a4e5a1282babfb98ae.jpg,512,512,1.0,0.0,88.59,50.11,342.75
train,001982_png.rf.a3ce035a11a20e44a5724dd9dedf1350.txt,data/thermal-1-filtered/train/images/001982_png.rf.a3ce035a11a20e44a5724dd9dedf1350.jpg,512,512,1.0,0.0,85.26,57.04,700.56
train,frame337_jpg.rf.ee764f25669ce1abe7019f179224d8c4.txt,data/thermal-1-filtered/train/images/frame337_jpg.rf.ee764f25669ce1abe7019f179224d8c4.jpg,512,512,1.0,3.293,104.35,50.25,548.22
train,001996_png.rf.b40299fe670890a8529bde85fcf9172d.txt,data/thermal-1-filtered/train/images/001996_png.rf.b40299fe670890a8529bde85fcf9172d.jpg,512,512,1.0,0.0,86.95,53.8,824.75
train,002416_png.rf.3948c9faf568d2963e470a6f12f172d3.txt,data/thermal-1-filtered/train/images/002416_png.rf.3948c9faf568d2963e470a6f12f172d3.jpg,512,512,1.0,0.0,90.27,55.17,1245.25
train,frame408_jpg.rf.607d225d09f7bee87a39a38aa68a5c5c.txt,data/thermal-1-filtered/train/images/frame408_jpg.rf.607d225d09f7bee87a39a38aa68a5c5c.jpg,512,512,1.0,3.012,80.61,44.19,96.98
train,frame131_jpg.rf.431a2a54e67337b697140b7b203dbdf0.txt,data/thermal-1-filtered/train/images/frame131_jpg.rf.431a2a54e67337b697140b7b203dbdf0.jpg,512,512,1.0,2.967,87.87,57.96,154.02
train,003796_png.rf.ef941a8e86798a8e785822a40b86b0ff.txt,data/thermal-1-filtered/train/images/003796_png.rf.ef941a8e86798a8e785822a40b86b0ff.jpg,512,512,1.0,0.0,93.02,60.01,238.78
train,002052_png.rf.b513af66b599a4bdac13f95dfea2f48e.txt,data/thermal-1-filtered/train/images/002052_png.rf.b513af66b599a4bdac13f95dfea2f48e.jpg,512,512,1.0,0.0,80.23,50.85,1251.89
train,002055_png.rf.3e30522d29e8c9d7028c5ca7bacf1848.txt,data/thermal-1-filtered/train/images/002055_png.rf.3e30522d29e8c9d7028c5ca7bacf1848.jpg,512,512,1.0,0.0,78.7,54.16,1381.65
train,002215_png.rf.1bf1fdd7d60e1ac771554113f8f7f190.txt,data/thermal-1-filtered/train/images/002215_png.rf.1bf1fdd7d60e1ac771554113f8f7f190.jpg,512,512,1.0,0.0,77.34,53.87,380.02
train,frame686_jpg.rf.510ece61d3e0b92e5756c2ee75a9932a.txt,data/thermal-1-filtered/train/images/frame686_jpg.rf.510ece61d3e0b92e5756c2ee75a9932a.jpg,512,512,1.0,3.301,49.72,30.02,478.79
train,0_0_000281_jpg.rf.6e796b72fb1f953030c273f82081da92.txt,data/thermal-1-filtered/train/images/0_0_000281_jpg.rf.6e796b72fb1f953030c273f82081da92.jpg,512,512,1.0,0.0,90.84,58.38,98.21
train,IR_BIRD_012_frame157_jpg.rf.83c44924588ae17d22d58304a61781b7.txt,data/thermal-1-filtered/train/images/IR_BIRD_012_frame157_jpg.rf.83c44924588ae17d22d58304a61781b7.jpg,512,512,1.0,0.0,89.37,55.9,80.42
train,003842_png.rf.2707056fe5170ee9c4a9c30bf548f86f.txt,data/thermal-1-filtered/train/images/003842_png.rf.2707056fe5170ee9c4a9c30bf548f86f.jpg,512,512,1.0,0.0,97.91,55.37,463.08
train,IR_BIRD_012_frame1_jpg.rf.275c33396e6d1a0760a513580ddeb1fb.txt,data/thermal-1-filtered/train/images/IR_BIRD_012_frame1_jpg.rf.275c33396e6d1a0760a513580ddeb1fb.jpg,512,512,1.0,0.0,92.56,53.61,62.1
train,002794_png.rf.c438068bae39e586fa327c964fbc5103.txt,data/thermal-1-filtered/train/images/002794_png.rf.c438068bae39e586fa327c964fbc5103.jpg,512,512,1.0,0.0,91.03,58.46,2048.4
train,002837_png.rf.eacc8d0cfbb370a59594a5d519e6fde5.txt,data/thermal-1-filtered/train/images/002837_png.rf.eacc8d0cfbb370a59594a5d519e6fde5.jpg,512,512,1.0,0.0,81.92,50.21,231.84
train,ir_058630_jpg.rf.fed5954ab0d1d85c7d6af5b545bebb75.txt,data/thermal-1-filtered/train/images/ir_058630_jpg.rf.fed5954ab0d1d85c7d6af5b545bebb75.jpg,512,512,1.0,0.0,83.85,58.12,843.05
train,frame706_jpg.rf.02b4e022a9beb53821eaf54e29a96c4b.txt,data/thermal-1-filtered/train/images/frame706_jpg.rf.02b4e022a9beb53821eaf54e29a96c4b.jpg,512,512,1.0,3.118,48.94,31.53,138.3
train,ir_3_031420_jpg.rf.8bfadb437ba0114863996a50d7fd9ec1.txt,data/thermal-1-filtered/train/images/ir_3_031420_jpg.rf.8bfadb437ba0114863996a50d7fd9ec1.jpg,512,512,1.0,0.0,87.03,55.49,954.95
train,0_0_000020_jpg.rf.0f8ab2536a17088d25b12e9551a2e895.txt,data/thermal-1-filtered/train/images/0_0_000020_jpg.rf.0f8ab2536a17088d25b12e9551a2e895.jpg,512,512,1.0,0.0,105.64,73.34,86.6
train,IR_BIRD_012_frame94_jpg.rf.f7ed01f66aca2104b0c1886a8042ec65.txt,data/thermal-1-filtered/train/images/IR_BIRD_012_frame94_jpg.rf.f7ed01f66aca2104b0c1886a8042ec65.jpg,512,512,1.0,0.0,104.26,49.15,75.41
train,frame625_jpg.rf.6205715bcced29ec645831a7edd6b481.txt,data/thermal-1-filtered/train/images/frame625_jpg.rf.6205715bcced29ec645831a7edd6b481.jpg,512,512,1.0,3.106,46.58,30.64,163.11
train,frame625_jpg.rf.a1ac9bc48025864a3053a0fd55e8c6d3.txt,data/thermal-1-filtered/train/images/frame625_jpg.rf.a1ac9bc48025864a3053a0fd55e8c6d3.jpg,512,512,1.0,3.147,43.64,27.29,117.05
train,frame210_jpg.rf.7f904632a2b3ad0086424b28f28b108b.txt,data/thermal-1-filtered/train/images/frame210_jpg.rf.7f904632a2b3ad0086424b28f28b108b.jpg,512,512,1.0,3.293,94.07,43.03,402.56
train,frame688_jpg.rf.01de541b401b3a6d3af370427334111e.txt,data/thermal-1-filtered/train/images/frame688_jpg.rf.01de541b401b3a6d3af370427334111e.jpg,512,512,1.0,3.302,50.82,29.89,478.66
train,002787_png.rf.4dcd90d1de85d054510289edffef8ec8.txt,data/thermal-1-filtered/train/images/002787_png.rf.4dcd90d1de85d054510289edffef8ec8.jpg,512,512,1.0,0.0,91.74,56.15,445.5
train,frame153_jpg.rf.76c0c534913408fe70de82d9f1bf3188.txt,data/thermal-1-filtered/train/images/frame153_jpg.rf.76c0c534913408fe70de82d9f1bf3188.jpg,512,512,1.0,3.305,99.49,50.39,403.67
train,frame311_jpg.rf.78948449e92ae1468fff1bd00d92b9e4.txt,data/thermal-1-filtered/train/images/frame311_jpg.rf.78948449e92ae1468fff1bd00d92b9e4.jpg,512,512,1.0,3.285,105.48,58.65,287.53
train,IR_BIRD_012_frame195_jpg.rf.91c5f381c3225bed41eae7baeb06167a.txt,data/thermal-1-filtered/train/images/IR_BIRD_012_frame195_jpg.rf.91c5f381c3225bed41eae7baeb06167a.jpg,512,512,1.0,0.0,88.52,51.11,60.77
train,002841_png.rf.3120491acbcfc3c0b207862a978cc5bb.txt,data/thermal-1-filtered/train/images/002841_png.rf.3120491acbcfc3c0b207862a978cc5bb.jpg,512,512,1.0,0.0,80.15,57.82,225.28
train,frame716_jpg.rf.1ed3f88298d29704f0df052916344bf3.txt,data/thermal-1-filtered/train/images/frame716_jpg.rf.1ed3f88298d29704f0df052916344bf3.jpg,512,512,1.0,3.296,62.23,33.07,438.7
train,IR_BIRD_012_frame52_jpg.rf.b72923ec746e01f2d1a194bc38b6e146.txt,data/thermal-1-filtered/train/images/IR_BIRD_012_frame52_jpg.rf.b72923ec746e01f2d1a194bc38b6e146.jpg,512,512,1.0,0.0,100.17,48.31,72.32
train,frame282_jpg.rf.7e135a832efbacff3a09f00b305afe41.txt,data/thermal-1-filtered/train/images/frame282_jpg.rf.7e135a832efbacff3a09f00b305afe41.jpg,512,512,1.0,2.951,82.14,55.81,182.2
train,002614_png.rf.6a39728e4d3eff73a0c882a311ce6207.txt,data/thermal-1-filtered/train/images/002614_png.rf.6a39728e4d3eff73a0c882a311ce6207.jpg,512,512,1.0,0.0,81.59,55.81,681.87
train,IR_BIRD_012_frame210_jpg.rf.6db1ad32a38140351b76172b33fe63b3.txt,data/thermal-1-filtered/train/images/IR_BIRD_012_frame210_jpg.rf.6db1ad32a38140351b76172b33fe63b3.jpg,512,512,1.0,0.0,97.96,54.83,88.06
train,0_0_000241_jpg.rf.9a3b9610c209cb8936e91f7d4bee58e5.txt,data/thermal-1-filtered/train/images/0_0_000241_jpg.rf.9a3b9610c209cb8936e91f7d4bee58e5.jpg,512,512,1.0,0.0,129.89,41.15,89.9
train,002357_png.rf.8f50583e00dd5870f8faddaa2dff291b.txt,data/thermal-1-filtered/train/images/002357_png.rf.8f50583e00dd5870f8faddaa2dff291b.jpg,512,512,1.0,0.0,76.74,48.83,258.39
train,IR_BIRD_012_frame126_jpg.rf.46b2509031ba94778bbf1e5b98e2e45b.txt,data/thermal-1-filtered/train/images/IR_BIRD_012_frame126_jpg.rf.46b2509031ba94778bbf1e5b98e2e45b.jpg,512,512,1.0,0.0,103.32,49.68,68.86
train,0_0_000061_jpg.rf.94bfc5718e8be0e866bb6fca6590b347.txt,data/thermal-1-filtered/train/images/0_0_000061_jpg.rf.94bfc5718e8be0e866bb6fca6590b347.jpg,512,512,1.0,0.0,69.7,68.5,149.42
train,003759_png.rf.23d4b0df7360082c9d18ea1c80bab26c.txt,data/thermal-1-filtered/train/images/003759_png.rf.23d4b0df7360082c9d18ea1c80bab26c.jpg,512,512,1.0,0.0,89.3,55.79,332.01
train,frame635_jpg.rf.85b05072d628391ae4f54a4af4ed43aa.txt,data/thermal-1-filtered/train/images/frame635_jpg.rf.85b05072d628391ae4f54a4af4ed43aa.jpg,512,512,1.0,3.307,56.05,34.12,433.54
train,002838_png.rf.d538758861a36987bba447fb89bb2b60.txt,data/thermal-1-filtered/train/images/002838_png.rf.d538758861a36987bba447fb89bb2b60.jpg,512,512,1.0,0.0,83.41,55.18,785.34
train,002296_png.rf.92ef3973abea81c53c79b46c47ac85eb.txt,data/thermal-1-filtered/train/images/002296_png.rf.92ef3973abea81c53c79b46c47ac85eb.jpg,512,512,1.0,0.0,82.21,55.42,469.73
train,003760_png.rf.c975a0c41f370267819e43203bcced60.txt,data/thermal-1-filtered/train/images/003760_png.rf.c975a0c41f370267819e43203bcced60.jpg,512,512,1.0,0.0,91.76,55.65,330.98
train,frame170_jpg.rf.3f871bcbcacfe47c881c58df473b7c47.txt,data/thermal-1-filtered/train/images/frame170_jpg.rf.3f871bcbcacfe47c881c58df473b7c47.jpg,512,512,1.0,3.262,95.82,49.22,417.79
train,002421_png.rf.2ee687a3a9f62b4108c47a32b2145bdb.txt,data/thermal-1-filtered/train/images/002421_png.rf.2ee687a3a9f62b4108c47a32b2145bdb.jpg,512,512,1.0,0.0,90.93,55.47,1232.17
train,003041_png.rf.fab7f4f146ef256de4cac4bc6d7de095.txt,data/thermal-1-filtered/train/images/003041_png.rf.fab7f4f146ef256de4cac4bc6d7de095.jpg,512,512,1.0,0.0,77.82,53.43,622.29
train,002718_png.rf.9acd0ffedb6605158dca64bcb6a31553.txt,data/thermal-1-filtered/train/images/002718_png.rf.9acd0ffedb6605158dca64bcb6a31553.jpg,512,512,1.0,0.0,86.66,56.11,918.41
train,frame601_jpg.rf.44a54783717bba80b89752bbb5ad5d4f.txt,data/thermal-1-filtered/train/images/frame601_jpg.rf.44a54783717bba80b89752bbb5ad5d4f.jpg,512,512,1.0,3.311,56.7,33.85,425.59
train,IR_BIRD_012_frame74_jpg.rf.675533c47e355c5c63be2adb9ca67fbb.txt,data/thermal-1-filtered/train/images/IR_BIRD_012_frame74_jpg.rf.675533c47e355c5c63be2adb9ca67fbb.jpg,512,512,1.0,0.0,101.2,46.31,70.27
train,frame579_jpg.rf.1960865f28cadc5a4c42a1de7ce9a248.txt,data/thermal-1-filtered/train/images/frame579_jpg.rf.1960865f28cadc5a4c42a1de7ce9a248.jpg,512,512,1.0,3.299,54.34,31.65,179.64
train,002707_png.rf.0c50d92e2b0e1079281a213ce410aa5d.txt,data/thermal-1-filtered/train/images/002707_png.rf.0c50d92e2b0e1079281a213ce410aa5d.jpg,512,512,1.0,0.0,69.4,50.44,314.51
train,frame552_jpg.rf.fe0a6d812d72acb5b63bd402fe5cd007.txt,data/thermal-1-filtered/train/images/frame552_jpg.rf.fe0a6d812d72acb5b63bd402fe5cd007.jpg,512,512,1.0,3.01,48.44,30.42,169.16
train,003788_png.rf.ace48e7b5a044869c214bec4d76bd450.txt,data/thermal-1-filtered/train/images/003788_png.rf.ace48e7b5a044869c214bec4d76bd450.jpg,512,512,1.0,0.0,101.08,58.41,507.94
train,frame140_jpg.rf.6f1659709a5e334d2ad5b297e39313e3.txt,data/thermal-1-filtered/train/images/frame140_jpg.rf.6f1659709a5e334d2ad5b297e39313e3.jpg,512,512,1.0,2.972,88.96,56.99,153.07
train,003793_png.rf.d32d3c3f7c25b93c155382b9608ecbaf.txt,data/thermal-1-filtered/train/images/003793_png.rf.d32d3c3f7c25b93c155382b9608ecbaf.jpg,512,512,1.0,0.0,101.13,58.81,507.39
train,IR_BIRD_012_frame203_jpg.rf.338054cb9dc547638f2b4da2e006529e.txt,data/thermal-1-filtered/train/images/IR_BIRD_012_frame203_jpg.rf.338054cb9dc547638f2b4da2e006529e.jpg,512,512,1.0,0.0,99.67,48.95,45.86
train,003794_png.rf.9230ff21a95efc1df06a20f09962f7cb.txt,data/thermal-1-filtered/train/images/003794_png.rf.9230ff21a95efc1df06a20f09962f7cb.jpg,512,512,1.0,0.0,87.57,55.29,145.13
train,002787_png.rf.52531463873762577f3cf2760e7af678.txt,data/thermal-1-filtered/train/images/002787_png.rf.52531463873762577f3cf2760e7af678.jpg,512,512,1.0,0.0,91.67,54.62,422.63
train,frame483_jpg.rf.55df24eaa267dec92fbdc2d35b5d7530.txt,data/thermal-1-filtered/train/images/frame483_jpg.rf.55df24eaa267dec92fbdc2d35b5d7530.jpg,512,512,1.0,3.308,104.07,35.47,365.39
train,001503_png.rf.fa5a070cba1b84df5bb8ca783364d209.txt,data/thermal-1-filtered/train/images/001503_png.rf.fa5a070cba1b84df5bb8ca783364d209.jpg,512,512,1.0,0.0,80.72,55.25,260.47
train,002347_png.rf.47e123c1e1efbb354abb6c35c445146d.txt,data/thermal-1-filtered/train/images/002347_png.rf.47e123c1e1efbb354abb6c35c445146d.jpg,512,512,1.0,0.0,88.28,55.84,1278.33
train,frame393_jpg.rf.ed8f6e74b186d91f4aada93717d6ed7d.txt,data/thermal-1-filtered/train/images/frame393_jpg.rf.ed8f6e74b186d91f4aada93717d6ed7d.jpg,512,512,1.0,3.028,80.93,43.93,111.51
train,frame600_jpg.rf.8d744ceba5b44e6ef3cb5363dfe4bb8c.txt,data/thermal-1-filtered/train/images/frame600_jpg.rf.8d744ceba5b44e6ef3cb5363dfe4bb8c.jpg,512,512,1.0,3.308,56.52,33.94,427.34
train,003061_png.rf.36ba58121a520c3f6fd8a50fef25cecc.txt,data/thermal-1-filtered/train/images/003061_png.rf.36ba58121a520c3f6fd8a50fef25cecc.jpg,512,512,1.0,0.0,90.82,57.6,2378.96
train,002072_png.rf.113eb2391caa49b76ecbeb2e2233a813.txt,data/thermal-1-filtered/train/images/002072_png.rf.113eb2391caa49b76ecbeb2e2233a813.jpg,512,512,1.0,0.0,90.32,57.88,4105.62
train,frame221_jpg.rf.36b3f37baad7c32844c71e1ae8eb542a.txt,data/thermal-1-filtered/train/images/frame221_jpg.rf.36b3f37baad7c32844c71e1ae8eb542a.jpg,512,512,1.0,2.987,86.46,49.95,150.09
train,002695_png.rf.627421c780db54e5e6137e1ed2807de3.txt,data/thermal-1-filtered/train/images/002695_png.rf.627421c780db54e5e6137e1ed2807de3.jpg,512,512,1.0,0.0,85.98,56.14,2434.91
train,000006_png.rf.5bdb4e697079cf8d544a078148a5b2e2.txt,data/thermal-1-filtered/train/images/000006_png.rf.5bdb4e697079cf8d544a078148a5b2e2.jpg,512,512,1.0,0.0,100.25,62.46,1012.92
train,002017_png.rf.cedf2bb342d9a65c512908527ef26ef0.txt,data/thermal-1-filtered/train/images/002017_png.rf.cedf2bb342d9a65c512908527ef26ef0.jpg,512,512,1.0,0.0,78.18,55.55,681.9
train,IR_BIRD_012_frame90_jpg.rf.6724c5908ae8501b0e41ae5d93b90bf5.txt,data/thermal-1-filtered/train/images/IR_BIRD_012_frame90_jpg.rf.6724c5908ae8501b0e41ae5d93b90bf5.jpg,512,512,1.0,0.0,93.31,52.94,64.34
train,frame593_jpg.rf.76216609ed1e47dd3c914dcd6dfaf3e2.txt,data/thermal-1-filtered/train/images/frame593_jpg.rf.76216609ed1e47dd3c914dcd6dfaf3e2.jpg,512,512,1.0,3.106,46.96,30.25,165.65
train,IR_BIRD_012_frame280_jpg.rf.0cb04d2537dcb02522bf66f754ecf466.txt,data/thermal-1-filtered/train/images/IR_BIRD_012_frame280_jpg.rf.0cb04d2537dcb02522bf66f754ecf466.jpg,512,512,1.0,0.0,107.95,45.77,120.72
train,IR_BIRD_012_frame300_jpg.rf.77ebc85f8e4ebf752bf51baf67c5056a.txt,data/thermal-1-filtered/train/images/IR_BIRD_012_frame300_jpg.rf.77ebc85f8e4ebf752bf51baf67c5056a.jpg,512,512,1.0,0.0,99.56,54.3,97.38
train,0_0_000255_jpg.rf.ccf8310e93a1f022991ab71dc66352ce.txt,data/thermal-1-filtered/train/images/0_0_000255_jpg.rf.ccf8310e93a1f022991ab71dc66352ce.jpg,512,512,1.0,0.0,44.59,51.27,37.72
train,IR_BIRD_012_frame44_jpg.rf.b4f092d204d2ac954197e245ed88d379.txt,data/thermal-1-filtered/train/images/IR_BIRD_012_frame44_jpg.rf.b4f092d204d2ac954197e245ed88d379.jpg,512,512,1.0,0.0,101.18,46.31,69.51
train,002495_png.rf.2f6b3393017f3b1ae3994d81b6f12873.txt,data/thermal-1-filtered/train/images/002495_png.rf.2f6b3393017f3b1ae3994d81b6f12873.jpg,512,512,1.0,0.0,79.87,54.53,894.78
train,002513_png.rf.5b5a3a31bd2ecac5c2a3e9fe1d077687.txt,data/thermal-1-filtered/train/images/002513_png.rf.5b5a3a31bd2ecac5c2a3e9fe1d077687.jpg,512,512,1.0,0.0,85.19,54.53,1694.23
train,IR_BIRD_012_frame81_jpg.rf.4bc3ed08acb36696af784034f49d5105.txt,data/thermal-1-filtered/train/images/IR_BIRD_012_frame81_jpg.rf.4bc3ed08acb36696af784034f49d5105.jpg,512,512,1.0,0.0,91.33,54.76,70.07
train,IR_BIRD_012_frame289_jpg.rf.5e95c31975b7d2576eb885f8e36afc14.txt,data/thermal-1-filtered/train/images/IR_BIRD_012_frame289_jpg.rf.5e95c31975b7d2576eb885f8e36afc14.jpg,512,512,1.0,0.0,105.12,48.97,89.77
train,002952_png.rf.e534dfc407179d62ae3533fcd825a31e.txt,data/thermal-1-filtered/train/images/002952_png.rf.e534dfc407179d62ae3533fcd825a31e.jpg,512,512,1.0,0.0,87.77,57.38,2559.12
train,frame407_jpg.rf.87feb6b51cdf3a8f1f37614b602bd6df.txt,data/thermal-1-filtered/train/images/frame407_jpg.rf.87feb6b51cdf3a8f1f37614b602bd6df.jpg,512,512,1.0,3.12,85.97,44.67,153.79
train,003039_png.rf.686b515ed1408c1304c8038fd842c61e.txt,data/thermal-1-filtered/train/images/003039_png.rf.686b515ed1408c1304c8038fd842c61e.jpg,512,512,1.0,0.0,89.99,57.79,2055.31
train,002717_png.rf.bf5e87c9217bad2f0404f653034d1347.txt,data/thermal-1-filtered/train/images/002717_png.rf.bf5e87c9217bad2f0404f653034d1347.jpg,512,512,1.0,0.0,76.25,52.74,263.51
train,frame350_jpg.rf.81920cb6c1fb15575ef50388231a584c.txt,data/thermal-1-filtered/train/images/frame350_jpg.rf.81920cb6c1fb15575ef50388231a584c.jpg,512,512,1.0,2.911,87.04,50.22,167.3
train,frame535_jpg.rf.18482623ee13d8ff1605bd8a77158fdc.txt,data/thermal-1-filtered/train/images/frame535_jpg.rf.18482623ee13d8ff1605bd8a77158fdc.jpg,512,512,1.0,3.029,48.76,28.12,140.54
train,frame482_jpg.rf.12256f2525288d8ce099689b48d98df6.txt,data/thermal-1-filtered/train/images/frame482_jpg.rf.12256f2525288d8ce099689b48d98df6.jpg,512,512,1.0,3.308,103.7,35.48,363.78
train,002246_png.rf.b99b7fec330c83d799fcac50e9d2bfb6.txt,data/thermal-1-filtered/train/images/002246_png.rf.b99b7fec330c83d799fcac50e9d2bfb6.jpg,512,512,1.0,0.0,90.36,53.15,448.98
train,frame323_jpg.rf.7de9436b4722fc926d5ae27372335e58.txt,data/thermal-1-filtered/train/images/frame323_jpg.rf.7de9436b4722fc926d5ae27372335e58.jpg,512,512,1.0,3.286,104.5,58.53,567.96
train,0_0_000034_jpg.rf.33afad476b57e34053d429b9de5d381d.txt,data/thermal-1-filtered/train/images/0_0_000034_jpg.rf.33afad476b57e34053d429b9de5d381d.jpg,512,512,1.0,0.0,97.08,71.89,114.15
train,IR_BIRD_012_frame187_jpg.rf.44676b8c3b6946d7e80bf4c6a873ff2c.txt,data/thermal-1-filtered/train/images/IR_BIRD_012_frame187_jpg.rf.44676b8c3b6946d7e80bf4c6a873ff2c.jpg,512,512,1.0,0.0,100.38,49.43,55.54
train,IR_BIRD_012_frame153_jpg.rf.80a5524de679131b2cd5b57763bd600f.txt,data/thermal-1-filtered/train/images/IR_BIRD_012_frame153_jpg.rf.80a5524de679131b2cd5b57763bd600f.jpg,512,512,1.0,0.0,99.19,49.67,97.67
train,IR_BIRD_012_frame96_jpg.rf.94e62349a4de5cc4a3559b9a2b38e614.txt,data/thermal-1-filtered/train/images/IR_BIRD_012_frame96_jpg.rf.94e62349a4de5cc4a3559b9a2b38e614.jpg,512,512,1.0,0.0,102.36,50.32,82.77
train,002070_png.rf.080d598de9007ef5f11a97c9a94b0c90.txt,data/thermal-1-filtered/train/images/002070_png.rf.080d598de9007ef5f11a97c9a94b0c90.jpg,512,512,1.0,0.0,83.15,54.11,1029.98
train,0_0_000631_jpg.rf.83723dbd18665c1d2140f6a4231048a3.txt,data/thermal-1-filtered/train/images/0_0_000631_jpg.rf.83723dbd18665c1d2140f6a4231048a3.jpg,512,512,1.0,0.0,97.5,59.72,139.88
train,IR_BIRD_012_frame190_jpg.rf.9ed2c19f8d791ed7753a860f07dcb7ad.txt,data/thermal-1-filtered/train/images/IR_BIRD_012_frame190_jpg.rf.9ed2c19f8d791ed7753a860f07dcb7ad.jpg,512,512,1.0,0.0,92.05,53.79,76.84
train,003806_png.rf.631f133b077ac12061b16678d9d3dc9c.txt,data/thermal-1-filtered/train/images/003806_png.rf.631f133b077ac12061b16678d9d3dc9c.jpg,512,512,1.0,0.0,99.68,54.74,296.29
train,002407_png.rf.81843cebb79fd5b8818af6d44d444d8c.txt,data/thermal-1-filtered/train/images/002407_png.rf.81843cebb79fd5b8818af6d44d444d8c.jpg,512,512,1.0,0.0,90.69,55.33,1282.44
train,ir_048290_jpg.rf.d5dbed7950ab9990b27be145cde6915b.txt,data/thermal-1-filtered/train/images/ir_048290_jpg.rf.d5dbed7950ab9990b27be145cde6915b.jpg,512,512,1.0,0.0,83.25,54.5,829.54
train,frame396_jpg.rf.39e370ef2cef178ca198cf90b6222edb.txt,data/thermal-1-filtered/train/images/frame396_jpg.rf.39e370ef2cef178ca198cf90b6222edb.jpg,512,512,1.0,3.129,86.28,42.77,170.15
train,003059_png.rf.de87ebf382baf051d969a1012ecd9fd0.txt,data/thermal-1-filtered/train/images/003059_png.rf.de87ebf382baf051d969a1012ecd9fd0.jpg,512,512,1.0,0.0,80.03,57.62,803.35
train,001513_png.rf.34356de166bd9740287cc9188b3bde77.txt,data/thermal-1-filtered/train/images/001513_png.rf.34356de166bd9740287cc9188b3bde77.jpg,512,512,1.0,0.0,91.69,55.14,233.83
train,ir_2_019000_jpg.rf.a16d8615ac93db301bc034aaf9675e6c.txt,data/thermal-1-filtered/train/images/ir_2_019000_jpg.rf.a16d8615ac93db301bc034aaf9675e6c.jpg,512,512,1.0,0.0,88.55,53.01,1320.49
train,frame286_jpg.rf.cf7d452331cc051e9e7e029d316a9053.txt,data/thermal-1-filtered/train/images/frame286_jpg.rf.cf7d452331cc051e9e7e029d316a9053.jpg,512,512,1.0,3.009,85.84,55.41,178.69
train,003766_png.rf.6a55aa7308091125e18cae67d7909275.txt,data/thermal-1-filtered/train/images/003766_png.rf.6a55aa7308091125e18cae67d7909275.jpg,512,512,1.0,0.0,95.92,54.77,1121.85
train,frame188_jpg.rf.cede88ceed63aeff51f0f3ccb1ac29e8.txt,data/thermal-1-filtered/train/images/frame188_jpg.rf.cede88ceed63aeff51f0f3ccb1ac29e8.jpg,512,512,1.0,3.302,90.58,42.37,448.6
train,frame454_jpg.rf.91277b8c4378d595d16209e27e3840cf.txt,data/thermal-1-filtered/train/images/frame454_jpg.rf.91277b8c4378d595d16209e27e3840cf.jpg,512,512,1.0,3.008,82.16,42.61,93.33
train,003754_png.rf.cef7eb33edec69d3489dda04d47cdd7f.txt,data/thermal-1-filtered/train/images/003754_png.rf.cef7eb33edec69d3489dda04d47cdd7f.jpg,512,512,1.0,0.0,87.99,54.46,319.49
train,frame719_jpg.rf.e2f8b1fe8ea2025f064dfef54eab49a7.txt,data/thermal-1-filtered/train/images/frame719_jpg.rf.e2f8b1fe8ea2025f064dfef54eab49a7.jpg,512,512,1.0,2.984,49.65,26.88,80.92
train,003690_png.rf.0d7829371721c0ec96f445ee33390f4c.txt,data/thermal-1-filtered/train/images/003690_png.rf.0d7829371721c0ec96f445ee33390f4c.jpg,512,512,1.0,0.0,89.07,56.27,2684.76
train,002351_png.rf.4e1ff5b3af586e457d9241072c23f713.txt,data/thermal-1-filtered/train/images/002351_png.rf.4e1ff5b3af586e457d9241072c23f713.jpg,512,512,1.0,0.0,87.63,53.07,444.34
train,frame567_jpg.rf.61f165837f58f1d95c72f008afacb357.txt,data/thermal-1-filtered/train/images/frame567_jpg.rf.61f165837f58f1d95c72f008afacb357.jpg,512,512,1.0,3.17,47.5,28.87,141.58
train,frame390_jpg.rf.adfc7a9a38a2760b866d71e87b178ddb.txt,data/thermal-1-filtered/train/images/frame390_jpg.rf.adfc7a9a38a2760b866d71e87b178ddb.jpg,512,512,1.0,3.268,90.91,40.74,467.87
train,IR_BIRD_012_frame72_jpg.rf.e8a887350f539c92f77f0db48ad30f47.txt,data/thermal-1-filtered/train/images/IR_BIRD_012_frame72_jpg.rf.e8a887350f539c92f77f0db48ad30f47.jpg,512,512,1.0,0.0,93.93,52.71,62.58
train,002344_png.rf.ff4fd7c7b0f8d3419ff5a6841e99c451.txt,data/thermal-1-filtered/train/images/002344_png.rf.ff4fd7c7b0f8d3419ff5a6841e99c451.jpg,512,512,1.0,0.0,83.62,53.82,514.89
train,IR_BIRD_012_frame300_jpg.rf.34be4d30d59e87f64c95fda18eb94e83.txt,data/thermal-1-filtered/train/images/IR_BIRD_012_frame300_jpg.rf.34be4d30d59e87f64c95fda18eb94e83.jpg,512,512,1.0,0.0,107.89,45.78,126.66
train,frame507_jpg.rf.4177c5639a06f87cbcec7a8fad1a8d7c.txt,data/thermal-1-filtered/train/images/frame507_jpg.rf.4177c5639a06f87cbcec7a8fad1a8d7c.jpg,512,512,1.0,3.299,84.38,34.02,390.38
train,001996_png.rf.0a9d8fb9e4e2c379a75910e323d22e4b.txt,data/thermal-1-filtered/train/images/001996_png.rf.0a9d8fb9e4e2c379a75910e323d22e4b.jpg,512,512,1.0,0.0,83.39,56.29,876.59
train,frame602_jpg.rf.4dd122082adf1ab714cbce2aa39ac8e4.txt,data/thermal-1-filtered/train/images/frame602_jpg.rf.4dd122082adf1ab714cbce2aa39ac8e4.jpg,512,512,1.0,3.125,45.92,28.31,132.16
train,frame549_jpg.rf.5e75f465a76fdf2990678c58f09978e3.txt,data/thermal-1-filtered/train/images/frame549_jpg.rf.5e75f465a76fdf2990678c58f09978e3.jpg,512,512,1.0,3.048,48.58,29.83,155.59
train,002765_png.rf.be40d69cd55fde448328c026025906ec.txt,data/thermal-1-filtered/train/images/002765_png.rf.be40d69cd55fde448328c026025906ec.jpg,512,512,1.0,0.0,86.76,50.58,504.01
train,frame622_jpg.rf.ab5f242e937f90e0e45bba9e0780d694.txt,data/thermal-1-filtered/train/images/frame622_jpg.rf.ab5f242e937f90e0e45bba9e0780d694.jpg,512,512,1.0,3.047,43.55,29.5,166.26
train,002715_png.rf.8bc7954ff76f3b9c234d2f46f734780c.txt,data/thermal-1-filtered/train/images/002715_png.rf.8bc7954ff76f3b9c234d2f46f734780c.jpg,512,512,1.0,0.0,78.33,54.89,343.28
train,frame285_jpg.rf.e6ae3a0b29b3b163deef4bb1c64b118f.txt,data/thermal-1-filtered/train/images/frame285_jpg.rf.e6ae3a0b29b3b163deef4bb1c64b118f.jpg,512,512,1.0,3.121,92.17,56.98,260.52
train,002411_png.rf.bc9b2fdbaf8225dff1aef090f86d766c.txt,data/thermal-1-filtered/train/images/002411_png.rf.bc9b2fdbaf8225dff1aef090f86d766c.jpg,512,512,1.0,0.0,81.2,55.72,613.34
train,002404_png.rf.312435dc394437a9fc2cc06fff0e73e2.txt,data/thermal-1-filtered/train/images/002404_png.rf.312435dc394437a9fc2cc06fff0e73e2.jpg,512,512,1.0,0.0,71.03,47.41,230.45
train,IR_BIRD_012_frame243_jpg.rf.c337eead7203a010e4253ce9757a14e1.txt,data/thermal-1-filtered/train/images/IR_BIRD_012_frame243_jpg.rf.c337eead7203a010e4253ce9757a14e1.jpg,512,512,1.0,0.0,101.4,53.87,75.84
train,frame725_jpg.rf.7f0ab09c38460fc9863ceb8ce104be13.txt,data/thermal-1-filtered/train/images/frame725_jpg.rf.7f0ab09c38460fc9863ceb8ce104be13.jpg,512,512,1.0,3.299,65.99,33.92,405.45
train,1189_png.rf.9d5432b9908e7719224e9da33362e819.txt,data/thermal-1-filtered/train/images/1189_png.rf.9d5432b9908e7719224e9da33362e819.jpg,512,512,1.0,0.0,94.85,40.63,76.67
train,003490_png.rf.f64d3a0ffe1dd4ad3259f2abf224624f.txt,data/thermal-1-filtered/train/images/003490_png.rf.f64d3a0ffe1dd4ad3259f2abf224624f.jpg,512,512,1.0,0.0,84.74,52.95,1369.09
train,003034_png.rf.d925041cf209d4c355718b6d7a35e0f1.txt,data/thermal-1-filtered/train/images/003034_png.rf.d925041cf209d4c355718b6d7a35e0f1.jpg,512,512,1.0,0.0,84.56,57.17,832.28
train,frame115_jpg.rf.a5b4d88aae937945fedae7843149e514.txt,data/thermal-1-filtered/train/images/frame115_jpg.rf.a5b4d88aae937945fedae7843149e514.jpg,512,512,1.0,3.254,93.81,54.81,652.08
train,002381_png.rf.bf19a3fb282de28732fd82800c02bc19.txt,data/thermal-1-filtered/train/images/002381_png.rf.bf19a3fb282de28732fd82800c02bc19.jpg,512,512,1.0,0.0,90.51,56.24,1852.02
train,002251_png.rf.77a2a95e1215d165950aaec7aecbad32.txt,data/thermal-1-filtered/train/images/002251_png.rf.77a2a95e1215d165950aaec7aecbad32.jpg,512,512,1.0,0.0,82.5,53.68,155.77
train,IR_BIRD_012_frame237_jpg.rf.8ed3e3bd6c3ae0d1d5a99001e27d6b8d.txt,data/thermal-1-filtered/train/images/IR_BIRD_012_frame237_jpg.rf.8ed3e3bd6c3ae0d1d5a99001e27d6b8d.jpg,512,512,1.0,0.0,108.1,46.28,90.68
train,002468_png.rf.520a2ce0791a199e3ec0d169071f9109.txt,data/thermal-1-filtered/train/images/002468_png.rf.520a2ce0791a199e3ec0d169071f9109.jpg,512,512,1.0,0.0,84.39,53.39,561.19
train,frame489_jpg.rf.bd1c8962d05ac67057a4b6ac5944bb64.txt,data/thermal-1-filtered/train/images/frame489_jpg.rf.bd1c8962d05ac67057a4b6ac5944bb64.jpg,512,512,1.0,3.065,80.57,39.1,153.6
train,ir_3_030980_jpg.rf.f191b0e70a68e37a65000988fbc3640f.txt,data/thermal-1-filtered/train/images/ir_3_030980_jpg.rf.f191b0e70a68e37a65000988fbc3640f.jpg,512,512,1.0,0.0,95.81,58.11,2534.6
train,frame54_jpg.rf.e1f7ad815828440c1093497882248b6c.txt,data/thermal-1-filtered/train/images/frame54_jpg.rf.e1f7ad815828440c1093497882248b6c.jpg,512,512,1.0,2.958,85.71,55.75,189.35
train,002803_png.rf.f485ef65965935d610f1ca6a933830a4.txt,data/thermal-1-filtered/train/images/002803_png.rf.f485ef65965935d610f1ca6a933830a4.jpg,512,512,1.0,0.0,83.02,57.94,413.92
train,003109_png.rf.c864bf43d3fc6197255f5c14350a610a.txt,data/thermal-1-filtered/train/images/003109_png.rf.c864bf43d3fc6197255f5c14350a610a.jpg,512,512,1.0,0.0,91.68,53.35,881.49
train,002056_png.rf.ee99366b9ba445c86798969105acfc7f.txt,data/thermal-1-filtered/train/images/002056_png.rf.ee99366b9ba445c86798969105acfc7f.jpg,512,512,1.0,0.0,74.44,50.98,1152.08
train,003710_png.rf.b41c0182757e5bc3d0c45dd9aa10e466.txt,data/thermal-1-filtered/train/images/003710_png.rf.b41c0182757e5bc3d0c45dd9aa10e466.jpg,512,512,1.0,0.0,79.54,53.75,602.84
train,002808_png.rf.428ea5ee84e4cff59f784f7d0f1b3d3d.txt,data/thermal-1-filtered/train/images/002808_png.rf.428ea5ee84e4cff59f784f7d0f1b3d3d.jpg,512,512,1.0,0.0,81.1,55.28,276.41
train,frame174_jpg.rf.35b176b7878322487fa0fa61a54b7033.txt,data/thermal-1-filtered/train/images/frame174_jpg.rf.35b176b7878322487fa0fa61a54b7033.jpg,512,512,1.0,3.149,89.46,48.77,194.21
train,002423_png.rf.e663ecb05118ba2356b02bc6f0e8e20f.txt,data/thermal-1-filtered/train/images/002423_png.rf.e663ecb05118ba2356b02bc6f0e8e20f.jpg,512,512,1.0,0.0,83.86,54.63,403.16
train,frame149_jpg.rf.afa54f90f64edc86ca6f4514306599ee.txt,data/thermal-1-filtered/train/images/frame149_jpg.rf.afa54f90f64edc86ca6f4514306599ee.jpg,512,512,1.0,3.112,93.68,54.24,122.77
train,frame461_jpg.rf.332a8be42e5e06922694ee647d8bfc1b.txt,data/thermal-1-filtered/train/images/frame461_jpg.rf.332a8be42e5e06922694ee647d8bfc1b.jpg,512,512,1.0,2.983,83.39,44.55,102.74
train,003838_png.rf.0c29ab237c2c7d1670ec21f8b876fd2b.txt,data/thermal-1-filtered/train/images/003838_png.rf.0c29ab237c2c7d1670ec21f8b876fd2b.jpg,512,512,1.0,0.0,86.25,58.62,416.38
train,002247_png.rf.2352c162adadbdb2e9b7aaaf53a03b84.txt,data/thermal-1-filtered/train/images/002247_png.rf.2352c162adadbdb2e9b7aaaf53a03b84.jpg,512,512,1.0,0.0,90.81,54.24,1085.84
train,002339_png.rf.8b1293bcbb4922382bb59cdf1e448739.txt,data/thermal-1-filtered/train/images/002339_png.rf.8b1293bcbb4922382bb59cdf1e448739.jpg,512,512,1.0,0.0,89.34,56.47,1358.07
train,000012_png.rf.7cb82ad9e53763487fd5ce73d2fa0a48.txt,data/thermal-1-filtered/train/images/000012_png.rf.7cb82ad9e53763487fd5ce73d2fa0a48.jpg,512,512,1.0,0.0,97.32,62.21,606.66
train,002024_png.rf.45567508a603cd1425ad8393276e7ca0.txt,data/thermal-1-filtered/train/images/002024_png.rf.45567508a603cd1425ad8393276e7ca0.jpg,512,512,1.0,0.0,89.42,58.78,3461.41
train,frame686_jpg.rf.5b0618a47da179d046a11c0ea23fe8f1.txt,data/thermal-1-filtered/train/images/frame686_jpg.rf.5b0618a47da179d046a11c0ea23fe8f1.jpg,512,512,1.0,3.026,40.1,24.64,120.93
train,002234_png.rf.ee63c9f0ac4c12097d3d9738724bcd96.txt,data/thermal-1-filtered/train/images/002234_png.rf.ee63c9f0ac4c12097d3d9738724bcd96.jpg,512,512,1.0,0.0,83.41,50.39,428.11
train,001498_png.rf.e0bc816651907a1a57953c7395c6bf14.txt,data/thermal-1-filtered/train/images/001498_png.rf.e0bc816651907a1a57953c7395c6bf14.jpg,512,512,1.0,0.0,82.8,53.24,263.36
train,002431_png.rf.e7344bb8bf58f6303c77f0baf688bd36.txt,data/thermal-1-filtered/train/images/002431_png.rf.e7344bb8bf58f6303c77f0baf688bd36.jpg,512,512,1.0,0.0,87.21,56.22,614.43
train,frame554_jpg.rf.f6642fe64ba77126a095247affa371ff.txt,data/thermal-1-filtered/train/images/frame554_jpg.rf.f6642fe64ba77126a095247affa371ff.jpg,512,512,1.0,3.151,49.04,28.89,154.01
train,002718_png.rf.2761da0b769c1f52464d32b235d45055.txt,data/thermal-1-filtered/train/images/002718_png.rf.2761da0b769c1f52464d32b235d45055.jpg,512,512,1.0,0.0,73.85,50.04,232.13
train,002130_png.rf.a12239790be611487779aa0abcb378d1.txt,data/thermal-1-filtered/train/images/002130_png.rf.a12239790be611487779aa0abcb378d1.jpg,512,512,1.0,0.0,89.06,59.41,4825.92
train,003046_png.rf.47ce20e21fa70df1675e5b016c758f2c.txt,data/thermal-1-filtered/train/images/003046_png.rf.47ce20e21fa70df1675e5b016c758f2c.jpg,512,512,1.0,0.0,89.17,57.34,2631.45
train,0_0_000053_jpg.rf.b9b43d899a5b9ab5bc14047fd1dc35ba.txt,data/thermal-1-filtered/train/images/0_0_000053_jpg.rf.b9b43d899a5b9ab5bc14047fd1dc35ba.jpg,512,512,1.0,0.0,65.85,67.34,295.94
train,002562_png.rf.fcb1651844fdd1933b0ca849d3e84edb.txt,data/thermal-1-filtered/train/images/002562_png.rf.fcb1651844fdd1933b0ca849d3e84edb.jpg,512,512,1.0,0.0,83.6,51.66,371.09
train,001503_png.rf.079148bfbb5a4def8054b0a591c0dc2a.txt,data/thermal-1-filtered/train/images/001503_png.rf.079148bfbb5a4def8054b0a591c0dc2a.jpg,512,512,1.0,0.0,78.28,56.4,259.0
train,002373_png.rf.b7815dd96e75782d801e0998bf38e0a1.txt,data/thermal-1-filtered/train/images/002373_png.rf.b7815dd96e75782d801e0998bf38e0a1.jpg,512,512,1.0,0.0,85.68,55.71,378.22
train,frame216_jpg.rf.bee8a350e5633e014de5bac0eb849b62.txt,data/thermal-1-filtered/train/images/frame216_jpg.rf.bee8a350e5633e014de5bac0eb849b62.jpg,512,512,1.0,3.293,93.72,42.9,406.48
train,002809_png.rf.c4aaece1c117c15ee2cb4222b10a9c49.txt,data/thermal-1-filtered/train/images/002809_png.rf.c4aaece1c117c15ee2cb4222b10a9c49.jpg,512,512,1.0,0.0,87.77,55.84,771.22
train,002216_png.rf.f8e8d28df35178c4733d4d87d1ee4c2f.txt,data/thermal-1-filtered/train/images/002216_png.rf.f8e8d28df35178c4733d4d87d1ee4c2f.jpg,512,512,1.0,0.0,81.78,51.92,349.25
train,002471_png.rf.631117d16526a213c173941f8ee8a5e8.txt,data/thermal-1-filtered/train/images/002471_png.rf.631117d16526a213c173941f8ee8a5e8.jpg,512,512,1.0,0.0,76.8,52.06,458.93
train,0_0_000459_jpg.rf.06488ae86a2f2d6c205e769deedc0669.txt,data/thermal-1-filtered/train/images/0_0_000459_jpg.rf.06488ae86a2f2d6c205e769deedc0669.jpg,512,512,1.0,0.0,117.79,52.07,88.31
train,000002_png.rf.7a46d1eed230dca1b1f6ac6ee6ecb3c1.txt,data/thermal-1-filtered/train/images/000002_png.rf.7a46d1eed230dca1b1f6ac6ee6ecb3c1.jpg,512,512,1.0,0.0,90.66,58.74,978.63
train,frame234_jpg.rf.9fbe8588bc9acaffd21a92a75f34cd9b.txt,data/thermal-1-filtered/train/images/frame234_jpg.rf.9fbe8588bc9acaffd21a92a75f34cd9b.jpg,512,512,1.0,2.85,85.4,54.13,210.05
train,003430_png.rf.e1de5f945c4421de68a0eb3485dc5a1b.txt,data/thermal-1-filtered/train/images/003430_png.rf.e1de5f945c4421de68a0eb3485dc5a1b.jpg,512,512,1.0,0.0,85.8,52.02,1087.94
train,002832_png.rf.2d0b20b679c57eba009d99a08a12fba7.txt,data/thermal-1-filtered/train/images/002832_png.rf.2d0b20b679c57eba009d99a08a12fba7.jpg,512,512,1.0,0.0,78.96,53.5,310.1
train,frame61_jpg.rf.ee5ce20e51790ddff7629237ebeb6eca.txt,data/thermal-1-filtered/train/images/frame61_jpg.rf.ee5ce20e51790ddff7629237ebeb6eca.jpg,512,512,1.0,3.146,92.01,54.75,626.36
train,002369_png.rf.46d3d020c7bf4651e4e98600d2538205.txt,data/thermal-1-filtered/train/images/002369_png.rf.46d3d020c7bf4651e4e98600d2538205.jpg,512,512,1.0,0.0,89.44,55.44,941.29
train,002052_png.rf.67210459017a033040d784da1da97283.txt,data/thermal-1-filtered/train/images/002052_png.rf.67210459017a033040d784da1da97283.jpg,512,512,1.0,0.0,87.74,58.72,4388.95
train,002370_png.rf.c3e5f718befe3a576e742c8c53e6c096.txt,data/thermal-1-filtered/train/images/002370_png.rf.c3e5f718befe3a576e742c8c53e6c096.jpg,512,512,1.0,0.0,72.6,48.72,172.59
train,frame270_jpg.rf.80323a59718660f19c2172ee51efe1d9.txt,data/thermal-1-filtered/train/images/frame270_jpg.rf.80323a59718660f19c2172ee51efe1d9.jpg,512,512,1.0,3.156,83.66,48.76,217.05
train,003791_png.rf.880b311e3a52bd605e4fd392304fc810.txt,data/thermal-1-filtered/train/images/003791_png.rf.880b311e3a52bd605e4fd392304fc810.jpg,512,512,1.0,0.0,94.44,56.86,205.2
train,0_0_001186_jpg.rf.2d777f1890b080e941678a810521e02e.txt,data/thermal-1-filtered/train/images/0_0_001186_jpg.rf.2d777f1890b080e941678a810521e02e.jpg,512,512,1.0,0.0,107.28,63.38,198.82
train,002291_png.rf.e55b4b091cb2e7f902dbef57443f6d36.txt,data/thermal-1-filtered/train/images/002291_png.rf.e55b4b091cb2e7f902dbef57443f6d36.jpg,512,512,1.0,0.0,77.85,54.6,286.16
train,IR_BIRD_012_frame78_jpg.rf.6ad1f0ab483da056ee50539a6cd36d57.txt,data/thermal-1-filtered/train/images/IR_BIRD_012_frame78_jpg.rf.6ad1f0ab483da056ee50539a6cd36d57.jpg,512,512,1.0,0.0,101.36,48.27,151.75
train,ir_048290_jpg.rf.9e96c3070fb0136772c795cfb4568e0d.txt,data/thermal-1-filtered/train/images/ir_048290_jpg.rf.9e96c3070fb0136772c795cfb4568e0d.jpg,512,512,1.0,0.0,84.47,57.3,408.27
train,frame72_jpg.rf.7b4e4699e4f6a9207046110be100c980.txt,data/thermal-1-filtered/train/images/frame72_jpg.rf.7b4e4699e4f6a9207046110be100c980.jpg,512,512,1.0,3.13,89.6,48.75,89.81
train,frame402_jpg.rf.a53732972c9985eacbbbde0b786ad212.txt,data/thermal-1-filtered/train/images/frame402_jpg.rf.a53732972c9985eacbbbde0b786ad212.jpg,512,512,1.0,3.095,85.59,44.16,144.8
train,0_0_000282_jpg.rf.a6e766cd646a03c37a5eaba91f787d95.txt,data/thermal-1-filtered/train/images/0_0_000282_jpg.rf.a6e766cd646a03c37a5eaba91f787d95.jpg,512,512,1.0,0.0,59.73,43.86,70.48
train,003024_png.rf.1d663c71224d5ad84115907ec22c856d.txt,data/thermal-1-filtered/train/images/003024_png.rf.1d663c71224d5ad84115907ec22c856d.jpg,512,512,1.0,0.0,90.22,58.22,2985.56
train,002355_png.rf.4f978976d232231f51ba1e88a513d4c6.txt,data/thermal-1-filtered/train/images/002355_png.rf.4f978976d232231f51ba1e88a513d4c6.jpg,512,512,1.0,0.0,75.76,53.58,360.19
train,003751_png.rf.e3ac855917d73b2167a95e6b13bdb851.txt,data/thermal-1-filtered/train/images/003751_png.rf.e3ac855917d73b2167a95e6b13bdb851.jpg,512,512,1.0,0.0,90.8,54.2,422.09
train,0_0_000249_jpg.rf.a69a503df4ae9a396dbafbef18fcda94.txt,data/thermal-1-filtered/train/images/0_0_000249_jpg.rf.a69a503df4ae9a396dbafbef18fcda94.jpg,512,512,1.0,0.0,132.84,52.93,102.29
train,frame392_jpg.rf.ea4642c5c189f42ed9e6d506b6998b2a.txt,data/thermal-1-filtered/train/images/frame392_jpg.rf.ea4642c5c189f42ed9e6d506b6998b2a.jpg,512,512,1.0,3.265,90.49,40.86,445.02
train,0_0_001477_jpg.rf.f34d5c86fcfd636ccc98253aeb30ed55.txt,data/thermal-1-filtered/train/images/0_0_001477_jpg.rf.f34d5c86fcfd636ccc98253aeb30ed55.jpg,512,512,1.0,0.0,105.38,57.43,200.76
train,frame560_jpg.rf.b2f27131f2149d5cc17133b1a9838202.txt,data/thermal-1-filtered/train/images/frame560_jpg.rf.b2f27131f2149d5cc17133b1a9838202.jpg,512,512,1.0,2.992,42.08,25.91,69.91
train,0_0_000184_jpg.rf.d9a808460916962928c4d8b6065dbe0b.txt,data/thermal-1-filtered/train/images/0_0_000184_jpg.rf.d9a808460916962928c4d8b6065dbe0b.jpg,512,512,1.0,0.0,70.99,42.1,38.42
train,003852_png.rf.9c44948b64fb8dabcae464030d958b6b.txt,data/thermal-1-filtered/train/images/003852_png.rf.9c44948b64fb8dabcae464030d958b6b.jpg,512,512,1.0,0.0,86.17,55.34,387.51
train,frame349_jpg.rf.41516e3f18da5a54c2a12f38e31914ed.txt,data/thermal-1-filtered/train/images/frame349_jpg.rf.41516e3f18da5a54c2a12f38e31914ed.jpg,512,512,1.0,3.006,91.27,48.4,202.03
train,002786_png.rf.5e75fac2cf11bdbbe5a987eb4494960b.txt,data/thermal-1-filtered/train/images/002786_png.rf.5e75fac2cf11bdbbe5a987eb4494960b.jpg,512,512,1.0,0.0,94.71,58.78,1173.21
train,frame121_jpg.rf.7ef4524361502fc985a61c0d393cd6a0.txt,data/thermal-1-filtered/train/images/frame121_jpg.rf.7ef4524361502fc985a61c0d393cd6a0.jpg,512,512,1.0,2.921,84.03,58.01,170.4
train,frame349_jpg.rf.231d6b4c7a64cc3e96b61f76d1800b43.txt,data/thermal-1-filtered/train/images/frame349_jpg.rf.231d6b4c7a64cc3e96b61f76d1800b43.jpg,512,512,1.0,3.215,99.16,44.34,532.77
train,IR_BIRD_012_frame237_jpg.rf.19cbfb3c0cbab638b5ca0237e58846af.txt,data/thermal-1-filtered/train/images/IR_BIRD_012_frame237_jpg.rf.19cbfb3c0cbab638b5ca0237e58846af.jpg,512,512,1.0,0.0,102.87,51.09,79.94
train,frame19_jpg.rf.cacc0da0fb5cf30bf4572f61fa5b90d3.txt,data/thermal-1-filtered/train/images/frame19_jpg.rf.cacc0da0fb5cf30bf4572f61fa5b90d3.jpg,512,512,1.0,3.226,83.99,48.33,383.59
train,003854_png.rf.035026b0cba7fa31b803d2c40c5f2e9e.txt,data/thermal-1-filtered/train/images/003854_png.rf.035026b0cba7fa31b803d2c40c5f2e9e.jpg,512,512,1.0,0.0,93.43,55.93,371.57
train,003060_png.rf.46fea3797f92c991cf30c4c7c599f720.txt,data/thermal-1-filtered/train/images/003060_png.rf.46fea3797f92c991cf30c4c7c599f720.jpg,512,512,1.0,0.0,86.43,55.12,1673.02
train,002400_png.rf.1d68852f3837dc9c3fbd32f630db5023.txt,data/thermal-1-filtered/train/images/002400_png.rf.1d68852f3837dc9c3fbd32f630db5023.jpg,512,512,1.0,0.0,90.71,55.56,1391.32
train,frame653_jpg.rf.b1ce222c77f2f711b71cb3886a5c62d0.txt,data/thermal-1-filtered/train/images/frame653_jpg.rf.b1ce222c77f2f711b71cb3886a5c62d0.jpg,512,512,1.0,3.066,43.73,27.13,101.62
train,002202_png.rf.ca2fed2ced42e6d2539a575d9d5226a7.txt,data/thermal-1-filtered/train/images/002202_png.rf.ca2fed2ced42e6d2539a575d9d5226a7.jpg,512,512,1.0,0.0,92.0,56.3,2180.24
train,002232_png.rf.ff0ae8160dcf4d802eb0321b5d2a518b.txt,data/thermal-1-filtered/train/images/002232_png.rf.ff0ae8160dcf4d802eb0321b5d2a518b.jpg,512,512,1.0,0.0,79.62,52.77,320.41
train,IR_BIRD_012_frame28_jpg.rf.b1cefa31fa9b3b45a544fb4caf917024.txt,data/thermal-1-filtered/train/images/IR_BIRD_012_frame28_jpg.rf.b1cefa31fa9b3b45a544fb4caf917024.jpg,512,512,1.0,0.0,101.18,46.31,69.29
train,frame704_jpg.rf.af5d99cf9801167d9f653f33614d0f80.txt,data/thermal-1-filtered/train/images/frame704_jpg.rf.af5d99cf9801167d9f653f33614d0f80.jpg,512,512,1.0,3.289,56.13,33.46,462.31
train,002430_png.rf.4d7a994f05399905fcaed0c932993f1f.txt,data/thermal-1-filtered/train/images/002430_png.rf.4d7a994f05399905fcaed0c932993f1f.jpg,512,512,1.0,0.0,91.74,55.81,1193.0
train,002404_png.rf.cedb0500f989d3b8b31915d770693dda.txt,data/thermal-1-filtered/train/images/002404_png.rf.cedb0500f989d3b8b31915d770693dda.jpg,512,512,1.0,0.0,88.26,54.21,507.88
train,001981_png.rf.59acaba645b5847f1bb104cd23514647.txt,data/thermal-1-filtered/train/images/001981_png.rf.59acaba645b5847f1bb104cd23514647.jpg,512,512,1.0,0.0,91.91,57.25,1966.29
train,003095_png.rf.1e6e61660fa4a3d54b763eda4be7b9ab.txt,data/thermal-1-filtered/train/images/003095_png.rf.1e6e61660fa4a3d54b763eda4be7b9ab.jpg,512,512,1.0,0.0,81.53,54.89,699.1
train,002741_png.rf.29da85881d3c369ab266521a230c56ba.txt,data/thermal-1-filtered/train/images/002741_png.rf.29da85881d3c369ab266521a230c56ba.jpg,512,512,1.0,0.0,87.78,54.83,1722.71
train,frame282_jpg.rf.3f9363326256667979a0ad21e33f2f94.txt,data/thermal-1-filtered/train/images/frame282_jpg.rf.3f9363326256667979a0ad21e33f2f94.jpg,512,512,1.0,2.936,82.71,56.91,173.0
train,IR_BIRD_012_frame172_jpg.rf.f14a879103d5a93c1f5c38b8613bbba9.txt,data/thermal-1-filtered/train/images/IR_BIRD_012_frame172_jpg.rf.f14a879103d5a93c1f5c38b8613bbba9.jpg,512,512,1.0,0.0,95.06,53.33,70.83
train,IR_BIRD_012_frame287_jpg.rf.c9b895599a76989ac5eed186e61965f1.txt,data/thermal-1-filtered/train/images/IR_BIRD_012_frame287_jpg.rf.c9b895599a76989ac5eed186e61965f1.jpg,512,512,1.0,0.0,107.93,45.76,122.27
train,0_0_000255_jpg.rf.a2e969dd83cb2ee052d35260fb2802d3.txt,data/thermal-1-filtered/train/images/0_0_000255_jpg.rf.a2e969dd83cb2ee052d35260fb2802d3.jpg,512,512,1.0,0.0,27.07,29.13,34.31
train,frame145_jpg.rf.fd190f89c076aad77dd3c02ad05d1c78.txt,data/thermal-1-filtered/train/images/frame145_jpg.rf.fd190f89c076aad77dd3c02ad05d1c78.jpg,512,512,1.0,3.18,95.93,52.71,189.0
train,IR_BIRD_012_frame164_jpg.rf.9ae46c516ece1769e4d06975b6a92dab.txt,data/thermal-1-filtered/train/images/IR_BIRD_012_frame164_jpg.rf.9ae46c516ece1769e4d06975b6a92dab.jpg,512,512,1.0,0.0,92.53,50.48,81.69
train,002128_png.rf.c083939d8e1d9df023f11508230b69b7.txt,data/thermal-1-filtered/train/images/002128_png.rf.c083939d8e1d9df023f11508230b69b7.jpg,512,512,1.0,0.0,89.69,59.06,4628.98
train,frame675_jpg.rf.3db52c334e3f5a591453be787b6c855f.txt,data/thermal-1-filtered/train/images/frame675_jpg.rf.3db52c334e3f5a591453be787b6c855f.jpg,512,512,1.0,3.307,48.42,30.02,454.2
train,frame660_jpg.rf.56f9916afb9fdcac54ad5258378187e7.txt,data/thermal-1-filtered/train/images/frame660_jpg.rf.56f9916afb9fdcac54ad5258378187e7.jpg,512,512,1.0,3.124,42.48,26.2,103.76
train,002389_png.rf.a69327a696d48cff59671b8ef61439d9.txt,data/thermal-1-filtered/train/images/002389_png.rf.a69327a696d48cff59671b8ef61439d9.jpg,512,512,1.0,0.0,88.71,55.46,1233.75
train,002542_png.rf.5c4d1cc6b3868fd63be62c052b0af667.txt,data/thermal-1-filtered/train/images/002542_png.rf.5c4d1cc6b3868fd63be62c052b0af667.jpg,512,512,1.0,0.0,89.93,55.6,1129.33
train,ir_3_016510_jpg.rf.84591d32c9d58e353858ab2d0dbebac9.txt,data/thermal-1-filtered/train/images/ir_3_016510_jpg.rf.84591d32c9d58e353858ab2d0dbebac9.jpg,512,512,1.0,0.0,87.21,59.97,1009.28
train,frame400_jpg.rf.c238fe63b6bc5056e50c6903395c1145.txt,data/thermal-1-filtered/train/images/frame400_jpg.rf.c238fe63b6bc5056e50c6903395c1145.jpg,512,512,1.0,3.275,91.38,40.81,491.04
train,frame52_jpg.rf.0081527ca609998677021be75da7ae8f.txt,data/thermal-1-filtered/train/images/frame52_jpg.rf.0081527ca609998677021be75da7ae8f.jpg,512,512,1.0,2.977,82.38,53.38,192.52
train,IR_BIRD_012_frame261_jpg.rf.8cd39725d4cb48f50bdc6177b4ac3921.txt,data/thermal-1-filtered/train/images/IR_BIRD_012_frame261_jpg.rf.8cd39725d4cb48f50bdc6177b4ac3921.jpg,512,512,1.0,0.0,108.01,45.75,102.05
train,frame164_jpg.rf.b1dc152a876f478950f171077fa8f63a.txt,data/thermal-1-filtered/train/images/frame164_jpg.rf.b1dc152a876f478950f171077fa8f63a.jpg,512,512,1.0,2.977,76.63,49.63,175.31
train,ir_3_031750_jpg.rf.aea7ce1d223ccd84f38526c7ba2b7937.txt,data/thermal-1-filtered/train/images/ir_3_031750_jpg.rf.aea7ce1d223ccd84f38526c7ba2b7937.jpg,512,512,1.0,0.0,86.66,56.69,916.21
train,frame227_jpg.rf.e3c6fcd7bdd4ebe52c83dfc6d29c334c.txt,data/thermal-1-filtered/train/images/frame227_jpg.rf.e3c6fcd7bdd4ebe52c83dfc6d29c334c.jpg,512,512,1.0,3.197,92.39,47.44,386.62
train,002511_png.rf.7f120d9954d4a500d7dd237cbd4584e0.txt,data/thermal-1-filtered/train/images/002511_png.rf.7f120d9954d4a500d7dd237cbd4584e0.jpg,512,512,1.0,0.0,82.88,53.56,572.32
train,0_0_000015_jpg.rf.d4688b3788f1df148616a2466df47c8b.txt,data/thermal-1-filtered/train/images/0_0_000015_jpg.rf.d4688b3788f1df148616a2466df47c8b.jpg,512,512,1.0,0.0,100.7,74.25,168.18
train,frame196_jpg.rf.d796e533723f6f26ac135d0e1c8ae7b4.txt,data/thermal-1-filtered/train/images/frame196_jpg.rf.d796e533723f6f26ac135d0e1c8ae7b4.jpg,512,512,1.0,3.286,92.1,43.34,441.38
train,frame514_jpg.rf.f219515c650609fa728ea00c22c3ffa5.txt,data/thermal-1-filtered/train/images/frame514_jpg.rf.f219515c650609fa728ea00c22c3ffa5.jpg,512,512,1.0,3.046,68.91,29.4,94.99
train,frame311_jpg.rf.1a52b9472c7fa35a94574641d87cbe11.txt,data/thermal-1-filtered/train/images/frame311_jpg.rf.1a52b9472c7fa35a94574641d87cbe11.jpg,512,512,1.0,3.294,106.26,58.34,557.52
train,frame229_jpg.rf.766f053412b6d44c68d658790fd5ac56.txt,data/thermal-1-filtered/train/images/frame229_jpg.rf.766f053412b6d44c68d658790fd5ac56.jpg,512,512,1.0,3.175,91.95,49.19,143.51
train,0_0_000236_jpg.rf.a6cc5aa03330a95350c9ed4262d6ad7e.txt,data/thermal-1-filtered/train/images/0_0_000236_jpg.rf.a6cc5aa03330a95350c9ed4262d6ad7e.jpg,512,512,1.0,0.0,31.61,28.29,42.05
train,002787_png.rf.a2c69a3e4897ca37147ae40396ca7475.txt,data/thermal-1-filtered/train/images/002787_png.rf.a2c69a3e4897ca37147ae40396ca7475.jpg,512,512,1.0,0.0,91.99,57.67,1151.49
train,0_0_000044_jpg.rf.6d5cb2f237a8499eafb94e55afc9f04c.txt,data/thermal-1-filtered/train/images/0_0_000044_jpg.rf.6d5cb2f237a8499eafb94e55afc9f04c.jpg,512,512,1.0,0.0,76.54,72.14,124.1
train,frame493_jpg.rf.47beeb62d514783fdeb2a91ad7f53cca.txt,data/thermal-1-filtered/train/images/frame493_jpg.rf.47beeb62d514783fdeb2a91ad7f53cca.jpg,512,512,1.0,3.271,84.79,34.46,187.73
train,002223_png.rf.f3da3d7e18a6b7ea30c06e6b93ba7ea3.txt,data/thermal-1-filtered/train/images/002223_png.rf.f3da3d7e18a6b7ea30c06e6b93ba7ea3.jpg,512,512,1.0,0.0,91.83,57.06,2833.18
train,002254_png.rf.ca656ca745af1b6ad3847e306748fae2.txt,data/thermal-1-filtered/train/images/002254_png.rf.ca656ca745af1b6ad3847e306748fae2.jpg,512,512,1.0,0.0,89.47,56.52,276.71
train,0_0_000214_jpg.rf.29c1aae5013767c34bd7e94954d6d855.txt,data/thermal-1-filtered/train/images/0_0_000214_jpg.rf.29c1aae5013767c34bd7e94954d6d855.jpg,512,512,1.0,0.0,42.2,47.08,101.54
train,frame630_jpg.rf.a92fc7b06c35e881ab4d2e9afe5cbc8e.txt,data/thermal-1-filtered/train/images/frame630_jpg.rf.a92fc7b06c35e881ab4d2e9afe5cbc8e.jpg,512,512,1.0,3.033,40.96,26.43,93.57
train,frame440_jpg.rf.88c7d0dc10c994fdc257ce53b0cae0ad.txt,data/thermal-1-filtered/train/images/frame440_jpg.rf.88c7d0dc10c994fdc257ce53b0cae0ad.jpg,512,512,1.0,3.21,88.17,44.57,247.14
train,frame724_jpg.rf.c4b9ce76d69f85ef5912eb04d311d70d.txt,data/thermal-1-filtered/train/images/frame724_jpg.rf.c4b9ce76d69f85ef5912eb04d311d70d.jpg,512,512,1.0,3.299,65.97,33.96,405.43
train,IR_BIRD_012_frame249_jpg.rf.4f52bd76ee7f2c0045f713628c8048c1.txt,data/thermal-1-filtered/train/images/IR_BIRD_012_frame249_jpg.rf.4f52bd76ee7f2c0045f713628c8048c1.jpg,512,512,1.0,0.0,107.25,48.33,92.44
train,frame582_jpg.rf.2d001ccd371e45899738d78773825c30.txt,data/thermal-1-filtered/train/images/frame582_jpg.rf.2d001ccd371e45899738d78773825c30.jpg,512,512,1.0,3.099,47.78,30.57,172.46
train,003094_png.rf.0f22d2f1539cd0a44c3e74ebe03c8ba1.txt,data/thermal-1-filtered/train/images/003094_png.rf.0f22d2f1539cd0a44c3e74ebe03c8ba1.jpg,512,512,1.0,0.0,85.19,54.99,818.12
train,002685_png.rf.0e3869abf3867c458252d52a9c33fb11.txt,data/thermal-1-filtered/train/images/002685_png.rf.0e3869abf3867c458252d52a9c33fb11.jpg,512,512,1.0,0.0,80.82,48.11,641.11
train,IR_BIRD_012_frame99_jpg.rf.cd6b8ae37ba6aa6b9394bb3d725a5ab2.txt,data/thermal-1-filtered/train/images/IR_BIRD_012_frame99_jpg.rf.cd6b8ae37ba6aa6b9394bb3d725a5ab2.jpg,512,512,1.0,0.0,100.58,50.0,86.35
train,002823_png.rf.4cfc6b384a1959e70e747b6d53a2dd90.txt,data/thermal-1-filtered/train/images/002823_png.rf.4cfc6b384a1959e70e747b6d53a2dd90.jpg,512,512,1.0,0.0,83.51,55.72,480.85
train,frame181_jpg.rf.a84d316cbd6e8627ea1f5d00a3edc99a.txt,data/thermal-1-filtered/train/images/frame181_jpg.rf.a84d316cbd6e8627ea1f5d00a3edc99a.jpg,512,512,1.0,2.982,84.58,51.01,160.68
train,000004_png.rf.8d9ec8d06275e5a3e20a5ccd39d2cdc0.txt,data/thermal-1-filtered/train/images/000004_png.rf.8d9ec8d06275e5a3e20a5ccd39d2cdc0.jpg,512,512,1.0,0.0,100.22,62.46,1045.09
train,IR_BIRD_012_frame199_jpg.rf.d9213dc7f9ff3e4c62bb376efd9cc553.txt,data/thermal-1-filtered/train/images/IR_BIRD_012_frame199_jpg.rf.d9213dc7f9ff3e4c62bb376efd9cc553.jpg,512,512,1.0,0.0,99.77,48.97,48.33
train,003779_png.rf.a9b417fec9c5df4ad11952551006032f.txt,data/thermal-1-filtered/train/images/003779_png.rf.a9b417fec9c5df4ad11952551006032f.jpg,512,512,1.0,0.0,85.2,56.8,157.16
train,0_0_000124_jpg.rf.a6be843137f232e595a46107589ef465.txt,data/thermal-1-filtered/train/images/0_0_000124_jpg.rf.a6be843137f232e595a46107589ef465.jpg,512,512,1.0,0.0,130.82,60.5,132.43
train,IR_BIRD_012_frame175_jpg.rf.612032eb6b59389b8faf0bc9a33c6b08.txt,data/thermal-1-filtered/train/images/IR_BIRD_012_frame175_jpg.rf.612032eb6b59389b8faf0bc9a33c6b08.jpg,512,512,1.0,0.0,87.93,45.43,98.33
train,frame277_jpg.rf.c9a432bf189f8c24ded2742177bbf6f2.txt,data/thermal-1-filtered/train/images/frame277_jpg.rf.c9a432bf189f8c24ded2742177bbf6f2.jpg,512,512,1.0,3.216,92.14,54.93,887.25
train,002208_png.rf.4ae5d98b739e6e571a486e1e90782b96.txt,data/thermal-1-filtered/train/images/002208_png.rf.4ae5d98b739e6e571a486e1e90782b96.jpg,512,512,1.0,0.0,85.22,56.76,981.21
train,0_0_000029_jpg.rf.45030ff63a83e3c82a04e110525b0012.txt,data/thermal-1-filtered/train/images/0_0_000029_jpg.rf.45030ff63a83e3c82a04e110525b0012.jpg,512,512,1.0,0.0,96.91,72.15,105.49
train,003840_png.rf.9d1421df94140e33ea1d7175c2e2a399.txt,data/thermal-1-filtered/train/images/003840_png.rf.9d1421df94140e33ea1d7175c2e2a399.jpg,512,512,1.0,0.0,97.15,55.06,425.79
train,003753_png.rf.d34c4afbb6b653a7b0bdb5f7151c0ee9.txt,data/thermal-1-filtered/train/images/003753_png.rf.d34c4afbb6b653a7b0bdb5f7151c0ee9.jpg,512,512,1.0,0.0,82.73,51.75,262.48
train,002614_png.rf.fcc20d5a4819639d4d05eb735cbd54d1.txt,data/thermal-1-filtered/train/images/002614_png.rf.fcc20d5a4819639d4d05eb735cbd54d1.jpg,512,512,1.0,0.0,89.58,56.97,1995.3
train,frame379_jpg.rf.4f6012406887f30e2dcff5c0e70eccb1.txt,data/thermal-1-filtered/train/images/frame379_jpg.rf.4f6012406887f30e2dcff5c0e70eccb1.jpg,512,512,1.0,3.102,85.05,43.28,176.27
train,ir_3_030810_jpg.rf.f2d05f610b9831018c4101804c6bec37.txt,data/thermal-1-filtered/train/images/ir_3_030810_jpg.rf.f2d05f610b9831018c4101804c6bec37.jpg,512,512,1.0,0.0,90.66,60.16,4804.12
train,IR_BIRD_012_frame15_jpg.rf.27c1000c21e83f7a8f4c4309936fb916.txt,data/thermal-1-filtered/train/images/IR_BIRD_012_frame15_jpg.rf.27c1000c21e83f7a8f4c4309936fb916.jpg,512,512,1.0,0.0,101.18,46.31,69.54
train,frame619_jpg.rf.740001776cb1d2f198fd4be03961c9a4.txt,data/thermal-1-filtered/train/images/frame619_jpg.rf.740001776cb1d2f198fd4be03961c9a4.jpg,512,512,1.0,3.297,47.97,27.45,105.99
train,002705_png.rf.59af9bda9bbbba4d3fc2f2c74fc39091.txt,data/thermal-1-filtered/train/images/002705_png.rf.59af9bda9bbbba4d3fc2f2c74fc39091.jpg,512,512,1.0,0.0,75.24,52.93,451.55
train,frame103_jpg.rf.8668deeae1900e82fe4cbde243c360ea.txt,data/thermal-1-filtered/train/images/frame103_jpg.rf.8668deeae1900e82fe4cbde243c360ea.jpg,512,512,1.0,3.281,96.47,49.58,622.25
train,ir_2_017540_jpg.rf.3b3d6ca6a131050e2a35506cc535dc77.txt,data/thermal-1-filtered/train/images/ir_2_017540_jpg.rf.3b3d6ca6a131050e2a35506cc535dc77.jpg,512,512,1.0,0.0,76.28,54.77,482.71
train,frame242_jpg.rf.9149b4ecfe990c90b81acbe46d858b3f.txt,data/thermal-1-filtered/train/images/frame242_jpg.rf.9149b4ecfe990c90b81acbe46d858b3f.jpg,512,512,1.0,3.148,98.91,51.88,519.66
train,002331_png.rf.e4ac1d64de372ff845d0e44b608bedc3.txt,data/thermal-1-filtered/train/images/002331_png.rf.e4ac1d64de372ff845d0e44b608bedc3.jpg,512,512,1.0,0.0,83.55,55.69,623.46
train,frame422_jpg.rf.d12fdc5eb6487c3cfbcdccb2fc9ee0a1.txt,data/thermal-1-filtered/train/images/frame422_jpg.rf.d12fdc5eb6487c3cfbcdccb2fc9ee0a1.jpg,512,512,1.0,3.242,90.9,45.34,538.08
train,frame264_jpg.rf.fb54f9a3928fa651b4f5b067f4f2cba4.txt,data/thermal-1-filtered/train/images/frame264_jpg.rf.fb54f9a3928fa651b4f5b067f4f2cba4.jpg,512,512,1.0,2.754,81.86,60.02,169.74
train,002414_png.rf.ead324229f6b29352169f4d019904330.txt,data/thermal-1-filtered/train/images/002414_png.rf.ead324229f6b29352169f4d019904330.jpg,512,512,1.0,0.0,83.36,50.5,362.72
train,IR_BIRD_012_frame133_jpg.rf.3166307ae137114adb34b37413a9caca.txt,data/thermal-1-filtered/train/images/IR_BIRD_012_frame133_jpg.rf.3166307ae137114adb34b37413a9caca.jpg,512,512,1.0,0.0,96.13,53.44,83.4
train,frame598_jpg.rf.6031c15df3ae0ecf3117e16394074416.txt,data/thermal-1-filtered/train/images/frame598_jpg.rf.6031c15df3ae0ecf3117e16394074416.jpg,512,512,1.0,3.311,56.86,34.35,424.53
train,ir_046670_jpg.rf.1aea154a8d5a3a03e02c83ba3c6f462b.txt,data/thermal-1-filtered/train/images/ir_046670_jpg.rf.1aea154a8d5a3a03e02c83ba3c6f462b.jpg,512,512,1.0,0.0,96.55,61.11,614.78
train,IR_BIRD_012_frame114_jpg.rf.1f503f77b6446a06ca752d1da7a6cbf6.txt,data/thermal-1-filtered/train/images/IR_BIRD_012_frame114_jpg.rf.1f503f77b6446a06ca752d1da7a6cbf6.jpg,512,512,1.0,0.0,91.68,54.0,72.49
train,IR_BIRD_012_frame149_jpg.rf.71bf7563f8080163c10003aa152d10b2.txt,data/thermal-1-filtered/train/images/IR_BIRD_012_frame149_jpg.rf.71bf7563f8080163c10003aa152d10b2.jpg,512,512,1.0,0.0,102.68,49.85,66.47
train,003857_png.rf.2f25017222a194e6e052e97550bb9d27.txt,data/thermal-1-filtered/train/images/003857_png.rf.2f25017222a194e6e052e97550bb9d27.jpg,512,512,1.0,0.0,97.43,56.9,1274.15
train,002051_png.rf.bad17d2c0e784165b8b9c4bec67b170f.txt,data/thermal-1-filtered/train/images/002051_png.rf.bad17d2c0e784165b8b9c4bec67b170f.jpg,512,512,1.0,0.0,87.83,55.5,1582.25
train,frame649_jpg.rf.e3aaba182675cc994a48760b11692fa0.txt,data/thermal-1-filtered/train/images/frame649_jpg.rf.e3aaba182675cc994a48760b11692fa0.jpg,512,512,1.0,3.011,43.51,28.87,124.01
train,frame568_jpg.rf.7ade058b244eaa0213d83e115f49a3ac.txt,data/thermal-1-filtered/train/images/frame568_jpg.rf.7ade058b244eaa0213d83e115f49a3ac.jpg,512,512,1.0,3.072,44.65,28.25,107.06
train,002222_png.rf.1ec1bc5d14bd815b466ead39107aaff0.txt,data/thermal-1-filtered/train/images/002222_png.rf.1ec1bc5d14bd815b466ead39107aaff0.jpg,512,512,1.0,0.0,90.02,54.36,959.15
train,0_0_000351_jpg.rf.bf4afd519bc1091109579b02af4f2716.txt,data/thermal-1-filtered/train/images/0_0_000351_jpg.rf.bf4afd519bc1091109579b02af4f2716.jpg,512,512,1.0,0.0,74.45,71.93,73.01
train,003773_png.rf.78dd557002473f91a9f89c937b7f5583.txt,data/thermal-1-filtered/train/images/003773_png.rf.78dd557002473f91a9f89c937b7f5583.jpg,512,512,1.0,0.0,98.46,57.12,851.44
train,frame491_jpg.rf.8a9f771b22611157add649287b7b4d09.txt,data/thermal-1-filtered/train/images/frame491_jpg.rf.8a9f771b22611157add649287b7b4d09.jpg,512,512,1.0,3.303,92.91,37.52,361.82
valid,frame184_jpg.rf.9d6ea0c41e7daa1b8a2b95776ff99707.txt,data/thermal-1-filtered/valid/images/frame184_jpg.rf.9d6ea0c41e7daa1b8a2b95776ff99707.jpg,512,512,1.0,3.268,92.76,44.12,427.37
valid,frame160_jpg.rf.6202ed7fc201e159eb9774f5e09eef99.txt,data/thermal-1-filtered/valid/images/frame160_jpg.rf.6202ed7fc201e159eb9774f5e09eef99.jpg,512,512,1.0,3.297,99.71,49.85,417.23
valid,frame656_jpg.rf.e9a3e26b08ec53c52b2bd902abd67787.txt,data/thermal-1-filtered/valid/images/frame656_jpg.rf.e9a3e26b08ec53c52b2bd902abd67787.jpg,512,512,1.0,3.312,56.51,33.4,425.06
valid,IR_BIRD_012_frame267_jpg.rf.a061e51cd421e80b5a8114968655fb76.txt,data/thermal-1-filtered/valid/images/IR_BIRD_012_frame267_jpg.rf.a061e51cd421e80b5a8114968655fb76.jpg,512,512,1.0,0.0,108.05,45.76,108.24
valid,frame455_jpg.rf.010a3014bf6df158b1d9f959441d3d3f.txt,data/thermal-1-filtered/valid/images/frame455_jpg.rf.010a3014bf6df158b1d9f959441d3d3f.jpg,512,512,1.0,3.29,91.27,36.61,492.82
valid,frame720_jpg.rf.0413c528e6fccd9778f4360bd77af8f3.txt,data/thermal-1-filtered/valid/images/frame720_jpg.rf.0413c528e6fccd9778f4360bd77af8f3.jpg,512,512,1.0,3.299,66.7,33.43,411.77
valid,frame307_jpg.rf.e5011a6d4273c2b868db8790f4d84d0a.txt,data/thermal-1-filtered/valid/images/frame307_jpg.rf.e5011a6d4273c2b868db8790f4d84d0a.jpg,512,512,1.0,3.3,107.12,58.07,542.01
valid,frame436_jpg.rf.bfd360bb4990d1db3e8c3da3dc7316be.txt,data/thermal-1-filtered/valid/images/frame436_jpg.rf.bfd360bb4990d1db3e8c3da3dc7316be.jpg,512,512,1.0,3.26,87.64,43.55,631.11
valid,frame144_jpg.rf.433bdc9236d92a49d6d56cb08e1084cc.txt,data/thermal-1-filtered/valid/images/frame144_jpg.rf.433bdc9236d92a49d6d56cb08e1084cc.jpg,512,512,1.0,3.285,100.71,50.71,390.17
valid,IR_BIRD_012_frame213_jpg.rf.011b8ecb16b1ae781357cc910d2bf95d.txt,data/thermal-1-filtered/valid/images/IR_BIRD_012_frame213_jpg.rf.011b8ecb16b1ae781357cc910d2bf95d.jpg,512,512,1.0,0.0,107.77,46.25,139.21
valid,frame142_jpg.rf.5ea352127a8143286800ca0e6ef60f8d.txt,data/thermal-1-filtered/valid/images/frame142_jpg.rf.5ea352127a8143286800ca0e6ef60f8d.jpg,512,512,1.0,3.292,99.53,50.73,435.19
valid,frame423_jpg.rf.5fb2255bee5182505af4a26f35fc7bb0.txt,data/thermal-1-filtered/valid/images/frame423_jpg.rf.5fb2255bee5182505af4a26f35fc7bb0.jpg,512,512,1.0,3.256,91.95,46.47,476.82
valid,IR_BIRD_012_frame142_jpg.rf.0e481669e87d4ea9d9dcb56557aa0839.txt,data/thermal-1-filtered/valid/images/IR_BIRD_012_frame142_jpg.rf.0e481669e87d4ea9d9dcb56557aa0839.jpg,512,512,1.0,0.0,102.92,49.65,75.61
valid,frame586_jpg.rf.8d9eb3e4a52797fc8cf709343bddf28e.txt,data/thermal-1-filtered/valid/images/frame586_jpg.rf.8d9eb3e4a52797fc8cf709343bddf28e.jpg,512,512,1.0,3.31,58.05,34.09,424.63
valid,IR_BIRD_012_frame75_jpg.rf.aba9ee2cd4957901fc1bcc989c9f39cb.txt,data/thermal-1-filtered/valid/images/IR_BIRD_012_frame75_jpg.rf.aba9ee2cd4957901fc1bcc989c9f39cb.jpg,512,512,1.0,0.0,101.21,46.31,70.21
valid,IR_BIRD_012_frame184_jpg.rf.f010eac4b992e84963083916e6eb29e9.txt,data/thermal-1-filtered/valid/images/IR_BIRD_012_frame184_jpg.rf.f010eac4b992e84963083916e6eb29e9.jpg,512,512,1.0,0.0,101.22,49.3,56.47
valid,frame444_jpg.rf.f4b366e1c2d74b02b8db66408a4f9d9e.txt,data/thermal-1-filtered/valid/images/frame444_jpg.rf.f4b366e1c2d74b02b8db66408a4f9d9e.jpg,512,512,1.0,3.266,94.43,45.15,613.61
valid,IR_BIRD_012_frame82_jpg.rf.3a4439f3740492af5a526b9ffd4b7661.txt,data/thermal-1-filtered/valid/images/IR_BIRD_012_frame82_jpg.rf.3a4439f3740492af5a526b9ffd4b7661.jpg,512,512,1.0,0.0,101.21,46.3,70.0
valid,IR_BIRD_012_frame218_jpg.rf.b176005bb194eca1d81cd41a2ec0ad88.txt,data/thermal-1-filtered/valid/images/IR_BIRD_012_frame218_jpg.rf.b176005bb194eca1d81cd41a2ec0ad88.jpg,512,512,1.0,0.0,107.7,46.25,133.42
valid,frame205_jpg.rf.ba0427029226a13f0dc9a51e2bb10e65.txt,data/thermal-1-filtered/valid/images/frame205_jpg.rf.ba0427029226a13f0dc9a51e2bb10e65.jpg,512,512,1.0,3.295,94.19,43.26,413.44
valid,frame344_jpg.rf.6c845e1de1633e2d9a831f366160a6ec.txt,data/thermal-1-filtered/valid/images/frame344_jpg.rf.6c845e1de1633e2d9a831f366160a6ec.jpg,512,512,1.0,3.274,104.64,44.18,358.5
valid,frame513_jpg.rf.1d80cfd5fcd76495906bd6e1a1a38901.txt,data/thermal-1-filtered/valid/images/frame513_jpg.rf.1d80cfd5fcd76495906bd6e1a1a38901.jpg,512,512,1.0,3.319,86.94,29.78,392.06
valid,frame639_jpg.rf.d06b9370a1ca5112b9579870eeb2435a.txt,data/thermal-1-filtered/valid/images/frame639_jpg.rf.d06b9370a1ca5112b9579870eeb2435a.jpg,512,512,1.0,3.306,55.8,34.29,431.45
valid,frame487_jpg.rf.65f6d10af6fa1b19e946b1a6abd63cce.txt,data/thermal-1-filtered/valid/images/frame487_jpg.rf.65f6d10af6fa1b19e946b1a6abd63cce.jpg,512,512,1.0,3.305,96.1,39.08,370.42
valid,frame16_jpg.rf.4e8bb236f317494d5437bb488620350f.txt,data/thermal-1-filtered/valid/images/frame16_jpg.rf.4e8bb236f317494d5437bb488620350f.jpg,512,512,1.0,3.235,79.98,47.25,427.72
valid,IR_BIRD_012_frame58_jpg.rf.3f6c3257e0105156b75b9e5adf2880fd.txt,data/thermal-1-filtered/valid/images/IR_BIRD_012_frame58_jpg.rf.3f6c3257e0105156b75b9e5adf2880fd.jpg,512,512,1.0,0.0,101.19,46.31,69.66
valid,frame682_jpg.rf.0a904013ef2ffc4494a1a4ae29c39a12.txt,data/thermal-1-filtered/valid/images/frame682_jpg.rf.0a904013ef2ffc4494a1a4ae29c39a12.jpg,512,512,1.0,3.31,49.71,29.84,456.27
valid,frame381_jpg.rf.d6774b5b9a4f3e83fc0ec0d3ea8fe36c.txt,data/thermal-1-filtered/valid/images/frame381_jpg.rf.d6774b5b9a4f3e83fc0ec0d3ea8fe36c.jpg,512,512,1.0,3.299,91.26,40.08,470.26
valid,IR_BIRD_012_frame124_jpg.rf.c406c26589bc5791109b015ef28646a6.txt,data/thermal-1-filtered/valid/images/IR_BIRD_012_frame124_jpg.rf.c406c26589bc5791109b015ef28646a6.jpg,512,512,1.0,0.0,103.84,49.58,65.63
valid,IR_BIRD_012_frame222_jpg.rf.b17ff43cd68bb2eabebf8a75d30ad042.txt,data/thermal-1-filtered/valid/images/IR_BIRD_012_frame222_jpg.rf.b17ff43cd68bb2eabebf8a75d30ad042.jpg,512,512,1.0,0.0,107.82,46.33,131.61
valid,IR_BIRD_012_frame214_jpg.rf.9239480babbfa136cba46a05bc678f04.txt,data/thermal-1-filtered/valid/images/IR_BIRD_012_frame214_jpg.rf.9239480babbfa136cba46a05bc678f04.jpg,512,512,1.0,0.0,107.77,46.26,138.93
valid,frame347_jpg.rf.a8e379e179fcd9deb5d13fa646aa03c6.txt,data/thermal-1-filtered/valid/images/frame347_jpg.rf.a8e379e179fcd9deb5d13fa646aa03c6.jpg,512,512,1.0,3.236,100.55,42.76,411.43
valid,frame165_jpg.rf.452201499949327cf4c8e23812c1e0f7.txt,data/thermal-1-filtered/valid/images/frame165_jpg.rf.452201499949327cf4c8e23812c1e0f7.jpg,512,512,1.0,3.281,97.04,52.17,413.18
valid,frame373_jpg.rf.2e81f17bebad934137a4ece3fa7c2848.txt,data/thermal-1-filtered/valid/images/frame373_jpg.rf.2e81f17bebad934137a4ece3fa7c2848.jpg,512,512,1.0,3.306,90.41,41.72,479.57
valid,frame60_jpg.rf.d0a491719ca47b27791aaee0f04ee4ee.txt,data/thermal-1-filtered/valid/images/frame60_jpg.rf.d0a491719ca47b27791aaee0f04ee4ee.jpg,512,512,1.0,3.14,93.28,55.47,617.85
valid,frame240_jpg.rf.870c31a5601cf48e58f3d644774956e5.txt,data/thermal-1-filtered/valid/images/frame240_jpg.rf.870c31a5601cf48e58f3d644774956e5.jpg,512,512,1.0,3.149,96.02,49.52,442.76
valid,frame559_jpg.rf.6c52bee8f67ec786edd761fdcd9dd498.txt,data/thermal-1-filtered/valid/images/frame559_jpg.rf.6c52bee8f67ec786edd761fdcd9dd498.jpg,512,512,1.0,3.311,59.13,33.45,418.93
valid,IR_BIRD_012_frame198_jpg.rf.02b7faee90eac45ef10346654ee338dd.txt,data/thermal-1-filtered/valid/images/IR_BIRD_012_frame198_jpg.rf.02b7faee90eac45ef10346654ee338dd.jpg,512,512,1.0,0.0,99.87,49.04,49.86
valid,IR_BIRD_012_frame154_jpg.rf.bb26e8b318a81cb76c2c0c9c7036dd35.txt,data/thermal-1-filtered/valid/images/IR_BIRD_012_frame154_jpg.rf.bb26e8b318a81cb76c2c0c9c7036dd35.jpg,512,512,1.0,0.0,102.74,49.63,71.65
valid,IR_BIRD_012_frame229_jpg.rf.25cfab7a619660ae68867614b6374bbf.txt,data/thermal-1-filtered/valid/images/IR_BIRD_012_frame229_jpg.rf.25cfab7a619660ae68867614b6374bbf.jpg,512,512,1.0,0.0,108.22,46.38,104.25
valid,IR_BIRD_012_frame297_jpg.rf.39dca8e6e574b7081594a3ae45950101.txt,data/thermal-1-filtered/valid/images/IR_BIRD_012_frame297_jpg.rf.39dca8e6e574b7081594a3ae45950101.jpg,512,512,1.0,0.0,107.9,45.78,125.19
valid,frame588_jpg.rf.57569f1d6515cb5ad1d742caf2aac770.txt,data/thermal-1-filtered/valid/images/frame588_jpg.rf.57569f1d6515cb5ad1d742caf2aac770.jpg,512,512,1.0,3.307,57.19,34.38,424.17
valid,IR_BIRD_012_frame200_jpg.rf.425678b13b3327b7b3fd164484b3e736.txt,data/thermal-1-filtered/valid/images/IR_BIRD_012_frame200_jpg.rf.425678b13b3327b7b3fd164484b3e736.jpg,512,512,1.0,0.0,99.75,48.9,47.47
valid,frame228_jpg.rf.cbff79af1d0ed18769916fd1f73734ee.txt,data/thermal-1-filtered/valid/images/frame228_jpg.rf.cbff79af1d0ed18769916fd1f73734ee.jpg,512,512,1.0,3.207,93.59,47.41,383.44
valid,IR_BIRD_012_frame234_jpg.rf.1a94ed2241920d544cbdbc7bb2caf7e8.txt,data/thermal-1-filtered/valid/images/IR_BIRD_012_frame234_jpg.rf.1a94ed2241920d544cbdbc7bb2caf7e8.jpg,512,512,1.0,0.0,108.13,46.47,103.35
valid,frame624_jpg.rf.aeb54597f3faef76a889999770cc5b4b.txt,data/thermal-1-filtered/valid/images/frame624_jpg.rf.aeb54597f3faef76a889999770cc5b4b.jpg,512,512,1.0,3.311,55.68,34.14,441.09
valid,frame634_jpg.rf.cc10f519e7ae152e7b117ab0081a3eb4.txt,data/thermal-1-filtered/valid/images/frame634_jpg.rf.cc10f519e7ae152e7b117ab0081a3eb4.jpg,512,512,1.0,3.305,56.06,34.06,435.6
valid,frame626_jpg.rf.ed6d1456e10ea9dfcd847d2b53e9bda9.txt,data/thermal-1-filtered/valid/images/frame626_jpg.rf.ed6d1456e10ea9dfcd847d2b53e9bda9.jpg,512,512,1.0,3.31,55.69,34.29,441.53
valid,frame220_jpg.rf.81ff1fe6d35d7154893235d5e01194c5.txt,data/thermal-1-filtered/valid/images/frame220_jpg.rf.81ff1fe6d35d7154893235d5e01194c5.jpg,512,512,1.0,3.293,93.28,42.17,402.41
valid,frame428_jpg.rf.c39b66f1d489d027448ac54f9a734551.txt,data/thermal-1-filtered/valid/images/frame428_jpg.rf.c39b66f1d489d027448ac54f9a734551.jpg,512,512,1.0,3.266,89.19,45.39,567.18
valid,frame534_jpg.rf.cfef3566e1179a15260308f2f06ec54a.txt,data/thermal-1-filtered/valid/images/frame534_jpg.rf.cfef3566e1179a15260308f2f06ec54a.jpg,512,512,1.0,3.312,65.77,31.84,403.34
valid,frame425_jpg.rf.8f63930658a3e3e20fbd41cfb6a54758.txt,data/thermal-1-filtered/valid/images/frame425_jpg.rf.8f63930658a3e3e20fbd41cfb6a54758.jpg,512,512,1.0,3.255,86.74,42.94,517.45
valid,frame5_jpg.rf.9dafca78715ac33ab201406949df3ba4.txt,data/thermal-1-filtered/valid/images/frame5_jpg.rf.9dafca78715ac33ab201406949df3ba4.jpg,512,512,1.0,3.238,77.14,46.14,418.81
valid,frame186_jpg.rf.a354d21ab30a364f667d5793978201cd.txt,data/thermal-1-filtered/valid/images/frame186_jpg.rf.a354d21ab30a364f667d5793978201cd.jpg,512,512,1.0,3.283,91.53,42.71,447.13
valid,IR_BIRD_012_frame102_jpg.rf.7f595a1d4b4860fb7b67dc7e0e8e8fe8.txt,data/thermal-1-filtered/valid/images/IR_BIRD_012_frame102_jpg.rf.7f595a1d4b4860fb7b67dc7e0e8e8fe8.jpg,512,512,1.0,0.0,104.18,49.34,69.04
valid,frame576_jpg.rf.d799c28ea076c1f977e6832fde5a0644.txt,data/thermal-1-filtered/valid/images/frame576_jpg.rf.d799c28ea076c1f977e6832fde5a0644.jpg,512,512,1.0,3.31,57.66,34.26,426.95
valid,IR_BIRD_012_frame48_jpg.rf.63ab6de7378e1a900fa886e9f00c2604.txt,data/thermal-1-filtered/valid/images/IR_BIRD_012_frame48_jpg.rf.63ab6de7378e1a900fa886e9f00c2604.jpg,512,512,1.0,0.0,101.18,46.31,69.38
valid,IR_BIRD_012_frame116_jpg.rf.39fac80f93560ef07b9913a0055c0544.txt,data/thermal-1-filtered/valid/images/IR_BIRD_012_frame116_jpg.rf.39fac80f93560ef07b9913a0055c0544.jpg,512,512,1.0,0.0,104.26,49.49,69.65
valid,frame162_jpg.rf.7b15a474b734bf8e533f5a3489eb9269.txt,data/thermal-1-filtered/valid/images/frame162_jpg.rf.7b15a474b734bf8e533f5a3489eb9269.jpg,512,512,1.0,3.302,98.87,51.17,410.29
valid,frame211_jpg.rf.23130949007b821061280da1447fa853.txt,data/thermal-1-filtered/valid/images/frame211_jpg.rf.23130949007b821061280da1447fa853.jpg,512,512,1.0,3.293,93.98,42.94,403.02
valid,frame114_jpg.rf.0a402b463b6d9fbdaceb8421a8929f6b.txt,data/thermal-1-filtered/valid/images/frame114_jpg.rf.0a402b463b6d9fbdaceb8421a8929f6b.jpg,512,512,1.0,3.265,93.8,54.09,679.78
valid,frame48_jpg.rf.52a509c7b7f1db485e4f801c93d86485.txt,data/thermal-1-filtered/valid/images/frame48_jpg.rf.52a509c7b7f1db485e4f801c93d86485.jpg,512,512,1.0,3.179,92.95,51.78,586.96
valid,frame569_jpg.rf.ae8a01089f1ac8280b4b6a982029721a.txt,data/thermal-1-filtered/valid/images/frame569_jpg.rf.ae8a01089f1ac8280b4b6a982029721a.jpg,512,512,1.0,3.303,58.66,33.89,420.82
valid,IR_BIRD_012_frame4_jpg.rf.fc8243cd2b310b9c488206496820d890.txt,data/thermal-1-filtered/valid/images/IR_BIRD_012_frame4_jpg.rf.fc8243cd2b310b9c488206496820d890.jpg,512,512,1.0,0.0,101.17,46.31,69.24
valid,frame201_jpg.rf.88db97e8560315e9e4c421559367392a.txt,data/thermal-1-filtered/valid/images/frame201_jpg.rf.88db97e8560315e9e4c421559367392a.jpg,512,512,1.0,3.3,93.21,43.0,421.06
valid,IR_BIRD_012_frame85_jpg.rf.fb930935ca9b2ae0040a56cc96820f1d.txt,data/thermal-1-filtered/valid/images/IR_BIRD_012_frame85_jpg.rf.fb930935ca9b2ae0040a56cc96820f1d.jpg,512,512,1.0,0.0,101.22,46.3,70.03
valid,frame136_jpg.rf.a3089aeb39d32237f1ed4ed8c3cf2cbf.txt,data/thermal-1-filtered/valid/images/frame136_jpg.rf.a3089aeb39d32237f1ed4ed8c3cf2cbf.jpg,512,512,1.0,3.273,99.5,51.21,540.16
valid,frame278_jpg.rf.f68172d14c865d1e4cc195b07649eb80.txt,data/thermal-1-filtered/valid/images/frame278_jpg.rf.f68172d14c865d1e4cc195b07649eb80.jpg,512,512,1.0,3.255,98.29,57.77,557.49
valid,frame34_jpg.rf.f499eab60d07338d51b5b65079458e81.txt,data/thermal-1-filtered/valid/images/frame34_jpg.rf.f499eab60d07338d51b5b65079458e81.jpg,512,512,1.0,3.189,88.58,51.28,501.73
valid,frame12_jpg.rf.0dac5e3244e43dcfce58b0f8b69b1af1.txt,data/thermal-1-filtered/valid/images/frame12_jpg.rf.0dac5e3244e43dcfce58b0f8b69b1af1.jpg,512,512,1.0,3.219,78.89,47.67,342.65
valid,frame151_jpg.rf.1a44ee3ba5c0f1c5d31cdee5588bcaba.txt,data/thermal-1-filtered/valid/images/frame151_jpg.rf.1a44ee3ba5c0f1c5d31cdee5588bcaba.jpg,512,512,1.0,3.299,100.19,50.06,390.08
valid,frame302_jpg.rf.f0be185d0a40762adfacc0342907f95d.txt,data/thermal-1-filtered/valid/images/frame302_jpg.rf.f0be185d0a40762adfacc0342907f95d.jpg,512,512,1.0,3.312,109.52,59.62,583.34
valid,frame557_jpg.rf.f09a71868fa7823f642e1e8c714cedc5.txt,data/thermal-1-filtered/valid/images/frame557_jpg.rf.f09a71868fa7823f642e1e8c714cedc5.jpg,512,512,1.0,3.311,59.06,33.43,417.84
valid,frame361_jpg.rf.aa68183094ee2975d2e607651255db3d.txt,data/thermal-1-filtered/valid/images/frame361_jpg.rf.aa68183094ee2975d2e607651255db3d.jpg,512,512,1.0,3.198,93.88,48.1,496.3
valid,frame497_jpg.rf.9532180eccc57eb1cd5a6d4b7efc9de0.txt,data/thermal-1-filtered/valid/images/frame497_jpg.rf.9532180eccc57eb1cd5a6d4b7efc9de0.jpg,512,512,1.0,3.302,90.17,35.67,375.39
valid,frame53_jpg.rf.e90558f07f2286a7e0bb1b6884b647d9.txt,data/thermal-1-filtered/valid/images/frame53_jpg.rf.e90558f07f2286a7e0bb1b6884b647d9.jpg,512,512,1.0,3.154,92.62,53.56,599.72
valid,frame176_jpg.rf.e8cd330fbe77ece9cdcd2468543a18cb.txt,data/thermal-1-filtered/valid/images/frame176_jpg.rf.e8cd330fbe77ece9cdcd2468543a18cb.jpg,512,512,1.0,3.265,95.93,46.15,416.35
valid,frame488_jpg.rf.16bc21e25b7252f6ca9a604bb9a75c4c.txt,data/thermal-1-filtered/valid/images/frame488_jpg.rf.16bc21e25b7252f6ca9a604bb9a75c4c.jpg,512,512,1.0,3.304,94.33,39.06,371.01
valid,IR_BIRD_012_frame14_jpg.rf.2fa7f456d9ded07d176ab0675ea72e37.txt,data/thermal-1-filtered/valid/images/IR_BIRD_012_frame14_jpg.rf.2fa7f456d9ded07d176ab0675ea72e37.jpg,512,512,1.0,0.0,101.18,46.31,69.46
valid,frame23_jpg.rf.7ab1b003cebbe4e6849b98b3d3ec8166.txt,data/thermal-1-filtered/valid/images/frame23_jpg.rf.7ab1b003cebbe4e6849b98b3d3ec8166.jpg,512,512,1.0,3.19,89.34,51.63,421.45
valid,frame544_jpg.rf.df4e40a8cfea5fbeb176200b18506ec1.txt,data/thermal-1-filtered/valid/images/frame544_jpg.rf.df4e40a8cfea5fbeb176200b18506ec1.jpg,512,512,1.0,3.312,61.56,32.66,402.28
valid,IR_BIRD_012_frame215_jpg.rf.b99667e96832eda27548b72c196fea84.txt,data/thermal-1-filtered/valid/images/IR_BIRD_012_frame215_jpg.rf.b99667e96832eda27548b72c196fea84.jpg,512,512,1.0,0.0,107.78,46.27,139.69
valid,frame441_jpg.rf.d06ab29894b0f5947ce8ecc356ba71bb.txt,data/thermal-1-filtered/valid/images/frame441_jpg.rf.d06ab29894b0f5947ce8ecc356ba71bb.jpg,512,512,1.0,3.286,91.06,43.52,588.97
valid,frame614_jpg.rf.a463300b58581b9e9f1fba31fd6249f4.txt,data/thermal-1-filtered/valid/images/frame614_jpg.rf.a463300b58581b9e9f1fba31fd6249f4.jpg,512,512,1.0,3.311,56.87,34.21,435.89
valid,frame385_jpg.rf.c1b22efae07936e063efa2bb42af9f4d.txt,data/thermal-1-filtered/valid/images/frame385_jpg.rf.c1b22efae07936e063efa2bb42af9f4d.jpg,512,512,1.0,3.289,91.98,39.74,374.81
valid,frame7_jpg.rf.ab4fb7e57e5cd2bea43a55b54edc4cb2.txt,data/thermal-1-filtered/valid/images/frame7_jpg.rf.ab4fb7e57e5cd2bea43a55b54edc4cb2.jpg,512,512,1.0,3.235,77.52,46.87,413.25
valid,frame128_jpg.rf.9b3ec152696a40fae906a7e44c1b7415.txt,data/thermal-1-filtered/valid/images/frame128_jpg.rf.9b3ec152696a40fae906a7e44c1b7415.jpg,512,512,1.0,3.263,99.38,55.78,707.67
valid,IR_BIRD_012_frame16_jpg.rf.602c1b0af8c22c520a4ce785bf4d2af4.txt,data/thermal-1-filtered/valid/images/IR_BIRD_012_frame16_jpg.rf.602c1b0af8c22c520a4ce785bf4d2af4.jpg,512,512,1.0,0.0,101.18,46.31,69.5
valid,IR_BIRD_012_frame232_jpg.rf.702cb6a726636a444b2d0b6fad40af5f.txt,data/thermal-1-filtered/valid/images/IR_BIRD_012_frame232_jpg.rf.702cb6a726636a444b2d0b6fad40af5f.jpg,512,512,1.0,0.0,108.07,46.44,110.17
valid,frame218_jpg.rf.a3f51505017fdc816fc7d078d2cfdba5.txt,data/thermal-1-filtered/valid/images/frame218_jpg.rf.a3f51505017fdc816fc7d078d2cfdba5.jpg,512,512,1.0,3.292,93.55,42.64,406.29
valid,frame304_jpg.rf.19ff8a12ee1a5267a5a45d91cb707be4.txt,data/thermal-1-filtered/valid/images/frame304_jpg.rf.19ff8a12ee1a5267a5a45d91cb707be4.jpg,512,512,1.0,3.309,107.86,58.88,547.36
valid,frame481_jpg.rf.149b4f79bb09d481fadcf56c7ad3f41c.txt,data/thermal-1-filtered/valid/images/frame481_jpg.rf.149b4f79bb09d481fadcf56c7ad3f41c.jpg,512,512,1.0,3.31,103.58,35.64,363.05
valid,IR_BIRD_012_frame92_jpg.rf.18bb27d1cc5ec83c6ce72ce75b9b1294.txt,data/thermal-1-filtered/valid/images/IR_BIRD_012_frame92_jpg.rf.18bb27d1cc5ec83c6ce72ce75b9b1294.jpg,512,512,1.0,0.0,103.85,49.07,82.23
valid,frame26_jpg.rf.f332cdc0d57a997cebed6d5cc36e4876.txt,data/thermal-1-filtered/valid/images/frame26_jpg.rf.f332cdc0d57a997cebed6d5cc36e4876.jpg,512,512,1.0,3.175,88.19,51.08,456.73
valid,IR_BIRD_012_frame168_jpg.rf.9111a5e29ea9469b095e368a16adeb03.txt,data/thermal-1-filtered/valid/images/IR_BIRD_012_frame168_jpg.rf.9111a5e29ea9469b095e368a16adeb03.jpg,512,512,1.0,0.0,101.9,49.42,63.48
valid,frame171_jpg.rf.b35436fec4c7f6ae7756c917051c5be6.txt,data/thermal-1-filtered/valid/images/frame171_jpg.rf.b35436fec4c7f6ae7756c917051c5be6.jpg,512,512,1.0,3.261,94.95,48.08,414.77
valid,frame510_jpg.rf.6ae28773c9aa1841bfaac631b70917b8.txt,data/thermal-1-filtered/valid/images/frame510_jpg.rf.6ae28773c9aa1841bfaac631b70917b8.jpg,512,512,1.0,3.301,83.06,27.6,388.33
valid,IR_BIRD_012_frame40_jpg.rf.4cb48e78a204ed2b0c4301fc9b114b22.txt,data/thermal-1-filtered/valid/images/IR_BIRD_012_frame40_jpg.rf.4cb48e78a204ed2b0c4301fc9b114b22.jpg,512,512,1.0,0.0,101.18,46.31,69.43
valid,frame334_jpg.rf.99b036362a5f9835bc1aec941b310d8e.txt,data/thermal-1-filtered/valid/images/frame334_jpg.rf.99b036362a5f9835bc1aec941b310d8e.jpg,512,512,1.0,3.305,103.56,55.72,526.37
valid,frame456_jpg.rf.1001d7e0cea1ebed9f23044922a3218e.txt,data/thermal-1-filtered/valid/images/frame456_jpg.rf.1001d7e0cea1ebed9f23044922a3218e.jpg,512,512,1.0,3.293,91.96,36.57,477.52
valid,IR_BIRD_012_frame161_jpg.rf.8c2a5e0663d1c143f7e954ae9539ec42.txt,data/thermal-1-filtered/valid/images/IR_BIRD_012_frame161_jpg.rf.8c2a5e0663d1c143f7e954ae9539ec42.jpg,512,512,1.0,0.0,102.25,49.56,74.67
valid,frame330_jpg.rf.67380874c0082afc7a7c85829bc90d1f.txt,data/thermal-1-filtered/valid/images/frame330_jpg.rf.67380874c0082afc7a7c85829bc90d1f.jpg,512,512,1.0,3.283,99.41,52.83,526.64
valid,frame583_jpg.rf.b36c9d96713664eccc7a9ae592255147.txt,data/thermal-1-filtered/valid/images/frame583_jpg.rf.b36c9d96713664eccc7a9ae592255147.jpg,512,512,1.0,3.311,57.83,34.23,425.33
valid,frame371_jpg.rf.977b1a63f852347efe76812742ad52bc.txt,data/thermal-1-filtered/valid/images/frame371_jpg.rf.977b1a63f852347efe76812742ad52bc.jpg,512,512,1.0,3.284,89.11,41.74,439.49
valid,frame198_jpg.rf.dae53834c3e82e469e3022b3d2b56c35.txt,data/thermal-1-filtered/valid/images/frame198_jpg.rf.dae53834c3e82e469e3022b3d2b56c35.jpg,512,512,1.0,3.275,92.99,43.24,420.93
valid,IR_BIRD_012_frame57_jpg.rf.e1aa71b9e02428144a56967b820593f5.txt,data/thermal-1-filtered/valid/images/IR_BIRD_012_frame57_jpg.rf.e1aa71b9e02428144a56967b820593f5.jpg,512,512,1.0,0.0,101.19,46.31,69.79
valid,IR_BIRD_012_frame51_jpg.rf.7b06d7cb3e1b0829e6eb8a78854619ba.txt,data/thermal-1-filtered/valid/images/IR_BIRD_012_frame51_jpg.rf.7b06d7cb3e1b0829e6eb8a78854619ba.jpg,512,512,1.0,0.0,101.19,46.31,69.66
valid,frame399_jpg.rf.3c38d3e6b79f6394602fff881fccfecc.txt,data/thermal-1-filtered/valid/images/frame399_jpg.rf.3c38d3e6b79f6394602fff881fccfecc.jpg,512,512,1.0,3.276,91.78,41.21,479.42
valid,IR_BIRD_012_frame259_jpg.rf.ce8c25477c9fef6009f3f934a79602ab.txt,data/thermal-1-filtered/valid/images/IR_BIRD_012_frame259_jpg.rf.ce8c25477c9fef6009f3f934a79602ab.jpg,512,512,1.0,0.0,107.83,45.79,113.27
valid,frame657_jpg.rf.8bc1aed1f7e6236101fb4f6c9993e8aa.txt,data/thermal-1-filtered/valid/images/frame657_jpg.rf.8bc1aed1f7e6236101fb4f6c9993e8aa.jpg,512,512,1.0,3.31,56.4,33.44,425.06
valid,frame609_jpg.rf.299674dac02bc03f924a16f7a767a852.txt,data/thermal-1-filtered/valid/images/frame609_jpg.rf.299674dac02bc03f924a16f7a767a852.jpg,512,512,1.0,3.31,56.68,34.1,435.2
valid,IR_BIRD_012_frame43_jpg.rf.e5a7f9a45f1e9cce5b0a1ff0b7d6db49.txt,data/thermal-1-filtered/valid/images/IR_BIRD_012_frame43_jpg.rf.e5a7f9a45f1e9cce5b0a1ff0b7d6db49.jpg,512,512,1.0,0.0,101.18,46.31,69.53
valid,frame701_jpg.rf.aecbb593078b77630c8a50d74f906372.txt,data/thermal-1-filtered/valid/images/frame701_jpg.rf.aecbb593078b77630c8a50d74f906372.jpg,512,512,1.0,3.286,52.38,31.49,469.34
valid,frame457_jpg.rf.afbfc6974ef4581d3f15e1319f594851.txt,data/thermal-1-filtered/valid/images/frame457_jpg.rf.afbfc6974ef4581d3f15e1319f594851.jpg,512,512,1.0,3.295,91.82,36.45,462.17
valid,frame573_jpg.rf.aacd151f17e5120e9c6a11b2ed1eeff7.txt,data/thermal-1-filtered/valid/images/frame573_jpg.rf.aacd151f17e5120e9c6a11b2ed1eeff7.jpg,512,512,1.0,3.303,57.76,34.09,419.92
valid,IR_BIRD_012_frame275_jpg.rf.123bb1dc560cc26473a42bcef101b46d.txt,data/thermal-1-filtered/valid/images/IR_BIRD_012_frame275_jpg.rf.123bb1dc560cc26473a42bcef101b46d.jpg,512,512,1.0,0.0,107.97,45.78,116.93
valid,frame182_jpg.rf.2b2cdae0e3f05fc8435ac2a2f1fd35fc.txt,data/thermal-1-filtered/valid/images/frame182_jpg.rf.2b2cdae0e3f05fc8435ac2a2f1fd35fc.jpg,512,512,1.0,3.25,93.38,45.32,419.67
valid,frame261_jpg.rf.eb636c1fc96a5a9c2bf15d11f8dc1639.txt,data/thermal-1-filtered/valid/images/frame261_jpg.rf.eb636c1fc96a5a9c2bf15d11f8dc1639.jpg,512,512,1.0,3.105,95.93,56.93,667.48
valid,frame382_jpg.rf.6d7688c5e607fd301de2ec32517aa68b.txt,data/thermal-1-filtered/valid/images/frame382_jpg.rf.6d7688c5e607fd301de2ec32517aa68b.jpg,512,512,1.0,3.298,92.7,40.13,444.91
valid,frame663_jpg.rf.a911fa5672a0d320a9bda73c58476a27.txt,data/thermal-1-filtered/valid/images/frame663_jpg.rf.a911fa5672a0d320a9bda73c58476a27.jpg,512,512,1.0,3.3,51.7,30.86,428.14
valid,img_0361_png.rf.0c672bb38debe7b12b21418531794693.txt,data/thermal-1-filtered/valid/images/img_0361_png.rf.0c672bb38debe7b12b21418531794693.jpg,512,512,1.0,0.0,108.0,27.39,30.27
valid,frame291_jpg.rf.89c8b2a52bc40ac1f862c03666142914.txt,data/thermal-1-filtered/valid/images/frame291_jpg.rf.89c8b2a52bc40ac1f862c03666142914.jpg,512,512,1.0,3.265,101.21,55.19,554.07
valid,frame288_jpg.rf.6a1a6572e77a78569aad17c3130a7800.txt,data/thermal-1-filtered/valid/images/frame288_jpg.rf.6a1a6572e77a78569aad17c3130a7800.jpg,512,512,1.0,3.248,99.54,55.11,517.87
valid,frame208_jpg.rf.05781236d27c7431754cab564cec3f1e.txt,data/thermal-1-filtered/valid/images/frame208_jpg.rf.05781236d27c7431754cab564cec3f1e.jpg,512,512,1.0,3.294,94.11,43.05,399.24
valid,frame501_jpg.rf.4856956a77b2aee5c7d700d51e408655.txt,data/thermal-1-filtered/valid/images/frame501_jpg.rf.4856956a77b2aee5c7d700d51e408655.jpg,512,512,1.0,3.301,88.97,34.36,374.33
valid,frame726_jpg.rf.f7442c0d84ff5bc39de244cc99a15c79.txt,data/thermal-1-filtered/valid/images/frame726_jpg.rf.f7442c0d84ff5bc39de244cc99a15c79.jpg,512,512,1.0,3.301,66.05,33.9,405.27
valid,IR_BIRD_012_frame132_jpg.rf.f2a2c7d7e6214bed24ec24347238b593.txt,data/thermal-1-filtered/valid/images/IR_BIRD_012_frame132_jpg.rf.f2a2c7d7e6214bed24ec24347238b593.jpg,512,512,1.0,0.0,103.42,49.61,75.57
valid,frame51_jpg.rf.9ad8eeecc1a43fb36d66cb04c1b02ac4.txt,data/thermal-1-filtered/valid/images/frame51_jpg.rf.9ad8eeecc1a43fb36d66cb04c1b02ac4.jpg,512,512,1.0,3.153,92.29,53.5,599.11
valid,frame308_jpg.rf.111109dff9e9eb618220b552f42b9cba.txt,data/thermal-1-filtered/valid/images/frame308_jpg.rf.111109dff9e9eb618220b552f42b9cba.jpg,512,512,1.0,3.297,106.97,58.29,554.93
valid,frame25_jpg.rf.a624e5b9d0012de43f8f33a2e5d697fe.txt,data/thermal-1-filtered/valid/images/frame25_jpg.rf.a624e5b9d0012de43f8f33a2e5d697fe.jpg,512,512,1.0,3.17,87.54,50.95,454.9
valid,frame217_jpg.rf.161ae00c4728201cbe4efc7bf6aa7894.txt,data/thermal-1-filtered/valid/images/frame217_jpg.rf.161ae00c4728201cbe4efc7bf6aa7894.jpg,512,512,1.0,3.293,93.61,42.82,406.42
valid,IR_BIRD_012_frame0_jpg.rf.68fbb34fc382395ff9b639e380a21b99.txt,data/thermal-1-filtered/valid/images/IR_BIRD_012_frame0_jpg.rf.68fbb34fc382395ff9b639e380a21b99.jpg,512,512,1.0,0.0,101.17,46.31,69.38
valid,IR_BIRD_012_frame292_jpg.rf.50bf3bd10afcda210e0a0fcce509d908.txt,data/thermal-1-filtered/valid/images/IR_BIRD_012_frame292_jpg.rf.50bf3bd10afcda210e0a0fcce509d908.jpg,512,512,1.0,0.0,107.92,45.77,125.22
valid,IR_BIRD_012_frame32_jpg.rf.74d1619e23e46ec8f61c298afc039c4e.txt,data/thermal-1-filtered/valid/images/IR_BIRD_012_frame32_jpg.rf.74d1619e23e46ec8f61c298afc039c4e.jpg,512,512,1.0,0.0,101.18,46.31,69.7
valid,IR_BIRD_012_frame206_jpg.rf.88834d7e57457eb12c3a053353fe179b.txt,data/thermal-1-filtered/valid/images/IR_BIRD_012_frame206_jpg.rf.88834d7e57457eb12c3a053353fe179b.jpg,512,512,1.0,0.0,107.77,46.26,155.13
valid,frame466_jpg.rf.55b7c8d7b425ff871faedda8224a4600.txt,data/thermal-1-filtered/valid/images/frame466_jpg.rf.55b7c8d7b425ff871faedda8224a4600.jpg,512,512,1.0,3.317,104.86,37.77,400.38
valid,frame42_jpg.rf.f9f14051c0f4098fbd817b3c55949690.txt,data/thermal-1-filtered/valid/images/frame42_jpg.rf.f9f14051c0f4098fbd817b3c55949690.jpg,512,512,1.0,3.202,90.04,48.23,535.29
valid,frame536_jpg.rf.5e701512fb5dde635a88e81db2561aec.txt,data/thermal-1-filtered/valid/images/frame536_jpg.rf.5e701512fb5dde635a88e81db2561aec.jpg,512,512,1.0,3.312,64.84,32.12,400.89
valid,frame102_jpg.rf.d8cdfea6ab8002cf25f59ccd4a5cca2e.txt,data/thermal-1-filtered/valid/images/frame102_jpg.rf.d8cdfea6ab8002cf25f59ccd4a5cca2e.jpg,512,512,1.0,3.283,96.61,49.61,624.26
valid,frame376_jpg.rf.1d6d0ef30a4ff0f109bfd952dd4243ea.txt,data/thermal-1-filtered/valid/images/frame376_jpg.rf.1d6d0ef30a4ff0f109bfd952dd4243ea.jpg,512,512,1.0,3.305,90.84,39.59,468.2
valid,frame617_jpg.rf.7ee7978bf98fdb6c41fbd5bc926a227d.txt,data/thermal-1-filtered/valid/images/frame617_jpg.rf.7ee7978bf98fdb6c41fbd5bc926a227d.jpg,512,512,1.0,3.312,56.91,34.16,436.63
valid,frame508_jpg.rf.6b82cda33b3ce259ce346b489ffabd0d.txt,data/thermal-1-filtered/valid/images/frame508_jpg.rf.6b82cda33b3ce259ce346b489ffabd0d.jpg,512,512,1.0,3.3,84.45,31.79,388.89
valid,frame194_jpg.rf.53f45ded299d287b48a6ffc18a6eff3f.txt,data/thermal-1-filtered/valid/images/frame194_jpg.rf.53f45ded299d287b48a6ffc18a6eff3f.jpg,512,512,1.0,3.305,89.61,43.18,462.12
valid,IR_BIRD_012_frame283_jpg.rf.d4565ff73e4de3882b862e2bc64cbce4.txt,data/thermal-1-filtered/valid/images/IR_BIRD_012_frame283_jpg.rf.d4565ff73e4de3882b862e2bc64cbce4.jpg,512,512,1.0,0.0,107.94,45.76,121.61
valid,frame314_jpg.rf.bc6b8ed0ea1c8ff95cb4853ad38cb18f.txt,data/thermal-1-filtered/valid/images/frame314_jpg.rf.bc6b8ed0ea1c8ff95cb4853ad38cb18f.jpg,512,512,1.0,3.283,105.63,58.31,572.11
valid,frame68_jpg.rf.4bb193e3bfbdde7eaac7b5bf8d6580e8.txt,data/thermal-1-filtered/valid/images/frame68_jpg.rf.4bb193e3bfbdde7eaac7b5bf8d6580e8.jpg,512,512,1.0,3.277,93.1,50.9,492.35
valid,frame292_jpg.rf.e68219a0e75930e4bd8f5cf9cf6d2c25.txt,data/thermal-1-filtered/valid/images/frame292_jpg.rf.e68219a0e75930e4bd8f5cf9cf6d2c25.jpg,512,512,1.0,3.265,101.3,55.08,552.77
valid,IR_BIRD_012_frame115_jpg.rf.998d41c0d1eb15fba0e5508833ba1d20.txt,data/thermal-1-filtered/valid/images/IR_BIRD_012_frame115_jpg.rf.998d41c0d1eb15fba0e5508833ba1d20.jpg,512,512,1.0,0.0,104.06,49.55,66.93
valid,frame163_jpg.rf.23a640f8b7fe3d01c918898de903ec78.txt,data/thermal-1-filtered/valid/images/frame163_jpg.rf.23a640f8b7fe3d01c918898de903ec78.jpg,512,512,1.0,3.297,97.05,50.87,412.31
valid,IR_BIRD_012_frame24_jpg.rf.61125a361e83a37462397b6f7bb9ba2d.txt,data/thermal-1-filtered/valid/images/IR_BIRD_012_frame24_jpg.rf.61125a361e83a37462397b6f7bb9ba2d.jpg,512,512,1.0,0.0,101.18,46.31,69.22
valid,IR_BIRD_012_frame183_jpg.rf.ef320d22a707c40b7caded5e1da03f4d.txt,data/thermal-1-filtered/valid/images/IR_BIRD_012_frame183_jpg.rf.ef320d22a707c40b7caded5e1da03f4d.jpg,512,512,1.0,0.0,101.2,49.35,58.13
valid,frame6_jpg.rf.f6d681d29adc24bafc8da38ddc9e12c7.txt,data/thermal-1-filtered/valid/images/frame6_jpg.rf.f6d681d29adc24bafc8da38ddc9e12c7.jpg,512,512,1.0,3.243,78.33,46.4,417.64
valid,IR_BIRD_012_frame62_jpg.rf.d3f12341d14baa2d61850c69668a791d.txt,data/thermal-1-filtered/valid/images/IR_BIRD_012_frame62_jpg.rf.d3f12341d14baa2d61850c69668a791d.jpg,512,512,1.0,0.0,101.19,46.31,69.72
valid,frame545_jpg.rf.38fbbd1a3cca7fd0b89c09112a0f627f.txt,data/thermal-1-filtered/valid/images/frame545_jpg.rf.38fbbd1a3cca7fd0b89c09112a0f627f.jpg,512,512,1.0,3.309,60.47,32.87,404.75
valid,IR_BIRD_012_frame226_jpg.rf.64d8433ba013526109f6861776e1f4e7.txt,data/thermal-1-filtered/valid/images/IR_BIRD_012_frame226_jpg.rf.64d8433ba013526109f6861776e1f4e7.jpg,512,512,1.0,0.0,107.84,46.34,115.94
valid,frame135_jpg.rf.954fe16ef7420193dab42c246c5a61da.txt,data/thermal-1-filtered/valid/images/frame135_jpg.rf.954fe16ef7420193dab42c246c5a61da.jpg,512,512,1.0,3.27,99.23,51.57,558.81
valid,frame533_jpg.rf.f6636dbd5e23ed7fcb9de79841f37af2.txt,data/thermal-1-filtered/valid/images/frame533_jpg.rf.f6636dbd5e23ed7fcb9de79841f37af2.jpg,512,512,1.0,3.312,66.62,31.66,403.21
valid,frame22_jpg.rf.664e0201e4955bb6dc034f434b6066d0.txt,data/thermal-1-filtered/valid/images/frame22_jpg.rf.664e0201e4955bb6dc034f434b6066d0.jpg,512,512,1.0,3.204,88.55,50.63,386.55
valid,frame558_jpg.rf.090c24a277dc6917bca026183901c71a.txt,data/thermal-1-filtered/valid/images/frame558_jpg.rf.090c24a277dc6917bca026183901c71a.jpg,512,512,1.0,3.311,59.14,33.45,418.86
valid,frame477_jpg.rf.af85495489de5967538e731e04c516ae.txt,data/thermal-1-filtered/valid/images/frame477_jpg.rf.af85495489de5967538e731e04c516ae.jpg,512,512,1.0,3.299,103.13,36.77,363.35
valid,frame537_jpg.rf.35cedec98a359ab2c3dc891dc1462383.txt,data/thermal-1-filtered/valid/images/frame537_jpg.rf.35cedec98a359ab2c3dc891dc1462383.jpg,512,512,1.0,3.312,63.51,32.13,400.85
valid,IR_BIRD_012_frame12_jpg.rf.2a4e79ab10731d3575a1bf26fcdc975d.txt,data/thermal-1-filtered/valid/images/IR_BIRD_012_frame12_jpg.rf.2a4e79ab10731d3575a1bf26fcdc975d.jpg,512,512,1.0,0.0,101.18,46.31,69.44
valid,frame646_jpg.rf.f12e99092113e1fe068406a6a402d549.txt,data/thermal-1-filtered/valid/images/frame646_jpg.rf.f12e99092113e1fe068406a6a402d549.jpg,512,512,1.0,3.31,56.78,34.06,430.07
valid,frame147_jpg.rf.a4fd1fbbf287b0f90034896b986364fa.txt,data/thermal-1-filtered/valid/images/frame147_jpg.rf.a4fd1fbbf287b0f90034896b986364fa.jpg,512,512,1.0,3.291,99.45,50.22,335.03
valid,IR_BIRD_012_frame17_jpg.rf.c5fa167f04577c1cc096e583ccab5738.txt,data/thermal-1-filtered/valid/images/IR_BIRD_012_frame17_jpg.rf.c5fa167f04577c1cc096e583ccab5738.jpg,512,512,1.0,0.0,101.18,46.31,69.47
valid,img_0005_png.rf.4fd4a97554461cb1075ee93476dbff45.txt,data/thermal-1-filtered/valid/images/img_0005_png.rf.4fd4a97554461cb1075ee93476dbff45.jpg,512,512,1.0,0.0,133.65,47.49,89.33
valid,frame159_jpg.rf.5c971b1c0c13a80e742b7d310ddbdd89.txt,data/thermal-1-filtered/valid/images/frame159_jpg.rf.5c971b1c0c13a80e742b7d310ddbdd89.jpg,512,512,1.0,3.298,99.31,49.49,417.64
valid,frame40_jpg.rf.c3056a6bf650f52743a604356c8a2146.txt,data/thermal-1-filtered/valid/images/frame40_jpg.rf.c3056a6bf650f52743a604356c8a2146.jpg,512,512,1.0,3.207,89.2,48.15,531.39
valid,IR_BIRD_012_frame104_jpg.rf.ed44f06a847ed28038c0f3c10b63d478.txt,data/thermal-1-filtered/valid/images/IR_BIRD_012_frame104_jpg.rf.ed44f06a847ed28038c0f3c10b63d478.jpg,512,512,1.0,0.0,104.1,49.31,71.29
valid,frame279_jpg.rf.9c7d64d41abba3d9bdb3f0e2d04797ea.txt,data/thermal-1-filtered/valid/images/frame279_jpg.rf.9c7d64d41abba3d9bdb3f0e2d04797ea.jpg,512,512,1.0,3.246,97.95,57.62,547.13
valid,frame631_jpg.rf.32bf3510dcf719bb498902f609373d1e.txt,data/thermal-1-filtered/valid/images/frame631_jpg.rf.32bf3510dcf719bb498902f609373d1e.jpg,512,512,1.0,3.307,55.59,34.18,438.18
valid,IR_BIRD_012_frame64_jpg.rf.8f2bfde289e757453c03925e2511d86c.txt,data/thermal-1-filtered/valid/images/IR_BIRD_012_frame64_jpg.rf.8f2bfde289e757453c03925e2511d86c.jpg,512,512,1.0,0.0,101.19,46.31,69.56
valid,IR_BIRD_012_frame22_jpg.rf.c588eb82a8c1e64be7dac398d408a942.txt,data/thermal-1-filtered/valid/images/IR_BIRD_012_frame22_jpg.rf.c588eb82a8c1e64be7dac398d408a942.jpg,512,512,1.0,0.0,101.18,46.31,69.12
valid,IR_BIRD_012_frame155_jpg.rf.dc7a0cfbeee8ef45da11599ebf44d232.txt,data/thermal-1-filtered/valid/images/IR_BIRD_012_frame155_jpg.rf.dc7a0cfbeee8ef45da11599ebf44d232.jpg,512,512,1.0,0.0,102.65,49.63,70.81
valid,frame284_jpg.rf.d545d951ae1ed1a14440b12f6f187399.txt,data/thermal-1-filtered/valid/images/frame284_jpg.rf.d545d951ae1ed1a14440b12f6f187399.jpg,512,512,1.0,3.248,100.14,58.4,592.22
valid,frame652_jpg.rf.dbcb2e8173a370aaf8a9cfa0a31460f3.txt,data/thermal-1-filtered/valid/images/frame652_jpg.rf.dbcb2e8173a370aaf8a9cfa0a31460f3.jpg,512,512,1.0,3.307,56.33,33.3,432.93
valid,frame541_jpg.rf.ebe8e210798af8b712ec8ab24774e1e9.txt,data/thermal-1-filtered/valid/images/frame541_jpg.rf.ebe8e210798af8b712ec8ab24774e1e9.jpg,512,512,1.0,3.312,62.45,32.54,404.89
valid,frame710_jpg.rf.f142fb339d9d97846674287fa72a8d5b.txt,data/thermal-1-filtered/valid/images/frame710_jpg.rf.f142fb339d9d97846674287fa72a8d5b.jpg,512,512,1.0,3.288,59.91,34.44,444.33
valid,frame10_jpg.rf.369a792014b96519543e0d8a446fa892.txt,data/thermal-1-filtered/valid/images/frame10_jpg.rf.369a792014b96519543e0d8a446fa892.jpg,512,512,1.0,3.219,78.3,48.34,394.41
valid,frame281_jpg.rf.2fd7bb702c2912425e417a156e3e76c7.txt,data/thermal-1-filtered/valid/images/frame281_jpg.rf.2fd7bb702c2912425e417a156e3e76c7.jpg,512,512,1.0,3.238,98.82,58.57,552.01
valid,frame592_jpg.rf.a85dcd52857f7bc54ee03c3e8a9fc750.txt,data/thermal-1-filtered/valid/images/frame592_jpg.rf.a85dcd52857f7bc54ee03c3e8a9fc750.jpg,512,512,1.0,3.308,56.9,34.27,423.78
valid,frame107_jpg.rf.439b035c55996cbfe210fcd338fe5850.txt,data/thermal-1-filtered/valid/images/frame107_jpg.rf.439b035c55996cbfe210fcd338fe5850.jpg,512,512,1.0,3.289,89.72,51.2,474.94
valid,frame410_jpg.rf.adf9e61c03a88486a617d2caf50bbad9.txt,data/thermal-1-filtered/valid/images/frame410_jpg.rf.adf9e61c03a88486a617d2caf50bbad9.jpg,512,512,1.0,3.267,89.37,42.09,451.88
valid,frame155_jpg.rf.e670b2e68d5252b8dbde9c02bb311388.txt,data/thermal-1-filtered/valid/images/frame155_jpg.rf.e670b2e68d5252b8dbde9c02bb311388.jpg,512,512,1.0,3.308,99.91,49.89,403.4
valid,frame690_jpg.rf.40e74a1e94bc36eacc6621b1ff3a81f5.txt,data/thermal-1-filtered/valid/images/frame690_jpg.rf.40e74a1e94bc36eacc6621b1ff3a81f5.jpg,512,512,1.0,3.3,51.26,30.14,478.84
valid,frame548_jpg.rf.2e32130953c7d65d78628a870366c023.txt,data/thermal-1-filtered/valid/images/frame548_jpg.rf.2e32130953c7d65d78628a870366c023.jpg,512,512,1.0,3.303,61.02,32.85,405.21
valid,IR_BIRD_012_frame34_jpg.rf.14e71c3efea6ca0eb678a1254a614acb.txt,data/thermal-1-filtered/valid/images/IR_BIRD_012_frame34_jpg.rf.14e71c3efea6ca0eb678a1254a614acb.jpg,512,512,1.0,0.0,101.18,46.31,69.9
valid,frame585_jpg.rf.784a50ae4b8a5d0fa3aa00c999e1902b.txt,data/thermal-1-filtered/valid/images/frame585_jpg.rf.784a50ae4b8a5d0fa3aa00c999e1902b.jpg,512,512,1.0,3.31,57.94,34.09,424.29
valid,IR_BIRD_012_frame250_jpg.rf.5eb06fd4447e086e750f420367ee558c.txt,data/thermal-1-filtered/valid/images/IR_BIRD_012_frame250_jpg.rf.5eb06fd4447e086e750f420367ee558c.jpg,512,512,1.0,0.0,108.12,46.02,82.75
valid,frame56_jpg.rf.4135e30dac86f763ccd54bdb5ebc63b8.txt,data/thermal-1-filtered/valid/images/frame56_jpg.rf.4135e30dac86f763ccd54bdb5ebc63b8.jpg,512,512,1.0,3.186,95.9,54.9,637.88
valid,frame156_jpg.rf.0be8f6fd82cb251c95ed30b96255b206.txt,data/thermal-1-filtered/valid/images/frame156_jpg.rf.0be8f6fd82cb251c95ed30b96255b206.jpg,512,512,1.0,3.3,99.51,49.89,418.17
valid,frame431_jpg.rf.f64b5183c5442479014dcdcf7c03cce5.txt,data/thermal-1-filtered/valid/images/frame431_jpg.rf.f64b5183c5442479014dcdcf7c03cce5.jpg,512,512,1.0,3.262,88.44,46.14,589.14
valid,frame195_jpg.rf.ad1da024cf0b74127fa355f610ef5b02.txt,data/thermal-1-filtered/valid/images/frame195_jpg.rf.ad1da024cf0b74127fa355f610ef5b02.jpg,512,512,1.0,3.289,89.57,43.81,451.48
valid,frame255_jpg.rf.528c28b5162193b2265a383322e09ad7.txt,data/thermal-1-filtered/valid/images/frame255_jpg.rf.528c28b5162193b2265a383322e09ad7.jpg,512,512,1.0,3.131,100.38,58.75,666.44
valid,IR_BIRD_012_frame88_jpg.rf.0761ae81faf752ead3c84c0dde88f811.txt,data/thermal-1-filtered/valid/images/IR_BIRD_012_frame88_jpg.rf.0761ae81faf752ead3c84c0dde88f811.jpg,512,512,1.0,0.0,101.23,46.3,70.06
valid,frame18_jpg.rf.a2f47e722b83a2768137b2ca2f59d11d.txt,data/thermal-1-filtered/valid/images/frame18_jpg.rf.a2f47e722b83a2768137b2ca2f59d11d.jpg,512,512,1.0,3.236,83.46,48.62,455.57
valid,frame119_jpg.rf.fc374e7606c34643c50d3ee50daa9584.txt,data/thermal-1-filtered/valid/images/frame119_jpg.rf.fc374e7606c34643c50d3ee50daa9584.jpg,512,512,1.0,3.242,93.81,55.44,667.1
valid,IR_BIRD_012_frame91_jpg.rf.6a19d68fbbb02821d8f3cee8f160757e.txt,data/thermal-1-filtered/valid/images/IR_BIRD_012_frame91_jpg.rf.6a19d68fbbb02821d8f3cee8f160757e.jpg,512,512,1.0,0.0,101.23,46.29,69.97
valid,IR_BIRD_012_frame248_jpg.rf.5d9f24459b424194832f0bf730b336cf.txt,data/thermal-1-filtered/valid/images/IR_BIRD_012_frame248_jpg.rf.5d9f24459b424194832f0bf730b336cf.jpg,512,512,1.0,0.0,108.22,46.17,72.98
valid,frame363_jpg.rf.c3e24489779e0c5f3a5100d749a0451d.txt,data/thermal-1-filtered/valid/images/frame363_jpg.rf.c3e24489779e0c5f3a5100d749a0451d.jpg,512,512,1.0,3.207,94.13,47.78,494.89
valid,frame215_jpg.rf.1933c01cab6f4d3340cfba6d5a620b54.txt,data/thermal-1-filtered/valid/images/frame215_jpg.rf.1933c01cab6f4d3340cfba6d5a620b54.jpg,512,512,1.0,3.29,93.86,43.0,404.81
valid,IR_BIRD_012_frame208_jpg.rf.36fa57ab1a5e089dd0a38cd5d2043af4.txt,data/thermal-1-filtered/valid/images/IR_BIRD_012_frame208_jpg.rf.36fa57ab1a5e089dd0a38cd5d2043af4.jpg,512,512,1.0,0.0,107.73,46.25,133.77
valid,IR_BIRD_012_frame258_jpg.rf.1c9feb694d4d527dc45cbcff367407e2.txt,data/thermal-1-filtered/valid/images/IR_BIRD_012_frame258_jpg.rf.1c9feb694d4d527dc45cbcff367407e2.jpg,512,512,1.0,0.0,107.74,45.74,118.08
valid,img_0444_png.rf.308dce381ce6a7b8971efb42785e603d.txt,data/thermal-1-filtered/valid/images/img_0444_png.rf.308dce381ce6a7b8971efb42785e603d.jpg,512,512,1.0,0.0,122.63,60.13,35.1
valid,frame275_jpg.rf.d7bf7e57ad13c4b04b0ab0a373d73601.txt,data/thermal-1-filtered/valid/images/frame275_jpg.rf.d7bf7e57ad13c4b04b0ab0a373d73601.jpg,512,512,1.0,3.191,96.0,57.62,637.8
valid,frame469_jpg.rf.a591eac57d2e04913930791496a41625.txt,data/thermal-1-filtered/valid/images/frame469_jpg.rf.a591eac57d2e04913930791496a41625.jpg,512,512,1.0,3.303,104.39,36.38,429.88
valid,frame296_jpg.rf.e9868bf9d194692405638e434fbceab1.txt,data/thermal-1-filtered/valid/images/frame296_jpg.rf.e9868bf9d194692405638e434fbceab1.jpg,512,512,1.0,3.265,101.48,55.17,552.17
valid,frame316_jpg.rf.79ee93543b4a7b61ad331002a44f27b0.txt,data/thermal-1-filtered/valid/images/frame316_jpg.rf.79ee93543b4a7b61ad331002a44f27b0.jpg,512,512,1.0,3.283,105.42,58.43,573.77
valid,frame178_jpg.rf.d429ee725d0f03863ddbc8591600af72.txt,data/thermal-1-filtered/valid/images/frame178_jpg.rf.d429ee725d0f03863ddbc8591600af72.jpg,512,512,1.0,3.263,96.23,45.4,415.52
valid,IR_BIRD_012_frame162_jpg.rf.7fa7f14c2c569a3f7b8e138bd39381f0.txt,data/thermal-1-filtered/valid/images/IR_BIRD_012_frame162_jpg.rf.7fa7f14c2c569a3f7b8e138bd39381f0.jpg,512,512,1.0,0.0,102.28,49.47,70.0
test,IR_BIRD_012_frame33_jpg.rf.5c7f85dd637fb778f790336f1be1829b.txt,data/thermal-1-filtered/test/images/IR_BIRD_012_frame33_jpg.rf.5c7f85dd637fb778f790336f1be1829b.jpg,512,512,1.0,0.0,101.18,46.31,69.61
test,IR_BIRD_012_frame144_jpg.rf.8cba9ade1349faebbde3f8ae534a6dc3.txt,data/thermal-1-filtered/test/images/IR_BIRD_012_frame144_jpg.rf.8cba9ade1349faebbde3f8ae534a6dc3.jpg,512,512,1.0,0.0,102.95,49.75,71.74
test,frame571_jpg.rf.2c39b459a45279645885a8d53c56a75a.txt,data/thermal-1-filtered/test/images/frame571_jpg.rf.2c39b459a45279645885a8d53c56a75a.jpg,512,512,1.0,3.305,57.85,34.12,420.83
test,frame21_jpg.rf.6139218301bbc8f144d8286062e0e031.txt,data/thermal-1-filtered/test/images/frame21_jpg.rf.6139218301bbc8f144d8286062e0e031.jpg,512,512,1.0,3.206,87.85,50.61,390.08
test,IR_BIRD_012_frame158_jpg.rf.78caf1ca5fa938c555b05f60b01ad242.txt,data/thermal-1-filtered/test/images/IR_BIRD_012_frame158_jpg.rf.78caf1ca5fa938c555b05f60b01ad242.jpg,512,512,1.0,0.0,101.88,49.63,71.38
test,frame298_jpg.rf.856556e275250c62696af76fa5fb441e.txt,data/thermal-1-filtered/test/images/frame298_jpg.rf.856556e275250c62696af76fa5fb441e.jpg,512,512,1.0,3.259,101.27,55.04,544.08
test,IR_BIRD_012_frame163_jpg.rf.45510217bf3331773cd92bf1ddd535b0.txt,data/thermal-1-filtered/test/images/IR_BIRD_012_frame163_jpg.rf.45510217bf3331773cd92bf1ddd535b0.jpg,512,512,1.0,0.0,102.17,49.34,70.28
test,IR_BIRD_012_frame113_jpg.rf.413fb4a6f6f9f9db6b025abe5f606de6.txt,data/thermal-1-filtered/test/images/IR_BIRD_012_frame113_jpg.rf.413fb4a6f6f9f9db6b025abe5f606de6.jpg,512,512,1.0,0.0,103.99,49.58,71.19
test,frame662_jpg.rf.f1b8a3ca906a9976c32dfce4ce7cb65b.txt,data/thermal-1-filtered/test/images/frame662_jpg.rf.f1b8a3ca906a9976c32dfce4ce7cb65b.jpg,512,512,1.0,3.301,52.24,31.16,426.71
test,frame591_jpg.rf.3ba26c507e26d54b092c6f10d9c628a2.txt,data/thermal-1-filtered/test/images/frame591_jpg.rf.3ba26c507e26d54b092c6f10d9c628a2.jpg,512,512,1.0,3.307,57.3,34.36,423.54
test,frame27_jpg.rf.764aa63887a455e1c7091c9a76866436.txt,data/thermal-1-filtered/test/images/frame27_jpg.rf.764aa63887a455e1c7091c9a76866436.jpg,512,512,1.0,3.166,88.07,51.41,457.23
test,frame522_jpg.rf.ea1a955c5a06726cfc6eb5040a2892b5.txt,data/thermal-1-filtered/test/images/frame522_jpg.rf.ea1a955c5a06726cfc6eb5040a2892b5.jpg,512,512,1.0,3.304,73.09,30.56,373.14
test,img_0268_png.rf.b3c155d54fc0c988f41a387201f68b11.txt,data/thermal-1-filtered/test/images/img_0268_png.rf.b3c155d54fc0c988f41a387201f68b11.jpg,512,512,1.0,0.0,125.6,25.35,88.98
test,IR_BIRD_012_frame31_jpg.rf.78c8f3ab3b33b12a747bb8bfbd5ee71b.txt,data/thermal-1-filtered/test/images/IR_BIRD_012_frame31_jpg.rf.78c8f3ab3b33b12a747bb8bfbd5ee71b.jpg,512,512,1.0,0.0,101.18,46.31,69.53
test,frame38_jpg.rf.fe71beab65f865372d1ab70e7ff18ee5.txt,data/thermal-1-filtered/test/images/frame38_jpg.rf.fe71beab65f865372d1ab70e7ff18ee5.jpg,512,512,1.0,3.218,89.7,48.89,501.33
test,frame584_jpg.rf.fc820b99df07d7543f0da70d718c3276.txt,data/thermal-1-filtered/test/images/frame584_jpg.rf.fc820b99df07d7543f0da70d718c3276.jpg,512,512,1.0,3.311,58.14,34.2,424.42
test,frame4_jpg.rf.0c266d351f719f8bd8344e56ba59c080.txt,data/thermal-1-filtered/test/images/frame4_jpg.rf.0c266d351f719f8bd8344e56ba59c080.jpg,512,512,1.0,3.237,77.16,45.51,418.57
test,frame168_jpg.rf.41f6fdced654cfc91056598481f42d0b.txt,data/thermal-1-filtered/test/images/frame168_jpg.rf.41f6fdced654cfc91056598481f42d0b.jpg,512,512,1.0,3.267,95.39,49.85,418.62
test,frame424_jpg.rf.ca4c2777d821a9b46c086fb7140b046a.txt,data/thermal-1-filtered/test/images/frame424_jpg.rf.ca4c2777d821a9b46c086fb7140b046a.jpg,512,512,1.0,3.258,90.6,45.88,524.37
test,frame404_jpg.rf.ff1aa583c1d367f9a8bd19e56ba357fb.txt,data/thermal-1-filtered/test/images/frame404_jpg.rf.ff1aa583c1d367f9a8bd19e56ba357fb.jpg,512,512,1.0,3.276,91.4,42.09,461.96
test,frame403_jpg.rf.7cbdb968567accf4fc9a26be4a97c428.txt,data/thermal-1-filtered/test/images/frame403_jpg.rf.7cbdb968567accf4fc9a26be4a97c428.jpg,512,512,1.0,3.277,91.32,41.55,464.75
test,IR_BIRD_012_frame45_jpg.rf.19427bed8f6f127f82bf271a2acdb9ae.txt,data/thermal-1-filtered/test/images/IR_BIRD_012_frame45_jpg.rf.19427bed8f6f127f82bf271a2acdb9ae.jpg,512,512,1.0,0.0,101.18,46.31,69.52
test,frame684_jpg.rf.8ff7968540cc3e06fb0ab922fd9817fa.txt,data/thermal-1-filtered/test/images/frame684_jpg.rf.8ff7968540cc3e06fb0ab922fd9817fa.jpg,512,512,1.0,3.304,49.93,29.9,479.28
test,frame247_jpg.rf.6a5ba814b4b1764dd78edacc62824436.txt,data/thermal-1-filtered/test/images/frame247_jpg.rf.6a5ba814b4b1764dd78edacc62824436.jpg,512,512,1.0,3.116,99.24,53.0,529.79
test,IR_BIRD_012_frame220_jpg.rf.f37947e3d60b54592391587b216d18d1.txt,data/thermal-1-filtered/test/images/IR_BIRD_012_frame220_jpg.rf.f37947e3d60b54592391587b216d18d1.jpg,512,512,1.0,0.0,107.72,46.27,136.52
test,frame358_jpg.rf.cbcd324836916b7a698afcce92a534a9.txt,data/thermal-1-filtered/test/images/frame358_jpg.rf.cbcd324836916b7a698afcce92a534a9.jpg,512,512,1.0,3.216,95.06,47.63,488.33
test,frame364_jpg.rf.fde893e6c5e71490aea9bbce9a16bbd8.txt,data/thermal-1-filtered/test/images/frame364_jpg.rf.fde893e6c5e71490aea9bbce9a16bbd8.jpg,512,512,1.0,3.232,95.2,47.51,439.42
test,IR_BIRD_012_frame134_jpg.rf.c813b98dafcc9bed2dbd5ef35231a6b8.txt,data/thermal-1-filtered/test/images/IR_BIRD_012_frame134_jpg.rf.c813b98dafcc9bed2dbd5ef35231a6b8.jpg,512,512,1.0,0.0,103.34,49.64,75.21
test,frame516_jpg.rf.b9d96b3d9a9481b8c5d01f22ff1ddac8.txt,data/thermal-1-filtered/test/images/frame516_jpg.rf.b9d96b3d9a9481b8c5d01f22ff1ddac8.jpg,512,512,1.0,3.312,81.77,31.08,361.48
test,frame173_jpg.rf.043ce07940b9e062368273a9f4872dcd.txt,data/thermal-1-filtered/test/images/frame173_jpg.rf.043ce07940b9e062368273a9f4872dcd.jpg,512,512,1.0,3.255,95.28,47.98,417.07
test,IR_BIRD_012_frame167_jpg.rf.ef87fa0b6a904570213a31a91dd1254e.txt,data/thermal-1-filtered/test/images/IR_BIRD_012_frame167_jpg.rf.ef87fa0b6a904570213a31a91dd1254e.jpg,512,512,1.0,0.0,101.93,49.42,64.2
test,IR_BIRD_012_frame282_jpg.rf.187864536277cb6078c329d1ba798bf5.txt,data/thermal-1-filtered/test/images/IR_BIRD_012_frame282_jpg.rf.187864536277cb6078c329d1ba798bf5.jpg,512,512,1.0,0.0,107.95,45.76,120.77
test,frame231_jpg.rf.21ae22ab3c17a8fcc1cfebdc29667697.txt,data/thermal-1-filtered/test/images/frame231_jpg.rf.21ae22ab3c17a8fcc1cfebdc29667697.jpg,512,512,1.0,3.184,94.92,47.85,422.1
test,frame257_jpg.rf.eb8b8b1497bcaf7036232bfd74d07657.txt,data/thermal-1-filtered/test/images/frame257_jpg.rf.eb8b8b1497bcaf7036232bfd74d07657.jpg,512,512,1.0,3.129,98.47,57.83,685.19
test,IR_BIRD_012_frame266_jpg.rf.b55d3173acc60025f8e88bb73f0573fe.txt,data/thermal-1-filtered/test/images/IR_BIRD_012_frame266_jpg.rf.b55d3173acc60025f8e88bb73f0573fe.jpg,512,512,1.0,0.0,108.05,45.75,107.79
test,IR_BIRD_012_frame182_jpg.rf.f9f4f68e75cc1bc4d8089b134d502a22.txt,data/thermal-1-filtered/test/images/IR_BIRD_012_frame182_jpg.rf.f9f4f68e75cc1bc4d8089b134d502a22.jpg,512,512,1.0,0.0,101.22,49.45,57.82
test,img_0024_png.rf.a3fb9fe399c1c64ccb661e3197103c29.txt,data/thermal-1-filtered/test/images/img_0024_png.rf.a3fb9fe399c1c64ccb661e3197103c29.jpg,512,512,1.0,0.0,121.35,36.8,202.38
test,frame116_jpg.rf.04e36b293f8146e089468c49ea0d7af9.txt,data/thermal-1-filtered/test/images/frame116_jpg.rf.04e36b293f8146e089468c49ea0d7af9.jpg,512,512,1.0,3.249,93.94,54.46,638.97
test,IR_BIRD_012_frame264_jpg.rf.1c81e738c590255721cf2fc3d8e19636.txt,data/thermal-1-filtered/test/images/IR_BIRD_012_frame264_jpg.rf.1c81e738c590255721cf2fc3d8e19636.jpg,512,512,1.0,0.0,107.95,45.74,108.97
test,frame346_jpg.rf.34efb60f64be58f27b7b0c6b047a87d6.txt,data/thermal-1-filtered/test/images/frame346_jpg.rf.34efb60f64be58f27b7b0c6b047a87d6.jpg,512,512,1.0,3.248,101.35,42.23,396.22
test,frame335_jpg.rf.f958616796a8275890493bf1c378e5a3.txt,data/thermal-1-filtered/test/images/frame335_jpg.rf.f958616796a8275890493bf1c378e5a3.jpg,512,512,1.0,3.307,105.08,54.23,515.26
test,frame134_jpg.rf.25f2c5a7918c0992dd5656ed2de1ae4f.txt,data/thermal-1-filtered/test/images/frame134_jpg.rf.25f2c5a7918c0992dd5656ed2de1ae4f.jpg,512,512,1.0,3.276,99.58,52.12,574.76
test,IR_BIRD_012_frame80_jpg.rf.4ad4c73051a5017f238ad354b891b6b3.txt,data/thermal-1-filtered/test/images/IR_BIRD_012_frame80_jpg.rf.4ad4c73051a5017f238ad354b891b6b3.jpg,512,512,1.0,0.0,101.21,46.3,69.9
test,IR_BIRD_012_frame271_jpg.rf.ff3f62f31ef6b9b766c2b9fc11d57710.txt,data/thermal-1-filtered/test/images/IR_BIRD_012_frame271_jpg.rf.ff3f62f31ef6b9b766c2b9fc11d57710.jpg,512,512,1.0,0.0,107.95,45.76,114.31
test,frame320_jpg.rf.c1f19d2031f1d7bb305dc718236a5e28.txt,data/thermal-1-filtered/test/images/frame320_jpg.rf.c1f19d2031f1d7bb305dc718236a5e28.jpg,512,512,1.0,3.289,105.37,58.42,567.85
test,frame480_jpg.rf.9942fbf752548d5c609e661dfd8e98bb.txt,data/thermal-1-filtered/test/images/frame480_jpg.rf.9942fbf752548d5c609e661dfd8e98bb.jpg,512,512,1.0,3.311,102.83,35.67,360.31
test,frame528_jpg.rf.6965426d9704bcb8f0556bcd9be9141b.txt,data/thermal-1-filtered/test/images/frame528_jpg.rf.6965426d9704bcb8f0556bcd9be9141b.jpg,512,512,1.0,3.313,65.14,28.64,407.85
test,frame555_jpg.rf.33369da5b23a1348255900d08dfcc66c.txt,data/thermal-1-filtered/test/images/frame555_jpg.rf.33369da5b23a1348255900d08dfcc66c.jpg,512,512,1.0,3.311,58.87,33.36,417.98
test,IR_BIRD_012_frame185_jpg.rf.92eb773118a1e8d6124d7597bf8b30a5.txt,data/thermal-1-filtered/test/images/IR_BIRD_012_frame185_jpg.rf.92eb773118a1e8d6124d7597bf8b30a5.jpg,512,512,1.0,0.0,101.05,49.34,57.02
test,IR_BIRD_012_frame274_jpg.rf.d8dc24947442735f4914131cf20ce720.txt,data/thermal-1-filtered/test/images/IR_BIRD_012_frame274_jpg.rf.d8dc24947442735f4914131cf20ce720.jpg,512,512,1.0,0.0,107.97,45.78,116.14
test,IR_BIRD_012_frame212_jpg.rf.db3802ad2c25d646d29310c9c4372a60.txt,data/thermal-1-filtered/test/images/IR_BIRD_012_frame212_jpg.rf.db3802ad2c25d646d29310c9c4372a60.jpg,512,512,1.0,0.0,107.76,46.24,136.52
test,IR_BIRD_012_frame128_jpg.rf.9d33fa1eccb27183ab7027b0f82613ed.txt,data/thermal-1-filtered/test/images/IR_BIRD_012_frame128_jpg.rf.9d33fa1eccb27183ab7027b0f82613ed.jpg,512,512,1.0,0.0,103.17,49.59,74.53
test,frame271_jpg.rf.dc0ec8105941c13e5f99dfeafd78051e.txt,data/thermal-1-filtered/test/images/frame271_jpg.rf.dc0ec8105941c13e5f99dfeafd78051e.jpg,512,512,1.0,3.157,91.4,52.49,589.35
test,frame638_jpg.rf.09fae0304099cf13804f6d3fcf8b3db1.txt,data/thermal-1-filtered/test/images/frame638_jpg.rf.09fae0304099cf13804f6d3fcf8b3db1.jpg,512,512,1.0,3.306,56.0,34.3,432.14
test,frame531_jpg.rf.31992595bb9e700802c8006db0a33862.txt,data/thermal-1-filtered/test/images/frame531_jpg.rf.31992595bb9e700802c8006db0a33862.jpg,512,512,1.0,3.312,66.86,31.64,403.15
test,frame479_jpg.rf.09a9641559b8225f564827b7e7bacde3.txt,data/thermal-1-filtered/test/images/frame479_jpg.rf.09a9641559b8225f564827b7e7bacde3.jpg,512,512,1.0,3.298,103.0,36.15,361.97
test,frame450_jpg.rf.df18c3f0968135af6473d59a480711c5.txt,data/thermal-1-filtered/test/images/frame450_jpg.rf.df18c3f0968135af6473d59a480711c5.jpg,512,512,1.0,3.284,97.92,44.05,591.1
test,IR_BIRD_012_frame55_jpg.rf.7cebdc9345fc3eb2e6b5916fa7476138.txt,data/thermal-1-filtered/test/images/IR_BIRD_012_frame55_jpg.rf.7cebdc9345fc3eb2e6b5916fa7476138.jpg,512,512,1.0,0.0,101.19,46.32,70.14
test,frame33_jpg.rf.5ee3c3165d1937f58f4b63c0ccdf565e.txt,data/thermal-1-filtered/test/images/frame33_jpg.rf.5ee3c3165d1937f58f4b63c0ccdf565e.jpg,512,512,1.0,3.189,89.54,51.52,484.74
test,IR_BIRD_012_frame204_jpg.rf.539d319c952e5a3e86d29f14730ff963.txt,data/thermal-1-filtered/test/images/IR_BIRD_012_frame204_jpg.rf.539d319c952e5a3e86d29f14730ff963.jpg,512,512,1.0,0.0,99.92,48.87,46.85
test,frame562_jpg.rf.f482ca68b66ea3d56cb693e2fbbb5d03.txt,data/thermal-1-filtered/test/images/frame562_jpg.rf.f482ca68b66ea3d56cb693e2fbbb5d03.jpg,512,512,1.0,3.305,58.85,34.01,421.1
test,frame644_jpg.rf.9f7c1c83e15476a90bf72d2130fec8d0.txt,data/thermal-1-filtered/test/images/frame644_jpg.rf.9f7c1c83e15476a90bf72d2130fec8d0.jpg,512,512,1.0,3.308,56.92,34.2,430.46
test,frame472_jpg.rf.47a3f227283933663d62637dbe3097d5.txt,data/thermal-1-filtered/test/images/frame472_jpg.rf.47a3f227283933663d62637dbe3097d5.jpg,512,512,1.0,3.306,108.19,43.68,512.45
test,frame389_jpg.rf.8cbeac4885eb1651180f0e17261d7738.txt,data/thermal-1-filtered/test/images/frame389_jpg.rf.8cbeac4885eb1651180f0e17261d7738.jpg,512,512,1.0,3.275,91.21,41.12,443.09
test,frame429_jpg.rf.4987fcba5123d3b43dc3e615e9f5205b.txt,data/thermal-1-filtered/test/images/frame429_jpg.rf.4987fcba5123d3b43dc3e615e9f5205b.jpg,512,512,1.0,3.261,88.79,45.87,563.48
test,frame723_jpg.rf.ddecdafe1f31238bfc6d5563a6ed701e.txt,data/thermal-1-filtered/test/images/frame723_jpg.rf.ddecdafe1f31238bfc6d5563a6ed701e.jpg,512,512,1.0,3.301,66.19,33.81,406.12
test,frame29_jpg.rf.3c18be8bb2b239109723c691f1ebf634.txt,data/thermal-1-filtered/test/images/frame29_jpg.rf.3c18be8bb2b239109723c691f1ebf634.jpg,512,512,1.0,3.168,88.89,52.19,465.26
test,frame267_jpg.rf.d25d084de4ed8a5adb9d19e68e0708b5.txt,data/thermal-1-filtered/test/images/frame267_jpg.rf.d25d084de4ed8a5adb9d19e68e0708b5.jpg,512,512,1.0,3.13,93.44,55.89,691.72
test,IR_BIRD_012_frame93_jpg.rf.30bfa3b341301078b4521e3982dfc8b9.txt,data/thermal-1-filtered/test/images/IR_BIRD_012_frame93_jpg.rf.30bfa3b341301078b4521e3982dfc8b9.jpg,512,512,1.0,0.0,103.95,49.12,81.94
test,IR_BIRD_012_frame5_jpg.rf.3cc82416f89cd9a9d8c736a6324ba3f2.txt,data/thermal-1-filtered/test/images/IR_BIRD_012_frame5_jpg.rf.3cc82416f89cd9a9d8c736a6324ba3f2.jpg,512,512,1.0,0.0,101.17,46.31,69.25
test,frame439_jpg.rf.f4984f6f4a49e936b93342b0a68d6b7a.txt,data/thermal-1-filtered/test/images/frame439_jpg.rf.f4984f6f4a49e936b93342b0a68d6b7a.jpg,512,512,1.0,3.276,90.35,42.75,610.78
test,IR_BIRD_012_frame245_jpg.rf.23351bea6ea4bbfbbc1031f2218a6962.txt,data/thermal-1-filtered/test/images/IR_BIRD_012_frame245_jpg.rf.23351bea6ea4bbfbbc1031f2218a6962.jpg,512,512,1.0,0.0,108.12,46.09,83.56
test,IR_BIRD_012_frame160_jpg.rf.48b5ebe87f737f62a15bbd3393ae4c52.txt,data/thermal-1-filtered/test/images/IR_BIRD_012_frame160_jpg.rf.48b5ebe87f737f62a15bbd3393ae4c52.jpg,512,512,1.0,0.0,102.12,49.62,70.75
test,frame193_jpg.rf.17e669897b03b3b59e2383119a2f3688.txt,data/thermal-1-filtered/test/images/frame193_jpg.rf.17e669897b03b3b59e2383119a2f3688.jpg,512,512,1.0,3.299,90.58,43.23,465.12
test,frame108_jpg.rf.5604fd96bbf9226527d63a0cb2d817ff.txt,data/thermal-1-filtered/test/images/frame108_jpg.rf.5604fd96bbf9226527d63a0cb2d817ff.jpg,512,512,1.0,3.252,89.38,52.05,524.62
test,frame332_jpg.rf.d508ba871c1ca4d6cacf844bf4b5eede.txt,data/thermal-1-filtered/test/images/frame332_jpg.rf.d508ba871c1ca4d6cacf844bf4b5eede.jpg,512,512,1.0,3.285,99.77,53.41,523.07
test,frame715_jpg.rf.b5fd64518e05f961e69d6de74bbbb72e.txt,data/thermal-1-filtered/test/images/frame715_jpg.rf.b5fd64518e05f961e69d6de74bbbb72e.jpg,512,512,1.0,3.294,63.02,34.07,435.29
test,frame460_jpg.rf.34906c96da94053cf08667930cd54a97.txt,data/thermal-1-filtered/test/images/frame460_jpg.rf.34906c96da94053cf08667930cd54a97.jpg,512,512,1.0,3.303,96.54,38.58,443.25
test,frame581_jpg.rf.316fdcbe306fe115e747feca518daea6.txt,data/thermal-1-filtered/test/images/frame581_jpg.rf.316fdcbe306fe115e747feca518daea6.jpg,512,512,1.0,3.313,57.38,34.09,425.65
test,frame305_jpg.rf.ec4d2d1f58b5ad05c0b16c92d0d6f128.txt,data/thermal-1-filtered/test/images/frame305_jpg.rf.ec4d2d1f58b5ad05c0b16c92d0d6f128.jpg,512,512,1.0,3.308,107.47,57.32,559.01
test,img_0255_png.rf.94e778731497aa1d79ff27c429cbe96f.txt,data/thermal-1-filtered/test/images/img_0255_png.rf.94e778731497aa1d79ff27c429cbe96f.jpg,512,512,1.0,0.0,119.55,37.19,80.37
test,frame123_jpg.rf.c8da2a5a5d05c58264e7047f936b69d4.txt,data/thermal-1-filtered/test/images/frame123_jpg.rf.c8da2a5a5d05c58264e7047f936b69d4.jpg,512,512,1.0,3.216,96.11,56.51,723.15
test,frame154_jpg.rf.6965998fdcc9afd9c02618de9645502b.txt,data/thermal-1-filtered/test/images/frame154_jpg.rf.6965998fdcc9afd9c02618de9645502b.jpg,512,512,1.0,3.309,99.62,50.4,404.59
test,IR_BIRD_012_frame233_jpg.rf.38d47b4e26d37a4621dbfab8152ad93c.txt,data/thermal-1-filtered/test/images/IR_BIRD_012_frame233_jpg.rf.38d47b4e26d37a4621dbfab8152ad93c.jpg,512,512,1.0,0.0,108.23,46.43,101.65
test,frame437_jpg.rf.1b4e920032a60cae0daf6ca00daf6de4.txt,data/thermal-1-filtered/test/images/frame437_jpg.rf.1b4e920032a60cae0daf6ca00daf6de4.jpg,512,512,1.0,3.264,86.61,42.45,614.04
test,frame253_jpg.rf.a7aaad1b203c7e9202273ecd4257a011.txt,data/thermal-1-filtered/test/images/frame253_jpg.rf.a7aaad1b203c7e9202273ecd4257a011.jpg,512,512,1.0,3.13,101.94,58.69,633.08
test,frame356_jpg.rf.ffe395207396d2825f41e2c6fbd510c4.txt,data/thermal-1-filtered/test/images/frame356_jpg.rf.ffe395207396d2825f41e2c6fbd510c4.jpg,512,512,1.0,3.206,93.1,47.36,496.46
test,frame222_jpg.rf.4b07bb6c109b3468b6da3ae75dc4085b.txt,data/thermal-1-filtered/test/images/frame222_jpg.rf.4b07bb6c109b3468b6da3ae75dc4085b.jpg,512,512,1.0,3.275,93.8,43.87,394.99
test,IR_BIRD_012_frame39_jpg.rf.62d436f6c40d13518848da1236cd669a.txt,data/thermal-1-filtered/test/images/IR_BIRD_012_frame39_jpg.rf.62d436f6c40d13518848da1236cd669a.jpg,512,512,1.0,0.0,101.18,46.31,69.46
test,frame241_jpg.rf.89f53fa8317af552b132dbc46330aad5.txt,data/thermal-1-filtered/test/images/frame241_jpg.rf.89f53fa8317af552b132dbc46330aad5.jpg,512,512,1.0,3.135,96.03,49.55,427.32
test,IR_BIRD_012_frame238_jpg.rf.4c143902d7b072a4b8726b3a3ab0dc21.txt,data/thermal-1-filtered/test/images/IR_BIRD_012_frame238_jpg.rf.4c143902d7b072a4b8726b3a3ab0dc21.jpg,512,512,1.0,0.0,108.05,46.22,93.88
test,frame206_jpg.rf.5c32040c4e1e3d06810ddb1d81fa5716.txt,data/thermal-1-filtered/test/images/frame206_jpg.rf.5c32040c4e1e3d06810ddb1d81fa5716.jpg,512,512,1.0,3.296,94.25,43.16,407.71
test,frame645_jpg.rf.aa72e0073ac31b53c9b2aa0321738859.txt,data/thermal-1-filtered/test/images/frame645_jpg.rf.aa72e0073ac31b53c9b2aa0321738859.jpg,512,512,1.0,3.309,56.6,34.01,430.5
test,IR_BIRD_012_frame122_jpg.rf.68e95cb5901a413d786797aa62bbcaa0.txt,data/thermal-1-filtered/test/images/IR_BIRD_012_frame122_jpg.rf.68e95cb5901a413d786797aa62bbcaa0.jpg,512,512,1.0,0.0,103.88,49.56,66.35
test,frame287_jpg.rf.ab0ad0e63945b5381d5a52fa2e7ddf8a.txt,data/thermal-1-filtered/test/images/frame287_jpg.rf.ab0ad0e63945b5381d5a52fa2e7ddf8a.jpg,512,512,1.0,3.254,99.66,55.56,538.14
